drug1_id,drug2_id
0,3138
1,37
1,45
1,46
1,48
1,88
1,94
1,97
1,115
1,116
1,119
1,129
1,131
1,152
1,157
1,158
1,168
1,178
1,191
1,196
1,213
1,228
1,238
1,252
1,270
1,285
1,292
1,298
1,320
1,328
1,532
1,537
1,539
1,541
1,565
1,573
1,608
1,613
1,694
1,709
1,720
1,738
1,752
1,753
1,756
1,757
1,760
1,761
1,762
1,765
1,766
1,785
1,794
1,807
1,819
1,821
1,826
1,833
1,838
1,854
1,872
1,878
1,954
1,1075
1,1083
1,1088
1,1123
1,1217
1,1247
1,1264
1,1268
1,1318
1,1342
1,1362
1,1376
1,1382
1,1400
1,1401
1,1497
1,1526
1,1529
1,1557
1,1605
1,1634
1,1645
1,1653
1,1686
1,1723
1,1761
1,1779
1,1807
1,1821
1,1850
1,1853
1,1855
1,1927
1,1942
1,1960
1,1967
1,1992
1,1997
1,2003
1,2027
1,2080
1,2130
1,2139
1,2147
1,2167
1,2171
1,2187
1,2323
1,2392
1,2458
1,2470
1,2494
1,2496
1,2502
1,2514
1,2532
1,2539
1,2626
1,2649
1,2669
1,2679
1,2802
1,2809
1,2825
1,2871
1,2874
1,2878
1,2879
1,2882
1,2900
1,2952
1,3074
1,3077
1,3078
1,3082
1,3083
1,3091
1,3114
1,3167
1,3196
1,3280
1,3316
1,3404
1,3414
1,3473
1,3474
2,2819
2,3138
3,3138
4,105
4,123
4,139
4,150
4,211
4,326
4,335
4,336
4,343
4,344
4,345
4,350
4,370
4,381
4,384
4,394
4,398
4,406
4,422
4,427
4,433
4,439
4,457
4,465
4,468
4,482
4,486
4,491
4,500
4,512
4,600
4,668
4,674
4,693
4,697
4,698
4,902
4,908
4,915
4,919
4,920
4,935
4,949
4,952
4,958
4,964
4,967
4,973
4,981
4,989
4,1000
4,1001
4,1004
4,1019
4,1021
4,1022
4,1027
4,1073
4,1077
4,1143
4,1149
4,1152
4,1155
4,1157
4,1159
4,1169
4,1171
4,1173
4,1174
4,1191
4,1195
4,1198
4,1205
4,1211
4,1217
4,1221
4,1229
4,1267
4,1275
4,1285
4,1288
4,1290
4,1293
4,1331
4,1333
4,1343
4,1350
4,1351
4,1378
4,1379
4,1385
4,1412
4,1428
4,1432
4,1435
4,1440
4,1449
4,1551
4,1553
4,1556
4,1561
4,1597
4,1599
4,1621
4,1631
4,1636
4,1638
4,1639
4,1640
4,1679
4,1694
4,1696
4,1716
4,1726
4,1727
4,1736
4,1741
4,1844
4,1851
4,1858
4,1859
4,1878
4,1893
4,1901
4,1905
4,1986
4,1997
4,1998
4,1999
4,2006
4,2010
4,2018
4,2022
4,2042
4,2043
4,2046
4,2054
4,2055
4,2064
4,2065
4,2068
4,2070
4,2071
4,2081
4,2082
4,2111
4,2260
4,2309
4,2327
4,2328
4,2330
4,2333
4,2335
4,2340
4,2345
4,2379
4,2380
4,2392
4,2397
4,2398
4,2425
4,2426
4,2535
4,2536
4,2551
4,2562
4,2564
4,2565
4,2579
4,2580
4,2600
4,2640
4,2648
4,2651
4,2664
4,2666
4,2678
4,2689
4,2692
4,2697
4,2709
4,2722
4,2742
4,2744
4,2747
4,2767
4,2772
4,2781
4,2807
4,2816
4,2939
4,2958
4,2964
4,2977
4,2985
4,3003
4,3024
4,3037
4,3039
4,3099
4,3101
4,3114
4,3138
4,3144
4,3152
4,3153
4,3166
4,3168
4,3169
4,3176
4,3178
4,3190
4,3206
4,3211
4,3222
4,3223
4,3234
4,3236
4,3237
4,3242
4,3248
4,3250
4,3252
4,3253
4,3254
4,3255
4,3257
4,3295
4,3336
4,3348
4,3353
4,3368
4,3453
4,3454
4,3456
4,3462
4,3468
4,3470
5,158
5,2539
5,3138
6,3138
7,238
7,537
7,709
7,964
7,966
7,1123
7,1208
7,1397
7,1401
7,1561
7,1906
7,2121
7,2309
7,3088
8,3138
9,3138
10,2819
11,2819
12,2539
13,158
14,158
15,2819
16,158
17,118
17,138
17,139
17,259
17,260
17,329
17,354
17,361
17,384
17,394
17,405
17,410
17,439
17,466
17,499
17,502
17,621
17,666
17,668
17,698
17,744
17,772
17,915
17,922
17,943
17,958
17,1003
17,1047
17,1065
17,1074
17,1101
17,1123
17,1125
17,1153
17,1198
17,1240
17,1241
17,1319
17,1348
17,1409
17,1447
17,1465
17,1561
17,1640
17,1689
17,1694
17,1698
17,1743
17,1845
17,1853
17,1857
17,1890
17,2002
17,2011
17,2017
17,2027
17,2039
17,2040
17,2080
17,2081
17,2082
17,2115
17,2227
17,2228
17,2231
17,2238
17,2239
17,2317
17,2529
17,2552
17,2558
17,2610
17,2621
17,2638
17,2667
17,2706
17,2740
17,2801
17,2819
17,2996
17,3039
17,3115
17,3138
17,3140
17,3166
17,3172
17,3176
17,3225
17,3240
17,3247
17,3299
17,3342
17,3356
17,3369
17,3371
17,3377
17,3466
17,3468
18,1992
19,3138
20,158
20,1992
21,158
22,2539
22,3138
23,2479
24,2539
24,2819
25,2539
26,1992
26,3138
27,2539
27,2819
28,37
28,157
28,158
28,214
28,292
28,303
28,541
28,565
28,608
28,694
28,709
28,783
28,785
28,794
28,819
28,821
28,1063
28,1075
28,1083
28,1195
28,1786
28,1934
28,1942
28,2080
28,2144
28,2147
28,2205
28,2323
28,2377
28,2470
28,2638
28,2871
28,2874
28,2879
28,3167
28,3370
28,3379
29,2539
30,1992
31,2819
32,1992
32,2539
33,158
33,2539
33,2819
34,158
34,2539
34,2819
35,2539
36,1992
36,2539
37,94
37,157
37,158
37,214
37,227
37,285
37,303
37,541
37,565
37,608
37,785
37,794
37,821
37,833
37,1075
37,1083
37,1342
37,1855
37,1906
37,1934
37,1942
37,1992
37,2362
37,2470
37,2819
37,2871
37,2874
37,3167
37,3370
37,3379
37,3438
38,2539
39,158
40,2539
41,1992
42,1992
42,2539
43,2819
44,2539
45,152
45,158
45,162
45,214
45,537
45,550
45,573
45,608
45,694
45,738
45,759
45,980
45,1008
45,1123
45,1245
45,1362
45,1401
45,1462
45,1561
45,1645
45,1997
45,2129
45,2130
45,2458
45,2468
45,2533
45,2741
45,2809
45,2819
45,2874
45,2900
45,2952
45,3088
45,3114
45,3167
46,2539
47,1992
47,2539
48,1645
48,1992
48,2539
48,2819
49,1992
49,2539
50,158
50,1992
51,2819
52,2819
53,2539
54,1992
55,2819
56,2819
57,158
57,2819
58,158
59,2539
60,1992
61,2539
62,158
63,2539
64,158
64,1992
64,2539
65,158
66,1992
67,1992
67,2539
68,2479
69,2539
70,158
70,1992
70,2819
71,2819
72,1992
72,3138
73,3138
74,1993
74,2539
74,2819
75,158
76,1674
76,2819
77,1645
77,2819
78,158
78,2819
79,2539
80,1992
80,2539
80,2819
81,1992
82,2539
82,2819
83,1992
84,1992
84,2539
85,109
85,214
85,271
85,303
85,541
85,668
85,738
85,873
85,1195
85,1400
85,1653
85,1657
85,2197
85,2470
85,2514
85,2819
85,3370
86,109
86,450
86,667
86,668
86,1195
86,1400
86,1653
86,2249
86,2290
86,2539
86,2557
86,2629
86,2819
86,2904
86,3371
86,3412
87,318
87,557
87,565
87,608
87,1115
87,1184
87,1289
87,1343
87,1574
87,1614
87,1741
87,1877
87,1934
87,2039
87,2290
87,2323
87,2592
87,2801
87,2819
87,3167
87,3412
87,3438
88,2539
88,3138
89,158
89,2819
90,3138
91,2539
92,158
93,3138
94,131
94,157
94,158
94,202
94,211
94,214
94,292
94,303
94,311
94,320
94,396
94,608
94,709
94,785
94,794
94,821
94,833
94,1075
94,1083
94,1123
94,1217
94,1376
94,1405
94,1786
94,1855
94,1906
94,1942
94,1992
94,2039
94,2080
94,2122
94,2129
94,2144
94,2158
94,2362
94,2377
94,2378
94,2539
94,2638
94,2649
94,2802
94,2809
94,2819
94,2871
94,2874
94,2878
94,2879
94,2882
94,2952
94,3167
94,3370
94,3468
95,1992
95,2539
96,1992
96,2539
97,1645
98,1992
98,2539
99,1992
100,158
100,2539
101,158
101,2539
102,158
103,1992
103,2539
104,158
105,123
105,150
105,335
105,336
105,343
105,344
105,345
105,370
105,381
105,384
105,394
105,406
105,422
105,427
105,433
105,439
105,457
105,462
105,464
105,465
105,475
105,491
105,500
105,505
105,512
105,600
105,668
105,674
105,693
105,697
105,698
105,902
105,908
105,915
105,919
105,922
105,935
105,949
105,952
105,958
105,967
105,973
105,989
105,1000
105,1001
105,1004
105,1019
105,1021
105,1022
105,1027
105,1062
105,1073
105,1090
105,1111
105,1143
105,1149
105,1152
105,1155
105,1157
105,1159
105,1169
105,1171
105,1173
105,1190
105,1195
105,1198
105,1205
105,1211
105,1221
105,1229
105,1266
105,1267
105,1275
105,1288
105,1290
105,1301
105,1311
105,1331
105,1333
105,1340
105,1343
105,1350
105,1378
105,1379
105,1385
105,1412
105,1428
105,1432
105,1440
105,1449
105,1553
105,1556
105,1561
105,1597
105,1599
105,1621
105,1631
105,1636
105,1638
105,1640
105,1679
105,1694
105,1696
105,1716
105,1726
105,1727
105,1736
105,1741
105,1839
105,1843
105,1844
105,1851
105,1858
105,1859
105,1862
105,1878
105,1881
105,1901
105,1986
105,1989
105,1997
105,1998
105,1999
105,2006
105,2018
105,2022
105,2027
105,2030
105,2033
105,2034
105,2039
105,2043
105,2054
105,2055
105,2065
105,2068
105,2071
105,2081
105,2082
105,2111
105,2260
105,2270
105,2309
105,2327
105,2328
105,2330
105,2333
105,2335
105,2340
105,2345
105,2379
105,2392
105,2397
105,2425
105,2535
105,2536
105,2543
105,2544
105,2551
105,2564
105,2565
105,2579
105,2580
105,2600
105,2640
105,2648
105,2651
105,2663
105,2664
105,2666
105,2673
105,2678
105,2692
105,2697
105,2709
105,2722
105,2742
105,2747
105,2767
105,2772
105,2807
105,2816
105,2939
105,2958
105,2964
105,2977
105,2985
105,2996
105,3003
105,3004
105,3012
105,3016
105,3024
105,3039
105,3114
105,3138
105,3144
105,3153
105,3158
105,3166
105,3169
105,3176
105,3178
105,3190
105,3211
105,3222
105,3223
105,3234
105,3236
105,3237
105,3242
105,3248
105,3250
105,3253
105,3254
105,3255
105,3336
105,3348
105,3353
105,3368
105,3456
105,3462
106,2539
107,2479
108,454
108,1023
108,1036
108,1992
108,2110
108,2383
108,2960
108,3040
108,3138
108,3227
109,158
109,271
109,396
109,421
109,468
109,472
109,486
109,512
109,554
109,637
109,667
109,868
109,873
109,918
109,1013
109,1063
109,1131
109,1219
109,1496
109,1520
109,1574
109,1591
109,1621
109,1855
109,1905
109,1956
109,2010
109,2039
109,2062
109,2092
109,2197
109,2219
109,2247
109,2249
109,2317
109,2454
109,2470
109,2503
109,2516
109,2539
109,2607
109,2673
109,2708
109,2710
109,2773
109,2819
109,3021
109,3082
109,3103
109,3138
109,3243
109,3393
109,3412
109,3452
109,3473
110,1992
111,2539
112,2539
113,158
113,2539
114,2819
115,158
115,162
115,214
115,470
115,550
115,608
115,1386
115,1462
115,1645
115,2539
115,3224
116,158
117,1992
117,2539
118,138
118,139
118,259
118,260
118,329
118,354
118,361
118,384
118,394
118,405
118,410
118,439
118,466
118,499
118,502
118,621
118,666
118,668
118,698
118,744
118,772
118,915
118,922
118,943
118,958
118,1003
118,1047
118,1065
118,1074
118,1101
118,1123
118,1125
118,1153
118,1198
118,1240
118,1241
118,1319
118,1348
118,1409
118,1447
118,1465
118,1561
118,1640
118,1689
118,1694
118,1698
118,1743
118,1845
118,1853
118,1857
118,1890
118,2002
118,2011
118,2017
118,2027
118,2039
118,2040
118,2080
118,2081
118,2082
118,2115
118,2227
118,2228
118,2231
118,2238
118,2239
118,2317
118,2529
118,2552
118,2558
118,2610
118,2621
118,2638
118,2667
118,2706
118,2740
118,2801
118,2819
118,2996
118,3039
118,3115
118,3138
118,3140
118,3166
118,3172
118,3176
118,3225
118,3240
118,3247
118,3299
118,3342
118,3356
118,3369
118,3371
118,3377
118,3466
118,3468
119,2819
120,2819
121,158
122,2539
122,2819
123,139
123,150
123,211
123,326
123,335
123,336
123,343
123,344
123,345
123,350
123,370
123,381
123,394
123,406
123,422
123,427
123,433
123,439
123,457
123,464
123,465
123,468
123,475
123,482
123,486
123,491
123,500
123,505
123,512
123,600
123,668
123,669
123,674
123,693
123,697
123,698
123,902
123,915
123,919
123,920
123,922
123,935
123,949
123,952
123,958
123,964
123,967
123,973
123,981
123,989
123,1000
123,1001
123,1004
123,1019
123,1022
123,1027
123,1073
123,1077
123,1090
123,1111
123,1143
123,1149
123,1152
123,1155
123,1157
123,1159
123,1169
123,1171
123,1173
123,1174
123,1191
123,1195
123,1198
123,1205
123,1211
123,1217
123,1229
123,1266
123,1267
123,1275
123,1288
123,1290
123,1293
123,1301
123,1311
123,1331
123,1340
123,1343
123,1351
123,1378
123,1379
123,1385
123,1412
123,1428
123,1432
123,1435
123,1442
123,1449
123,1551
123,1553
123,1556
123,1561
123,1597
123,1599
123,1621
123,1631
123,1636
123,1638
123,1639
123,1640
123,1679
123,1693
123,1694
123,1696
123,1716
123,1726
123,1727
123,1729
123,1736
123,1741
123,1839
123,1843
123,1844
123,1851
123,1862
123,1878
123,1881
123,1893
123,1901
123,1986
123,1999
123,2006
123,2010
123,2018
123,2022
123,2033
123,2034
123,2039
123,2042
123,2043
123,2046
123,2054
123,2055
123,2064
123,2068
123,2070
123,2081
123,2082
123,2111
123,2260
123,2270
123,2288
123,2328
123,2330
123,2333
123,2335
123,2340
123,2379
123,2397
123,2398
123,2425
123,2535
123,2536
123,2543
123,2544
123,2551
123,2562
123,2564
123,2565
123,2579
123,2580
123,2600
123,2648
123,2660
123,2663
123,2664
123,2666
123,2673
123,2678
123,2689
123,2690
123,2692
123,2697
123,2709
123,2722
123,2742
123,2744
123,2767
123,2772
123,2781
123,2787
123,2807
123,2816
123,2939
123,2958
123,2964
123,3003
123,3004
123,3012
123,3016
123,3099
123,3101
123,3138
123,3144
123,3152
123,3153
123,3156
123,3158
123,3166
123,3168
123,3169
123,3176
123,3206
123,3211
123,3223
123,3234
123,3236
123,3237
123,3242
123,3248
123,3250
123,3253
123,3255
123,3257
123,3295
123,3336
123,3348
123,3353
123,3368
123,3453
123,3454
123,3456
123,3468
123,3470
124,1674
125,2819
125,3138
126,158
127,158
128,2819
130,158
131,157
131,158
131,214
131,292
131,541
131,565
131,709
131,785
131,794
131,833
131,1075
131,1083
131,1342
131,1666
131,1810
131,1855
131,1906
131,1934
131,1992
131,2130
131,2144
131,2158
131,2323
131,2638
131,2802
131,2871
131,2874
131,2879
131,3167
131,3370
131,3379
132,158
132,2539
133,158
133,2819
134,3138
135,2819
136,1992
136,2539
137,1645
137,2479
138,139
138,259
138,260
138,329
138,354
138,361
138,384
138,394
138,405
138,410
138,439
138,466
138,499
138,502
138,621
138,666
138,668
138,698
138,744
138,772
138,915
138,922
138,943
138,958
138,1003
138,1047
138,1065
138,1074
138,1101
138,1123
138,1125
138,1153
138,1198
138,1240
138,1241
138,1319
138,1348
138,1409
138,1447
138,1465
138,1561
138,1640
138,1689
138,1694
138,1698
138,1743
138,1845
138,1853
138,1857
138,1890
138,2002
138,2011
138,2017
138,2027
138,2039
138,2040
138,2080
138,2081
138,2082
138,2115
138,2227
138,2228
138,2231
138,2238
138,2239
138,2317
138,2529
138,2552
138,2558
138,2610
138,2621
138,2638
138,2667
138,2706
138,2740
138,2801
138,2819
138,2996
138,3039
138,3115
138,3138
138,3140
138,3166
138,3172
138,3176
138,3225
138,3240
138,3247
138,3299
138,3342
138,3356
138,3369
138,3371
138,3377
138,3466
138,3468
139,150
139,211
139,218
139,259
139,260
139,312
139,315
139,317
139,318
139,326
139,329
139,335
139,336
139,343
139,344
139,350
139,354
139,361
139,364
139,370
139,380
139,381
139,384
139,390
139,394
139,398
139,405
139,406
139,410
139,422
139,439
139,457
139,462
139,464
139,465
139,466
139,468
139,475
139,482
139,486
139,491
139,499
139,500
139,505
139,512
139,543
139,573
139,600
139,621
139,666
139,668
139,669
139,674
139,693
139,697
139,698
139,744
139,772
139,896
139,902
139,908
139,915
139,920
139,922
139,935
139,943
139,949
139,958
139,964
139,967
139,973
139,981
139,989
139,1000
139,1001
139,1002
139,1003
139,1004
139,1019
139,1021
139,1027
139,1047
139,1062
139,1065
139,1073
139,1074
139,1077
139,1090
139,1100
139,1101
139,1105
139,1111
139,1123
139,1125
139,1143
139,1149
139,1152
139,1153
139,1155
139,1157
139,1169
139,1171
139,1173
139,1174
139,1183
139,1190
139,1195
139,1198
139,1206
139,1211
139,1217
139,1229
139,1240
139,1241
139,1266
139,1267
139,1275
139,1285
139,1290
139,1293
139,1295
139,1301
139,1311
139,1318
139,1319
139,1331
139,1333
139,1340
139,1348
139,1350
139,1351
139,1378
139,1379
139,1409
139,1412
139,1435
139,1440
139,1442
139,1447
139,1449
139,1465
139,1507
139,1551
139,1553
139,1555
139,1556
139,1561
139,1562
139,1563
139,1597
139,1599
139,1621
139,1631
139,1636
139,1638
139,1640
139,1679
139,1689
139,1693
139,1694
139,1696
139,1698
139,1716
139,1726
139,1727
139,1729
139,1736
139,1741
139,1743
139,1758
139,1781
139,1803
139,1813
139,1839
139,1843
139,1845
139,1851
139,1853
139,1857
139,1858
139,1859
139,1877
139,1878
139,1890
139,1893
139,1901
139,1905
139,1906
139,1932
139,1934
139,1940
139,1942
139,1943
139,1947
139,1949
139,1976
139,1986
139,1989
139,1997
139,1998
139,1999
139,2002
139,2006
139,2010
139,2011
139,2017
139,2018
139,2022
139,2027
139,2030
139,2033
139,2034
139,2039
139,2040
139,2042
139,2043
139,2046
139,2055
139,2064
139,2065
139,2070
139,2071
139,2080
139,2081
139,2082
139,2111
139,2115
139,2227
139,2228
139,2231
139,2238
139,2239
139,2242
139,2260
139,2270
139,2288
139,2289
139,2309
139,2317
139,2327
139,2330
139,2333
139,2335
139,2340
139,2345
139,2348
139,2377
139,2379
139,2380
139,2392
139,2397
139,2408
139,2425
139,2426
139,2453
139,2458
139,2480
139,2529
139,2533
139,2535
139,2536
139,2543
139,2544
139,2551
139,2552
139,2558
139,2562
139,2564
139,2565
139,2579
139,2580
139,2593
139,2600
139,2608
139,2610
139,2621
139,2638
139,2640
139,2648
139,2651
139,2660
139,2663
139,2667
139,2673
139,2678
139,2689
139,2690
139,2697
139,2706
139,2709
139,2722
139,2726
139,2740
139,2742
139,2744
139,2747
139,2769
139,2772
139,2781
139,2787
139,2801
139,2807
139,2816
139,2819
139,2840
139,2848
139,2856
139,2931
139,2939
139,2958
139,2977
139,2985
139,2996
139,3003
139,3004
139,3012
139,3016
139,3024
139,3039
139,3099
139,3101
139,3115
139,3122
139,3138
139,3140
139,3144
139,3153
139,3156
139,3158
139,3166
139,3168
139,3169
139,3172
139,3176
139,3178
139,3190
139,3206
139,3211
139,3223
139,3225
139,3230
139,3233
139,3236
139,3237
139,3240
139,3242
139,3247
139,3248
139,3250
139,3252
139,3255
139,3257
139,3295
139,3297
139,3299
139,3336
139,3342
139,3353
139,3356
139,3357
139,3368
139,3369
139,3371
139,3374
139,3377
139,3386
139,3411
139,3450
139,3453
139,3454
139,3456
139,3462
139,3466
139,3470
140,1993
140,2539
141,158
142,2819
143,1992
143,2539
144,158
145,1992
145,2539
145,2819
147,2539
148,1992
149,2539
150,211
150,335
150,336
150,343
150,344
150,345
150,350
150,370
150,381
150,384
150,394
150,398
150,406
150,422
150,427
150,433
150,439
150,457
150,462
150,465
150,468
150,482
150,486
150,491
150,500
150,512
150,600
150,668
150,669
150,674
150,698
150,902
150,908
150,915
150,919
150,920
150,935
150,949
150,958
150,964
150,967
150,973
150,981
150,989
150,1000
150,1004
150,1019
150,1021
150,1027
150,1062
150,1073
150,1090
150,1111
150,1143
150,1149
150,1155
150,1157
150,1159
150,1169
150,1171
150,1173
150,1174
150,1190
150,1191
150,1195
150,1198
150,1205
150,1211
150,1217
150,1229
150,1266
150,1267
150,1275
150,1285
150,1288
150,1290
150,1301
150,1311
150,1333
150,1340
150,1343
150,1350
150,1351
150,1378
150,1379
150,1385
150,1412
150,1432
150,1435
150,1440
150,1442
150,1449
150,1551
150,1553
150,1556
150,1561
150,1599
150,1621
150,1631
150,1636
150,1638
150,1640
150,1694
150,1696
150,1716
150,1726
150,1729
150,1741
150,1839
150,1844
150,1858
150,1859
150,1862
150,1878
150,1893
150,1901
150,1986
150,1997
150,1998
150,1999
150,2006
150,2010
150,2018
150,2027
150,2030
150,2034
150,2039
150,2042
150,2043
150,2046
150,2054
150,2065
150,2068
150,2070
150,2071
150,2082
150,2111
150,2260
150,2288
150,2309
150,2327
150,2328
150,2333
150,2345
150,2379
150,2380
150,2392
150,2398
150,2426
150,2535
150,2536
150,2544
150,2551
150,2562
150,2564
150,2579
150,2600
150,2640
150,2648
150,2651
150,2660
150,2663
150,2664
150,2666
150,2690
150,2692
150,2697
150,2709
150,2722
150,2742
150,2744
150,2747
150,2767
150,2772
150,2781
150,2787
150,2807
150,2816
150,2958
150,2964
150,2985
150,2996
150,3003
150,3004
150,3012
150,3016
150,3024
150,3037
150,3099
150,3101
150,3114
150,3138
150,3152
150,3156
150,3158
150,3166
150,3168
150,3169
150,3176
150,3206
150,3211
150,3234
150,3236
150,3237
150,3248
150,3250
150,3252
150,3254
150,3255
150,3295
150,3336
150,3348
150,3368
150,3453
150,3454
150,3462
150,3468
151,158
151,1645
152,202
152,228
152,303
152,328
152,396
152,491
152,537
152,550
152,573
152,694
152,709
152,759
152,784
152,829
152,872
152,964
152,1006
152,1123
152,1208
152,1217
152,1237
152,1245
152,1557
152,1850
152,1927
152,1934
152,1997
152,2010
152,2039
152,2080
152,2121
152,2129
152,2309
152,2392
152,2437
152,2533
152,2539
152,2649
152,2878
152,2882
152,2900
152,3088
152,3167
152,3468
153,2539
154,2819
155,2539
155,2819
156,1992
156,2479
156,2539
156,2819
157,175
157,214
157,227
157,285
157,303
157,541
157,709
157,785
157,794
157,807
157,819
157,821
157,825
157,833
157,868
157,1075
157,1083
157,1195
157,1514
157,1666
157,1786
157,1810
157,1855
157,1906
157,1934
157,1942
157,2080
157,2122
157,2144
157,2185
157,2362
157,2802
157,2819
157,2879
157,2952
157,3370
158,168
158,173
158,177
158,179
158,181
158,184
158,186
158,198
158,201
158,205
158,206
158,214
158,215
158,216
158,218
158,220
158,230
158,235
158,237
158,245
158,251
158,254
158,256
158,258
158,262
158,271
158,274
158,276
158,277
158,278
158,280
158,286
158,287
158,290
158,292
158,296
158,298
158,300
158,303
158,307
158,323
158,355
158,367
158,376
158,384
158,387
158,398
158,409
158,416
158,418
158,423
158,424
158,436
158,451
158,454
158,457
158,458
158,461
158,462
158,474
158,475
158,479
158,488
158,493
158,515
158,531
158,535
158,537
158,543
158,544
158,545
158,549
158,550
158,552
158,564
158,577
158,582
158,583
158,585
158,590
158,602
158,605
158,609
158,637
158,646
158,648
158,678
158,706
158,709
158,711
158,713
158,726
158,734
158,735
158,736
158,738
158,740
158,742
158,743
158,745
158,747
158,750
158,755
158,758
158,759
158,761
158,764
158,765
158,771
158,776
158,777
158,780
158,782
158,787
158,793
158,797
158,799
158,800
158,801
158,802
158,803
158,807
158,809
158,817
158,818
158,819
158,822
158,824
158,827
158,832
158,835
158,859
158,866
158,872
158,873
158,875
158,876
158,878
158,882
158,886
158,892
158,894
158,896
158,905
158,915
158,922
158,925
158,930
158,933
158,939
158,958
158,965
158,977
158,984
158,989
158,997
158,1002
158,1008
158,1017
158,1036
158,1042
158,1045
158,1047
158,1048
158,1049
158,1051
158,1054
158,1056
158,1066
158,1076
158,1080
158,1083
158,1086
158,1088
158,1098
158,1101
158,1109
158,1123
158,1136
158,1153
158,1163
158,1175
158,1195
158,1200
158,1208
158,1210
158,1221
158,1227
158,1257
158,1260
158,1262
158,1267
158,1271
158,1278
158,1280
158,1282
158,1301
158,1314
158,1317
158,1318
158,1336
158,1337
158,1338
158,1356
158,1362
158,1375
158,1388
158,1390
158,1395
158,1400
158,1406
158,1408
158,1412
158,1417
158,1421
158,1424
158,1426
158,1432
158,1433
158,1435
158,1436
158,1445
158,1450
158,1451
158,1452
158,1454
158,1461
158,1462
158,1473
158,1475
158,1478
158,1487
158,1490
158,1494
158,1497
158,1501
158,1513
158,1514
158,1529
158,1538
158,1545
158,1556
158,1565
158,1569
158,1583
158,1584
158,1590
158,1594
158,1612
158,1623
158,1625
158,1629
158,1633
158,1641
158,1643
158,1648
158,1649
158,1651
158,1660
158,1666
158,1667
158,1668
158,1670
158,1676
158,1680
158,1686
158,1689
158,1692
158,1702
158,1707
158,1716
158,1726
158,1736
158,1764
158,1766
158,1778
158,1782
158,1790
158,1796
158,1813
158,1815
158,1818
158,1820
158,1826
158,1827
158,1831
158,1832
158,1837
158,1844
158,1857
158,1861
158,1865
158,1873
158,1884
158,1890
158,1891
158,1895
158,1897
158,1901
158,1911
158,1927
158,1937
158,1955
158,1964
158,1966
158,1972
158,1986
158,2000
158,2004
158,2010
158,2015
158,2016
158,2024
158,2040
158,2045
158,2049
158,2054
158,2059
158,2060
158,2070
158,2074
158,2093
158,2096
158,2097
158,2105
158,2118
158,2119
158,2124
158,2125
158,2130
158,2133
158,2134
158,2135
158,2137
158,2138
158,2139
158,2140
158,2147
158,2149
158,2154
158,2157
158,2158
158,2159
158,2160
158,2162
158,2172
158,2175
158,2176
158,2180
158,2181
158,2183
158,2187
158,2190
158,2191
158,2193
158,2195
158,2196
158,2197
158,2200
158,2201
158,2202
158,2204
158,2205
158,2206
158,2208
158,2209
158,2210
158,2216
158,2240
158,2245
158,2248
158,2251
158,2263
158,2282
158,2284
158,2295
158,2302
158,2310
158,2314
158,2328
158,2330
158,2338
158,2342
158,2346
158,2352
158,2362
158,2371
158,2374
158,2379
158,2412
158,2415
158,2416
158,2421
158,2437
158,2440
158,2443
158,2453
158,2458
158,2468
158,2476
158,2477
158,2478
158,2483
158,2486
158,2491
158,2495
158,2499
158,2500
158,2503
158,2509
158,2513
158,2529
158,2539
158,2542
158,2555
158,2566
158,2570
158,2586
158,2589
158,2592
158,2617
158,2624
158,2626
158,2648
158,2664
158,2669
158,2676
158,2681
158,2687
158,2694
158,2696
158,2700
158,2714
158,2724
158,2727
158,2730
158,2739
158,2743
158,2744
158,2748
158,2754
158,2755
158,2764
158,2779
158,2782
158,2786
158,2790
158,2798
158,2810
158,2833
158,2836
158,2838
158,2847
158,2848
158,2851
158,2854
158,2859
158,2862
158,2865
158,2866
158,2869
158,2870
158,2871
158,2873
158,2874
158,2875
158,2877
158,2880
158,2895
158,2901
158,2908
158,2921
158,2934
158,2945
158,2952
158,2970
158,2971
158,2977
158,2998
158,3001
158,3011
158,3026
158,3034
158,3035
158,3041
158,3047
158,3053
158,3082
158,3084
158,3104
158,3113
158,3120
158,3136
158,3141
158,3142
158,3143
158,3150
158,3166
158,3169
158,3199
158,3203
158,3222
158,3231
158,3234
158,3237
158,3244
158,3257
158,3261
158,3264
158,3267
158,3316
158,3327
158,3328
158,3342
158,3350
158,3356
158,3366
158,3370
158,3372
158,3375
158,3377
158,3385
158,3390
158,3398
158,3403
158,3406
158,3409
158,3421
158,3427
158,3429
158,3434
158,3437
158,3441
158,3454
158,3464
158,3474
158,3480
158,3483
158,3486
158,3495
159,3138
160,1993
160,2819
161,1992
162,214
162,550
162,608
162,1008
162,1462
162,1997
162,2819
162,2874
162,2910
162,3088
162,3224
163,2539
164,1992
165,2819
166,1645
166,2539
166,2819
167,2539
168,191
168,539
168,573
168,785
168,1497
168,1645
168,1807
168,1934
168,2514
168,2819
168,3088
169,1992
170,2539
171,2819
172,2539
173,2819
174,2819
175,214
175,303
175,565
175,694
175,807
175,896
175,1063
175,1342
175,2039
175,2130
175,2144
175,2158
175,2362
175,2819
175,2874
175,3438
176,2819
178,228
178,282
178,358
178,537
178,694
178,838
178,1006
178,1237
178,1247
178,1468
178,1526
178,1563
178,1608
178,1673
178,1850
178,1853
178,2039
178,2343
178,2437
178,3074
178,3383
178,3457
178,3474
180,2819
181,2539
182,1992
182,2539
183,2539
183,2819
184,2819
185,2539
186,1992
187,2539
188,2539
189,2819
190,2539
191,539
191,785
191,1497
191,1807
191,2514
191,2539
192,1992
192,2539
193,1645
193,2539
194,2819
195,1992
196,1645
196,1992
196,2539
197,1992
197,2539
199,2539
200,3138
201,2819
202,211
202,311
202,320
202,328
202,530
202,573
202,709
202,1123
202,1264
202,1318
202,1376
202,1853
202,1992
202,1997
202,2378
202,2392
202,2539
202,2769
202,2882
202,3074
202,3077
202,3078
202,3167
202,3304
202,3468
202,3473
203,1992
203,2819
203,3138
204,2539
204,3138
205,2539
206,1992
206,2539
206,2819
206,3138
207,2819
208,3138
209,2479
209,2819
210,1992
210,2479
210,2539
210,2819
210,3138
211,303
211,311
211,328
211,335
211,336
211,343
211,344
211,350
211,381
211,384
211,394
211,398
211,406
211,427
211,439
211,457
211,462
211,464
211,465
211,468
211,475
211,486
211,491
211,500
211,505
211,512
211,573
211,600
211,668
211,669
211,672
211,674
211,693
211,694
211,697
211,698
211,709
211,902
211,908
211,915
211,919
211,920
211,922
211,935
211,949
211,952
211,958
211,964
211,967
211,981
211,1000
211,1004
211,1019
211,1021
211,1022
211,1027
211,1047
211,1062
211,1073
211,1077
211,1090
211,1111
211,1143
211,1149
211,1152
211,1155
211,1157
211,1159
211,1169
211,1171
211,1173
211,1174
211,1183
211,1190
211,1191
211,1198
211,1211
211,1217
211,1221
211,1229
211,1264
211,1266
211,1267
211,1275
211,1285
211,1290
211,1293
211,1301
211,1311
211,1318
211,1331
211,1333
211,1340
211,1343
211,1350
211,1351
211,1378
211,1379
211,1385
211,1412
211,1428
211,1432
211,1435
211,1440
211,1442
211,1449
211,1551
211,1553
211,1556
211,1561
211,1597
211,1599
211,1621
211,1631
211,1636
211,1639
211,1640
211,1679
211,1693
211,1694
211,1696
211,1716
211,1726
211,1727
211,1729
211,1736
211,1741
211,1839
211,1843
211,1844
211,1851
211,1858
211,1859
211,1862
211,1878
211,1881
211,1893
211,1901
211,1905
211,1986
211,1989
211,1992
211,1997
211,1998
211,1999
211,2006
211,2010
211,2018
211,2022
211,2027
211,2030
211,2033
211,2034
211,2039
211,2042
211,2043
211,2046
211,2054
211,2055
211,2064
211,2065
211,2068
211,2070
211,2071
211,2081
211,2082
211,2111
211,2260
211,2270
211,2288
211,2327
211,2328
211,2330
211,2333
211,2335
211,2340
211,2345
211,2378
211,2379
211,2380
211,2392
211,2397
211,2398
211,2426
211,2535
211,2536
211,2539
211,2543
211,2544
211,2551
211,2562
211,2564
211,2565
211,2579
211,2580
211,2600
211,2608
211,2622
211,2640
211,2648
211,2660
211,2663
211,2666
211,2673
211,2678
211,2689
211,2692
211,2697
211,2709
211,2722
211,2742
211,2744
211,2747
211,2767
211,2769
211,2772
211,2781
211,2787
211,2807
211,2816
211,2882
211,2939
211,2964
211,2977
211,2985
211,2996
211,3003
211,3004
211,3012
211,3016
211,3024
211,3037
211,3039
211,3099
211,3101
211,3114
211,3138
211,3144
211,3152
211,3153
211,3156
211,3158
211,3166
211,3168
211,3169
211,3176
211,3178
211,3190
211,3206
211,3211
211,3222
211,3234
211,3236
211,3237
211,3242
211,3250
211,3252
211,3255
211,3257
211,3295
211,3304
211,3336
211,3348
211,3353
211,3368
211,3371
211,3453
211,3454
211,3456
211,3468
211,3470
211,3473
212,1993
213,709
213,957
213,1006
213,1245
213,1914
213,2539
213,2669
213,2819
213,3074
213,3304
214,227
214,271
214,285
214,292
214,302
214,354
214,491
214,541
214,554
214,565
214,608
214,694
214,709
214,738
214,759
214,783
214,785
214,794
214,807
214,821
214,825
214,833
214,966
214,980
214,1008
214,1075
214,1083
214,1195
214,1342
214,1362
214,1397
214,1497
214,1514
214,1561
214,1613
214,1645
214,1657
214,1666
214,1724
214,1786
214,1815
214,1855
214,1942
214,1967
214,1992
214,1997
214,2010
214,2080
214,2121
214,2122
214,2127
214,2130
214,2144
214,2147
214,2158
214,2195
214,2197
214,2323
214,2390
214,2437
214,2470
214,2477
214,2514
214,2539
214,2626
214,2638
214,2679
214,2715
214,2741
214,2802
214,2874
214,2879
214,2900
214,2910
214,2952
214,3060
214,3114
214,3167
214,3224
214,3370
214,3379
214,3438
215,1674
216,1992
216,2539
216,2819
216,3138
217,1992
217,2539
217,3138
218,303
218,537
218,668
218,915
218,1065
218,1123
218,1147
218,1183
218,1217
218,1318
218,1342
218,1562
218,1563
218,1803
218,1845
218,1934
218,1940
218,1942
218,1943
218,1947
218,1949
218,1976
218,2034
218,2039
218,2080
218,2408
218,2458
218,2529
218,2819
218,2996
218,3039
218,3138
218,3224
218,3368
218,3374
218,3468
219,1674
219,2819
220,468
220,470
220,591
220,964
220,1574
220,1622
220,1956
220,1992
220,2219
220,2539
220,2695
221,1992
221,3138
222,2539
223,1992
223,2539
224,3138
225,3138
226,472
226,1259
226,1343
226,1993
226,2232
226,2539
226,3167
226,3371
227,303
227,785
227,821
227,1083
227,1342
227,1906
227,2144
227,2147
227,3138
227,3370
228,282
228,694
228,709
228,829
228,838
228,854
228,1237
228,1247
228,1499
228,2039
228,2437
228,2539
228,3383
229,1992
229,2539
229,2819
230,2539
231,1674
231,2819
231,3138
232,3138
233,3138
234,557
234,1477
234,1608
235,3138
236,1992
236,2539
237,2539
237,3138
238,537
238,573
238,759
238,872
238,1208
238,1362
238,1401
238,1526
238,1653
238,2129
238,2195
238,2649
238,2819
238,2878
238,2900
238,2952
238,3114
238,3209
238,3490
239,2539
239,3138
240,1992
240,2539
241,1993
242,3138
243,3138
244,2539
245,1992
245,2819
246,2539
247,1992
247,2539
248,1992
249,2539
250,3138
251,1992
251,2819
252,2819
253,2539
254,1992
254,2819
254,3138
255,1992
256,1645
256,2819
257,2819
257,3138
258,1992
258,2539
258,2819
258,3138
259,260
259,329
259,354
259,361
259,384
259,394
259,405
259,410
259,439
259,466
259,499
259,502
259,621
259,666
259,668
259,698
259,744
259,772
259,915
259,922
259,943
259,958
259,1003
259,1047
259,1065
259,1074
259,1101
259,1123
259,1125
259,1153
259,1198
259,1240
259,1241
259,1319
259,1348
259,1409
259,1447
259,1465
259,1561
259,1640
259,1689
259,1694
259,1698
259,1743
259,1845
259,1853
259,1857
259,1890
259,2002
259,2011
259,2017
259,2027
259,2039
259,2040
259,2080
259,2081
259,2082
259,2115
259,2227
259,2228
259,2231
259,2238
259,2239
259,2317
259,2529
259,2552
259,2558
259,2610
259,2621
259,2638
259,2667
259,2706
259,2740
259,2801
259,2819
259,2996
259,3039
259,3115
259,3138
259,3140
259,3166
259,3172
259,3176
259,3225
259,3240
259,3247
259,3299
259,3342
259,3356
259,3369
259,3371
259,3377
259,3466
259,3468
260,329
260,354
260,361
260,384
260,394
260,405
260,410
260,439
260,466
260,499
260,502
260,621
260,666
260,668
260,698
260,744
260,772
260,915
260,922
260,943
260,958
260,1003
260,1047
260,1065
260,1074
260,1101
260,1123
260,1125
260,1153
260,1198
260,1240
260,1241
260,1319
260,1348
260,1409
260,1447
260,1465
260,1561
260,1640
260,1689
260,1694
260,1698
260,1743
260,1845
260,1853
260,1857
260,1890
260,2002
260,2011
260,2017
260,2027
260,2039
260,2040
260,2080
260,2081
260,2082
260,2115
260,2227
260,2228
260,2231
260,2238
260,2239
260,2317
260,2529
260,2552
260,2558
260,2610
260,2621
260,2638
260,2667
260,2706
260,2740
260,2801
260,2819
260,2996
260,3039
260,3115
260,3138
260,3140
260,3166
260,3172
260,3176
260,3225
260,3240
260,3247
260,3299
260,3342
260,3356
260,3369
260,3371
260,3377
260,3466
260,3468
261,3138
263,3138
264,1992
264,2539
265,2539
266,2539
267,1674
268,1645
268,1992
268,2819
268,3138
269,3138
270,1645
270,1992
271,354
271,541
271,873
271,1400
271,2516
271,3138
271,3370
272,1992
273,2479
273,2819
274,2539
274,2819
275,2479
275,2819
276,3138
278,1992
278,2819
279,285
279,318
279,557
279,565
279,608
279,883
279,918
279,1046
279,1063
279,1115
279,1198
279,1259
279,1343
279,1515
279,1558
279,1854
279,1856
279,1877
279,1934
279,2232
279,2539
279,2592
279,2819
279,3167
280,1992
280,3138
281,1269
281,3121
282,358
282,537
282,573
282,709
282,829
282,838
282,962
282,1217
282,1247
282,1249
282,1268
282,1468
282,1499
282,1927
282,2039
282,2359
282,2437
282,2539
282,2669
282,3088
282,3280
282,3457
283,3138
284,1992
284,2539
284,3138
285,318
285,472
285,565
285,608
285,694
285,709
285,783
285,785
285,794
285,807
285,819
285,825
285,833
285,883
285,896
285,903
285,1063
285,1073
285,1075
285,1083
285,1115
285,1184
285,1198
285,1259
285,1289
285,1306
285,1342
285,1343
285,1514
285,1557
285,1645
285,1810
285,1829
285,1855
285,1934
285,1942
285,2039
285,2079
285,2080
285,2130
285,2144
285,2147
285,2158
285,2185
285,2232
285,2362
285,2377
285,2385
285,2470
285,2477
285,2539
285,2557
285,2592
285,2638
285,2679
285,2819
285,2871
285,2874
285,2879
285,2952
285,2953
285,3138
285,3167
285,3202
285,3412
285,3438
286,2539
286,2819
286,3138
287,1992
287,2819
287,3138
288,2539
288,3138
289,292
289,318
289,565
289,903
289,918
289,1073
289,1112
289,1115
289,1198
289,1259
289,1289
289,1342
289,1343
289,1470
289,1674
289,1731
289,1758
289,1829
289,1854
289,1855
289,1934
289,1993
289,2232
289,2247
289,2249
289,2290
289,2323
289,2479
289,2539
289,2638
289,2801
289,3167
289,3202
289,3363
289,3371
289,3412
290,2819
291,2539
291,3138
292,303
292,541
292,608
292,709
292,785
292,794
292,821
292,833
292,883
292,1046
292,1063
292,1083
292,1198
292,1289
292,1343
292,1829
292,1856
292,1906
292,1934
292,2079
292,2080
292,2158
292,2249
292,2323
292,2362
292,2390
292,2539
292,2592
292,2801
292,2802
292,3167
292,3370
292,3371
292,3412
292,3438
293,2539
294,2539
295,3138
296,2539
296,2819
297,1992
297,2819
297,3138
298,1645
298,1992
298,3138
299,1993
299,2539
300,1992
300,2539
300,3138
301,3138
302,2539
302,2819
303,320
303,328
303,396
303,500
303,541
303,565
303,694
303,709
303,785
303,794
303,819
303,825
303,915
303,1063
303,1065
303,1075
303,1147
303,1183
303,1195
303,1217
303,1264
303,1342
303,1376
303,1562
303,1567
303,1645
303,1666
303,1803
303,1810
303,1853
303,1940
303,1942
303,1943
303,1947
303,1949
303,1967
303,1976
303,1992
303,1997
303,2034
303,2039
303,2080
303,2122
303,2147
303,2158
303,2378
303,2392
303,2458
303,2470
303,2592
303,2622
303,2638
303,2802
303,2871
303,2874
303,2879
303,2882
303,3039
303,3091
303,3167
303,3224
303,3304
303,3368
303,3370
303,3379
303,3473
304,3138
305,333
305,1645
305,1992
305,2539
305,3138
306,3138
307,2539
308,3138
309,2539
310,1992
310,3138
311,320
311,396
311,530
311,573
311,672
311,1047
311,1123
311,1183
311,1343
311,1376
311,1557
311,1716
311,1718
311,1967
311,1992
311,2079
311,2080
311,2378
311,2392
311,2769
311,2809
311,3074
311,3091
311,3259
311,3371
311,3473
312,317
312,318
312,364
312,573
312,896
312,1047
312,1100
312,1813
312,1877
312,1932
312,1934
312,2289
312,2348
312,2377
312,2408
312,2533
312,2539
312,2819
312,2840
312,2848
312,2856
312,2931
312,3122
312,3138
312,3233
312,3374
313,2539
313,2819
313,3138
314,3138
315,317
315,499
315,668
315,1002
315,1047
315,1198
315,1563
315,1645
315,1845
315,1877
315,1906
315,1932
315,1934
315,2289
315,2348
315,2377
315,2453
315,2533
315,2539
315,2593
315,2819
315,2931
315,3122
315,3138
315,3233
315,3386
316,2819
317,318
317,364
317,380
317,390
317,499
317,543
317,573
317,668
317,694
317,738
317,896
317,1002
317,1047
317,1100
317,1105
317,1123
317,1198
317,1206
317,1295
317,1318
317,1507
317,1555
317,1563
317,1645
317,1716
317,1758
317,1781
317,1813
317,1845
317,1877
317,1906
317,1932
317,1934
317,2242
317,2289
317,2317
317,2348
317,2377
317,2408
317,2453
317,2480
317,2529
317,2533
317,2539
317,2593
317,2638
317,2726
317,2769
317,2819
317,2840
317,2848
317,2856
317,2931
317,2996
317,3122
317,3138
317,3230
317,3233
317,3297
317,3357
317,3374
317,3386
317,3411
317,3450
318,364
318,472
318,499
318,573
318,608
318,668
318,854
318,883
318,896
318,903
318,918
318,1002
318,1008
318,1033
318,1046
318,1047
318,1063
318,1100
318,1112
318,1115
318,1184
318,1195
318,1198
318,1259
318,1289
318,1306
318,1342
318,1343
318,1386
318,1463
318,1470
318,1496
318,1515
318,1523
318,1558
318,1563
318,1614
318,1731
318,1758
318,1785
318,1813
318,1829
318,1845
318,1877
318,1906
318,1932
318,1934
318,1997
318,2039
318,2079
318,2234
318,2249
318,2289
318,2348
318,2370
318,2377
318,2385
318,2408
318,2453
318,2479
318,2533
318,2539
318,2557
318,2593
318,2625
318,2638
318,2801
318,2819
318,2840
318,2848
318,2856
318,2857
318,2858
318,2931
318,2953
318,3060
318,3122
318,3138
318,3167
318,3225
318,3233
318,3363
318,3371
318,3374
318,3386
318,3412
318,3438
319,2539
320,328
320,396
320,530
320,573
320,672
320,694
320,1047
320,1123
320,1217
320,1318
320,1967
320,1997
320,2539
320,3138
320,3167
320,3371
320,3468
320,3473
321,2539
322,1992
322,2539
323,1992
324,1992
325,1993
326,335
326,343
326,345
326,350
326,370
326,381
326,384
326,394
326,406
326,439
326,457
326,462
326,464
326,465
326,468
326,475
326,482
326,491
326,500
326,505
326,600
326,668
326,693
326,697
326,902
326,908
326,915
326,919
326,920
326,935
326,949
326,958
326,967
326,973
326,981
326,989
326,1000
326,1001
326,1004
326,1019
326,1021
326,1022
326,1027
326,1062
326,1073
326,1077
326,1090
326,1111
326,1143
326,1149
326,1152
326,1155
326,1157
326,1159
326,1169
326,1171
326,1174
326,1190
326,1191
326,1195
326,1198
326,1205
326,1211
326,1217
326,1221
326,1229
326,1266
326,1275
326,1285
326,1288
326,1290
326,1293
326,1301
326,1311
326,1331
326,1333
326,1343
326,1350
326,1379
326,1385
326,1412
326,1428
326,1432
326,1435
326,1440
326,1449
326,1551
326,1553
326,1556
326,1561
326,1597
326,1599
326,1621
326,1631
326,1636
326,1638
326,1639
326,1640
326,1679
326,1693
326,1694
326,1696
326,1716
326,1726
326,1729
326,1736
326,1741
326,1839
326,1843
326,1851
326,1858
326,1862
326,1878
326,1893
326,1986
326,1997
326,1998
326,1999
326,2006
326,2010
326,2027
326,2033
326,2039
326,2043
326,2046
326,2054
326,2055
326,2064
326,2065
326,2068
326,2070
326,2071
326,2081
326,2082
326,2111
326,2260
326,2288
326,2309
326,2328
326,2330
326,2333
326,2335
326,2345
326,2379
326,2380
326,2392
326,2398
326,2425
326,2426
326,2535
326,2536
326,2544
326,2551
326,2562
326,2564
326,2565
326,2579
326,2580
326,2600
326,2608
326,2640
326,2648
326,2663
326,2664
326,2673
326,2689
326,2690
326,2692
326,2697
326,2709
326,2722
326,2742
326,2744
326,2747
326,2767
326,2772
326,2787
326,2816
326,2939
326,2958
326,2964
326,2985
326,2996
326,3003
326,3004
326,3012
326,3016
326,3024
326,3037
326,3099
326,3101
326,3114
326,3138
326,3144
326,3152
326,3153
326,3156
326,3158
326,3168
326,3169
326,3176
326,3178
326,3206
326,3211
326,3222
326,3234
326,3236
326,3242
326,3248
326,3252
326,3254
326,3257
326,3295
326,3336
326,3348
326,3353
326,3368
326,3453
326,3454
326,3456
326,3462
326,3468
327,2539
328,396
328,530
328,694
328,1047
328,1217
328,1318
328,1343
328,1376
328,1557
328,1967
328,1992
328,2392
328,2539
328,2882
328,3074
328,3091
328,3167
328,3259
328,3371
328,3473
329,354
329,361
329,384
329,394
329,405
329,410
329,439
329,466
329,499
329,502
329,621
329,666
329,668
329,698
329,744
329,772
329,915
329,922
329,943
329,958
329,1003
329,1047
329,1065
329,1074
329,1101
329,1123
329,1125
329,1153
329,1198
329,1240
329,1241
329,1319
329,1348
329,1409
329,1447
329,1465
329,1561
329,1574
329,1640
329,1689
329,1694
329,1698
329,1741
329,1743
329,1845
329,1853
329,1857
329,1890
329,1956
329,2002
329,2011
329,2017
329,2027
329,2039
329,2040
329,2080
329,2081
329,2082
329,2115
329,2227
329,2228
329,2231
329,2238
329,2239
329,2317
329,2479
329,2529
329,2552
329,2558
329,2610
329,2621
329,2638
329,2667
329,2706
329,2740
329,2801
329,2819
329,2996
329,3039
329,3115
329,3138
329,3140
329,3166
329,3172
329,3176
329,3225
329,3240
329,3299
329,3342
329,3356
329,3369
329,3371
329,3377
329,3466
329,3468
330,3138
331,1674
331,2819
332,3138
333,537
333,598
333,694
333,1039
333,1343
333,1464
333,1662
333,1686
333,1992
333,2638
333,2874
333,2974
334,2539
335,336
335,343
335,344
335,345
335,370
335,381
335,384
335,394
335,398
335,406
335,422
335,427
335,433
335,439
335,457
335,462
335,464
335,465
335,468
335,475
335,482
335,486
335,500
335,505
335,512
335,600
335,668
335,669
335,674
335,693
335,697
335,698
335,902
335,908
335,915
335,919
335,920
335,922
335,935
335,949
335,952
335,958
335,964
335,967
335,973
335,981
335,989
335,1000
335,1001
335,1004
335,1019
335,1021
335,1022
335,1027
335,1062
335,1073
335,1077
335,1090
335,1111
335,1143
335,1149
335,1152
335,1155
335,1157
335,1159
335,1169
335,1171
335,1173
335,1190
335,1191
335,1195
335,1198
335,1205
335,1211
335,1221
335,1229
335,1266
335,1267
335,1275
335,1285
335,1288
335,1290
335,1293
335,1301
335,1311
335,1331
335,1333
335,1340
335,1343
335,1350
335,1351
335,1379
335,1385
335,1428
335,1432
335,1435
335,1440
335,1442
335,1449
335,1551
335,1553
335,1556
335,1561
335,1597
335,1599
335,1621
335,1631
335,1636
335,1638
335,1639
335,1640
335,1679
335,1693
335,1694
335,1696
335,1716
335,1726
335,1727
335,1729
335,1741
335,1839
335,1843
335,1844
335,1851
335,1858
335,1859
335,1862
335,1881
335,1893
335,1901
335,1905
335,1989
335,1997
335,1998
335,1999
335,2006
335,2010
335,2018
335,2022
335,2027
335,2030
335,2033
335,2034
335,2039
335,2042
335,2043
335,2046
335,2054
335,2055
335,2064
335,2065
335,2068
335,2070
335,2071
335,2081
335,2082
335,2111
335,2270
335,2288
335,2309
335,2327
335,2328
335,2330
335,2333
335,2340
335,2345
335,2379
335,2380
335,2392
335,2397
335,2398
335,2425
335,2426
335,2535
335,2536
335,2543
335,2544
335,2551
335,2562
335,2564
335,2565
335,2579
335,2580
335,2600
335,2608
335,2640
335,2648
335,2651
335,2660
335,2663
335,2664
335,2666
335,2673
335,2678
335,2689
335,2690
335,2692
335,2697
335,2709
335,2722
335,2742
335,2744
335,2747
335,2767
335,2772
335,2781
335,2787
335,2807
335,2816
335,2939
335,2958
335,2964
335,2977
335,2985
335,2996
335,3003
335,3004
335,3012
335,3016
335,3024
335,3037
335,3039
335,3099
335,3101
335,3114
335,3144
335,3152
335,3153
335,3156
335,3158
335,3166
335,3168
335,3169
335,3176
335,3178
335,3190
335,3206
335,3211
335,3223
335,3234
335,3236
335,3237
335,3242
335,3248
335,3250
335,3252
335,3253
335,3255
335,3257
335,3336
335,3348
335,3353
335,3368
335,3453
335,3454
335,3456
335,3462
335,3468
335,3470
336,343
336,344
336,350
336,370
336,384
336,394
336,398
336,406
336,422
336,433
336,439
336,457
336,462
336,465
336,468
336,482
336,486
336,491
336,500
336,505
336,668
336,669
336,674
336,693
336,697
336,698
336,902
336,908
336,915
336,920
336,935
336,949
336,952
336,958
336,964
336,973
336,981
336,989
336,1001
336,1019
336,1021
336,1027
336,1062
336,1073
336,1077
336,1090
336,1111
336,1143
336,1149
336,1152
336,1155
336,1157
336,1159
336,1169
336,1171
336,1173
336,1190
336,1191
336,1195
336,1198
336,1205
336,1211
336,1217
336,1229
336,1266
336,1275
336,1285
336,1288
336,1290
336,1293
336,1301
336,1311
336,1331
336,1333
336,1340
336,1350
336,1351
336,1378
336,1379
336,1385
336,1412
336,1428
336,1432
336,1440
336,1442
336,1449
336,1551
336,1553
336,1556
336,1561
336,1597
336,1599
336,1621
336,1631
336,1636
336,1638
336,1639
336,1640
336,1679
336,1693
336,1694
336,1716
336,1726
336,1727
336,1729
336,1741
336,1839
336,1843
336,1844
336,1851
336,1858
336,1859
336,1878
336,1881
336,1893
336,1901
336,1905
336,1986
336,1989
336,1997
336,1999
336,2006
336,2010
336,2018
336,2022
336,2027
336,2030
336,2033
336,2039
336,2042
336,2043
336,2046
336,2054
336,2055
336,2064
336,2065
336,2068
336,2071
336,2081
336,2082
336,2111
336,2260
336,2270
336,2288
336,2330
336,2333
336,2335
336,2340
336,2345
336,2379
336,2380
336,2392
336,2397
336,2398
336,2425
336,2426
336,2535
336,2536
336,2539
336,2543
336,2544
336,2551
336,2562
336,2564
336,2580
336,2608
336,2640
336,2648
336,2651
336,2660
336,2663
336,2664
336,2666
336,2673
336,2690
336,2692
336,2697
336,2709
336,2742
336,2747
336,2767
336,2787
336,2807
336,2816
336,2939
336,2958
336,2964
336,2977
336,2996
336,3003
336,3004
336,3012
336,3016
336,3024
336,3037
336,3039
336,3099
336,3101
336,3114
336,3138
336,3144
336,3152
336,3153
336,3156
336,3158
336,3166
336,3169
336,3176
336,3190
336,3206
336,3211
336,3222
336,3223
336,3234
336,3236
336,3237
336,3242
336,3250
336,3252
336,3253
336,3254
336,3255
336,3257
336,3295
336,3336
336,3348
336,3353
336,3368
336,3453
336,3456
336,3462
336,3468
336,3470
337,3138
338,3138
339,3138
340,3138
341,3138
342,3138
343,344
343,345
343,350
343,370
343,381
343,384
343,394
343,398
343,406
343,422
343,427
343,433
343,439
343,457
343,462
343,464
343,465
343,468
343,482
343,486
343,491
343,500
343,505
343,512
343,668
343,669
343,674
343,693
343,697
343,698
343,902
343,915
343,919
343,920
343,922
343,935
343,949
343,952
343,964
343,973
343,981
343,1001
343,1004
343,1019
343,1022
343,1062
343,1073
343,1077
343,1111
343,1143
343,1149
343,1152
343,1155
343,1157
343,1159
343,1169
343,1171
343,1173
343,1174
343,1190
343,1191
343,1195
343,1198
343,1205
343,1211
343,1217
343,1221
343,1266
343,1267
343,1275
343,1285
343,1288
343,1290
343,1293
343,1301
343,1311
343,1331
343,1333
343,1340
343,1343
343,1350
343,1351
343,1378
343,1379
343,1412
343,1432
343,1440
343,1442
343,1551
343,1553
343,1556
343,1561
343,1597
343,1599
343,1621
343,1631
343,1636
343,1639
343,1640
343,1679
343,1693
343,1694
343,1716
343,1727
343,1729
343,1736
343,1741
343,1839
343,1843
343,1844
343,1851
343,1858
343,1859
343,1862
343,1878
343,1881
343,1893
343,1901
343,1905
343,1986
343,1989
343,1997
343,1998
343,1999
343,2006
343,2010
343,2018
343,2022
343,2030
343,2033
343,2034
343,2039
343,2042
343,2054
343,2065
343,2071
343,2081
343,2082
343,2111
343,2260
343,2270
343,2288
343,2309
343,2327
343,2328
343,2333
343,2335
343,2345
343,2380
343,2392
343,2397
343,2425
343,2426
343,2535
343,2536
343,2543
343,2544
343,2551
343,2562
343,2564
343,2580
343,2600
343,2608
343,2640
343,2648
343,2651
343,2660
343,2663
343,2664
343,2666
343,2673
343,2678
343,2689
343,2690
343,2692
343,2697
343,2709
343,2722
343,2742
343,2747
343,2767
343,2781
343,2807
343,2816
343,2939
343,2958
343,2977
343,2985
343,2996
343,3004
343,3012
343,3016
343,3024
343,3037
343,3039
343,3099
343,3101
343,3138
343,3144
343,3152
343,3153
343,3158
343,3166
343,3168
343,3169
343,3176
343,3178
343,3190
343,3206
343,3211
343,3223
343,3236
343,3237
343,3242
343,3248
343,3250
343,3253
343,3254
343,3255
343,3257
343,3295
343,3348
343,3353
343,3368
343,3454
343,3456
343,3462
343,3468
343,3470
344,350
344,370
344,381
344,384
344,406
344,422
344,427
344,433
344,439
344,457
344,464
344,465
344,475
344,486
344,491
344,500
344,505
344,512
344,600
344,668
344,669
344,674
344,697
344,698
344,908
344,915
344,922
344,935
344,949
344,952
344,958
344,964
344,967
344,973
344,981
344,1019
344,1022
344,1027
344,1062
344,1073
344,1077
344,1111
344,1143
344,1149
344,1155
344,1157
344,1159
344,1169
344,1171
344,1173
344,1174
344,1190
344,1191
344,1195
344,1198
344,1211
344,1217
344,1221
344,1229
344,1266
344,1267
344,1275
344,1288
344,1301
344,1311
344,1331
344,1333
344,1340
344,1343
344,1351
344,1378
344,1379
344,1385
344,1412
344,1428
344,1435
344,1440
344,1442
344,1449
344,1551
344,1553
344,1556
344,1561
344,1599
344,1621
344,1631
344,1636
344,1638
344,1639
344,1640
344,1679
344,1693
344,1694
344,1696
344,1727
344,1729
344,1736
344,1741
344,1843
344,1844
344,1851
344,1858
344,1859
344,1862
344,1878
344,1881
344,1893
344,1989
344,1997
344,1998
344,1999
344,2006
344,2010
344,2022
344,2027
344,2030
344,2033
344,2039
344,2042
344,2043
344,2054
344,2064
344,2068
344,2070
344,2081
344,2082
344,2111
344,2260
344,2288
344,2309
344,2327
344,2328
344,2330
344,2333
344,2335
344,2340
344,2345
344,2380
344,2392
344,2397
344,2398
344,2425
344,2426
344,2535
344,2536
344,2543
344,2544
344,2551
344,2564
344,2565
344,2579
344,2580
344,2600
344,2608
344,2640
344,2651
344,2663
344,2664
344,2666
344,2673
344,2678
344,2689
344,2692
344,2697
344,2709
344,2722
344,2742
344,2744
344,2747
344,2767
344,2781
344,2787
344,2816
344,2939
344,2958
344,2964
344,2977
344,3003
344,3004
344,3012
344,3024
344,3101
344,3114
344,3144
344,3156
344,3169
344,3176
344,3206
344,3222
344,3223
344,3236
344,3242
344,3248
344,3250
344,3252
344,3253
344,3254
344,3255
344,3257
344,3295
344,3336
344,3368
344,3453
344,3456
344,3468
345,350
345,370
345,381
345,384
345,394
345,398
345,406
345,422
345,433
345,439
345,457
345,462
345,464
345,465
345,475
345,482
345,491
345,500
345,505
345,512
345,600
345,668
345,669
345,674
345,693
345,697
345,698
345,915
345,919
345,920
345,935
345,949
345,952
345,958
345,964
345,967
345,973
345,981
345,989
345,1000
345,1001
345,1004
345,1019
345,1021
345,1027
345,1073
345,1077
345,1090
345,1111
345,1149
345,1152
345,1155
345,1157
345,1159
345,1169
345,1171
345,1173
345,1174
345,1190
345,1191
345,1195
345,1198
345,1205
345,1211
345,1217
345,1221
345,1229
345,1267
345,1275
345,1285
345,1290
345,1293
345,1311
345,1331
345,1333
345,1340
345,1343
345,1350
345,1351
345,1378
345,1379
345,1385
345,1412
345,1428
345,1432
345,1435
345,1440
345,1442
345,1449
345,1551
345,1556
345,1561
345,1597
345,1599
345,1621
345,1631
345,1636
345,1638
345,1639
345,1679
345,1694
345,1696
345,1716
345,1726
345,1727
345,1736
345,1741
345,1839
345,1843
345,1851
345,1858
345,1859
345,1862
345,1878
345,1893
345,1901
345,1905
345,1986
345,1989
345,1997
345,1999
345,2006
345,2010
345,2018
345,2022
345,2030
345,2033
345,2039
345,2042
345,2046
345,2054
345,2055
345,2065
345,2068
345,2070
345,2071
345,2081
345,2082
345,2111
345,2260
345,2270
345,2288
345,2309
345,2328
345,2330
345,2333
345,2335
345,2340
345,2345
345,2379
345,2380
345,2392
345,2397
345,2398
345,2425
345,2426
345,2535
345,2536
345,2543
345,2544
345,2551
345,2564
345,2565
345,2579
345,2580
345,2600
345,2608
345,2640
345,2651
345,2660
345,2663
345,2664
345,2673
345,2678
345,2689
345,2692
345,2697
345,2709
345,2722
345,2742
345,2744
345,2767
345,2772
345,2781
345,2787
345,2807
345,2816
345,2939
345,2958
345,2964
345,2985
345,2996
345,3004
345,3012
345,3024
345,3037
345,3039
345,3099
345,3101
345,3138
345,3152
345,3153
345,3156
345,3158
345,3166
345,3168
345,3176
345,3190
345,3206
345,3211
345,3222
345,3223
345,3234
345,3236
345,3237
345,3242
345,3248
345,3250
345,3252
345,3253
345,3254
345,3255
345,3257
345,3336
345,3348
345,3353
345,3368
345,3453
345,3454
345,3456
345,3470
346,1992
347,2819
348,3138
349,2819
350,370
350,381
350,384
350,394
350,398
350,406
350,422
350,427
350,433
350,457
350,462
350,465
350,468
350,475
350,482
350,486
350,491
350,500
350,505
350,512
350,600
350,668
350,674
350,693
350,698
350,915
350,919
350,920
350,949
350,952
350,958
350,964
350,967
350,981
350,989
350,1000
350,1001
350,1004
350,1019
350,1021
350,1022
350,1027
350,1062
350,1073
350,1077
350,1090
350,1111
350,1143
350,1149
350,1152
350,1155
350,1157
350,1159
350,1169
350,1171
350,1173
350,1174
350,1190
350,1191
350,1195
350,1205
350,1211
350,1217
350,1221
350,1229
350,1266
350,1275
350,1285
350,1288
350,1301
350,1311
350,1331
350,1333
350,1340
350,1343
350,1350
350,1351
350,1378
350,1379
350,1385
350,1412
350,1428
350,1432
350,1435
350,1440
350,1442
350,1449
350,1551
350,1553
350,1561
350,1599
350,1636
350,1638
350,1640
350,1679
350,1693
350,1694
350,1696
350,1716
350,1726
350,1741
350,1839
350,1844
350,1851
350,1858
350,1859
350,1862
350,1878
350,1881
350,1893
350,1901
350,1905
350,1989
350,1997
350,1998
350,1999
350,2006
350,2010
350,2018
350,2022
350,2027
350,2030
350,2033
350,2034
350,2042
350,2043
350,2046
350,2054
350,2055
350,2064
350,2065
350,2068
350,2070
350,2071
350,2081
350,2082
350,2111
350,2260
350,2270
350,2288
350,2309
350,2327
350,2328
350,2330
350,2333
350,2335
350,2345
350,2379
350,2380
350,2392
350,2397
350,2398
350,2425
350,2426
350,2479
350,2535
350,2536
350,2543
350,2544
350,2551
350,2562
350,2564
350,2565
350,2579
350,2580
350,2608
350,2648
350,2651
350,2663
350,2664
350,2673
350,2678
350,2689
350,2690
350,2692
350,2697
350,2722
350,2742
350,2744
350,2747
350,2772
350,2781
350,2787
350,2807
350,2816
350,2939
350,2958
350,2964
350,2977
350,2996
350,3003
350,3012
350,3016
350,3024
350,3037
350,3099
350,3101
350,3114
350,3138
350,3144
350,3152
350,3153
350,3156
350,3158
350,3168
350,3176
350,3190
350,3206
350,3211
350,3222
350,3223
350,3234
350,3236
350,3237
350,3248
350,3250
350,3252
350,3253
350,3254
350,3255
350,3257
350,3295
350,3336
350,3348
350,3353
350,3368
350,3453
350,3454
350,3456
350,3462
350,3468
350,3470
351,2539
352,3138
353,1674
354,361
354,384
354,394
354,405
354,410
354,439
354,466
354,468
354,471
354,486
354,499
354,502
354,512
354,621
354,666
354,668
354,698
354,738
354,744
354,772
354,873
354,915
354,922
354,943
354,958
354,1003
354,1047
354,1065
354,1074
354,1101
354,1123
354,1125
354,1153
354,1174
354,1198
354,1217
354,1240
354,1241
354,1307
354,1319
354,1348
354,1377
354,1400
354,1409
354,1447
354,1465
354,1561
354,1573
354,1574
354,1591
354,1622
354,1640
354,1653
354,1657
354,1689
354,1694
354,1698
354,1741
354,1743
354,1845
354,1853
354,1857
354,1890
354,1905
354,1941
354,1983
354,2002
354,2010
354,2011
354,2017
354,2027
354,2039
354,2040
354,2044
354,2060
354,2080
354,2081
354,2082
354,2115
354,2122
354,2219
354,2227
354,2228
354,2231
354,2238
354,2239
354,2317
354,2470
354,2516
354,2529
354,2539
354,2552
354,2558
354,2610
354,2621
354,2638
354,2667
354,2675
354,2706
354,2740
354,2757
354,2801
354,2819
354,2952
354,2953
354,2996
354,3039
354,3115
354,3138
354,3140
354,3166
354,3172
354,3173
354,3174
354,3176
354,3225
354,3240
354,3247
354,3299
354,3342
354,3356
354,3369
354,3371
354,3377
354,3466
354,3468
355,1992
356,2539
356,3138
357,3138
358,573
358,838
358,854
358,962
358,1006
358,1247
358,1249
358,1468
358,1477
358,1499
358,1563
358,1608
358,1673
358,1821
358,1853
358,1934
358,2039
358,2533
358,2539
358,2669
358,3077
358,3280
358,3383
359,3138
360,3138
361,384
361,394
361,405
361,410
361,439
361,466
361,499
361,502
361,621
361,666
361,668
361,698
361,744
361,772
361,915
361,922
361,943
361,958
361,1003
361,1047
361,1065
361,1074
361,1101
361,1123
361,1125
361,1153
361,1198
361,1240
361,1241
361,1319
361,1348
361,1409
361,1447
361,1465
361,1561
361,1640
361,1689
361,1694
361,1698
361,1743
361,1845
361,1853
361,1857
361,1890
361,2002
361,2011
361,2017
361,2027
361,2039
361,2040
361,2080
361,2081
361,2082
361,2115
361,2227
361,2228
361,2231
361,2237
361,2238
361,2239
361,2317
361,2529
361,2552
361,2558
361,2610
361,2621
361,2638
361,2667
361,2706
361,2740
361,2801
361,2819
361,2996
361,3039
361,3115
361,3138
361,3140
361,3166
361,3172
361,3176
361,3225
361,3240
361,3247
361,3299
361,3342
361,3369
361,3371
361,3377
361,3466
361,3468
362,1992
362,2539
363,3138
364,499
364,573
364,668
364,896
364,962
364,1002
364,1047
364,1100
364,1198
364,1477
364,1563
364,1813
364,1845
364,1877
364,1906
364,1932
364,1934
364,2289
364,2348
364,2359
364,2377
364,2408
364,2453
364,2479
364,2533
364,2593
364,2819
364,2840
364,2848
364,2856
364,2931
364,3122
364,3138
364,3233
364,3374
364,3386
365,2819
366,1992
368,2479
369,1645
370,381
370,384
370,394
370,398
370,406
370,422
370,427
370,433
370,439
370,457
370,462
370,464
370,465
370,468
370,475
370,482
370,486
370,491
370,500
370,505
370,512
370,600
370,669
370,674
370,693
370,697
370,698
370,902
370,908
370,915
370,919
370,920
370,922
370,935
370,949
370,952
370,964
370,967
370,973
370,981
370,989
370,1000
370,1001
370,1004
370,1019
370,1021
370,1022
370,1027
370,1062
370,1073
370,1077
370,1090
370,1111
370,1143
370,1149
370,1152
370,1155
370,1157
370,1159
370,1169
370,1173
370,1174
370,1190
370,1191
370,1195
370,1198
370,1205
370,1211
370,1217
370,1221
370,1229
370,1266
370,1267
370,1275
370,1285
370,1288
370,1290
370,1293
370,1301
370,1311
370,1331
370,1333
370,1340
370,1343
370,1350
370,1351
370,1378
370,1379
370,1385
370,1412
370,1428
370,1432
370,1435
370,1440
370,1442
370,1449
370,1551
370,1553
370,1556
370,1597
370,1599
370,1621
370,1631
370,1636
370,1638
370,1639
370,1679
370,1693
370,1694
370,1696
370,1716
370,1727
370,1729
370,1736
370,1741
370,1839
370,1843
370,1844
370,1851
370,1858
370,1859
370,1862
370,1878
370,1881
370,1893
370,1901
370,1905
370,1986
370,1989
370,1997
370,1998
370,1999
370,2006
370,2010
370,2018
370,2022
370,2027
370,2030
370,2033
370,2034
370,2042
370,2043
370,2046
370,2054
370,2055
370,2064
370,2065
370,2068
370,2070
370,2071
370,2081
370,2082
370,2111
370,2260
370,2270
370,2288
370,2309
370,2328
370,2330
370,2333
370,2335
370,2340
370,2345
370,2379
370,2380
370,2392
370,2397
370,2398
370,2425
370,2426
370,2535
370,2536
370,2543
370,2544
370,2562
370,2564
370,2565
370,2579
370,2580
370,2600
370,2608
370,2640
370,2648
370,2651
370,2660
370,2663
370,2664
370,2666
370,2673
370,2678
370,2689
370,2690
370,2692
370,2697
370,2709
370,2722
370,2742
370,2744
370,2747
370,2767
370,2772
370,2781
370,2787
370,2807
370,2816
370,2939
370,2958
370,2964
370,2977
370,2985
370,2996
370,3003
370,3004
370,3012
370,3016
370,3024
370,3037
370,3039
370,3099
370,3101
370,3114
370,3138
370,3144
370,3152
370,3153
370,3156
370,3158
370,3166
370,3168
370,3169
370,3176
370,3178
370,3190
370,3206
370,3211
370,3222
370,3223
370,3234
370,3236
370,3237
370,3242
370,3248
370,3250
370,3252
370,3253
370,3254
370,3255
370,3257
370,3295
370,3336
370,3348
370,3353
370,3453
370,3454
370,3456
370,3462
370,3468
370,3470
371,1992
371,2819
371,3138
372,1993
373,2479
374,1993
374,2539
375,468
375,470
375,472
375,591
375,964
375,1905
375,1956
375,2010
375,2219
375,2607
375,3138
377,3138
378,2479
379,3138
380,499
380,662
380,668
380,918
380,1002
380,1047
380,1198
380,1400
380,1463
380,1563
380,1845
380,1877
380,1906
380,1932
380,1934
380,1992
380,2063
380,2289
380,2347
380,2348
380,2377
380,2453
380,2533
380,2593
380,2650
380,2928
380,2931
380,2953
380,3122
380,3138
380,3233
380,3376
380,3386
381,384
381,394
381,398
381,406
381,422
381,427
381,433
381,439
381,457
381,462
381,464
381,465
381,468
381,486
381,491
381,500
381,512
381,668
381,669
381,674
381,693
381,697
381,698
381,902
381,908
381,915
381,919
381,920
381,922
381,935
381,952
381,958
381,964
381,967
381,981
381,989
381,1000
381,1001
381,1004
381,1019
381,1021
381,1022
381,1027
381,1062
381,1073
381,1090
381,1143
381,1149
381,1152
381,1157
381,1169
381,1171
381,1173
381,1174
381,1190
381,1191
381,1195
381,1198
381,1205
381,1211
381,1217
381,1221
381,1229
381,1266
381,1267
381,1275
381,1288
381,1293
381,1301
381,1311
381,1340
381,1343
381,1350
381,1351
381,1378
381,1385
381,1428
381,1432
381,1442
381,1449
381,1551
381,1553
381,1556
381,1561
381,1597
381,1599
381,1621
381,1631
381,1636
381,1638
381,1639
381,1640
381,1693
381,1694
381,1696
381,1716
381,1726
381,1727
381,1729
381,1736
381,1741
381,1843
381,1844
381,1862
381,1878
381,1881
381,1893
381,1901
381,1905
381,1986
381,1989
381,1997
381,1998
381,2006
381,2010
381,2018
381,2022
381,2027
381,2039
381,2042
381,2043
381,2055
381,2064
381,2068
381,2070
381,2081
381,2082
381,2270
381,2309
381,2327
381,2328
381,2330
381,2333
381,2335
381,2340
381,2345
381,2379
381,2380
381,2392
381,2425
381,2535
381,2536
381,2543
381,2544
381,2551
381,2562
381,2565
381,2579
381,2580
381,2600
381,2608
381,2640
381,2648
381,2660
381,2666
381,2673
381,2678
381,2689
381,2690
381,2692
381,2697
381,2709
381,2722
381,2742
381,2744
381,2747
381,2767
381,2772
381,2781
381,2787
381,2807
381,2816
381,2939
381,2958
381,2964
381,2985
381,2996
381,3003
381,3004
381,3012
381,3016
381,3024
381,3039
381,3099
381,3101
381,3114
381,3138
381,3144
381,3152
381,3153
381,3156
381,3158
381,3166
381,3168
381,3169
381,3176
381,3206
381,3211
381,3222
381,3234
381,3236
381,3237
381,3242
381,3248
381,3250
381,3252
381,3253
381,3254
381,3255
381,3257
381,3295
381,3336
381,3348
381,3353
381,3453
381,3454
381,3456
381,3462
381,3468
381,3470
382,3138
383,3138
384,394
384,398
384,405
384,406
384,410
384,422
384,433
384,439
384,457
384,462
384,464
384,465
384,466
384,468
384,475
384,486
384,491
384,499
384,500
384,505
384,512
384,600
384,621
384,666
384,668
384,669
384,697
384,698
384,744
384,772
384,902
384,915
384,920
384,922
384,935
384,943
384,949
384,952
384,958
384,967
384,981
384,1000
384,1001
384,1003
384,1019
384,1021
384,1022
384,1047
384,1062
384,1065
384,1073
384,1074
384,1077
384,1090
384,1101
384,1111
384,1123
384,1125
384,1143
384,1149
384,1153
384,1155
384,1157
384,1171
384,1173
384,1174
384,1190
384,1191
384,1195
384,1198
384,1221
384,1229
384,1240
384,1241
384,1266
384,1267
384,1275
384,1285
384,1290
384,1293
384,1301
384,1311
384,1319
384,1331
384,1333
384,1340
384,1348
384,1350
384,1351
384,1378
384,1385
384,1409
384,1412
384,1428
384,1432
384,1435
384,1442
384,1447
384,1449
384,1465
384,1561
384,1597
384,1599
384,1621
384,1631
384,1638
384,1639
384,1640
384,1679
384,1689
384,1693
384,1694
384,1696
384,1698
384,1716
384,1726
384,1727
384,1736
384,1741
384,1743
384,1839
384,1843
384,1845
384,1851
384,1853
384,1857
384,1858
384,1862
384,1878
384,1881
384,1890
384,1893
384,1901
384,1905
384,1986
384,1989
384,1997
384,1998
384,1999
384,2002
384,2006
384,2010
384,2011
384,2017
384,2018
384,2022
384,2027
384,2030
384,2033
384,2034
384,2039
384,2040
384,2042
384,2043
384,2046
384,2054
384,2065
384,2068
384,2070
384,2080
384,2081
384,2082
384,2111
384,2115
384,2227
384,2228
384,2231
384,2238
384,2239
384,2260
384,2288
384,2309
384,2317
384,2327
384,2328
384,2330
384,2333
384,2335
384,2340
384,2345
384,2379
384,2380
384,2392
384,2397
384,2398
384,2425
384,2426
384,2529
384,2535
384,2536
384,2543
384,2544
384,2551
384,2552
384,2558
384,2564
384,2565
384,2579
384,2580
384,2608
384,2610
384,2621
384,2638
384,2648
384,2660
384,2663
384,2664
384,2666
384,2667
384,2673
384,2678
384,2689
384,2690
384,2692
384,2697
384,2706
384,2709
384,2722
384,2740
384,2742
384,2744
384,2767
384,2772
384,2781
384,2801
384,2807
384,2816
384,2819
384,2939
384,2958
384,2964
384,2977
384,2985
384,2996
384,3004
384,3012
384,3016
384,3024
384,3037
384,3039
384,3099
384,3101
384,3114
384,3115
384,3138
384,3140
384,3144
384,3152
384,3156
384,3166
384,3168
384,3172
384,3176
384,3178
384,3190
384,3206
384,3211
384,3223
384,3225
384,3234
384,3236
384,3240
384,3242
384,3247
384,3248
384,3254
384,3257
384,3295
384,3299
384,3336
384,3342
384,3348
384,3353
384,3356
384,3368
384,3369
384,3371
384,3377
384,3454
384,3456
384,3462
384,3466
384,3468
385,2819
386,2479
386,2819
387,2819
388,3138
389,2479
389,2819
390,499
390,668
390,1002
390,1047
390,1198
390,1563
390,1845
390,1877
390,1906
390,1932
390,1934
390,2289
390,2348
390,2377
390,2453
390,2533
390,2593
390,2819
390,2931
390,3122
390,3138
390,3233
390,3386
391,2819
392,1992
392,2539
392,3138
393,3138
394,398
394,405
394,406
394,410
394,422
394,427
394,433
394,439
394,457
394,462
394,464
394,466
394,468
394,475
394,482
394,486
394,491
394,499
394,500
394,505
394,600
394,621
394,666
394,668
394,669
394,693
394,697
394,698
394,744
394,772
394,902
394,908
394,915
394,919
394,920
394,922
394,935
394,943
394,949
394,952
394,958
394,964
394,967
394,981
394,989
394,1001
394,1003
394,1004
394,1019
394,1021
394,1022
394,1027
394,1047
394,1062
394,1065
394,1073
394,1074
394,1077
394,1101
394,1111
394,1123
394,1125
394,1143
394,1149
394,1152
394,1153
394,1155
394,1157
394,1159
394,1171
394,1173
394,1174
394,1190
394,1191
394,1195
394,1198
394,1205
394,1211
394,1217
394,1221
394,1229
394,1240
394,1241
394,1266
394,1267
394,1275
394,1288
394,1290
394,1293
394,1301
394,1311
394,1319
394,1331
394,1333
394,1340
394,1343
394,1348
394,1350
394,1351
394,1378
394,1379
394,1385
394,1409
394,1428
394,1432
394,1435
394,1440
394,1442
394,1447
394,1449
394,1465
394,1551
394,1553
394,1561
394,1597
394,1599
394,1621
394,1631
394,1636
394,1638
394,1640
394,1679
394,1689
394,1693
394,1694
394,1696
394,1698
394,1716
394,1726
394,1727
394,1729
394,1736
394,1741
394,1743
394,1839
394,1844
394,1845
394,1851
394,1853
394,1857
394,1859
394,1862
394,1878
394,1890
394,1893
394,1901
394,1905
394,1986
394,1989
394,1997
394,1998
394,1999
394,2002
394,2006
394,2010
394,2011
394,2017
394,2018
394,2027
394,2033
394,2039
394,2040
394,2043
394,2046
394,2054
394,2055
394,2064
394,2065
394,2068
394,2070
394,2071
394,2080
394,2081
394,2082
394,2111
394,2115
394,2227
394,2228
394,2231
394,2239
394,2260
394,2270
394,2309
394,2317
394,2327
394,2328
394,2330
394,2333
394,2335
394,2340
394,2345
394,2379
394,2392
394,2397
394,2425
394,2426
394,2529
394,2535
394,2536
394,2543
394,2544
394,2551
394,2552
394,2558
394,2562
394,2564
394,2565
394,2580
394,2600
394,2608
394,2610
394,2621
394,2638
394,2640
394,2651
394,2660
394,2663
394,2664
394,2667
394,2673
394,2678
394,2689
394,2690
394,2692
394,2697
394,2706
394,2709
394,2740
394,2742
394,2747
394,2767
394,2772
394,2781
394,2787
394,2801
394,2807
394,2816
394,2819
394,2939
394,2964
394,2977
394,2985
394,2996
394,3003
394,3004
394,3012
394,3024
394,3037
394,3039
394,3099
394,3101
394,3114
394,3115
394,3138
394,3140
394,3152
394,3153
394,3156
394,3158
394,3166
394,3168
394,3169
394,3172
394,3176
394,3190
394,3206
394,3211
394,3222
394,3223
394,3225
394,3236
394,3237
394,3240
394,3247
394,3250
394,3252
394,3253
394,3254
394,3255
394,3295
394,3299
394,3342
394,3348
394,3353
394,3356
394,3368
394,3369
394,3371
394,3377
394,3453
394,3456
394,3462
394,3466
394,3468
394,3470
395,3138
396,421
396,468
396,470
396,472
396,486
396,554
396,573
396,637
396,694
396,709
396,873
396,964
396,991
396,1013
396,1047
396,1063
396,1131
396,1183
396,1219
396,1223
396,1279
396,1318
396,1376
396,1377
396,1496
396,1520
396,1574
396,1591
396,1621
396,1622
396,1855
396,1905
396,1956
396,1967
396,1983
396,1992
396,1997
396,2010
396,2039
396,2048
396,2062
396,2092
396,2219
396,2247
396,2249
396,2275
396,2307
396,2317
396,2378
396,2392
396,2454
396,2539
396,2607
396,2673
396,2675
396,2708
396,2757
396,2773
396,2819
396,2882
396,3021
396,3074
396,3077
396,3078
396,3082
396,3091
396,3103
396,3167
396,3243
396,3259
396,3393
396,3452
396,3468
396,3473
397,2539
398,406
398,427
398,433
398,439
398,457
398,465
398,468
398,475
398,482
398,486
398,491
398,500
398,505
398,512
398,668
398,669
398,674
398,693
398,697
398,698
398,902
398,908
398,915
398,919
398,920
398,922
398,949
398,958
398,973
398,981
398,989
398,1004
398,1019
398,1021
398,1022
398,1027
398,1062
398,1073
398,1077
398,1111
398,1149
398,1152
398,1155
398,1157
398,1159
398,1171
398,1173
398,1174
398,1190
398,1191
398,1195
398,1198
398,1211
398,1217
398,1221
398,1229
398,1266
398,1275
398,1285
398,1288
398,1290
398,1293
398,1301
398,1311
398,1331
398,1340
398,1351
398,1378
398,1379
398,1385
398,1428
398,1432
398,1435
398,1440
398,1442
398,1551
398,1553
398,1561
398,1599
398,1631
398,1636
398,1638
398,1639
398,1640
398,1679
398,1694
398,1696
398,1716
398,1726
398,1727
398,1729
398,1736
398,1741
398,1839
398,1844
398,1851
398,1858
398,1859
398,1862
398,1878
398,1893
398,1901
398,1986
398,1998
398,1999
398,2006
398,2010
398,2018
398,2022
398,2027
398,2033
398,2034
398,2043
398,2046
398,2054
398,2055
398,2064
398,2068
398,2071
398,2081
398,2082
398,2111
398,2260
398,2270
398,2288
398,2309
398,2327
398,2328
398,2330
398,2333
398,2335
398,2340
398,2379
398,2392
398,2397
398,2398
398,2425
398,2426
398,2535
398,2536
398,2543
398,2544
398,2551
398,2562
398,2564
398,2565
398,2580
398,2600
398,2608
398,2648
398,2651
398,2660
398,2664
398,2666
398,2673
398,2678
398,2689
398,2690
398,2697
398,2709
398,2742
398,2744
398,2747
398,2767
398,2772
398,2781
398,2787
398,2807
398,2816
398,2939
398,2964
398,2985
398,2996
398,3003
398,3012
398,3016
398,3024
398,3037
398,3039
398,3099
398,3101
398,3114
398,3138
398,3144
398,3152
398,3153
398,3156
398,3166
398,3169
398,3176
398,3178
398,3190
398,3206
398,3211
398,3222
398,3223
398,3234
398,3236
398,3237
398,3242
398,3248
398,3250
398,3252
398,3253
398,3254
398,3257
398,3295
398,3336
398,3348
398,3353
398,3368
398,3453
398,3454
398,3456
398,3462
398,3468
398,3470
399,2479
400,2819
401,1992
401,2539
401,3138
402,3138
403,3138
404,3138
405,410
405,439
405,466
405,499
405,502
405,621
405,666
405,668
405,698
405,744
405,772
405,915
405,922
405,943
405,958
405,1003
405,1047
405,1065
405,1074
405,1101
405,1123
405,1125
405,1153
405,1198
405,1240
405,1241
405,1319
405,1348
405,1409
405,1447
405,1465
405,1561
405,1640
405,1689
405,1694
405,1698
405,1743
405,1845
405,1853
405,1857
405,1890
405,2002
405,2011
405,2017
405,2027
405,2039
405,2040
405,2080
405,2081
405,2082
405,2115
405,2227
405,2228
405,2231
405,2238
405,2239
405,2317
405,2529
405,2552
405,2558
405,2610
405,2621
405,2638
405,2667
405,2706
405,2740
405,2801
405,2819
405,2996
405,3039
405,3115
405,3138
405,3140
405,3166
405,3172
405,3176
405,3225
405,3240
405,3247
405,3299
405,3342
405,3356
405,3369
405,3371
405,3377
405,3466
405,3468
406,422
406,427
406,433
406,457
406,462
406,464
406,465
406,468
406,475
406,482
406,491
406,500
406,505
406,668
406,674
406,693
406,697
406,698
406,902
406,908
406,915
406,919
406,920
406,922
406,949
406,952
406,958
406,964
406,973
406,981
406,1001
406,1004
406,1019
406,1021
406,1027
406,1062
406,1073
406,1090
406,1111
406,1143
406,1149
406,1152
406,1155
406,1157
406,1169
406,1171
406,1173
406,1174
406,1190
406,1191
406,1195
406,1198
406,1205
406,1211
406,1217
406,1229
406,1266
406,1267
406,1275
406,1285
406,1288
406,1290
406,1293
406,1301
406,1331
406,1340
406,1343
406,1351
406,1378
406,1379
406,1412
406,1428
406,1432
406,1440
406,1442
406,1449
406,1551
406,1556
406,1561
406,1597
406,1599
406,1621
406,1631
406,1636
406,1638
406,1639
406,1640
406,1679
406,1693
406,1694
406,1696
406,1716
406,1726
406,1727
406,1729
406,1736
406,1741
406,1839
406,1851
406,1858
406,1859
406,1862
406,1878
406,1881
406,1893
406,1905
406,1986
406,1989
406,1997
406,1998
406,1999
406,2006
406,2010
406,2018
406,2022
406,2027
406,2030
406,2033
406,2039
406,2043
406,2046
406,2064
406,2065
406,2068
406,2071
406,2081
406,2082
406,2111
406,2260
406,2270
406,2288
406,2309
406,2327
406,2328
406,2330
406,2333
406,2335
406,2340
406,2345
406,2379
406,2392
406,2397
406,2398
406,2426
406,2535
406,2536
406,2539
406,2543
406,2551
406,2562
406,2564
406,2565
406,2579
406,2600
406,2608
406,2648
406,2660
406,2663
406,2664
406,2666
406,2673
406,2678
406,2689
406,2692
406,2697
406,2709
406,2722
406,2742
406,2744
406,2747
406,2767
406,2772
406,2781
406,2787
406,2807
406,2816
406,2939
406,2964
406,2977
406,2985
406,2996
406,3003
406,3004
406,3012
406,3016
406,3024
406,3037
406,3101
406,3114
406,3138
406,3144
406,3152
406,3153
406,3156
406,3158
406,3168
406,3169
406,3176
406,3178
406,3190
406,3206
406,3223
406,3234
406,3237
406,3242
406,3248
406,3250
406,3252
406,3253
406,3254
406,3255
406,3257
406,3295
406,3336
406,3348
406,3368
406,3453
406,3454
406,3456
406,3462
406,3468
406,3470
407,3138
408,2539
409,2819
410,439
410,466
410,499
410,502
410,621
410,666
410,668
410,698
410,744
410,772
410,915
410,922
410,943
410,958
410,1003
410,1047
410,1065
410,1074
410,1101
410,1123
410,1125
410,1153
410,1198
410,1240
410,1241
410,1319
410,1348
410,1409
410,1447
410,1465
410,1561
410,1640
410,1689
410,1694
410,1698
410,1743
410,1845
410,1853
410,1857
410,1890
410,2002
410,2011
410,2017
410,2027
410,2039
410,2040
410,2080
410,2081
410,2082
410,2115
410,2227
410,2228
410,2231
410,2238
410,2239
410,2317
410,2529
410,2552
410,2558
410,2610
410,2621
410,2638
410,2667
410,2706
410,2740
410,2801
410,2819
410,2996
410,3039
410,3115
410,3138
410,3140
410,3166
410,3172
410,3176
410,3225
410,3240
410,3247
410,3299
410,3342
410,3356
410,3369
410,3371
410,3377
410,3466
410,3468
411,3138
412,1645
412,2539
413,3138
414,3138
415,468
415,470
415,472
415,964
415,1622
415,1956
415,2010
415,2219
415,2607
415,2695
416,2819
417,3138
419,3138
420,3138
421,454
421,468
421,470
421,472
421,554
421,636
421,637
421,873
421,918
421,964
421,1013
421,1025
421,1063
421,1069
421,1219
421,1377
421,1496
421,1520
421,1574
421,1591
421,1621
421,1746
421,1760
421,1855
421,2044
421,2048
421,2062
421,2219
421,2249
421,2273
421,2275
421,2317
421,2503
421,2539
421,2607
421,2695
421,2708
421,2773
421,2960
421,3021
421,3082
421,3227
421,3393
421,3452
421,3489
422,427
422,433
422,439
422,457
422,462
422,464
422,468
422,475
422,482
422,486
422,491
422,500
422,505
422,512
422,668
422,674
422,693
422,697
422,698
422,902
422,908
422,915
422,919
422,920
422,922
422,935
422,949
422,952
422,958
422,964
422,973
422,989
422,1000
422,1004
422,1019
422,1021
422,1022
422,1027
422,1062
422,1073
422,1077
422,1090
422,1111
422,1143
422,1149
422,1157
422,1159
422,1169
422,1171
422,1173
422,1190
422,1191
422,1195
422,1198
422,1205
422,1211
422,1217
422,1221
422,1229
422,1266
422,1267
422,1288
422,1290
422,1301
422,1311
422,1331
422,1333
422,1343
422,1350
422,1351
422,1378
422,1379
422,1385
422,1428
422,1432
422,1440
422,1442
422,1449
422,1551
422,1553
422,1556
422,1561
422,1597
422,1599
422,1621
422,1631
422,1636
422,1638
422,1639
422,1640
422,1679
422,1693
422,1694
422,1696
422,1716
422,1727
422,1736
422,1839
422,1843
422,1844
422,1851
422,1858
422,1859
422,1862
422,1878
422,1881
422,1893
422,1905
422,1986
422,1989
422,1998
422,1999
422,2006
422,2010
422,2018
422,2022
422,2030
422,2033
422,2034
422,2039
422,2046
422,2055
422,2064
422,2068
422,2071
422,2081
422,2082
422,2111
422,2260
422,2288
422,2309
422,2327
422,2328
422,2330
422,2333
422,2335
422,2340
422,2379
422,2380
422,2392
422,2397
422,2398
422,2425
422,2535
422,2536
422,2543
422,2551
422,2562
422,2564
422,2565
422,2579
422,2580
422,2600
422,2608
422,2640
422,2648
422,2651
422,2660
422,2663
422,2664
422,2666
422,2673
422,2689
422,2690
422,2692
422,2697
422,2709
422,2744
422,2747
422,2767
422,2772
422,2781
422,2807
422,2816
422,2939
422,2958
422,2964
422,2977
422,2985
422,2996
422,3003
422,3004
422,3012
422,3016
422,3024
422,3037
422,3039
422,3099
422,3101
422,3114
422,3138
422,3153
422,3156
422,3168
422,3169
422,3176
422,3178
422,3190
422,3206
422,3222
422,3223
422,3234
422,3236
422,3242
422,3248
422,3250
422,3252
422,3253
422,3295
422,3336
422,3348
422,3353
422,3368
422,3453
422,3454
422,3456
422,3462
422,3468
422,3470
423,2819
423,3138
425,3138
426,2479
427,433
427,439
427,464
427,465
427,468
427,475
427,482
427,486
427,491
427,500
427,505
427,512
427,668
427,674
427,697
427,698
427,902
427,908
427,915
427,919
427,920
427,922
427,935
427,949
427,952
427,958
427,964
427,973
427,981
427,989
427,1001
427,1004
427,1019
427,1021
427,1022
427,1062
427,1073
427,1077
427,1090
427,1111
427,1149
427,1152
427,1155
427,1157
427,1171
427,1173
427,1174
427,1190
427,1191
427,1195
427,1198
427,1205
427,1217
427,1229
427,1266
427,1267
427,1275
427,1285
427,1288
427,1290
427,1293
427,1301
427,1311
427,1331
427,1340
427,1343
427,1378
427,1379
427,1385
427,1435
427,1440
427,1442
427,1449
427,1551
427,1553
427,1556
427,1561
427,1597
427,1599
427,1621
427,1631
427,1636
427,1638
427,1639
427,1640
427,1679
427,1693
427,1694
427,1716
427,1726
427,1727
427,1729
427,1736
427,1741
427,1839
427,1843
427,1851
427,1858
427,1859
427,1862
427,1878
427,1893
427,1901
427,1986
427,1989
427,1997
427,1998
427,1999
427,2006
427,2010
427,2018
427,2022
427,2030
427,2033
427,2034
427,2039
427,2042
427,2043
427,2054
427,2055
427,2068
427,2070
427,2071
427,2081
427,2082
427,2111
427,2260
427,2270
427,2288
427,2309
427,2327
427,2328
427,2330
427,2333
427,2340
427,2345
427,2379
427,2380
427,2392
427,2397
427,2398
427,2425
427,2426
427,2535
427,2536
427,2543
427,2562
427,2564
427,2579
427,2580
427,2600
427,2608
427,2648
427,2651
427,2660
427,2663
427,2666
427,2673
427,2678
427,2689
427,2690
427,2692
427,2697
427,2709
427,2722
427,2742
427,2767
427,2772
427,2787
427,2807
427,2816
427,2819
427,2939
427,2985
427,2996
427,3024
427,3037
427,3099
427,3101
427,3114
427,3138
427,3144
427,3152
427,3153
427,3156
427,3158
427,3166
427,3168
427,3169
427,3176
427,3178
427,3190
427,3206
427,3211
427,3223
427,3234
427,3236
427,3237
427,3242
427,3248
427,3250
427,3252
427,3255
427,3348
427,3353
427,3368
427,3462
427,3468
427,3470
428,3138
429,2539
430,3138
431,3138
432,3138
433,439
433,457
433,462
433,464
433,468
433,475
433,482
433,491
433,500
433,505
433,512
433,600
433,668
433,669
433,674
433,693
433,697
433,908
433,915
433,919
433,920
433,922
433,935
433,949
433,952
433,958
433,967
433,973
433,981
433,989
433,1000
433,1004
433,1019
433,1021
433,1022
433,1027
433,1062
433,1073
433,1090
433,1111
433,1143
433,1152
433,1155
433,1157
433,1169
433,1171
433,1173
433,1190
433,1191
433,1195
433,1198
433,1205
433,1211
433,1217
433,1221
433,1229
433,1266
433,1267
433,1275
433,1285
433,1288
433,1290
433,1293
433,1301
433,1331
433,1340
433,1343
433,1350
433,1351
433,1378
433,1379
433,1385
433,1412
433,1428
433,1435
433,1440
433,1442
433,1449
433,1551
433,1553
433,1556
433,1561
433,1599
433,1621
433,1631
433,1639
433,1640
433,1679
433,1696
433,1716
433,1726
433,1727
433,1729
433,1736
433,1741
433,1839
433,1844
433,1851
433,1858
433,1859
433,1862
433,1878
433,1881
433,1893
433,1901
433,1986
433,1989
433,1997
433,1999
433,2006
433,2010
433,2022
433,2027
433,2030
433,2034
433,2039
433,2043
433,2046
433,2054
433,2055
433,2064
433,2065
433,2081
433,2082
433,2111
433,2260
433,2270
433,2288
433,2327
433,2328
433,2330
433,2333
433,2335
433,2340
433,2379
433,2380
433,2397
433,2398
433,2425
433,2426
433,2535
433,2536
433,2543
433,2544
433,2551
433,2562
433,2564
433,2565
433,2600
433,2608
433,2640
433,2648
433,2651
433,2660
433,2663
433,2664
433,2666
433,2673
433,2678
433,2689
433,2690
433,2697
433,2722
433,2742
433,2744
433,2747
433,2767
433,2781
433,2787
433,2807
433,2939
433,2958
433,2964
433,2977
433,2985
433,2996
433,3003
433,3004
433,3012
433,3016
433,3024
433,3037
433,3039
433,3099
433,3101
433,3114
433,3138
433,3144
433,3152
433,3153
433,3156
433,3158
433,3166
433,3168
433,3169
433,3176
433,3190
433,3206
433,3211
433,3223
433,3234
433,3248
433,3250
433,3253
433,3255
433,3257
433,3295
433,3336
433,3348
433,3353
433,3368
433,3453
433,3454
433,3456
433,3462
433,3468
433,3470
434,3138
435,1992
436,1674
437,3138
438,1992
439,457
439,462
439,465
439,466
439,475
439,482
439,486
439,491
439,499
439,500
439,512
439,600
439,621
439,666
439,668
439,669
439,674
439,693
439,698
439,744
439,772
439,902
439,908
439,915
439,919
439,920
439,922
439,935
439,943
439,949
439,952
439,958
439,964
439,967
439,973
439,981
439,989
439,1000
439,1001
439,1003
439,1019
439,1021
439,1022
439,1047
439,1065
439,1073
439,1074
439,1077
439,1090
439,1101
439,1111
439,1123
439,1125
439,1143
439,1149
439,1153
439,1155
439,1157
439,1159
439,1169
439,1171
439,1173
439,1174
439,1190
439,1191
439,1198
439,1205
439,1211
439,1217
439,1221
439,1229
439,1240
439,1241
439,1266
439,1267
439,1275
439,1285
439,1288
439,1290
439,1293
439,1301
439,1311
439,1319
439,1331
439,1340
439,1343
439,1348
439,1351
439,1378
439,1379
439,1409
439,1428
439,1435
439,1440
439,1442
439,1447
439,1449
439,1465
439,1551
439,1561
439,1597
439,1599
439,1621
439,1631
439,1636
439,1639
439,1640
439,1679
439,1689
439,1693
439,1694
439,1696
439,1698
439,1716
439,1726
439,1727
439,1729
439,1736
439,1741
439,1743
439,1843
439,1845
439,1851
439,1853
439,1857
439,1859
439,1862
439,1878
439,1881
439,1890
439,1893
439,1905
439,1986
439,1989
439,1997
439,1998
439,1999
439,2002
439,2006
439,2010
439,2011
439,2017
439,2018
439,2022
439,2027
439,2033
439,2034
439,2039
439,2040
439,2042
439,2043
439,2046
439,2054
439,2055
439,2065
439,2068
439,2070
439,2071
439,2080
439,2081
439,2082
439,2111
439,2115
439,2227
439,2228
439,2231
439,2239
439,2260
439,2270
439,2288
439,2309
439,2317
439,2328
439,2330
439,2333
439,2335
439,2345
439,2379
439,2380
439,2392
439,2397
439,2398
439,2425
439,2529
439,2535
439,2536
439,2543
439,2544
439,2551
439,2552
439,2558
439,2562
439,2564
439,2565
439,2579
439,2580
439,2608
439,2610
439,2621
439,2638
439,2640
439,2648
439,2651
439,2660
439,2663
439,2664
439,2666
439,2667
439,2706
439,2709
439,2722
439,2740
439,2742
439,2744
439,2747
439,2767
439,2781
439,2787
439,2801
439,2807
439,2819
439,2939
439,2958
439,2964
439,2977
439,2985
439,2996
439,3004
439,3012
439,3016
439,3039
439,3099
439,3101
439,3114
439,3115
439,3138
439,3140
439,3144
439,3152
439,3156
439,3158
439,3166
439,3168
439,3169
439,3172
439,3176
439,3178
439,3190
439,3206
439,3211
439,3222
439,3223
439,3225
439,3234
439,3240
439,3247
439,3248
439,3250
439,3252
439,3253
439,3254
439,3257
439,3295
439,3299
439,3336
439,3342
439,3348
439,3356
439,3368
439,3369
439,3371
439,3377
439,3453
439,3454
439,3462
439,3466
439,3468
439,3470
440,1674
440,2539
440,2819
440,3138
441,2479
441,2539
441,3138
442,2539
442,3138
443,3138
444,2539
445,2479
445,2539
445,2819
446,3138
447,2539
448,3138
449,2539
450,2249
450,2557
450,3371
451,2539
451,3138
452,1993
453,3138
454,512
454,1025
454,1036
454,1374
454,1674
454,2110
454,2383
454,2819
454,3040
454,3227
455,3138
456,2539
457,462
457,464
457,465
457,468
457,475
457,482
457,486
457,491
457,500
457,505
457,512
457,600
457,668
457,669
457,674
457,693
457,697
457,698
457,902
457,908
457,915
457,919
457,920
457,922
457,935
457,949
457,952
457,958
457,964
457,967
457,973
457,981
457,989
457,1000
457,1001
457,1004
457,1019
457,1021
457,1022
457,1027
457,1062
457,1073
457,1077
457,1090
457,1111
457,1143
457,1149
457,1152
457,1155
457,1157
457,1159
457,1169
457,1173
457,1174
457,1190
457,1191
457,1195
457,1198
457,1205
457,1217
457,1221
457,1266
457,1275
457,1285
457,1288
457,1290
457,1293
457,1301
457,1311
457,1331
457,1333
457,1340
457,1343
457,1350
457,1379
457,1385
457,1412
457,1428
457,1432
457,1435
457,1440
457,1442
457,1449
457,1551
457,1553
457,1561
457,1597
457,1599
457,1631
457,1636
457,1638
457,1639
457,1640
457,1679
457,1693
457,1694
457,1696
457,1716
457,1726
457,1727
457,1729
457,1736
457,1741
457,1843
457,1844
457,1851
457,1858
457,1859
457,1862
457,1878
457,1881
457,1893
457,1901
457,1905
457,1986
457,1989
457,1993
457,1997
457,1998
457,1999
457,2006
457,2010
457,2022
457,2027
457,2030
457,2033
457,2034
457,2039
457,2042
457,2043
457,2054
457,2055
457,2064
457,2068
457,2071
457,2081
457,2082
457,2111
457,2260
457,2270
457,2288
457,2309
457,2327
457,2330
457,2333
457,2335
457,2340
457,2345
457,2379
457,2380
457,2397
457,2398
457,2426
457,2535
457,2536
457,2543
457,2544
457,2551
457,2562
457,2564
457,2565
457,2579
457,2600
457,2608
457,2640
457,2648
457,2663
457,2664
457,2666
457,2673
457,2689
457,2690
457,2692
457,2697
457,2709
457,2722
457,2742
457,2744
457,2747
457,2767
457,2772
457,2781
457,2807
457,2816
457,2939
457,2958
457,2964
457,2985
457,2996
457,3003
457,3004
457,3012
457,3016
457,3024
457,3037
457,3039
457,3101
457,3114
457,3138
457,3144
457,3152
457,3153
457,3156
457,3158
457,3166
457,3168
457,3169
457,3176
457,3178
457,3190
457,3206
457,3211
457,3222
457,3234
457,3236
457,3237
457,3242
457,3248
457,3250
457,3252
457,3253
457,3254
457,3255
457,3257
457,3295
457,3336
457,3348
457,3353
457,3368
457,3454
457,3456
457,3462
457,3470
458,2819
459,3138
460,3138
461,3138
462,464
462,465
462,468
462,475
462,482
462,491
462,500
462,505
462,512
462,600
462,669
462,693
462,697
462,698
462,902
462,908
462,915
462,919
462,920
462,922
462,949
462,952
462,958
462,964
462,967
462,981
462,989
462,1000
462,1001
462,1004
462,1019
462,1021
462,1022
462,1027
462,1062
462,1073
462,1077
462,1090
462,1111
462,1143
462,1152
462,1155
462,1157
462,1159
462,1169
462,1171
462,1173
462,1190
462,1191
462,1195
462,1198
462,1211
462,1217
462,1221
462,1229
462,1266
462,1267
462,1275
462,1288
462,1301
462,1311
462,1331
462,1333
462,1340
462,1343
462,1351
462,1378
462,1379
462,1385
462,1412
462,1428
462,1432
462,1435
462,1440
462,1442
462,1449
462,1551
462,1553
462,1556
462,1561
462,1599
462,1621
462,1636
462,1638
462,1639
462,1640
462,1679
462,1693
462,1694
462,1696
462,1716
462,1726
462,1727
462,1736
462,1741
462,1839
462,1843
462,1851
462,1858
462,1859
462,1878
462,1881
462,1893
462,1901
462,1905
462,1986
462,1989
462,1997
462,1998
462,1999
462,2006
462,2010
462,2027
462,2030
462,2033
462,2034
462,2039
462,2042
462,2043
462,2046
462,2055
462,2064
462,2065
462,2070
462,2071
462,2081
462,2082
462,2111
462,2260
462,2270
462,2309
462,2328
462,2330
462,2333
462,2335
462,2345
462,2379
462,2380
462,2392
462,2397
462,2398
462,2425
462,2426
462,2535
462,2539
462,2543
462,2544
462,2551
462,2562
462,2564
462,2565
462,2580
462,2600
462,2608
462,2640
462,2648
462,2651
462,2660
462,2663
462,2673
462,2689
462,2690
462,2692
462,2697
462,2709
462,2722
462,2742
462,2767
462,2772
462,2787
462,2807
462,2816
462,2939
462,2958
462,2964
462,2977
462,2985
462,3003
462,3004
462,3012
462,3016
462,3024
462,3037
462,3039
462,3099
462,3101
462,3114
462,3138
462,3144
462,3152
462,3153
462,3158
462,3166
462,3168
462,3169
462,3176
462,3178
462,3190
462,3206
462,3211
462,3222
462,3223
462,3236
462,3237
462,3248
462,3250
462,3252
462,3253
462,3254
462,3255
462,3257
462,3336
462,3348
462,3368
462,3453
462,3454
462,3456
462,3462
462,3468
462,3470
463,2539
464,465
464,475
464,482
464,486
464,491
464,500
464,505
464,512
464,600
464,668
464,669
464,674
464,693
464,697
464,698
464,902
464,908
464,915
464,919
464,922
464,935
464,949
464,952
464,958
464,964
464,967
464,973
464,981
464,1001
464,1004
464,1019
464,1021
464,1027
464,1036
464,1062
464,1073
464,1090
464,1143
464,1149
464,1155
464,1157
464,1159
464,1169
464,1171
464,1173
464,1174
464,1191
464,1195
464,1198
464,1205
464,1217
464,1221
464,1229
464,1266
464,1267
464,1275
464,1285
464,1290
464,1293
464,1301
464,1311
464,1331
464,1333
464,1340
464,1343
464,1350
464,1351
464,1378
464,1385
464,1412
464,1428
464,1432
464,1435
464,1440
464,1442
464,1449
464,1551
464,1553
464,1556
464,1561
464,1597
464,1599
464,1621
464,1631
464,1636
464,1639
464,1679
464,1693
464,1694
464,1696
464,1716
464,1726
464,1727
464,1729
464,1736
464,1741
464,1839
464,1843
464,1844
464,1851
464,1858
464,1859
464,1878
464,1881
464,1893
464,1901
464,1905
464,1989
464,1992
464,1997
464,1998
464,1999
464,2010
464,2018
464,2022
464,2027
464,2030
464,2033
464,2039
464,2042
464,2043
464,2046
464,2054
464,2055
464,2064
464,2065
464,2068
464,2071
464,2081
464,2082
464,2111
464,2260
464,2288
464,2309
464,2327
464,2328
464,2330
464,2333
464,2335
464,2340
464,2345
464,2380
464,2392
464,2397
464,2398
464,2425
464,2535
464,2536
464,2543
464,2551
464,2562
464,2564
464,2565
464,2579
464,2580
464,2600
464,2605
464,2608
464,2648
464,2651
464,2660
464,2663
464,2666
464,2673
464,2678
464,2689
464,2690
464,2697
464,2709
464,2722
464,2742
464,2744
464,2747
464,2767
464,2772
464,2781
464,2787
464,2807
464,2819
464,2939
464,2964
464,2977
464,2985
464,2996
464,3012
464,3016
464,3024
464,3037
464,3040
464,3099
464,3101
464,3144
464,3156
464,3158
464,3166
464,3168
464,3169
464,3176
464,3178
464,3206
464,3211
464,3222
464,3223
464,3236
464,3237
464,3248
464,3250
464,3252
464,3253
464,3254
464,3257
464,3295
464,3336
464,3348
464,3353
464,3368
464,3453
464,3454
464,3456
464,3462
464,3468
464,3470
465,468
465,475
465,486
465,491
465,500
465,505
465,512
465,600
465,668
465,669
465,674
465,697
465,908
465,915
465,919
465,920
465,922
465,935
465,949
465,958
465,964
465,967
465,973
465,1000
465,1001
465,1004
465,1019
465,1021
465,1022
465,1027
465,1062
465,1073
465,1090
465,1111
465,1143
465,1149
465,1152
465,1155
465,1157
465,1159
465,1169
465,1171
465,1173
465,1190
465,1191
465,1195
465,1198
465,1205
465,1211
465,1217
465,1221
465,1229
465,1266
465,1267
465,1275
465,1285
465,1290
465,1301
465,1311
465,1331
465,1333
465,1340
465,1343
465,1351
465,1378
465,1379
465,1385
465,1412
465,1428
465,1435
465,1440
465,1442
465,1449
465,1551
465,1553
465,1561
465,1597
465,1599
465,1621
465,1638
465,1639
465,1640
465,1693
465,1694
465,1696
465,1716
465,1726
465,1727
465,1736
465,1741
465,1839
465,1843
465,1844
465,1851
465,1858
465,1859
465,1862
465,1878
465,1881
465,1893
465,1905
465,1986
465,1997
465,1998
465,2006
465,2010
465,2027
465,2030
465,2033
465,2034
465,2039
465,2042
465,2043
465,2046
465,2055
465,2064
465,2065
465,2068
465,2070
465,2071
465,2081
465,2082
465,2111
465,2260
465,2270
465,2288
465,2309
465,2327
465,2328
465,2330
465,2333
465,2340
465,2380
465,2392
465,2398
465,2425
465,2426
465,2535
465,2536
465,2543
465,2551
465,2562
465,2564
465,2579
465,2608
465,2651
465,2660
465,2664
465,2666
465,2673
465,2678
465,2692
465,2697
465,2709
465,2722
465,2742
465,2744
465,2772
465,2781
465,2787
465,2807
465,2816
465,2939
465,2958
465,2964
465,2977
465,2985
465,2996
465,3003
465,3004
465,3037
465,3039
465,3099
465,3101
465,3114
465,3138
465,3152
465,3153
465,3158
465,3168
465,3176
465,3178
465,3190
465,3206
465,3211
465,3222
465,3223
465,3234
465,3236
465,3237
465,3242
465,3248
465,3250
465,3252
465,3253
465,3254
465,3255
465,3257
465,3295
465,3336
465,3348
465,3368
465,3453
465,3468
465,3470
466,499
466,502
466,621
466,666
466,668
466,698
466,744
466,772
466,915
466,922
466,943
466,958
466,1003
466,1047
466,1065
466,1074
466,1101
466,1123
466,1125
466,1153
466,1198
466,1240
466,1241
466,1319
466,1348
466,1409
466,1447
466,1465
466,1561
466,1640
466,1689
466,1694
466,1698
466,1743
466,1845
466,1853
466,1857
466,1890
466,2002
466,2011
466,2017
466,2027
466,2039
466,2040
466,2080
466,2081
466,2082
466,2115
466,2227
466,2228
466,2231
466,2238
466,2239
466,2317
466,2529
466,2552
466,2558
466,2610
466,2621
466,2638
466,2667
466,2706
466,2740
466,2801
466,2819
466,2996
466,3039
466,3115
466,3138
466,3140
466,3166
466,3172
466,3176
466,3225
466,3240
466,3247
466,3299
466,3342
466,3356
466,3369
466,3371
466,3377
466,3466
466,3468
467,471
468,471
468,472
468,475
468,482
468,486
468,491
468,500
468,505
468,509
468,512
468,554
468,591
468,600
468,628
468,636
468,637
468,668
468,669
468,674
468,693
468,697
468,698
468,860
468,873
468,891
468,892
468,902
468,908
468,915
468,918
468,919
468,920
468,922
468,925
468,935
468,949
468,958
468,964
468,967
468,973
468,981
468,989
468,1000
468,1004
468,1013
468,1019
468,1021
468,1022
468,1027
468,1062
468,1063
468,1066
468,1073
468,1077
468,1090
468,1111
468,1143
468,1149
468,1152
468,1155
468,1157
468,1159
468,1169
468,1171
468,1173
468,1178
468,1191
468,1195
468,1198
468,1200
468,1205
468,1211
468,1217
468,1219
468,1221
468,1223
468,1229
468,1266
468,1267
468,1271
468,1275
468,1279
468,1285
468,1288
468,1290
468,1301
468,1311
468,1331
468,1333
468,1340
468,1343
468,1350
468,1351
468,1373
468,1377
468,1378
468,1379
468,1381
468,1385
468,1402
468,1412
468,1416
468,1427
468,1428
468,1435
468,1440
468,1442
468,1449
468,1496
468,1520
468,1551
468,1553
468,1556
468,1561
468,1574
468,1591
468,1597
468,1621
468,1622
468,1631
468,1636
468,1638
468,1639
468,1679
468,1693
468,1694
468,1696
468,1716
468,1726
468,1727
468,1729
468,1732
468,1736
468,1741
468,1797
468,1843
468,1844
468,1855
468,1858
468,1859
468,1862
468,1870
468,1876
468,1878
468,1888
468,1893
468,1901
468,1905
468,1956
468,1983
468,1985
468,1997
468,1998
468,2006
468,2010
468,2018
468,2022
468,2027
468,2030
468,2033
468,2034
468,2039
468,2042
468,2043
468,2044
468,2048
468,2054
468,2055
468,2062
468,2065
468,2068
468,2070
468,2071
468,2081
468,2082
468,2091
468,2092
468,2111
468,2219
468,2225
468,2226
468,2247
468,2249
468,2260
468,2270
468,2275
468,2288
468,2307
468,2309
468,2313
468,2316
468,2317
468,2327
468,2330
468,2333
468,2335
468,2345
468,2379
468,2380
468,2392
468,2397
468,2398
468,2404
468,2412
468,2425
468,2426
468,2454
468,2535
468,2536
468,2539
468,2544
468,2551
468,2562
468,2564
468,2565
468,2569
468,2579
468,2580
468,2600
468,2607
468,2608
468,2635
468,2640
468,2648
468,2651
468,2660
468,2663
468,2664
468,2666
468,2673
468,2675
468,2678
468,2689
468,2690
468,2692
468,2695
468,2697
468,2708
468,2709
468,2722
468,2742
468,2744
468,2747
468,2757
468,2767
468,2772
468,2773
468,2781
468,2787
468,2807
468,2816
468,2939
468,2953
468,2964
468,2977
468,2985
468,2996
468,2999
468,3003
468,3004
468,3012
468,3016
468,3021
468,3024
468,3039
468,3044
468,3082
468,3083
468,3099
468,3101
468,3103
468,3114
468,3138
468,3144
468,3152
468,3153
468,3156
468,3158
468,3166
468,3168
468,3176
468,3211
468,3223
468,3233
468,3234
468,3236
468,3237
468,3242
468,3243
468,3248
468,3249
468,3250
468,3252
468,3253
468,3254
468,3255
468,3257
468,3295
468,3336
468,3348
468,3353
468,3360
468,3368
468,3376
468,3393
468,3452
468,3453
468,3454
468,3456
468,3462
468,3470
468,3473
469,471
469,2819
469,3138
470,471
470,472
470,509
470,554
470,618
470,628
470,636
470,668
470,759
470,761
470,860
470,873
470,891
470,892
470,893
470,918
470,925
470,1063
470,1193
470,1200
470,1223
470,1279
470,1373
470,1381
470,1402
470,1416
470,1427
470,1463
470,1496
470,1520
470,1591
470,1838
470,1855
470,1870
470,1876
470,1888
470,1956
470,1983
470,1985
470,2044
470,2060
470,2062
470,2076
470,2095
470,2219
470,2225
470,2226
470,2247
470,2249
470,2267
470,2275
470,2307
470,2313
470,2316
470,2404
470,2412
470,2454
470,2479
470,2539
470,2569
470,2607
470,2622
470,2675
470,2695
470,2710
470,2757
470,2773
470,2910
470,2953
470,2999
470,3082
470,3083
470,3103
470,3161
470,3233
470,3249
470,3376
470,3393
470,3452
470,3473
471,486
471,512
471,592
471,654
471,964
471,1053
471,1131
471,1150
471,1174
471,1189
471,1198
471,1213
471,1307
471,1363
471,1377
471,1574
471,1591
471,1741
471,1895
471,1905
471,2010
471,2020
471,2036
471,2044
471,2060
471,2219
471,2694
471,2708
471,2709
471,2750
471,2757
471,2774
471,2841
471,3125
471,3173
471,3246
471,3312
471,3360
471,3363
471,3450
472,486
472,509
472,512
472,554
472,636
472,637
472,668
472,856
472,873
472,891
472,892
472,918
472,925
472,964
472,979
472,991
472,1013
472,1018
472,1046
472,1063
472,1112
472,1131
472,1174
472,1178
472,1184
472,1189
472,1193
472,1198
472,1213
472,1219
472,1223
472,1259
472,1279
472,1289
472,1307
472,1341
472,1343
472,1373
472,1377
472,1381
472,1402
472,1416
472,1427
472,1496
472,1520
472,1558
472,1573
472,1574
472,1591
472,1621
472,1622
472,1731
472,1732
472,1758
472,1829
472,1843
472,1855
472,1870
472,1888
472,1895
472,1905
472,1932
472,1941
472,1956
472,1983
472,1985
472,2010
472,2039
472,2044
472,2048
472,2060
472,2062
472,2076
472,2095
472,2219
472,2234
472,2247
472,2249
472,2275
472,2290
472,2316
472,2317
472,2323
472,2324
472,2327
472,2385
472,2404
472,2407
472,2412
472,2454
472,2479
472,2503
472,2539
472,2569
472,2592
472,2607
472,2638
472,2648
472,2673
472,2675
472,2694
472,2695
472,2708
472,2710
472,2757
472,2801
472,2841
472,2858
472,2904
472,2937
472,2953
472,2999
472,3021
472,3082
472,3083
472,3103
472,3167
472,3173
472,3174
472,3223
472,3243
472,3363
472,3438
472,3452
472,3470
473,3138
474,3138
475,482
475,486
475,491
475,500
475,505
475,512
475,600
475,668
475,669
475,674
475,693
475,697
475,698
475,902
475,908
475,915
475,919
475,920
475,922
475,935
475,949
475,952
475,958
475,964
475,989
475,1000
475,1001
475,1004
475,1019
475,1021
475,1062
475,1073
475,1077
475,1090
475,1111
475,1143
475,1149
475,1155
475,1157
475,1159
475,1169
475,1173
475,1174
475,1190
475,1191
475,1195
475,1198
475,1205
475,1217
475,1221
475,1266
475,1267
475,1275
475,1285
475,1288
475,1290
475,1293
475,1301
475,1311
475,1331
475,1333
475,1340
475,1343
475,1351
475,1378
475,1379
475,1412
475,1428
475,1432
475,1440
475,1449
475,1551
475,1556
475,1561
475,1597
475,1599
475,1621
475,1636
475,1638
475,1639
475,1640
475,1679
475,1694
475,1696
475,1716
475,1729
475,1736
475,1741
475,1839
475,1843
475,1844
475,1851
475,1859
475,1862
475,1878
475,1893
475,1901
475,1905
475,1986
475,1997
475,1999
475,2006
475,2010
475,2027
475,2030
475,2033
475,2039
475,2042
475,2046
475,2064
475,2065
475,2068
475,2070
475,2071
475,2081
475,2082
475,2111
475,2260
475,2288
475,2309
475,2328
475,2330
475,2333
475,2335
475,2340
475,2345
475,2380
475,2392
475,2397
475,2398
475,2425
475,2535
475,2536
475,2543
475,2544
475,2551
475,2562
475,2564
475,2565
475,2579
475,2580
475,2600
475,2608
475,2648
475,2651
475,2663
475,2664
475,2666
475,2673
475,2678
475,2697
475,2709
475,2742
475,2747
475,2767
475,2772
475,2781
475,2787
475,2807
475,2816
475,2819
475,2939
475,2958
475,2964
475,2977
475,2985
475,2996
475,3003
475,3012
475,3024
475,3037
475,3039
475,3099
475,3101
475,3114
475,3138
475,3144
475,3152
475,3156
475,3158
475,3166
475,3168
475,3169
475,3176
475,3178
475,3190
475,3206
475,3211
475,3222
475,3223
475,3234
475,3236
475,3242
475,3248
475,3250
475,3255
475,3257
475,3295
475,3336
475,3348
475,3353
475,3368
475,3453
475,3454
475,3456
475,3468
475,3470
476,2479
476,2819
477,1992
477,3138
478,2819
478,3138
479,1992
479,2539
479,3138
480,3138
481,3138
482,486
482,491
482,500
482,505
482,512
482,668
482,669
482,674
482,693
482,697
482,698
482,902
482,908
482,915
482,919
482,920
482,922
482,935
482,949
482,952
482,967
482,973
482,981
482,989
482,1000
482,1001
482,1004
482,1019
482,1021
482,1022
482,1062
482,1073
482,1077
482,1090
482,1111
482,1143
482,1152
482,1155
482,1157
482,1159
482,1169
482,1171
482,1173
482,1174
482,1190
482,1198
482,1205
482,1211
482,1217
482,1221
482,1229
482,1267
482,1275
482,1285
482,1290
482,1293
482,1301
482,1311
482,1331
482,1340
482,1343
482,1350
482,1351
482,1378
482,1379
482,1385
482,1412
482,1435
482,1440
482,1449
482,1551
482,1553
482,1556
482,1561
482,1599
482,1621
482,1631
482,1636
482,1638
482,1639
482,1640
482,1693
482,1694
482,1696
482,1716
482,1726
482,1727
482,1729
482,1736
482,1741
482,1843
482,1844
482,1851
482,1858
482,1862
482,1878
482,1881
482,1893
482,1901
482,1905
482,1986
482,1989
482,1997
482,1998
482,1999
482,2006
482,2010
482,2018
482,2027
482,2030
482,2033
482,2034
482,2039
482,2042
482,2043
482,2046
482,2054
482,2055
482,2064
482,2065
482,2068
482,2081
482,2082
482,2111
482,2260
482,2270
482,2288
482,2309
482,2327
482,2328
482,2330
482,2333
482,2335
482,2340
482,2380
482,2392
482,2398
482,2425
482,2426
482,2535
482,2536
482,2543
482,2544
482,2551
482,2562
482,2564
482,2579
482,2580
482,2600
482,2640
482,2651
482,2660
482,2663
482,2664
482,2666
482,2673
482,2678
482,2689
482,2690
482,2692
482,2697
482,2709
482,2722
482,2742
482,2744
482,2747
482,2767
482,2772
482,2781
482,2787
482,2807
482,2816
482,2939
482,2958
482,2985
482,2996
482,3003
482,3004
482,3012
482,3016
482,3037
482,3039
482,3099
482,3101
482,3114
482,3144
482,3153
482,3156
482,3158
482,3166
482,3168
482,3169
482,3176
482,3178
482,3190
482,3206
482,3211
482,3222
482,3223
482,3234
482,3236
482,3237
482,3242
482,3248
482,3252
482,3253
482,3255
482,3295
482,3336
482,3348
482,3353
482,3368
482,3453
482,3454
482,3456
482,3462
482,3468
482,3470
483,1992
483,2539
484,3138
485,2479
485,2819
485,3138
486,491
486,500
486,505
486,512
486,591
486,600
486,637
486,668
486,669
486,674
486,693
486,697
486,698
486,860
486,873
486,902
486,908
486,915
486,918
486,919
486,920
486,922
486,935
486,949
486,952
486,958
486,964
486,967
486,973
486,981
486,989
486,1000
486,1001
486,1004
486,1018
486,1019
486,1021
486,1062
486,1066
486,1073
486,1077
486,1090
486,1131
486,1143
486,1150
486,1152
486,1155
486,1157
486,1159
486,1171
486,1173
486,1174
486,1189
486,1190
486,1191
486,1195
486,1198
486,1205
486,1213
486,1217
486,1219
486,1221
486,1229
486,1266
486,1267
486,1271
486,1275
486,1285
486,1288
486,1290
486,1293
486,1301
486,1311
486,1340
486,1341
486,1343
486,1350
486,1351
486,1378
486,1379
486,1385
486,1412
486,1428
486,1432
486,1440
486,1553
486,1556
486,1561
486,1574
486,1591
486,1597
486,1599
486,1621
486,1622
486,1631
486,1636
486,1638
486,1640
486,1679
486,1694
486,1696
486,1716
486,1726
486,1727
486,1729
486,1736
486,1741
486,1760
486,1839
486,1843
486,1844
486,1851
486,1855
486,1858
486,1862
486,1881
486,1893
486,1895
486,1901
486,1905
486,1941
486,1956
486,1986
486,1997
486,1998
486,2006
486,2010
486,2018
486,2022
486,2027
486,2030
486,2034
486,2039
486,2042
486,2043
486,2044
486,2046
486,2048
486,2060
486,2062
486,2064
486,2065
486,2071
486,2076
486,2081
486,2082
486,2092
486,2111
486,2219
486,2247
486,2249
486,2260
486,2270
486,2288
486,2309
486,2317
486,2327
486,2328
486,2330
486,2333
486,2335
486,2340
486,2379
486,2380
486,2392
486,2397
486,2398
486,2425
486,2426
486,2503
486,2535
486,2536
486,2539
486,2543
486,2564
486,2565
486,2580
486,2600
486,2607
486,2608
486,2640
486,2651
486,2660
486,2663
486,2664
486,2666
486,2673
486,2678
486,2689
486,2690
486,2692
486,2694
486,2695
486,2697
486,2709
486,2710
486,2722
486,2744
486,2747
486,2757
486,2767
486,2772
486,2781
486,2787
486,2807
486,2816
486,2841
486,2937
486,2953
486,2958
486,2964
486,2977
486,2985
486,2996
486,3003
486,3012
486,3021
486,3024
486,3039
486,3082
486,3083
486,3092
486,3099
486,3101
486,3103
486,3114
486,3138
486,3144
486,3152
486,3156
486,3158
486,3166
486,3168
486,3169
486,3173
486,3174
486,3176
486,3178
486,3190
486,3206
486,3211
486,3222
486,3223
486,3233
486,3236
486,3237
486,3242
486,3243
486,3252
486,3254
486,3255
486,3257
486,3295
486,3336
486,3348
486,3353
486,3360
486,3450
486,3453
486,3454
486,3455
486,3456
486,3468
486,3470
487,1992
487,2539
488,3138
489,2539
490,1992
491,500
491,505
491,512
491,600
491,608
491,668
491,669
491,674
491,693
491,697
491,698
491,709
491,759
491,902
491,908
491,919
491,920
491,922
491,935
491,949
491,952
491,958
491,964
491,967
491,973
491,981
491,989
491,1000
491,1001
491,1004
491,1021
491,1022
491,1027
491,1062
491,1073
491,1077
491,1111
491,1143
491,1152
491,1157
491,1159
491,1169
491,1173
491,1174
491,1191
491,1195
491,1205
491,1211
491,1217
491,1221
491,1229
491,1266
491,1267
491,1285
491,1288
491,1290
491,1293
491,1311
491,1331
491,1333
491,1340
491,1343
491,1350
491,1378
491,1379
491,1412
491,1432
491,1435
491,1442
491,1449
491,1463
491,1551
491,1553
491,1556
491,1561
491,1597
491,1621
491,1631
491,1636
491,1638
491,1639
491,1679
491,1693
491,1694
491,1724
491,1726
491,1727
491,1729
491,1839
491,1843
491,1844
491,1851
491,1858
491,1862
491,1881
491,1893
491,1901
491,1905
491,1906
491,1986
491,1989
491,1992
491,1997
491,1998
491,1999
491,2018
491,2027
491,2033
491,2034
491,2039
491,2042
491,2043
491,2046
491,2054
491,2055
491,2063
491,2064
491,2065
491,2068
491,2070
491,2081
491,2082
491,2111
491,2270
491,2288
491,2327
491,2328
491,2330
491,2335
491,2340
491,2379
491,2380
491,2397
491,2398
491,2425
491,2426
491,2458
491,2468
491,2532
491,2533
491,2539
491,2543
491,2544
491,2551
491,2565
491,2579
491,2580
491,2600
491,2608
491,2640
491,2648
491,2651
491,2660
491,2663
491,2666
491,2673
491,2678
491,2689
491,2690
491,2692
491,2709
491,2722
491,2742
491,2747
491,2767
491,2772
491,2781
491,2787
491,2807
491,2819
491,2939
491,2964
491,2977
491,2996
491,3003
491,3004
491,3012
491,3016
491,3024
491,3037
491,3039
491,3088
491,3099
491,3101
491,3114
491,3138
491,3144
491,3153
491,3156
491,3158
491,3166
491,3167
491,3168
491,3169
491,3178
491,3190
491,3206
491,3209
491,3211
491,3222
491,3223
491,3236
491,3237
491,3242
491,3248
491,3250
491,3252
491,3253
491,3255
491,3257
491,3295
491,3348
491,3368
491,3454
491,3456
491,3462
491,3468
491,3470
492,2479
492,2539
493,3138
494,1993
494,2539
495,3138
496,2539
496,3138
497,1992
498,3138
499,502
499,543
499,621
499,666
499,668
499,698
499,744
499,772
499,896
499,915
499,922
499,943
499,958
499,1002
499,1003
499,1047
499,1065
499,1074
499,1100
499,1101
499,1123
499,1125
499,1153
499,1198
499,1206
499,1240
499,1241
499,1295
499,1319
499,1348
499,1409
499,1447
499,1465
499,1507
499,1561
499,1563
499,1640
499,1674
499,1689
499,1694
499,1698
499,1743
499,1758
499,1781
499,1845
499,1853
499,1857
499,1877
499,1890
499,1906
499,1932
499,1934
499,2002
499,2011
499,2017
499,2027
499,2039
499,2040
499,2080
499,2081
499,2082
499,2115
499,2227
499,2228
499,2231
499,2238
499,2239
499,2242
499,2289
499,2317
499,2348
499,2377
499,2453
499,2480
499,2529
499,2533
499,2539
499,2552
499,2558
499,2593
499,2610
499,2621
499,2638
499,2667
499,2706
499,2726
499,2740
499,2769
499,2801
499,2819
499,2840
499,2856
499,2931
499,2996
499,3039
499,3115
499,3122
499,3138
499,3140
499,3166
499,3172
499,3176
499,3225
499,3230
499,3233
499,3240
499,3297
499,3299
499,3342
499,3356
499,3357
499,3369
499,3371
499,3377
499,3386
499,3411
499,3450
499,3466
500,505
500,512
500,600
500,668
500,669
500,674
500,693
500,697
500,698
500,902
500,908
500,915
500,919
500,920
500,922
500,935
500,949
500,952
500,958
500,964
500,967
500,973
500,981
500,989
500,1000
500,1001
500,1004
500,1019
500,1021
500,1022
500,1027
500,1062
500,1073
500,1077
500,1090
500,1111
500,1143
500,1149
500,1152
500,1155
500,1157
500,1159
500,1169
500,1171
500,1173
500,1174
500,1190
500,1191
500,1195
500,1205
500,1211
500,1217
500,1221
500,1229
500,1266
500,1267
500,1275
500,1285
500,1288
500,1290
500,1293
500,1311
500,1331
500,1333
500,1340
500,1343
500,1350
500,1351
500,1378
500,1379
500,1385
500,1412
500,1428
500,1435
500,1440
500,1442
500,1449
500,1551
500,1553
500,1556
500,1561
500,1597
500,1599
500,1621
500,1631
500,1636
500,1638
500,1639
500,1640
500,1679
500,1693
500,1694
500,1696
500,1716
500,1726
500,1727
500,1729
500,1736
500,1741
500,1839
500,1843
500,1844
500,1858
500,1859
500,1862
500,1878
500,1881
500,1893
500,1901
500,1905
500,1986
500,1989
500,1997
500,1998
500,1999
500,2006
500,2010
500,2018
500,2022
500,2027
500,2030
500,2033
500,2034
500,2039
500,2042
500,2043
500,2046
500,2054
500,2055
500,2064
500,2065
500,2068
500,2070
500,2071
500,2081
500,2082
500,2111
500,2260
500,2270
500,2288
500,2309
500,2327
500,2328
500,2330
500,2333
500,2335
500,2340
500,2345
500,2379
500,2380
500,2397
500,2398
500,2425
500,2426
500,2535
500,2536
500,2543
500,2544
500,2551
500,2562
500,2564
500,2565
500,2579
500,2580
500,2600
500,2608
500,2640
500,2648
500,2651
500,2660
500,2663
500,2664
500,2666
500,2673
500,2678
500,2690
500,2692
500,2722
500,2742
500,2744
500,2747
500,2767
500,2772
500,2781
500,2787
500,2807
500,2816
500,2939
500,2958
500,2964
500,2977
500,2996
500,3003
500,3004
500,3012
500,3016
500,3024
500,3037
500,3039
500,3099
500,3101
500,3138
500,3144
500,3152
500,3153
500,3156
500,3158
500,3166
500,3168
500,3169
500,3176
500,3178
500,3190
500,3206
500,3211
500,3222
500,3223
500,3234
500,3236
500,3237
500,3242
500,3248
500,3250
500,3252
500,3253
500,3254
500,3255
500,3257
500,3295
500,3336
500,3348
500,3353
500,3368
500,3453
500,3454
500,3456
500,3462
500,3470
501,3138
502,621
502,666
502,744
502,772
502,943
502,1003
502,1047
502,1065
502,1074
502,1101
502,1123
502,1125
502,1153
502,1198
502,1240
502,1241
502,1319
502,1348
502,1409
502,1447
502,1465
502,1689
502,1698
502,1743
502,1845
502,1853
502,1857
502,1890
502,2002
502,2011
502,2017
502,2040
502,2080
502,2115
502,2227
502,2228
502,2231
502,2239
502,2317
502,2529
502,2552
502,2558
502,2610
502,2621
502,2638
502,2667
502,2706
502,2740
502,2801
502,2819
502,3115
502,3140
502,3172
502,3225
502,3240
502,3247
502,3299
502,3342
502,3356
502,3369
502,3371
502,3377
502,3466
502,3468
503,3138
504,2539
505,512
505,668
505,669
505,674
505,693
505,697
505,698
505,902
505,915
505,919
505,920
505,922
505,935
505,949
505,952
505,958
505,967
505,973
505,981
505,989
505,1000
505,1001
505,1004
505,1019
505,1022
505,1027
505,1062
505,1073
505,1077
505,1090
505,1111
505,1143
505,1149
505,1152
505,1155
505,1157
505,1159
505,1169
505,1171
505,1173
505,1174
505,1191
505,1195
505,1198
505,1205
505,1211
505,1217
505,1221
505,1229
505,1266
505,1267
505,1275
505,1285
505,1288
505,1293
505,1301
505,1311
505,1331
505,1333
505,1340
505,1343
505,1350
505,1351
505,1378
505,1379
505,1385
505,1412
505,1432
505,1435
505,1440
505,1442
505,1449
505,1551
505,1553
505,1556
505,1561
505,1597
505,1599
505,1621
505,1631
505,1636
505,1638
505,1639
505,1679
505,1693
505,1694
505,1696
505,1726
505,1727
505,1729
505,1736
505,1741
505,1839
505,1843
505,1851
505,1859
505,1862
505,1878
505,1893
505,1901
505,1986
505,1997
505,1998
505,1999
505,2006
505,2010
505,2018
505,2022
505,2027
505,2030
505,2033
505,2034
505,2039
505,2042
505,2043
505,2046
505,2054
505,2064
505,2065
505,2068
505,2070
505,2071
505,2081
505,2082
505,2111
505,2260
505,2270
505,2288
505,2309
505,2327
505,2328
505,2330
505,2333
505,2335
505,2345
505,2379
505,2380
505,2392
505,2397
505,2398
505,2425
505,2535
505,2536
505,2543
505,2544
505,2551
505,2562
505,2564
505,2579
505,2580
505,2600
505,2608
505,2640
505,2648
505,2651
505,2660
505,2663
505,2664
505,2666
505,2673
505,2678
505,2689
505,2690
505,2692
505,2697
505,2709
505,2722
505,2742
505,2744
505,2747
505,2767
505,2772
505,2781
505,2787
505,2816
505,2939
505,2958
505,2964
505,2977
505,2985
505,2996
505,3003
505,3004
505,3012
505,3039
505,3101
505,3114
505,3138
505,3144
505,3152
505,3153
505,3158
505,3166
505,3168
505,3169
505,3176
505,3178
505,3190
505,3206
505,3222
505,3223
505,3234
505,3236
505,3242
505,3248
505,3250
505,3252
505,3253
505,3254
505,3255
505,3336
505,3348
505,3368
505,3453
505,3454
505,3456
505,3462
505,3468
505,3470
506,3138
507,2539
508,3138
509,591
509,964
509,1574
509,1621
509,1905
509,1956
509,2219
509,2607
509,2695
509,3138
510,3138
511,3138
512,591
512,600
512,636
512,637
512,668
512,669
512,674
512,693
512,873
512,902
512,908
512,915
512,919
512,920
512,922
512,949
512,958
512,964
512,967
512,973
512,981
512,989
512,1000
512,1001
512,1013
512,1019
512,1021
512,1022
512,1027
512,1062
512,1073
512,1077
512,1111
512,1131
512,1149
512,1150
512,1155
512,1157
512,1159
512,1169
512,1171
512,1173
512,1174
512,1189
512,1190
512,1191
512,1195
512,1198
512,1205
512,1211
512,1213
512,1217
512,1219
512,1221
512,1229
512,1266
512,1267
512,1275
512,1279
512,1285
512,1288
512,1293
512,1301
512,1307
512,1311
512,1331
512,1333
512,1340
512,1341
512,1343
512,1350
512,1351
512,1385
512,1412
512,1428
512,1432
512,1435
512,1440
512,1442
512,1443
512,1449
512,1496
512,1520
512,1553
512,1556
512,1561
512,1591
512,1597
512,1599
512,1621
512,1622
512,1631
512,1636
512,1639
512,1640
512,1693
512,1694
512,1696
512,1716
512,1726
512,1727
512,1729
512,1736
512,1741
512,1843
512,1844
512,1851
512,1855
512,1858
512,1859
512,1862
512,1878
512,1881
512,1893
512,1895
512,1905
512,1941
512,1956
512,1986
512,1993
512,1998
512,1999
512,2006
512,2010
512,2018
512,2027
512,2030
512,2033
512,2034
512,2039
512,2042
512,2043
512,2044
512,2046
512,2048
512,2054
512,2060
512,2062
512,2065
512,2068
512,2070
512,2071
512,2081
512,2082
512,2111
512,2219
512,2247
512,2249
512,2260
512,2270
512,2309
512,2317
512,2327
512,2328
512,2330
512,2333
512,2340
512,2345
512,2379
512,2380
512,2392
512,2425
512,2426
512,2535
512,2536
512,2539
512,2543
512,2544
512,2551
512,2562
512,2564
512,2565
512,2579
512,2580
512,2600
512,2607
512,2608
512,2640
512,2648
512,2651
512,2663
512,2664
512,2666
512,2673
512,2678
512,2689
512,2694
512,2695
512,2697
512,2708
512,2709
512,2710
512,2744
512,2747
512,2757
512,2767
512,2772
512,2773
512,2781
512,2787
512,2807
512,2816
512,2841
512,2937
512,2958
512,2960
512,2964
512,2977
512,2985
512,2996
512,3003
512,3004
512,3016
512,3021
512,3024
512,3037
512,3039
512,3099
512,3101
512,3103
512,3114
512,3138
512,3144
512,3153
512,3156
512,3158
512,3166
512,3168
512,3169
512,3173
512,3174
512,3176
512,3178
512,3206
512,3211
512,3222
512,3223
512,3227
512,3234
512,3236
512,3237
512,3242
512,3243
512,3248
512,3250
512,3252
512,3253
512,3254
512,3257
512,3295
512,3336
512,3353
512,3360
512,3368
512,3393
512,3450
512,3452
512,3453
512,3454
512,3456
512,3462
512,3468
512,3470
513,2539
514,3138
515,3138
516,3138
517,2479
517,2819
518,1993
519,3138
520,1992
520,3138
521,2539
521,3138
522,3138
523,2539
524,2539
525,2539
526,1992
527,2819
528,1674
528,2819
529,1992
529,2819
530,672
530,709
530,1184
530,1217
530,1343
530,1716
530,1718
530,1853
530,1967
530,1992
530,1997
530,2378
530,2392
530,2539
530,2622
530,2809
530,3074
530,3077
530,3078
530,3473
531,1992
532,1645
532,1992
532,2819
533,1992
533,3138
534,2539
535,2539
535,3138
536,3138
537,550
537,573
537,608
537,668
537,709
537,759
537,784
537,838
537,854
537,872
537,915
537,957
537,962
537,964
537,979
537,980
537,1006
537,1033
537,1034
537,1058
537,1065
537,1147
537,1183
537,1208
537,1217
537,1237
537,1245
537,1342
537,1463
537,1477
537,1499
537,1526
537,1561
537,1562
537,1607
537,1608
537,1645
537,1724
537,1803
537,1850
537,1853
537,1906
537,1914
537,1927
537,1940
537,1942
537,1943
537,1947
537,1949
537,1976
537,2034
537,2039
537,2080
537,2121
537,2129
537,2343
537,2437
537,2458
537,2539
537,2547
537,2649
537,2650
537,2669
537,2715
537,2741
537,2802
537,2928
537,3039
537,3074
537,3114
537,3138
537,3167
537,3224
537,3304
537,3368
537,3374
537,3376
537,3383
537,3457
537,3468
537,3474
538,1992
539,573
539,1497
539,1807
539,1934
539,2539
539,2819
539,3088
539,3138
540,1992
540,2539
541,565
541,608
541,694
541,709
541,785
541,794
541,807
541,821
541,825
541,833
541,868
541,873
541,896
541,1034
541,1063
541,1075
541,1083
541,1195
541,1342
541,1400
541,1557
541,1653
541,1657
541,1666
541,1786
541,1855
541,1906
541,1934
541,1942
541,2080
541,2122
541,2144
541,2197
541,2362
541,2390
541,2470
541,2477
541,2514
541,2516
541,2638
541,2802
541,2819
541,2874
541,2879
541,2952
541,3088
541,3167
541,3370
541,3438
542,1992
542,2539
543,668
543,1002
543,1047
543,1198
543,1563
543,1645
543,1845
543,1877
543,1906
543,1932
543,1934
543,2289
543,2348
543,2377
543,2453
543,2533
543,2593
543,2819
543,2931
543,3122
543,3138
543,3233
543,3386
545,2819
546,1993
546,2539
547,1992
548,1993
548,2479
548,2819
548,3138
549,2819
549,3138
550,573
550,608
550,759
550,784
550,872
550,964
550,980
550,1008
550,1462
550,1497
550,1561
550,1645
550,1992
550,1997
550,2010
550,2121
550,2129
550,2437
550,2458
550,2468
550,2539
550,2679
550,2910
550,3088
550,3114
550,3138
550,3167
550,3209
551,2539
551,2819
552,1992
553,2539
554,637
554,873
554,891
554,918
554,964
554,991
554,1013
554,1063
554,1131
554,1219
554,1279
554,1496
554,1591
554,1621
554,1622
554,1855
554,1905
554,1942
554,1983
554,1992
554,2010
554,2039
554,2044
554,2048
554,2092
554,2247
554,2275
554,2307
554,2539
554,2607
554,2673
554,2695
554,2708
554,2710
554,2757
554,2819
554,3021
554,3082
554,3103
554,3138
554,3167
554,3243
554,3393
554,3452
555,3138
556,3138
557,962
557,1033
557,1289
557,1306
557,1343
557,1477
557,1856
557,2079
557,2249
557,2359
557,2385
557,2557
557,2801
557,2858
557,3077
557,3202
558,1992
558,2539
559,1992
559,2539
560,1992
560,2539
561,3138
562,2539
562,2819
563,1992
563,2539
564,3138
565,694
565,783
565,785
565,807
565,819
565,833
565,868
565,883
565,903
565,1115
565,1259
565,1306
565,1343
565,1514
565,1666
565,1786
565,1810
565,1829
565,1855
565,1856
565,1906
565,1934
565,1942
565,2039
565,2079
565,2080
565,2130
565,2144
565,2158
565,2185
565,2249
565,2323
565,2362
565,2385
565,2390
565,2470
565,2539
565,2557
565,2592
565,2801
565,2802
565,2857
565,2858
565,2871
565,2879
565,3202
565,3363
565,3379
565,3438
566,3138
567,2539
567,3138
568,1992
568,2819
569,1645
569,1992
570,2819
571,2539
572,2539
573,662
573,694
573,709
573,738
573,785
573,829
573,854
573,872
573,896
573,903
573,957
573,979
573,980
573,1006
573,1047
573,1100
573,1123
573,1184
573,1208
573,1217
573,1237
573,1245
573,1247
573,1249
573,1264
573,1268
573,1343
573,1362
573,1376
573,1397
573,1398
573,1400
573,1401
573,1468
573,1497
573,1499
573,1526
573,1557
573,1561
573,1607
573,1608
573,1653
573,1673
573,1716
573,1718
573,1724
573,1807
573,1813
573,1850
573,1877
573,1906
573,1914
573,1927
573,1932
573,1934
573,1967
573,1992
573,1997
573,2039
573,2129
573,2130
573,2195
573,2289
573,2343
573,2347
573,2348
573,2359
573,2377
573,2378
573,2408
573,2437
573,2458
573,2514
573,2532
573,2533
573,2539
573,2669
573,2679
573,2715
573,2741
573,2769
573,2840
573,2848
573,2856
573,2878
573,2900
573,2928
573,2931
573,3074
573,3077
573,3078
573,3114
573,3122
573,3138
573,3167
573,3233
573,3280
573,3371
573,3374
573,3383
573,3468
573,3474
573,3490
574,2819
574,3138
575,1674
575,1992
575,3138
576,2539
576,3138
577,2819
578,1992
579,1992
580,2539
581,3138
582,3138
584,1992
584,2539
585,1645
585,2539
585,3138
586,3138
587,2819
587,3138
588,3138
589,3138
590,2819
591,628
591,891
591,893
591,991
591,1018
591,1131
591,1174
591,1178
591,1193
591,1213
591,1341
591,1373
591,1381
591,1402
591,1443
591,1573
591,1574
591,1591
591,1622
591,1760
591,1843
591,1870
591,1876
591,1895
591,1905
591,1941
591,1956
591,1983
591,1985
591,2010
591,2044
591,2060
591,2095
591,2225
591,2226
591,2267
591,2307
591,2313
591,2316
591,2404
591,2412
591,2479
591,2648
591,2675
591,2694
591,2757
591,2781
591,2819
591,2841
591,2937
591,2999
591,3161
591,3173
591,3223
591,3360
591,3387
591,3450
591,3470
592,1674
592,2819
593,2539
594,2539
595,2539
596,1645
596,2539
596,2819
597,3138
598,1645
598,2539
599,1993
600,668
600,693
600,697
600,698
600,902
600,915
600,919
600,920
600,922
600,935
600,949
600,952
600,958
600,964
600,967
600,973
600,1000
600,1001
600,1019
600,1021
600,1022
600,1027
600,1062
600,1073
600,1111
600,1143
600,1149
600,1152
600,1155
600,1157
600,1159
600,1169
600,1171
600,1173
600,1190
600,1191
600,1195
600,1198
600,1205
600,1217
600,1221
600,1229
600,1266
600,1267
600,1275
600,1285
600,1288
600,1290
600,1293
600,1301
600,1311
600,1333
600,1340
600,1343
600,1350
600,1378
600,1385
600,1412
600,1428
600,1432
600,1435
600,1440
600,1442
600,1449
600,1551
600,1556
600,1561
600,1599
600,1621
600,1631
600,1636
600,1638
600,1639
600,1640
600,1679
600,1694
600,1696
600,1716
600,1726
600,1727
600,1729
600,1736
600,1741
600,1843
600,1844
600,1851
600,1858
600,1859
600,1862
600,1878
600,1881
600,1893
600,1901
600,1986
600,1997
600,1998
600,1999
600,2006
600,2010
600,2018
600,2022
600,2027
600,2030
600,2033
600,2039
600,2043
600,2046
600,2054
600,2055
600,2064
600,2065
600,2068
600,2070
600,2071
600,2081
600,2082
600,2111
600,2270
600,2288
600,2309
600,2327
600,2328
600,2333
600,2335
600,2340
600,2345
600,2379
600,2380
600,2392
600,2397
600,2398
600,2425
600,2426
600,2535
600,2536
600,2543
600,2551
600,2562
600,2564
600,2565
600,2579
600,2580
600,2600
600,2651
600,2663
600,2664
600,2666
600,2673
600,2678
600,2689
600,2690
600,2692
600,2697
600,2709
600,2722
600,2742
600,2744
600,2747
600,2767
600,2772
600,2781
600,2787
600,2807
600,2816
600,2939
600,2958
600,2977
600,2985
600,2996
600,3003
600,3004
600,3016
600,3024
600,3037
600,3039
600,3099
600,3101
600,3138
600,3152
600,3153
600,3156
600,3166
600,3168
600,3169
600,3176
600,3178
600,3190
600,3206
600,3211
600,3222
600,3223
600,3234
600,3236
600,3237
600,3242
600,3248
600,3250
600,3252
600,3253
600,3254
600,3255
600,3257
600,3336
600,3348
600,3353
600,3368
600,3454
600,3462
600,3468
600,3470
601,1993
601,2539
602,3138
603,2479
603,3138
604,2539
606,2539
607,1992
607,2539
607,2819
608,694
608,709
608,738
608,759
608,783
608,785
608,794
608,807
608,821
608,825
608,833
608,854
608,868
608,891
608,896
608,903
608,964
608,991
608,1063
608,1083
608,1115
608,1184
608,1195
608,1259
608,1289
608,1342
608,1343
608,1386
608,1397
608,1463
608,1497
608,1557
608,1622
608,1645
608,1657
608,1666
608,1724
608,1829
608,1856
608,1905
608,1906
608,1934
608,1942
608,1967
608,1983
608,1997
608,2063
608,2079
608,2080
608,2121
608,2129
608,2130
608,2144
608,2185
608,2249
608,2307
608,2370
608,2385
608,2468
608,2470
608,2539
608,2557
608,2592
608,2668
608,2675
608,2679
608,2715
608,2757
608,2801
608,2802
608,2819
608,2871
608,2874
608,2879
608,2910
608,2952
608,2953
608,3060
608,3114
608,3138
608,3167
608,3202
608,3209
608,3233
608,3370
608,3371
608,3438
608,3490
611,1992
612,1574
612,1674
612,1956
612,2539
612,2819
614,3138
615,1343
615,2539
616,1992
617,3138
618,1574
618,1956
618,2010
618,2044
618,2219
618,2539
618,2607
619,3138
620,2819
621,666
621,668
621,698
621,744
621,772
621,915
621,922
621,943
621,958
621,1003
621,1047
621,1065
621,1074
621,1101
621,1123
621,1125
621,1153
621,1198
621,1240
621,1241
621,1319
621,1348
621,1409
621,1447
621,1465
621,1561
621,1640
621,1689
621,1694
621,1698
621,1743
621,1845
621,1853
621,1857
621,1890
621,2002
621,2011
621,2017
621,2027
621,2039
621,2040
621,2080
621,2081
621,2082
621,2115
621,2227
621,2228
621,2231
621,2238
621,2239
621,2317
621,2529
621,2552
621,2558
621,2610
621,2621
621,2638
621,2667
621,2706
621,2740
621,2801
621,2819
621,2996
621,3039
621,3115
621,3138
621,3140
621,3166
621,3172
621,3176
621,3225
621,3240
621,3247
621,3299
621,3342
621,3356
621,3369
621,3371
621,3377
621,3466
621,3468
622,3138
623,3138
624,3138
625,2819
626,3138
627,2539
628,964
628,1622
628,1905
628,2010
628,2219
628,2607
628,2695
629,3138
630,3138
631,3138
632,3138
633,3138
634,3138
635,3138
636,964
636,1905
636,1956
636,1992
636,2010
636,2607
637,873
637,918
637,1063
637,1131
637,1279
637,1377
637,1496
637,1520
637,1574
637,1591
637,1621
637,1855
637,1956
637,1992
637,2039
637,2044
637,2048
637,2275
637,2317
637,2454
637,2503
637,2539
637,2607
637,2673
637,2695
637,2708
637,3021
637,3082
637,3103
637,3243
637,3393
637,3452
637,3473
638,3138
639,1993
640,1645
640,2539
641,3138
642,1574
642,1956
642,1992
642,2479
642,2819
642,3138
643,2819
644,1992
644,2819
645,3138
646,3138
647,2479
649,1992
649,2479
649,3138
650,1992
650,2539
650,2819
650,3138
651,3138
652,2819
653,1674
653,2539
653,2819
653,3138
655,3138
656,3138
657,2819
657,3138
658,1992
659,1992
659,2539
659,3138
660,1992
660,3138
661,3138
662,842
662,2063
662,2290
662,2347
662,2479
662,2668
662,2819
662,2928
662,3138
663,3138
664,3138
665,2819
666,668
666,698
666,744
666,772
666,915
666,922
666,943
666,958
666,1003
666,1047
666,1065
666,1074
666,1101
666,1123
666,1125
666,1153
666,1198
666,1240
666,1241
666,1319
666,1348
666,1409
666,1447
666,1465
666,1561
666,1640
666,1689
666,1694
666,1698
666,1743
666,1845
666,1853
666,1857
666,1890
666,2002
666,2011
666,2017
666,2027
666,2039
666,2040
666,2080
666,2081
666,2082
666,2115
666,2227
666,2228
666,2231
666,2238
666,2239
666,2317
666,2529
666,2552
666,2558
666,2610
666,2621
666,2638
666,2667
666,2706
666,2740
666,2801
666,2819
666,2996
666,3039
666,3115
666,3138
666,3140
666,3166
666,3172
666,3176
666,3225
666,3240
666,3247
666,3299
666,3342
666,3356
666,3369
666,3371
666,3377
666,3466
666,3468
667,873
667,1184
667,1400
667,1992
667,2249
667,2290
667,2385
667,2479
667,2539
668,669
668,674
668,693
668,697
668,698
668,744
668,772
668,873
668,891
668,896
668,902
668,908
668,915
668,919
668,920
668,922
668,935
668,943
668,949
668,952
668,958
668,964
668,967
668,981
668,989
668,991
668,1000
668,1001
668,1002
668,1003
668,1004
668,1019
668,1021
668,1022
668,1027
668,1047
668,1062
668,1065
668,1073
668,1074
668,1077
668,1090
668,1100
668,1101
668,1111
668,1123
668,1125
668,1143
668,1147
668,1149
668,1152
668,1153
668,1155
668,1157
668,1159
668,1169
668,1171
668,1174
668,1183
668,1190
668,1191
668,1195
668,1198
668,1205
668,1206
668,1211
668,1217
668,1221
668,1223
668,1229
668,1240
668,1241
668,1266
668,1267
668,1275
668,1285
668,1288
668,1290
668,1293
668,1295
668,1301
668,1311
668,1318
668,1319
668,1331
668,1333
668,1340
668,1342
668,1348
668,1350
668,1351
668,1378
668,1379
668,1385
668,1409
668,1412
668,1428
668,1432
668,1435
668,1440
668,1442
668,1447
668,1449
668,1465
668,1507
668,1551
668,1553
668,1556
668,1561
668,1562
668,1563
668,1597
668,1599
668,1621
668,1622
668,1631
668,1636
668,1638
668,1639
668,1640
668,1645
668,1657
668,1679
668,1689
668,1693
668,1694
668,1696
668,1698
668,1716
668,1724
668,1726
668,1727
668,1729
668,1736
668,1741
668,1743
668,1758
668,1781
668,1803
668,1839
668,1843
668,1844
668,1845
668,1851
668,1853
668,1857
668,1858
668,1859
668,1862
668,1877
668,1878
668,1881
668,1890
668,1893
668,1905
668,1906
668,1932
668,1934
668,1940
668,1942
668,1943
668,1947
668,1949
668,1976
668,1986
668,1989
668,1997
668,1998
668,1999
668,2002
668,2006
668,2010
668,2011
668,2017
668,2018
668,2022
668,2027
668,2030
668,2033
668,2034
668,2039
668,2040
668,2042
668,2043
668,2046
668,2054
668,2055
668,2064
668,2065
668,2068
668,2070
668,2071
668,2079
668,2080
668,2081
668,2082
668,2111
668,2115
668,2139
668,2227
668,2231
668,2238
668,2239
668,2242
668,2260
668,2270
668,2288
668,2289
668,2309
668,2317
668,2327
668,2330
668,2333
668,2340
668,2345
668,2348
668,2377
668,2379
668,2380
668,2398
668,2408
668,2426
668,2453
668,2458
668,2480
668,2529
668,2533
668,2535
668,2536
668,2539
668,2543
668,2544
668,2551
668,2552
668,2557
668,2558
668,2562
668,2564
668,2579
668,2580
668,2593
668,2600
668,2608
668,2610
668,2621
668,2638
668,2640
668,2648
668,2651
668,2660
668,2663
668,2664
668,2666
668,2673
668,2675
668,2678
668,2689
668,2690
668,2692
668,2706
668,2709
668,2722
668,2726
668,2740
668,2744
668,2747
668,2757
668,2767
668,2769
668,2772
668,2781
668,2787
668,2801
668,2807
668,2816
668,2819
668,2840
668,2856
668,2931
668,2939
668,2958
668,2977
668,2996
668,3003
668,3004
668,3012
668,3016
668,3024
668,3037
668,3039
668,3099
668,3101
668,3114
668,3115
668,3122
668,3138
668,3140
668,3144
668,3152
668,3153
668,3156
668,3158
668,3166
668,3168
668,3169
668,3172
668,3176
668,3178
668,3190
668,3206
668,3211
668,3223
668,3224
668,3225
668,3230
668,3233
668,3234
668,3236
668,3237
668,3240
668,3242
668,3247
668,3248
668,3250
668,3252
668,3253
668,3254
668,3255
668,3257
668,3295
668,3297
668,3299
668,3336
668,3342
668,3353
668,3356
668,3357
668,3368
668,3369
668,3370
668,3371
668,3374
668,3377
668,3386
668,3411
668,3450
668,3453
668,3454
668,3456
668,3462
668,3466
668,3470
669,674
669,697
669,698
669,902
669,908
669,915
669,920
669,922
669,935
669,949
669,958
669,964
669,967
669,973
669,981
669,1000
669,1004
669,1019
669,1021
669,1022
669,1027
669,1062
669,1073
669,1077
669,1090
669,1111
669,1143
669,1152
669,1155
669,1157
669,1159
669,1169
669,1171
669,1173
669,1190
669,1191
669,1195
669,1198
669,1205
669,1211
669,1217
669,1221
669,1229
669,1266
669,1267
669,1275
669,1285
669,1288
669,1290
669,1301
669,1331
669,1333
669,1340
669,1343
669,1350
669,1351
669,1378
669,1385
669,1428
669,1440
669,1449
669,1551
669,1553
669,1556
669,1561
669,1597
669,1621
669,1631
669,1636
669,1639
669,1640
669,1693
669,1694
669,1716
669,1726
669,1727
669,1729
669,1736
669,1741
669,1839
669,1843
669,1844
669,1851
669,1858
669,1859
669,1862
669,1878
669,1881
669,1893
669,1905
669,1986
669,1989
669,1998
669,1999
669,2006
669,2010
669,2018
669,2022
669,2027
669,2030
669,2042
669,2043
669,2046
669,2055
669,2064
669,2065
669,2068
669,2070
669,2081
669,2082
669,2111
669,2260
669,2288
669,2309
669,2327
669,2328
669,2330
669,2333
669,2335
669,2340
669,2379
669,2380
669,2392
669,2398
669,2425
669,2426
669,2535
669,2536
669,2543
669,2544
669,2551
669,2562
669,2564
669,2579
669,2580
669,2600
669,2608
669,2640
669,2648
669,2651
669,2660
669,2663
669,2664
669,2678
669,2689
669,2690
669,2692
669,2697
669,2709
669,2722
669,2742
669,2747
669,2767
669,2772
669,2781
669,2787
669,2807
669,2964
669,2977
669,2985
669,2996
669,3003
669,3004
669,3012
669,3024
669,3037
669,3039
669,3099
669,3101
669,3114
669,3138
669,3152
669,3153
669,3156
669,3158
669,3166
669,3168
669,3169
669,3176
669,3178
669,3190
669,3206
669,3222
669,3223
669,3234
669,3236
669,3237
669,3248
669,3250
669,3252
669,3253
669,3254
669,3255
669,3295
669,3336
669,3348
669,3353
669,3368
669,3453
669,3454
669,3462
669,3468
669,3470
670,2819
671,2539
672,1183
672,1217
672,1853
672,1992
672,2080
672,2539
672,3138
672,3468
673,1992
674,693
674,698
674,902
674,908
674,915
674,919
674,920
674,922
674,949
674,952
674,958
674,964
674,967
674,973
674,981
674,989
674,1001
674,1004
674,1019
674,1021
674,1027
674,1062
674,1073
674,1077
674,1111
674,1143
674,1149
674,1152
674,1155
674,1157
674,1159
674,1169
674,1171
674,1173
674,1190
674,1191
674,1198
674,1205
674,1211
674,1217
674,1221
674,1266
674,1275
674,1285
674,1288
674,1290
674,1293
674,1301
674,1340
674,1350
674,1378
674,1379
674,1385
674,1428
674,1432
674,1435
674,1442
674,1449
674,1551
674,1553
674,1556
674,1561
674,1597
674,1599
674,1621
674,1631
674,1636
674,1638
674,1639
674,1679
674,1693
674,1694
674,1716
674,1727
674,1729
674,1736
674,1741
674,1839
674,1843
674,1851
674,1859
674,1862
674,1878
674,1881
674,1901
674,1905
674,1986
674,1989
674,1997
674,1998
674,2006
674,2010
674,2022
674,2027
674,2030
674,2033
674,2034
674,2042
674,2043
674,2046
674,2054
674,2055
674,2064
674,2065
674,2068
674,2070
674,2081
674,2082
674,2111
674,2260
674,2270
674,2309
674,2328
674,2330
674,2333
674,2335
674,2340
674,2345
674,2379
674,2380
674,2392
674,2398
674,2425
674,2535
674,2536
674,2543
674,2551
674,2562
674,2564
674,2565
674,2579
674,2600
674,2608
674,2640
674,2648
674,2651
674,2660
674,2663
674,2666
674,2678
674,2689
674,2690
674,2692
674,2697
674,2709
674,2722
674,2742
674,2744
674,2747
674,2767
674,2781
674,2787
674,2816
674,2939
674,2958
674,2985
674,2996
674,3003
674,3004
674,3012
674,3016
674,3024
674,3039
674,3099
674,3114
674,3138
674,3144
674,3152
674,3158
674,3168
674,3176
674,3178
674,3190
674,3206
674,3211
674,3223
674,3234
674,3236
674,3237
674,3242
674,3248
674,3250
674,3254
674,3255
674,3295
674,3336
674,3348
674,3353
674,3368
674,3453
674,3456
674,3462
674,3468
674,3470
675,2539
676,1992
677,1992
679,1993
680,3138
681,1993
682,2819
683,2819
684,3138
685,2819
686,3138
687,3138
688,1992
688,2539
689,3138
690,1993
690,3138
691,2539
691,3138
692,2539
692,3138
693,697
693,698
693,902
693,915
693,922
693,935
693,949
693,952
693,964
693,967
693,973
693,989
693,1000
693,1001
693,1019
693,1021
693,1062
693,1073
693,1077
693,1090
693,1111
693,1149
693,1152
693,1155
693,1169
693,1171
693,1173
693,1174
693,1191
693,1195
693,1198
693,1217
693,1221
693,1229
693,1267
693,1275
693,1288
693,1290
693,1293
693,1301
693,1311
693,1331
693,1333
693,1340
693,1350
693,1351
693,1378
693,1379
693,1385
693,1412
693,1428
693,1432
693,1435
693,1440
693,1442
693,1551
693,1553
693,1561
693,1597
693,1599
693,1621
693,1631
693,1636
693,1638
693,1640
693,1693
693,1694
693,1696
693,1716
693,1726
693,1727
693,1736
693,1741
693,1839
693,1843
693,1851
693,1858
693,1859
693,1878
693,1881
693,1905
693,1986
693,1989
693,1992
693,1997
693,1998
693,1999
693,2006
693,2010
693,2018
693,2027
693,2030
693,2033
693,2039
693,2042
693,2043
693,2046
693,2064
693,2065
693,2068
693,2070
693,2071
693,2081
693,2082
693,2111
693,2260
693,2270
693,2288
693,2309
693,2327
693,2330
693,2333
693,2335
693,2340
693,2345
693,2379
693,2380
693,2392
693,2397
693,2425
693,2426
693,2535
693,2536
693,2539
693,2544
693,2551
693,2562
693,2564
693,2565
693,2580
693,2608
693,2651
693,2660
693,2663
693,2664
693,2666
693,2690
693,2692
693,2697
693,2709
693,2742
693,2744
693,2747
693,2781
693,2807
693,2816
693,2958
693,2964
693,2977
693,2985
693,2996
693,3003
693,3004
693,3012
693,3024
693,3037
693,3039
693,3099
693,3101
693,3114
693,3153
693,3156
693,3158
693,3166
693,3168
693,3176
693,3190
693,3206
693,3211
693,3222
693,3223
693,3234
693,3242
693,3248
693,3252
693,3253
693,3257
693,3295
693,3348
693,3353
693,3368
693,3453
693,3454
693,3462
693,3468
693,3470
694,709
694,738
694,785
694,794
694,807
694,819
694,821
694,829
694,838
694,868
694,872
694,883
694,1034
694,1083
694,1123
694,1217
694,1245
694,1249
694,1318
694,1376
694,1468
694,1499
694,1526
694,1563
694,1645
694,1666
694,1779
694,1821
694,1853
694,1906
694,1927
694,1934
694,1942
694,1967
694,1992
694,1997
694,2080
694,2185
694,2323
694,2378
694,2392
694,2437
694,2533
694,2539
694,2592
694,2669
694,2802
694,2819
694,2871
694,3074
694,3078
694,3088
694,3167
694,3280
694,3304
694,3371
694,3457
694,3473
694,3474
695,3138
696,964
696,2010
697,698
697,902
697,908
697,915
697,919
697,920
697,922
697,935
697,949
697,952
697,958
697,964
697,981
697,989
697,1000
697,1001
697,1019
697,1022
697,1027
697,1062
697,1073
697,1077
697,1111
697,1143
697,1149
697,1152
697,1155
697,1157
697,1159
697,1171
697,1174
697,1190
697,1191
697,1195
697,1205
697,1217
697,1229
697,1266
697,1267
697,1275
697,1288
697,1290
697,1301
697,1311
697,1331
697,1340
697,1343
697,1378
697,1379
697,1385
697,1412
697,1432
697,1440
697,1442
697,1449
697,1551
697,1553
697,1556
697,1561
697,1599
697,1621
697,1636
697,1638
697,1639
697,1640
697,1679
697,1693
697,1694
697,1696
697,1716
697,1726
697,1729
697,1736
697,1741
697,1839
697,1843
697,1844
697,1851
697,1858
697,1859
697,1878
697,1881
697,1901
697,1986
697,1997
697,1999
697,2006
697,2010
697,2030
697,2034
697,2039
697,2042
697,2054
697,2055
697,2064
697,2065
697,2068
697,2070
697,2071
697,2081
697,2082
697,2111
697,2260
697,2270
697,2288
697,2309
697,2327
697,2328
697,2333
697,2335
697,2345
697,2379
697,2380
697,2392
697,2398
697,2425
697,2426
697,2544
697,2551
697,2562
697,2564
697,2600
697,2608
697,2648
697,2651
697,2663
697,2666
697,2673
697,2678
697,2689
697,2697
697,2709
697,2722
697,2742
697,2744
697,2747
697,2767
697,2772
697,2781
697,2787
697,2807
697,2939
697,2958
697,2964
697,2977
697,2985
697,2996
697,3003
697,3004
697,3012
697,3024
697,3039
697,3099
697,3114
697,3144
697,3153
697,3158
697,3166
697,3168
697,3169
697,3176
697,3178
697,3190
697,3206
697,3211
697,3222
697,3223
697,3234
697,3236
697,3237
697,3242
697,3248
697,3250
697,3252
697,3253
697,3254
697,3255
697,3257
697,3348
697,3353
697,3454
697,3456
697,3462
697,3468
697,3470
698,744
698,772
698,908
698,915
698,919
698,920
698,922
698,935
698,943
698,949
698,958
698,967
698,973
698,981
698,989
698,1000
698,1001
698,1003
698,1004
698,1019
698,1021
698,1047
698,1062
698,1065
698,1073
698,1074
698,1090
698,1101
698,1111
698,1123
698,1125
698,1143
698,1149
698,1153
698,1155
698,1157
698,1159
698,1169
698,1171
698,1173
698,1174
698,1190
698,1191
698,1195
698,1198
698,1205
698,1211
698,1217
698,1221
698,1229
698,1240
698,1241
698,1267
698,1275
698,1285
698,1290
698,1293
698,1301
698,1311
698,1319
698,1331
698,1333
698,1340
698,1343
698,1348
698,1351
698,1378
698,1379
698,1409
698,1412
698,1428
698,1432
698,1435
698,1440
698,1442
698,1447
698,1449
698,1465
698,1553
698,1561
698,1597
698,1599
698,1621
698,1636
698,1639
698,1640
698,1679
698,1689
698,1693
698,1694
698,1698
698,1716
698,1727
698,1736
698,1741
698,1743
698,1843
698,1844
698,1845
698,1851
698,1853
698,1857
698,1858
698,1859
698,1862
698,1878
698,1881
698,1890
698,1893
698,1901
698,1905
698,1986
698,1989
698,1992
698,1997
698,1998
698,1999
698,2002
698,2006
698,2010
698,2011
698,2017
698,2027
698,2039
698,2040
698,2042
698,2043
698,2055
698,2064
698,2065
698,2068
698,2070
698,2080
698,2081
698,2082
698,2111
698,2115
698,2227
698,2228
698,2231
698,2239
698,2260
698,2270
698,2288
698,2309
698,2317
698,2327
698,2328
698,2330
698,2333
698,2335
698,2345
698,2379
698,2380
698,2392
698,2398
698,2425
698,2426
698,2529
698,2535
698,2536
698,2539
698,2543
698,2544
698,2551
698,2552
698,2558
698,2562
698,2564
698,2565
698,2579
698,2580
698,2608
698,2610
698,2621
698,2638
698,2640
698,2648
698,2660
698,2663
698,2664
698,2666
698,2667
698,2673
698,2678
698,2689
698,2690
698,2692
698,2697
698,2706
698,2709
698,2722
698,2740
698,2742
698,2747
698,2767
698,2772
698,2781
698,2801
698,2807
698,2819
698,2939
698,2958
698,2964
698,2977
698,2985
698,2996
698,3003
698,3004
698,3016
698,3024
698,3037
698,3039
698,3099
698,3114
698,3115
698,3138
698,3140
698,3144
698,3152
698,3153
698,3158
698,3166
698,3168
698,3169
698,3172
698,3176
698,3178
698,3190
698,3206
698,3211
698,3222
698,3223
698,3225
698,3234
698,3236
698,3237
698,3240
698,3247
698,3248
698,3253
698,3254
698,3295
698,3299
698,3336
698,3342
698,3356
698,3368
698,3369
698,3371
698,3377
698,3454
698,3456
698,3462
698,3466
698,3468
698,3470
699,3138
700,3138
701,2819
702,2539
702,2819
702,3138
703,1992
704,2539
704,2819
705,2539
706,1217
706,1400
706,2539
706,3138
707,2819
708,3138
709,738
709,783
709,785
709,794
709,819
709,821
709,833
709,868
709,872
709,896
709,957
709,964
709,980
709,1006
709,1008
709,1047
709,1063
709,1083
709,1123
709,1208
709,1245
709,1249
709,1318
709,1342
709,1386
709,1497
709,1499
709,1526
709,1557
709,1645
709,1666
709,1724
709,1786
709,1853
709,1855
709,1906
709,1914
709,1934
709,1942
709,1967
709,1972
709,2010
709,2039
709,2080
709,2121
709,2129
709,2144
709,2158
709,2185
709,2362
709,2378
709,2392
709,2437
709,2532
709,2539
709,2622
709,2649
709,2669
709,2679
709,2715
709,2741
709,2769
709,2801
709,2802
709,2809
709,2825
709,2874
709,2878
709,2879
709,2882
709,2900
709,2910
709,2952
709,3060
709,3074
709,3088
709,3091
709,3138
709,3167
709,3209
709,3224
709,3371
709,3379
709,3438
709,3468
709,3474
710,1674
710,2479
710,2819
711,1645
711,1992
711,2539
711,2819
712,1269
712,3121
714,2539
716,3138
717,2819
717,3138
718,2539
718,3138
719,2539
720,1645
720,2539
721,2539
722,2539
723,1992
723,2539
723,3138
724,1992
724,2539
724,2819
724,3138
725,1992
725,2539
725,3138
726,2539
726,2819
726,3138
727,3138
728,3138
729,1992
729,2539
729,2819
730,3138
731,1993
732,3138
733,2819
733,3138
734,2819
736,2539
737,1645
738,784
738,807
738,872
738,980
738,1123
738,1208
738,1245
738,1386
738,1400
738,1497
738,1526
738,1645
738,1653
738,1657
738,1724
738,1779
738,2010
738,2197
738,2323
738,2468
738,2514
738,2516
738,2539
738,2649
738,2715
738,2741
738,2819
738,2874
738,2878
738,2900
738,2910
738,2952
738,3060
738,3088
738,3209
738,3370
739,2539
741,2539
742,1992
742,2539
742,2819
744,772
744,915
744,922
744,943
744,958
744,1003
744,1047
744,1065
744,1074
744,1101
744,1123
744,1125
744,1153
744,1198
744,1240
744,1241
744,1319
744,1348
744,1409
744,1447
744,1465
744,1561
744,1640
744,1689
744,1694
744,1698
744,1743
744,1845
744,1853
744,1857
744,1890
744,2002
744,2011
744,2017
744,2027
744,2039
744,2040
744,2080
744,2081
744,2082
744,2115
744,2227
744,2228
744,2231
744,2238
744,2239
744,2317
744,2529
744,2552
744,2558
744,2610
744,2621
744,2638
744,2667
744,2706
744,2740
744,2801
744,2819
744,2996
744,3039
744,3115
744,3138
744,3140
744,3166
744,3172
744,3176
744,3225
744,3240
744,3247
744,3299
744,3342
744,3356
744,3369
744,3371
744,3377
744,3466
744,3468
745,2819
746,1992
746,2819
748,2819
749,1992
751,2819
752,1645
752,2819
753,1645
754,2819
756,1645
756,2802
756,2819
759,872
759,980
759,1034
759,1362
759,1386
759,1397
759,1462
759,1526
759,1645
759,1967
759,2121
759,2129
759,2130
759,2458
759,2715
759,2741
759,2819
759,2874
759,2878
759,2910
759,3060
759,3088
759,3114
759,3167
759,3209
759,3224
760,1645
761,1400
761,1645
761,2626
761,2819
763,1992
763,2539
764,1992
765,1123
765,1208
765,1561
765,1992
765,1997
765,2649
765,2819
766,1645
766,2819
767,2539
768,1992
769,2819
770,2819
772,915
772,922
772,943
772,958
772,1003
772,1047
772,1065
772,1074
772,1101
772,1123
772,1125
772,1153
772,1198
772,1240
772,1241
772,1319
772,1348
772,1409
772,1447
772,1465
772,1561
772,1640
772,1689
772,1694
772,1698
772,1743
772,1845
772,1853
772,1857
772,1890
772,2002
772,2011
772,2017
772,2027
772,2039
772,2040
772,2080
772,2081
772,2082
772,2115
772,2227
772,2228
772,2231
772,2238
772,2239
772,2317
772,2529
772,2552
772,2558
772,2610
772,2621
772,2638
772,2667
772,2706
772,2740
772,2801
772,2819
772,2996
772,3039
772,3115
772,3138
772,3140
772,3166
772,3172
772,3176
772,3225
772,3240
772,3247
772,3299
772,3342
772,3356
772,3369
772,3371
772,3377
772,3466
772,3468
773,2539
774,2539
775,2539
777,2819
778,1992
779,2819
780,1992
781,2819
782,2819
783,794
783,807
783,833
783,1942
783,2130
783,2144
783,2158
783,2362
783,2390
783,2470
783,2592
783,2819
783,2871
783,2874
783,2879
784,980
784,1123
784,1245
784,1653
784,1997
784,2010
784,2129
784,2649
784,2679
784,2819
784,3114
784,3167
784,3209
785,794
785,807
785,819
785,821
785,833
785,1034
785,1063
785,1083
785,1195
785,1342
785,1497
785,1557
785,1645
785,1666
785,1786
785,1807
785,1855
785,1906
785,1934
785,1942
785,2080
785,2122
785,2130
785,2144
785,2147
785,2158
785,2185
785,2390
785,2514
785,2638
785,2871
785,2874
785,2879
785,2952
785,3370
785,3379
785,3438
786,2819
787,2819
788,2819
789,2819
790,2819
791,2819
792,2819
794,821
794,825
794,833
794,883
794,1063
794,1075
794,1083
794,1195
794,1342
794,1666
794,1810
794,1855
794,1906
794,1934
794,1942
794,1992
794,2122
794,2130
794,2144
794,2147
794,2158
794,2323
794,2362
794,2470
794,2592
794,2638
794,2874
794,2879
794,3167
794,3370
794,3438
795,2819
796,2539
796,2819
798,2539
804,2819
805,2819
806,2819
807,825
807,896
807,1083
807,1342
807,1514
807,1666
807,1724
807,1810
807,1855
807,1906
807,2147
807,2197
807,2362
807,2514
807,2516
807,2539
807,2592
807,2638
807,2802
807,2819
807,2874
807,3370
808,2819
810,2819
811,2819
812,1992
813,2819
814,2819
815,1992
816,2819
817,2819
819,821
819,825
819,868
819,896
819,1063
819,1855
819,1934
819,2144
819,2362
819,2470
819,2592
819,2819
819,2874
819,2879
820,2819
821,825
821,833
821,896
821,1063
821,1075
821,1083
821,1342
821,1666
821,1810
821,1855
821,1906
821,1934
821,2080
821,2130
821,2147
821,2158
821,2185
821,2802
821,2819
821,2871
821,2874
821,2879
821,3370
821,3379
821,3438
823,2539
824,1645
825,868
825,896
825,1063
825,1083
825,1342
825,1514
825,1557
825,1666
825,1786
825,1855
825,1906
825,1934
825,1942
825,2080
825,2130
825,2144
825,2158
825,2638
825,2802
825,2879
825,3167
828,1645
828,2819
829,1217
829,1237
829,1247
829,1468
829,1673
829,1850
829,1853
829,2437
829,2533
829,3074
829,3077
829,3474
830,2819
831,2539
833,1083
833,1810
833,1855
833,1906
833,2130
833,2147
833,2158
833,2323
833,2802
833,2819
833,2874
833,2952
833,3167
833,3370
834,1645
834,2539
836,2819
837,2539
838,854
838,1217
838,1237
838,1247
838,1268
838,1499
838,1563
838,1673
838,1850
838,1853
838,1927
838,2437
838,2533
838,2669
838,3077
838,3280
839,1645
839,1992
839,2539
839,2819
840,2539
840,2819
841,1992
841,2539
842,1463
842,1992
842,2063
842,2953
843,3138
844,1992
844,2539
845,2539
845,2819
846,3138
847,2539
848,1992
848,3138
849,854
849,979
849,1058
849,1184
849,1463
849,2063
849,2370
849,2547
849,2557
849,2928
850,1992
851,3138
852,2539
852,3138
853,3138
854,903
854,962
854,979
854,1006
854,1008
854,1115
854,1123
854,1184
854,1217
854,1249
854,1295
854,1400
854,1444
854,1463
854,1477
854,1561
854,1608
854,1673
854,1674
854,1934
854,1997
854,2290
854,2370
854,2445
854,2468
854,2479
854,2533
854,2539
854,2593
854,2741
854,2809
854,2819
854,2899
854,2928
854,2953
854,3074
854,3077
854,3088
854,3114
854,3167
854,3383
855,1993
855,2539
856,891
856,991
856,1223
856,1574
856,1622
856,1905
856,1983
856,2044
856,2307
856,2539
856,2675
857,2819
857,3138
858,2479
858,2539
858,2819
858,3138
859,1992
859,3138
860,1184
860,1223
860,1622
860,1674
860,1983
860,2010
860,2044
860,2650
860,2675
860,2757
861,1992
862,1993
862,2539
863,1992
864,2539
865,2539
866,1992
866,2539
866,3138
867,1992
867,2539
868,896
868,1724
868,1942
868,2080
868,2147
868,2158
868,2185
868,2323
868,2514
868,2819
868,2874
868,3138
869,1993
869,2539
870,1674
871,3138
872,979
872,980
872,1208
872,1362
872,1463
872,1645
872,1653
872,1906
872,1992
872,2010
872,2458
872,2668
872,2741
872,2819
872,2878
872,2952
872,2953
872,3088
872,3114
872,3138
872,3167
873,918
873,1013
873,1063
873,1131
873,1219
873,1279
873,1377
873,1496
873,1520
873,1591
873,1855
873,1956
873,1992
873,2010
873,2044
873,2048
873,2079
873,2080
873,2197
873,2249
873,2275
873,2317
873,2503
873,2516
873,2539
873,2607
873,2673
873,2695
873,2708
873,2710
873,2819
873,3021
873,3082
873,3370
873,3371
873,3452
874,2539
875,1645
875,3138
876,2539
877,1992
877,2479
877,2819
878,1645
878,2539
879,3138
880,1645
880,1992
880,2539
880,3138
881,3138
882,1198
882,2011
882,2228
882,3342
883,903
883,1198
883,1289
883,2130
883,2158
883,2185
883,2592
883,2819
883,2874
883,3138
884,3138
885,2479
885,2539
887,3138
888,2539
888,3138
889,2479
889,2539
890,3138
891,918
891,964
891,1063
891,1198
891,1271
891,1496
891,1622
891,1956
891,1993
891,2010
891,2219
891,2539
891,2607
891,2695
891,2953
891,3083
891,3233
892,964
892,1956
892,1992
892,2010
892,2219
892,2607
893,964
893,1574
893,1905
893,1956
893,2010
893,2044
893,2219
893,2607
893,2695
894,1992
894,2539
894,2819
895,3138
896,1002
896,1047
896,1063
896,1083
896,1100
896,1115
896,1184
896,1198
896,1306
896,1342
896,1557
896,1563
896,1666
896,1786
896,1810
896,1813
896,1845
896,1855
896,1856
896,1877
896,1906
896,1932
896,1934
896,1992
896,2079
896,2080
896,2249
896,2289
896,2348
896,2377
896,2385
896,2408
896,2453
896,2470
896,2533
896,2539
896,2592
896,2593
896,2638
896,2679
896,2801
896,2802
896,2840
896,2848
896,2856
896,2858
896,2874
896,2879
896,2931
896,2952
896,2953
896,3122
896,3138
896,3167
896,3233
896,3374
896,3386
896,3438
897,2819
898,1992
898,2539
898,2819
899,3138
900,3138
901,1674
902,908
902,915
902,920
902,922
902,935
902,949
902,952
902,958
902,967
902,973
902,981
902,989
902,1000
902,1004
902,1019
902,1021
902,1022
902,1027
902,1073
902,1077
902,1111
902,1143
902,1149
902,1152
902,1155
902,1157
902,1171
902,1173
902,1174
902,1190
902,1191
902,1195
902,1198
902,1205
902,1211
902,1217
902,1266
902,1267
902,1275
902,1285
902,1288
902,1290
902,1293
902,1301
902,1311
902,1331
902,1333
902,1340
902,1343
902,1350
902,1351
902,1378
902,1379
902,1385
902,1432
902,1435
902,1440
902,1442
902,1449
902,1551
902,1553
902,1556
902,1561
902,1597
902,1599
902,1621
902,1631
902,1636
902,1638
902,1639
902,1640
902,1679
902,1694
902,1696
902,1716
902,1727
902,1729
902,1736
902,1741
902,1839
902,1843
902,1844
902,1851
902,1858
902,1862
902,1878
902,1881
902,1893
902,1901
902,1905
902,1986
902,1997
902,1998
902,1999
902,2006
902,2010
902,2018
902,2022
902,2027
902,2030
902,2033
902,2034
902,2039
902,2042
902,2043
902,2046
902,2054
902,2064
902,2065
902,2068
902,2070
902,2071
902,2081
902,2082
902,2111
902,2260
902,2270
902,2288
902,2309
902,2327
902,2328
902,2330
902,2333
902,2335
902,2345
902,2392
902,2398
902,2425
902,2426
902,2535
902,2536
902,2544
902,2551
902,2562
902,2564
902,2579
902,2580
902,2608
902,2648
902,2660
902,2663
902,2664
902,2673
902,2678
902,2689
902,2697
902,2709
902,2722
902,2742
902,2744
902,2747
902,2767
902,2772
902,2781
902,2787
902,2816
902,2939
902,2977
902,2985
902,2996
902,3003
902,3004
902,3012
902,3016
902,3037
902,3039
902,3099
902,3101
902,3114
902,3138
902,3144
902,3153
902,3156
902,3158
902,3166
902,3168
902,3169
902,3176
902,3178
902,3190
902,3206
902,3222
902,3223
902,3234
902,3236
902,3237
902,3242
902,3250
902,3252
902,3253
902,3254
902,3255
902,3257
902,3336
902,3348
902,3353
902,3368
902,3453
902,3454
902,3456
902,3468
902,3470
903,964
903,966
903,979
903,1058
903,1112
903,1123
903,1259
903,1289
903,1342
903,1343
903,1444
903,1463
903,1614
903,1653
903,1758
903,1829
903,1877
903,2063
903,2247
903,2290
903,2309
903,2391
903,2468
903,2479
903,2557
903,2592
903,2650
903,2679
903,2741
903,2819
903,2857
903,2858
903,2904
903,2953
903,3167
903,3233
903,3438
904,2539
904,3138
906,1992
906,2539
907,3138
908,915
908,919
908,920
908,922
908,935
908,949
908,952
908,958
908,964
908,973
908,981
908,1000
908,1001
908,1004
908,1019
908,1021
908,1022
908,1027
908,1062
908,1073
908,1077
908,1090
908,1111
908,1143
908,1149
908,1152
908,1155
908,1157
908,1159
908,1171
908,1173
908,1174
908,1191
908,1195
908,1198
908,1205
908,1211
908,1217
908,1221
908,1266
908,1267
908,1275
908,1285
908,1288
908,1290
908,1301
908,1331
908,1333
908,1343
908,1351
908,1378
908,1379
908,1385
908,1428
908,1432
908,1435
908,1440
908,1442
908,1449
908,1551
908,1553
908,1556
908,1561
908,1597
908,1599
908,1621
908,1636
908,1638
908,1639
908,1640
908,1679
908,1693
908,1694
908,1696
908,1716
908,1726
908,1727
908,1729
908,1736
908,1741
908,1839
908,1843
908,1844
908,1851
908,1859
908,1862
908,1901
908,1905
908,1986
908,1997
908,1998
908,1999
908,2006
908,2010
908,2018
908,2022
908,2027
908,2030
908,2034
908,2039
908,2043
908,2054
908,2055
908,2064
908,2065
908,2068
908,2070
908,2071
908,2081
908,2082
908,2111
908,2260
908,2270
908,2288
908,2309
908,2327
908,2328
908,2330
908,2333
908,2335
908,2345
908,2379
908,2380
908,2392
908,2398
908,2425
908,2426
908,2535
908,2536
908,2543
908,2544
908,2551
908,2562
908,2564
908,2565
908,2579
908,2580
908,2600
908,2608
908,2651
908,2663
908,2678
908,2689
908,2690
908,2692
908,2697
908,2709
908,2722
908,2747
908,2767
908,2781
908,2787
908,2816
908,2939
908,2964
908,2977
908,2985
908,2996
908,3004
908,3016
908,3024
908,3039
908,3099
908,3114
908,3138
908,3144
908,3152
908,3156
908,3158
908,3166
908,3168
908,3169
908,3176
908,3190
908,3206
908,3211
908,3222
908,3223
908,3236
908,3237
908,3242
908,3248
908,3250
908,3252
908,3253
908,3254
908,3255
908,3257
908,3295
908,3336
908,3368
908,3454
908,3456
908,3462
908,3468
908,3470
909,3138
910,3138
911,3138
912,3138
913,3138
914,3138
915,919
915,922
915,935
915,943
915,949
915,952
915,958
915,964
915,967
915,973
915,981
915,989
915,1000
915,1001
915,1003
915,1004
915,1019
915,1021
915,1022
915,1027
915,1047
915,1062
915,1065
915,1073
915,1074
915,1077
915,1090
915,1101
915,1111
915,1123
915,1125
915,1143
915,1152
915,1153
915,1155
915,1157
915,1159
915,1169
915,1171
915,1173
915,1174
915,1183
915,1190
915,1191
915,1195
915,1198
915,1205
915,1211
915,1217
915,1221
915,1229
915,1240
915,1241
915,1266
915,1267
915,1275
915,1285
915,1288
915,1293
915,1301
915,1311
915,1318
915,1319
915,1331
915,1333
915,1340
915,1348
915,1350
915,1351
915,1378
915,1379
915,1385
915,1409
915,1412
915,1428
915,1432
915,1435
915,1440
915,1442
915,1447
915,1449
915,1465
915,1551
915,1553
915,1556
915,1561
915,1562
915,1597
915,1599
915,1621
915,1636
915,1638
915,1639
915,1640
915,1679
915,1689
915,1693
915,1694
915,1696
915,1698
915,1716
915,1726
915,1727
915,1729
915,1741
915,1743
915,1803
915,1839
915,1843
915,1844
915,1845
915,1851
915,1853
915,1857
915,1858
915,1859
915,1862
915,1878
915,1881
915,1890
915,1893
915,1901
915,1905
915,1934
915,1940
915,1942
915,1943
915,1947
915,1949
915,1976
915,1986
915,1989
915,1997
915,1999
915,2002
915,2006
915,2010
915,2011
915,2017
915,2018
915,2022
915,2027
915,2030
915,2033
915,2034
915,2039
915,2040
915,2042
915,2043
915,2046
915,2054
915,2055
915,2064
915,2065
915,2068
915,2070
915,2071
915,2080
915,2081
915,2082
915,2111
915,2115
915,2227
915,2228
915,2231
915,2238
915,2239
915,2260
915,2270
915,2288
915,2309
915,2317
915,2327
915,2328
915,2330
915,2333
915,2335
915,2340
915,2345
915,2379
915,2380
915,2392
915,2397
915,2398
915,2425
915,2426
915,2458
915,2529
915,2535
915,2536
915,2543
915,2544
915,2551
915,2552
915,2558
915,2562
915,2564
915,2565
915,2579
915,2580
915,2600
915,2608
915,2610
915,2621
915,2638
915,2640
915,2651
915,2660
915,2663
915,2666
915,2667
915,2673
915,2678
915,2689
915,2690
915,2692
915,2697
915,2706
915,2709
915,2722
915,2740
915,2742
915,2744
915,2747
915,2767
915,2772
915,2781
915,2787
915,2801
915,2807
915,2816
915,2819
915,2939
915,2958
915,2964
915,2977
915,2996
915,3003
915,3004
915,3012
915,3016
915,3024
915,3037
915,3039
915,3099
915,3101
915,3114
915,3115
915,3138
915,3140
915,3144
915,3152
915,3153
915,3156
915,3158
915,3166
915,3168
915,3169
915,3172
915,3176
915,3178
915,3190
915,3206
915,3211
915,3222
915,3223
915,3225
915,3234
915,3236
915,3237
915,3240
915,3242
915,3247
915,3248
915,3250
915,3252
915,3253
915,3254
915,3255
915,3257
915,3295
915,3299
915,3336
915,3342
915,3348
915,3353
915,3356
915,3368
915,3369
915,3371
915,3377
915,3453
915,3454
915,3456
915,3462
915,3466
915,3468
915,3470
916,2819
917,2539
918,979
918,1013
918,1058
918,1131
918,1198
918,1219
918,1223
918,1259
918,1289
918,1343
918,1377
918,1574
918,1591
918,1607
918,1608
918,1621
918,1622
918,1829
918,1856
918,1905
918,1956
918,1992
918,2044
918,2062
918,2063
918,2079
918,2092
918,2219
918,2232
918,2249
918,2275
918,2317
918,2343
918,2454
918,2557
918,2607
918,2650
918,2673
918,2675
918,2695
918,2708
918,2710
918,2757
918,2773
918,2928
918,2953
918,3021
918,3082
918,3103
918,3225
918,3243
918,3259
918,3363
918,3376
918,3393
918,3399
918,3452
918,3473
919,920
919,922
919,935
919,949
919,952
919,964
919,967
919,973
919,981
919,989
919,1000
919,1001
919,1004
919,1019
919,1021
919,1022
919,1027
919,1062
919,1073
919,1090
919,1111
919,1143
919,1152
919,1155
919,1157
919,1159
919,1169
919,1171
919,1173
919,1190
919,1191
919,1195
919,1198
919,1217
919,1221
919,1229
919,1266
919,1267
919,1275
919,1285
919,1288
919,1290
919,1293
919,1301
919,1311
919,1331
919,1340
919,1343
919,1350
919,1351
919,1378
919,1379
919,1385
919,1412
919,1428
919,1432
919,1435
919,1440
919,1442
919,1449
919,1553
919,1556
919,1561
919,1599
919,1621
919,1636
919,1639
919,1679
919,1693
919,1694
919,1696
919,1716
919,1726
919,1727
919,1729
919,1736
919,1741
919,1839
919,1843
919,1844
919,1851
919,1858
919,1859
919,1878
919,1881
919,1901
919,1905
919,1989
919,1997
919,1998
919,2006
919,2010
919,2022
919,2030
919,2033
919,2034
919,2039
919,2042
919,2043
919,2046
919,2054
919,2055
919,2064
919,2068
919,2081
919,2082
919,2111
919,2260
919,2288
919,2309
919,2327
919,2328
919,2330
919,2333
919,2335
919,2340
919,2345
919,2379
919,2380
919,2392
919,2397
919,2425
919,2426
919,2535
919,2536
919,2543
919,2544
919,2551
919,2562
919,2564
919,2565
919,2579
919,2580
919,2600
919,2640
919,2648
919,2651
919,2660
919,2663
919,2664
919,2666
919,2673
919,2689
919,2690
919,2692
919,2697
919,2709
919,2722
919,2742
919,2744
919,2747
919,2767
919,2772
919,2781
919,2807
919,2816
919,2939
919,2964
919,2977
919,2985
919,2996
919,3003
919,3004
919,3012
919,3016
919,3037
919,3039
919,3099
919,3101
919,3114
919,3138
919,3144
919,3156
919,3158
919,3166
919,3168
919,3169
919,3176
919,3178
919,3190
919,3206
919,3211
919,3222
919,3223
919,3234
919,3237
919,3248
919,3250
919,3252
919,3254
919,3295
919,3336
919,3348
919,3353
919,3368
919,3453
919,3454
919,3456
919,3462
919,3468
919,3470
920,922
920,935
920,949
920,952
920,958
920,967
920,973
920,981
920,989
920,1000
920,1001
920,1004
920,1019
920,1021
920,1022
920,1027
920,1062
920,1073
920,1077
920,1090
920,1111
920,1143
920,1149
920,1152
920,1155
920,1157
920,1159
920,1169
920,1171
920,1173
920,1174
920,1191
920,1195
920,1198
920,1205
920,1211
920,1217
920,1275
920,1285
920,1288
920,1293
920,1301
920,1311
920,1331
920,1333
920,1340
920,1343
920,1350
920,1351
920,1378
920,1379
920,1385
920,1412
920,1428
920,1432
920,1435
920,1440
920,1442
920,1449
920,1551
920,1553
920,1556
920,1561
920,1597
920,1621
920,1631
920,1636
920,1638
920,1639
920,1679
920,1694
920,1696
920,1716
920,1726
920,1727
920,1729
920,1736
920,1741
920,1839
920,1843
920,1844
920,1851
920,1858
920,1878
920,1881
920,1893
920,1901
920,1905
920,1989
920,1997
920,1998
920,2006
920,2010
920,2018
920,2027
920,2030
920,2033
920,2039
920,2043
920,2046
920,2055
920,2064
920,2065
920,2068
920,2070
920,2071
920,2081
920,2082
920,2111
920,2260
920,2270
920,2288
920,2309
920,2327
920,2328
920,2333
920,2340
920,2345
920,2380
920,2392
920,2397
920,2398
920,2425
920,2426
920,2535
920,2536
920,2544
920,2551
920,2562
920,2564
920,2579
920,2580
920,2600
920,2608
920,2648
920,2651
920,2663
920,2664
920,2666
920,2689
920,2690
920,2697
920,2709
920,2722
920,2742
920,2744
920,2747
920,2767
920,2781
920,2787
920,2807
920,2816
920,2819
920,2939
920,2964
920,2977
920,2985
920,3004
920,3012
920,3016
920,3024
920,3037
920,3039
920,3099
920,3101
920,3114
920,3138
920,3144
920,3156
920,3166
920,3168
920,3169
920,3176
920,3178
920,3206
920,3211
920,3223
920,3236
920,3242
920,3248
920,3252
920,3253
920,3254
920,3255
920,3257
920,3336
920,3348
920,3353
920,3368
920,3453
920,3454
920,3456
920,3462
920,3468
920,3470
921,1992
921,3138
922,935
922,943
922,949
922,952
922,958
922,967
922,973
922,981
922,989
922,1000
922,1001
922,1003
922,1004
922,1019
922,1022
922,1027
922,1047
922,1062
922,1065
922,1073
922,1074
922,1077
922,1090
922,1101
922,1111
922,1123
922,1125
922,1143
922,1149
922,1152
922,1153
922,1155
922,1157
922,1169
922,1173
922,1174
922,1190
922,1191
922,1195
922,1198
922,1205
922,1217
922,1229
922,1240
922,1241
922,1267
922,1275
922,1285
922,1288
922,1293
922,1301
922,1311
922,1319
922,1331
922,1333
922,1340
922,1343
922,1348
922,1350
922,1351
922,1378
922,1409
922,1412
922,1428
922,1432
922,1435
922,1447
922,1449
922,1465
922,1551
922,1553
922,1556
922,1561
922,1597
922,1599
922,1621
922,1631
922,1639
922,1640
922,1679
922,1689
922,1694
922,1696
922,1698
922,1716
922,1726
922,1727
922,1729
922,1736
922,1743
922,1839
922,1844
922,1845
922,1851
922,1853
922,1857
922,1858
922,1859
922,1862
922,1878
922,1881
922,1890
922,1893
922,1901
922,1905
922,1986
922,1989
922,1998
922,1999
922,2002
922,2006
922,2010
922,2011
922,2017
922,2018
922,2027
922,2030
922,2033
922,2034
922,2039
922,2040
922,2042
922,2043
922,2055
922,2064
922,2065
922,2070
922,2071
922,2080
922,2081
922,2082
922,2111
922,2115
922,2227
922,2228
922,2231
922,2239
922,2270
922,2288
922,2309
922,2317
922,2327
922,2328
922,2330
922,2333
922,2335
922,2345
922,2379
922,2380
922,2397
922,2425
922,2426
922,2529
922,2535
922,2536
922,2544
922,2551
922,2552
922,2558
922,2562
922,2564
922,2565
922,2579
922,2580
922,2600
922,2610
922,2621
922,2638
922,2640
922,2648
922,2651
922,2660
922,2663
922,2666
922,2667
922,2673
922,2678
922,2689
922,2690
922,2692
922,2697
922,2706
922,2709
922,2722
922,2740
922,2742
922,2744
922,2767
922,2772
922,2781
922,2787
922,2801
922,2807
922,2816
922,2819
922,2939
922,2958
922,2985
922,2996
922,3003
922,3004
922,3012
922,3024
922,3037
922,3039
922,3099
922,3114
922,3115
922,3138
922,3140
922,3153
922,3156
922,3158
922,3166
922,3168
922,3169
922,3172
922,3176
922,3190
922,3206
922,3211
922,3222
922,3223
922,3225
922,3234
922,3236
922,3237
922,3240
922,3242
922,3247
922,3248
922,3254
922,3255
922,3257
922,3295
922,3299
922,3342
922,3348
922,3353
922,3356
922,3368
922,3369
922,3371
922,3377
922,3453
922,3454
922,3456
922,3462
922,3466
922,3468
922,3470
923,1992
923,2819
924,3138
925,964
925,1622
925,1905
925,1956
925,2010
925,2219
925,2607
925,2695
925,3138
926,2819
927,3138
928,3138
929,2539
931,2539
933,3138
934,2819
934,3138
935,949
935,952
935,958
935,964
935,967
935,981
935,989
935,1000
935,1001
935,1004
935,1019
935,1021
935,1022
935,1027
935,1062
935,1073
935,1077
935,1090
935,1111
935,1149
935,1155
935,1157
935,1159
935,1169
935,1171
935,1173
935,1190
935,1191
935,1195
935,1198
935,1205
935,1211
935,1217
935,1221
935,1266
935,1267
935,1275
935,1285
935,1288
935,1290
935,1293
935,1301
935,1311
935,1331
935,1333
935,1340
935,1343
935,1378
935,1385
935,1412
935,1428
935,1432
935,1435
935,1440
935,1442
935,1449
935,1551
935,1556
935,1597
935,1599
935,1621
935,1631
935,1639
935,1640
935,1679
935,1693
935,1694
935,1696
935,1716
935,1726
935,1727
935,1729
935,1736
935,1741
935,1839
935,1843
935,1844
935,1851
935,1858
935,1859
935,1878
935,1881
935,1893
935,1901
935,1905
935,1986
935,1989
935,1997
935,1998
935,2006
935,2010
935,2018
935,2022
935,2027
935,2030
935,2034
935,2039
935,2042
935,2046
935,2054
935,2055
935,2064
935,2068
935,2070
935,2071
935,2081
935,2082
935,2111
935,2260
935,2270
935,2309
935,2328
935,2330
935,2333
935,2335
935,2340
935,2345
935,2379
935,2380
935,2392
935,2397
935,2425
935,2426
935,2535
935,2544
935,2551
935,2562
935,2565
935,2579
935,2580
935,2600
935,2608
935,2640
935,2648
935,2651
935,2663
935,2664
935,2666
935,2673
935,2678
935,2689
935,2690
935,2692
935,2697
935,2709
935,2722
935,2742
935,2744
935,2747
935,2767
935,2772
935,2781
935,2787
935,2807
935,2816
935,2939
935,2977
935,2985
935,2996
935,3004
935,3024
935,3037
935,3039
935,3099
935,3101
935,3114
935,3138
935,3144
935,3152
935,3153
935,3158
935,3166
935,3169
935,3176
935,3178
935,3190
935,3206
935,3211
935,3222
935,3234
935,3236
935,3237
935,3242
935,3248
935,3250
935,3252
935,3253
935,3255
935,3257
935,3295
935,3336
935,3348
935,3353
935,3368
935,3453
935,3456
935,3468
935,3470
936,3138
937,2819
938,3138
940,3138
941,2479
942,1992
942,2539
942,2819
943,958
943,1003
943,1047
943,1065
943,1074
943,1101
943,1123
943,1125
943,1153
943,1198
943,1240
943,1241
943,1319
943,1348
943,1409
943,1447
943,1465
943,1561
943,1640
943,1689
943,1694
943,1698
943,1743
943,1845
943,1853
943,1857
943,1890
943,2002
943,2011
943,2017
943,2027
943,2039
943,2040
943,2080
943,2081
943,2082
943,2115
943,2227
943,2228
943,2231
943,2238
943,2239
943,2317
943,2529
943,2539
943,2552
943,2558
943,2610
943,2621
943,2638
943,2667
943,2706
943,2740
943,2801
943,2819
943,2996
943,3039
943,3115
943,3138
943,3140
943,3166
943,3172
943,3176
943,3225
943,3240
943,3247
943,3299
943,3342
943,3356
943,3369
943,3371
943,3377
943,3466
943,3468
944,3138
945,1992
945,2479
945,2819
945,3138
946,3138
947,2539
948,1343
948,1993
948,2539
949,952
949,958
949,964
949,967
949,973
949,981
949,1000
949,1001
949,1004
949,1019
949,1021
949,1022
949,1027
949,1062
949,1073
949,1077
949,1090
949,1111
949,1143
949,1149
949,1152
949,1155
949,1157
949,1159
949,1169
949,1171
949,1173
949,1174
949,1190
949,1191
949,1195
949,1198
949,1205
949,1211
949,1217
949,1221
949,1229
949,1266
949,1267
949,1275
949,1285
949,1290
949,1293
949,1301
949,1311
949,1331
949,1333
949,1340
949,1343
949,1350
949,1351
949,1378
949,1379
949,1385
949,1412
949,1428
949,1432
949,1435
949,1440
949,1442
949,1449
949,1551
949,1553
949,1556
949,1597
949,1599
949,1621
949,1631
949,1636
949,1638
949,1639
949,1640
949,1679
949,1693
949,1694
949,1696
949,1726
949,1727
949,1729
949,1736
949,1741
949,1839
949,1843
949,1844
949,1851
949,1858
949,1859
949,1862
949,1878
949,1881
949,1893
949,1901
949,1905
949,1986
949,1989
949,1997
949,1998
949,1999
949,2006
949,2010
949,2018
949,2022
949,2027
949,2030
949,2033
949,2034
949,2039
949,2042
949,2043
949,2055
949,2064
949,2065
949,2068
949,2070
949,2071
949,2081
949,2082
949,2111
949,2260
949,2270
949,2288
949,2327
949,2328
949,2330
949,2333
949,2340
949,2345
949,2379
949,2380
949,2397
949,2398
949,2425
949,2426
949,2535
949,2536
949,2543
949,2544
949,2551
949,2562
949,2564
949,2565
949,2579
949,2640
949,2648
949,2651
949,2660
949,2663
949,2664
949,2666
949,2673
949,2678
949,2689
949,2690
949,2692
949,2697
949,2709
949,2722
949,2742
949,2744
949,2747
949,2767
949,2772
949,2781
949,2787
949,2807
949,2816
949,2939
949,2964
949,2977
949,2985
949,2996
949,3003
949,3004
949,3012
949,3016
949,3024
949,3037
949,3039
949,3099
949,3101
949,3114
949,3138
949,3144
949,3152
949,3153
949,3156
949,3166
949,3168
949,3169
949,3176
949,3178
949,3190
949,3206
949,3222
949,3223
949,3234
949,3236
949,3237
949,3242
949,3248
949,3250
949,3252
949,3253
949,3254
949,3255
949,3257
949,3295
949,3336
949,3348
949,3353
949,3453
949,3454
949,3456
949,3462
949,3470
950,3138
951,3138
952,958
952,964
952,967
952,973
952,981
952,989
952,1000
952,1001
952,1004
952,1019
952,1021
952,1022
952,1073
952,1090
952,1111
952,1143
952,1149
952,1152
952,1155
952,1157
952,1159
952,1169
952,1171
952,1173
952,1174
952,1191
952,1195
952,1198
952,1205
952,1211
952,1217
952,1229
952,1266
952,1267
952,1275
952,1285
952,1290
952,1301
952,1331
952,1333
952,1340
952,1343
952,1350
952,1351
952,1378
952,1379
952,1385
952,1412
952,1428
952,1432
952,1440
952,1449
952,1551
952,1553
952,1556
952,1561
952,1597
952,1599
952,1621
952,1631
952,1640
952,1679
952,1693
952,1694
952,1696
952,1716
952,1726
952,1727
952,1729
952,1736
952,1741
952,1839
952,1843
952,1844
952,1851
952,1858
952,1859
952,1862
952,1878
952,1881
952,1893
952,1901
952,1905
952,1986
952,1989
952,1997
952,1999
952,2006
952,2010
952,2022
952,2027
952,2030
952,2034
952,2042
952,2043
952,2054
952,2055
952,2064
952,2068
952,2070
952,2071
952,2082
952,2111
952,2260
952,2288
952,2309
952,2328
952,2333
952,2335
952,2340
952,2345
952,2379
952,2380
952,2392
952,2397
952,2425
952,2426
952,2535
952,2536
952,2543
952,2544
952,2551
952,2564
952,2579
952,2640
952,2651
952,2660
952,2663
952,2666
952,2673
952,2678
952,2689
952,2690
952,2692
952,2697
952,2709
952,2722
952,2742
952,2744
952,2767
952,2772
952,2781
952,2816
952,2939
952,2958
952,2964
952,2977
952,2996
952,3003
952,3004
952,3012
952,3016
952,3024
952,3039
952,3099
952,3101
952,3114
952,3138
952,3144
952,3152
952,3153
952,3156
952,3158
952,3166
952,3168
952,3169
952,3176
952,3190
952,3206
952,3211
952,3222
952,3223
952,3234
952,3236
952,3242
952,3248
952,3250
952,3252
952,3253
952,3254
952,3257
952,3295
952,3336
952,3348
952,3353
952,3368
952,3453
952,3454
952,3456
952,3468
952,3470
953,1992
953,2539
954,1645
955,1674
956,1992
956,2539
956,3138
957,1217
957,1992
957,2079
957,2080
957,3077
957,3088
958,964
958,967
958,973
958,981
958,989
958,1000
958,1001
958,1003
958,1004
958,1019
958,1021
958,1022
958,1027
958,1047
958,1062
958,1065
958,1073
958,1074
958,1077
958,1101
958,1111
958,1123
958,1125
958,1143
958,1149
958,1152
958,1153
958,1155
958,1159
958,1169
958,1171
958,1174
958,1190
958,1191
958,1195
958,1198
958,1205
958,1211
958,1221
958,1229
958,1240
958,1241
958,1266
958,1267
958,1275
958,1285
958,1288
958,1290
958,1293
958,1301
958,1311
958,1319
958,1331
958,1333
958,1340
958,1343
958,1348
958,1350
958,1351
958,1378
958,1379
958,1385
958,1409
958,1412
958,1428
958,1432
958,1435
958,1440
958,1442
958,1447
958,1449
958,1465
958,1551
958,1553
958,1561
958,1597
958,1599
958,1621
958,1631
958,1636
958,1638
958,1639
958,1640
958,1679
958,1689
958,1693
958,1694
958,1696
958,1698
958,1716
958,1726
958,1727
958,1729
958,1736
958,1741
958,1743
958,1839
958,1843
958,1844
958,1845
958,1853
958,1857
958,1858
958,1859
958,1862
958,1878
958,1881
958,1890
958,1893
958,1901
958,1905
958,1986
958,1989
958,1992
958,1997
958,1998
958,1999
958,2002
958,2006
958,2010
958,2011
958,2017
958,2018
958,2022
958,2027
958,2030
958,2033
958,2034
958,2039
958,2040
958,2042
958,2043
958,2046
958,2054
958,2055
958,2064
958,2065
958,2068
958,2070
958,2071
958,2080
958,2081
958,2082
958,2115
958,2227
958,2228
958,2231
958,2239
958,2260
958,2270
958,2309
958,2317
958,2327
958,2330
958,2333
958,2335
958,2340
958,2345
958,2380
958,2392
958,2397
958,2398
958,2425
958,2426
958,2529
958,2535
958,2536
958,2543
958,2544
958,2552
958,2558
958,2562
958,2564
958,2565
958,2580
958,2600
958,2610
958,2621
958,2638
958,2640
958,2648
958,2651
958,2660
958,2663
958,2664
958,2666
958,2667
958,2673
958,2678
958,2689
958,2690
958,2692
958,2697
958,2706
958,2709
958,2722
958,2740
958,2742
958,2744
958,2747
958,2767
958,2772
958,2781
958,2787
958,2801
958,2807
958,2816
958,2819
958,2939
958,2958
958,2964
958,2985
958,2996
958,3003
958,3004
958,3012
958,3016
958,3024
958,3037
958,3039
958,3099
958,3114
958,3115
958,3138
958,3140
958,3144
958,3152
958,3153
958,3156
958,3158
958,3166
958,3168
958,3169
958,3172
958,3176
958,3178
958,3190
958,3206
958,3211
958,3222
958,3223
958,3225
958,3234
958,3236
958,3237
958,3240
958,3242
958,3247
958,3248
958,3252
958,3253
958,3254
958,3255
958,3257
958,3295
958,3299
958,3336
958,3342
958,3348
958,3353
958,3356
958,3369
958,3371
958,3377
958,3453
958,3454
958,3456
958,3462
958,3466
958,3468
959,3138
960,2819
961,2819
961,3138
962,1217
962,1237
962,1247
962,1268
962,1477
962,1499
962,1563
962,1673
962,1758
962,1850
962,1853
962,2066
962,2437
962,2533
962,2669
962,3077
962,3280
963,3138
964,966
964,973
964,979
964,980
964,989
964,991
964,1000
964,1001
964,1004
964,1013
964,1019
964,1021
964,1022
964,1027
964,1062
964,1063
964,1069
964,1073
964,1076
964,1077
964,1090
964,1111
964,1131
964,1143
964,1149
964,1152
964,1157
964,1159
964,1169
964,1171
964,1173
964,1174
964,1178
964,1190
964,1191
964,1193
964,1195
964,1198
964,1200
964,1205
964,1208
964,1211
964,1217
964,1219
964,1221
964,1223
964,1229
964,1245
964,1266
964,1267
964,1275
964,1285
964,1288
964,1290
964,1293
964,1301
964,1311
964,1331
964,1333
964,1340
964,1343
964,1373
964,1377
964,1378
964,1379
964,1381
964,1385
964,1402
964,1412
964,1416
964,1427
964,1428
964,1432
964,1435
964,1440
964,1442
964,1449
964,1496
964,1520
964,1551
964,1553
964,1556
964,1561
964,1591
964,1597
964,1599
964,1621
964,1631
964,1636
964,1638
964,1640
964,1653
964,1679
964,1693
964,1694
964,1696
964,1716
964,1726
964,1727
964,1736
964,1741
964,1746
964,1760
964,1838
964,1843
964,1844
964,1851
964,1855
964,1858
964,1859
964,1862
964,1870
964,1876
964,1878
964,1881
964,1888
964,1893
964,1901
964,1905
964,1956
964,1983
964,1985
964,1986
964,1989
964,1992
964,1997
964,1998
964,2006
964,2010
964,2018
964,2022
964,2033
964,2034
964,2039
964,2042
964,2043
964,2044
964,2046
964,2048
964,2054
964,2055
964,2062
964,2064
964,2065
964,2068
964,2070
964,2071
964,2081
964,2082
964,2091
964,2092
964,2095
964,2111
964,2129
964,2130
964,2219
964,2225
964,2226
964,2249
964,2260
964,2267
964,2270
964,2273
964,2275
964,2288
964,2309
964,2316
964,2317
964,2327
964,2328
964,2330
964,2333
964,2335
964,2340
964,2379
964,2380
964,2392
964,2397
964,2398
964,2404
964,2407
964,2412
964,2425
964,2454
964,2535
964,2539
964,2543
964,2544
964,2562
964,2564
964,2565
964,2569
964,2579
964,2580
964,2600
964,2607
964,2640
964,2648
964,2651
964,2660
964,2663
964,2664
964,2666
964,2673
964,2675
964,2678
964,2689
964,2695
964,2697
964,2708
964,2709
964,2710
964,2722
964,2742
964,2744
964,2747
964,2757
964,2767
964,2772
964,2773
964,2781
964,2787
964,2807
964,2816
964,2878
964,2928
964,2932
964,2939
964,2958
964,2964
964,2977
964,2985
964,2996
964,2999
964,3003
964,3004
964,3012
964,3016
964,3021
964,3024
964,3037
964,3039
964,3099
964,3103
964,3114
964,3138
964,3144
964,3152
964,3156
964,3161
964,3166
964,3168
964,3169
964,3176
964,3178
964,3190
964,3211
964,3222
964,3223
964,3236
964,3237
964,3242
964,3243
964,3248
964,3249
964,3250
964,3252
964,3253
964,3254
964,3257
964,3295
964,3336
964,3348
964,3353
964,3360
964,3368
964,3376
964,3452
964,3453
964,3456
964,3462
964,3468
964,3470
964,3473
964,3489
965,3138
966,1058
966,1208
966,1245
966,1397
966,1398
966,1400
966,1401
966,1526
966,1653
966,1997
966,2010
966,2121
966,2130
966,2532
966,2533
966,2649
966,2650
966,2715
966,2819
966,3138
966,3167
966,3376
967,973
967,1000
967,1001
967,1004
967,1019
967,1021
967,1022
967,1027
967,1062
967,1073
967,1077
967,1090
967,1111
967,1143
967,1149
967,1152
967,1155
967,1157
967,1169
967,1171
967,1173
967,1174
967,1195
967,1198
967,1211
967,1217
967,1221
967,1229
967,1266
967,1267
967,1285
967,1288
967,1290
967,1301
967,1311
967,1331
967,1333
967,1340
967,1343
967,1350
967,1351
967,1378
967,1385
967,1412
967,1428
967,1432
967,1435
967,1440
967,1449
967,1551
967,1553
967,1561
967,1597
967,1599
967,1621
967,1631
967,1636
967,1638
967,1639
967,1640
967,1693
967,1694
967,1696
967,1716
967,1726
967,1727
967,1741
967,1839
967,1843
967,1844
967,1851
967,1862
967,1878
967,1881
967,1893
967,1901
967,1989
967,1998
967,1999
967,2006
967,2010
967,2022
967,2027
967,2030
967,2033
967,2034
967,2039
967,2042
967,2043
967,2046
967,2054
967,2055
967,2064
967,2065
967,2068
967,2071
967,2081
967,2082
967,2111
967,2260
967,2270
967,2288
967,2309
967,2327
967,2328
967,2330
967,2333
967,2335
967,2345
967,2379
967,2380
967,2392
967,2397
967,2398
967,2425
967,2426
967,2535
967,2536
967,2543
967,2544
967,2551
967,2564
967,2565
967,2580
967,2600
967,2608
967,2640
967,2648
967,2651
967,2660
967,2664
967,2666
967,2673
967,2678
967,2689
967,2690
967,2692
967,2697
967,2709
967,2722
967,2742
967,2744
967,2767
967,2772
967,2781
967,2787
967,2807
967,2816
967,2939
967,2958
967,2964
967,2977
967,2985
967,2996
967,3004
967,3012
967,3016
967,3024
967,3037
967,3039
967,3101
967,3114
967,3138
967,3144
967,3156
967,3158
967,3166
967,3168
967,3169
967,3176
967,3190
967,3211
967,3223
967,3234
967,3236
967,3250
967,3252
967,3253
967,3254
967,3257
967,3336
967,3353
967,3368
967,3454
967,3456
967,3462
967,3470
968,3138
969,3138
970,3138
971,3138
972,3138
973,981
973,989
973,1000
973,1001
973,1004
973,1019
973,1022
973,1062
973,1073
973,1077
973,1090
973,1111
973,1143
973,1149
973,1152
973,1155
973,1157
973,1169
973,1171
973,1173
973,1174
973,1190
973,1191
973,1195
973,1205
973,1211
973,1217
973,1221
973,1229
973,1266
973,1267
973,1275
973,1285
973,1288
973,1290
973,1293
973,1301
973,1311
973,1331
973,1343
973,1350
973,1351
973,1378
973,1379
973,1385
973,1412
973,1428
973,1432
973,1435
973,1442
973,1449
973,1551
973,1553
973,1556
973,1561
973,1597
973,1599
973,1631
973,1636
973,1639
973,1640
973,1679
973,1693
973,1694
973,1696
973,1716
973,1726
973,1729
973,1736
973,1741
973,1839
973,1843
973,1851
973,1858
973,1859
973,1862
973,1878
973,1881
973,1893
973,1901
973,1986
973,1997
973,1998
973,2006
973,2010
973,2018
973,2022
973,2030
973,2033
973,2034
973,2039
973,2042
973,2043
973,2046
973,2055
973,2064
973,2065
973,2068
973,2070
973,2071
973,2081
973,2111
973,2260
973,2270
973,2309
973,2327
973,2328
973,2333
973,2335
973,2340
973,2345
973,2380
973,2392
973,2397
973,2398
973,2425
973,2426
973,2535
973,2536
973,2543
973,2544
973,2551
973,2564
973,2565
973,2579
973,2580
973,2600
973,2608
973,2640
973,2648
973,2651
973,2663
973,2664
973,2673
973,2678
973,2689
973,2690
973,2692
973,2697
973,2709
973,2722
973,2742
973,2744
973,2747
973,2772
973,2781
973,2787
973,2807
973,2816
973,2939
973,2958
973,2964
973,2977
973,2985
973,2996
973,3004
973,3012
973,3016
973,3037
973,3039
973,3099
973,3101
973,3114
973,3138
973,3144
973,3152
973,3153
973,3156
973,3158
973,3166
973,3168
973,3169
973,3176
973,3178
973,3190
973,3206
973,3211
973,3222
973,3223
973,3234
973,3236
973,3237
973,3242
973,3248
973,3250
973,3252
973,3253
973,3254
973,3255
973,3257
973,3336
973,3348
973,3353
973,3368
973,3454
973,3462
973,3468
973,3470
974,1741
975,3138
976,3138
978,3138
979,1123
979,1444
979,1463
979,1526
979,1622
979,1653
979,2044
979,2063
979,2247
979,2290
979,2391
979,2445
979,2468
979,2533
979,2539
979,2547
979,2668
979,2679
979,2819
979,2928
979,3138
979,3167
979,3233
980,1123
980,1362
980,1526
980,1653
980,1724
980,1906
980,2010
980,2129
980,2130
980,2458
980,2468
980,2533
980,2668
980,2679
980,3088
980,3138
980,3167
980,3209
981,1004
981,1019
981,1021
981,1027
981,1062
981,1073
981,1077
981,1111
981,1149
981,1155
981,1157
981,1159
981,1171
981,1173
981,1190
981,1191
981,1195
981,1198
981,1205
981,1211
981,1217
981,1221
981,1229
981,1266
981,1267
981,1275
981,1285
981,1288
981,1290
981,1293
981,1301
981,1311
981,1331
981,1333
981,1340
981,1343
981,1351
981,1378
981,1379
981,1385
981,1428
981,1432
981,1440
981,1449
981,1551
981,1553
981,1556
981,1561
981,1597
981,1621
981,1631
981,1636
981,1638
981,1639
981,1640
981,1679
981,1693
981,1694
981,1696
981,1716
981,1727
981,1729
981,1736
981,1741
981,1839
981,1844
981,1851
981,1858
981,1859
981,1862
981,1878
981,1881
981,1893
981,1901
981,1905
981,1986
981,1989
981,1998
981,1999
981,2006
981,2010
981,2018
981,2022
981,2027
981,2033
981,2034
981,2039
981,2043
981,2046
981,2054
981,2055
981,2064
981,2065
981,2068
981,2070
981,2071
981,2081
981,2082
981,2111
981,2270
981,2288
981,2309
981,2327
981,2328
981,2330
981,2333
981,2335
981,2340
981,2345
981,2379
981,2380
981,2392
981,2397
981,2398
981,2425
981,2426
981,2535
981,2536
981,2543
981,2544
981,2551
981,2562
981,2564
981,2579
981,2580
981,2600
981,2608
981,2651
981,2660
981,2664
981,2666
981,2673
981,2678
981,2692
981,2697
981,2709
981,2722
981,2742
981,2744
981,2747
981,2767
981,2772
981,2787
981,2807
981,2816
981,2939
981,2958
981,2977
981,2985
981,2996
981,3004
981,3016
981,3024
981,3037
981,3039
981,3099
981,3101
981,3114
981,3138
981,3153
981,3156
981,3158
981,3169
981,3176
981,3178
981,3190
981,3206
981,3222
981,3223
981,3234
981,3237
981,3242
981,3250
981,3252
981,3253
981,3254
981,3257
981,3295
981,3336
981,3348
981,3368
981,3453
981,3454
981,3462
981,3470
982,3138
983,3138
985,3138
986,3138
987,2819
988,3138
989,1001
989,1004
989,1019
989,1021
989,1027
989,1073
989,1077
989,1090
989,1111
989,1143
989,1149
989,1152
989,1155
989,1157
989,1159
989,1169
989,1171
989,1173
989,1174
989,1190
989,1191
989,1195
989,1198
989,1205
989,1211
989,1217
989,1221
989,1229
989,1275
989,1285
989,1288
989,1290
989,1293
989,1301
989,1311
989,1333
989,1340
989,1343
989,1351
989,1379
989,1385
989,1412
989,1428
989,1435
989,1440
989,1442
989,1551
989,1553
989,1556
989,1561
989,1599
989,1621
989,1631
989,1636
989,1638
989,1640
989,1679
989,1696
989,1716
989,1726
989,1727
989,1729
989,1736
989,1741
989,1839
989,1843
989,1844
989,1851
989,1858
989,1859
989,1862
989,1893
989,1901
989,1989
989,1997
989,1998
989,2006
989,2010
989,2018
989,2022
989,2027
989,2030
989,2033
989,2039
989,2042
989,2046
989,2054
989,2055
989,2064
989,2065
989,2068
989,2070
989,2081
989,2082
989,2111
989,2260
989,2270
989,2288
989,2309
989,2327
989,2328
989,2330
989,2333
989,2335
989,2379
989,2380
989,2392
989,2397
989,2425
989,2426
989,2535
989,2536
989,2543
989,2544
989,2551
989,2564
989,2565
989,2579
989,2580
989,2600
989,2608
989,2640
989,2648
989,2651
989,2660
989,2664
989,2666
989,2673
989,2678
989,2689
989,2692
989,2697
989,2709
989,2722
989,2742
989,2744
989,2747
989,2767
989,2772
989,2781
989,2787
989,2807
989,2816
989,2939
989,2958
989,2964
989,2977
989,2985
989,2996
989,3004
989,3016
989,3024
989,3037
989,3039
989,3099
989,3101
989,3114
989,3138
989,3144
989,3153
989,3166
989,3168
989,3169
989,3176
989,3190
989,3211
989,3223
989,3234
989,3236
989,3242
989,3248
989,3252
989,3253
989,3255
989,3257
989,3295
989,3336
989,3348
989,3353
989,3368
989,3453
989,3454
989,3462
989,3468
989,3470
990,1992
990,2539
990,3138
991,1063
991,1271
991,1622
991,1905
991,1956
991,2010
991,2044
991,2076
991,2247
991,2479
991,2607
991,2695
991,2953
991,3083
991,3233
992,1992
993,3138
994,3138
995,3138
996,3138
997,1992
997,2539
997,3138
998,2819
999,3138
1000,1001
1000,1004
1000,1019
1000,1021
1000,1073
1000,1077
1000,1090
1000,1111
1000,1143
1000,1149
1000,1152
1000,1155
1000,1157
1000,1169
1000,1171
1000,1173
1000,1190
1000,1191
1000,1195
1000,1198
1000,1205
1000,1211
1000,1221
1000,1266
1000,1267
1000,1275
1000,1288
1000,1290
1000,1293
1000,1311
1000,1333
1000,1340
1000,1343
1000,1351
1000,1378
1000,1379
1000,1385
1000,1412
1000,1428
1000,1432
1000,1435
1000,1440
1000,1442
1000,1553
1000,1556
1000,1561
1000,1597
1000,1621
1000,1631
1000,1636
1000,1638
1000,1639
1000,1640
1000,1679
1000,1693
1000,1694
1000,1696
1000,1716
1000,1726
1000,1727
1000,1729
1000,1736
1000,1741
1000,1839
1000,1843
1000,1844
1000,1851
1000,1858
1000,1859
1000,1862
1000,1878
1000,1893
1000,1905
1000,1986
1000,1989
1000,1997
1000,1998
1000,1999
1000,2006
1000,2010
1000,2018
1000,2022
1000,2027
1000,2030
1000,2033
1000,2034
1000,2039
1000,2042
1000,2043
1000,2046
1000,2055
1000,2064
1000,2065
1000,2068
1000,2071
1000,2081
1000,2082
1000,2111
1000,2260
1000,2270
1000,2288
1000,2309
1000,2328
1000,2330
1000,2333
1000,2335
1000,2340
1000,2345
1000,2380
1000,2392
1000,2398
1000,2425
1000,2426
1000,2535
1000,2536
1000,2543
1000,2544
1000,2551
1000,2562
1000,2564
1000,2565
1000,2580
1000,2600
1000,2608
1000,2640
1000,2651
1000,2664
1000,2673
1000,2689
1000,2697
1000,2709
1000,2722
1000,2744
1000,2747
1000,2767
1000,2772
1000,2781
1000,2787
1000,2807
1000,2816
1000,2958
1000,2964
1000,2977
1000,2985
1000,3003
1000,3004
1000,3012
1000,3016
1000,3037
1000,3039
1000,3099
1000,3101
1000,3114
1000,3138
1000,3144
1000,3152
1000,3153
1000,3156
1000,3158
1000,3168
1000,3169
1000,3176
1000,3178
1000,3190
1000,3206
1000,3211
1000,3222
1000,3223
1000,3234
1000,3236
1000,3242
1000,3248
1000,3254
1000,3257
1000,3295
1000,3336
1000,3353
1000,3368
1000,3453
1000,3454
1000,3462
1000,3470
1001,1004
1001,1019
1001,1022
1001,1027
1001,1062
1001,1073
1001,1077
1001,1090
1001,1111
1001,1143
1001,1149
1001,1152
1001,1155
1001,1157
1001,1159
1001,1169
1001,1173
1001,1174
1001,1190
1001,1195
1001,1198
1001,1205
1001,1217
1001,1221
1001,1229
1001,1266
1001,1267
1001,1275
1001,1288
1001,1290
1001,1293
1001,1301
1001,1311
1001,1331
1001,1333
1001,1343
1001,1350
1001,1351
1001,1378
1001,1385
1001,1412
1001,1428
1001,1432
1001,1435
1001,1440
1001,1551
1001,1561
1001,1597
1001,1599
1001,1621
1001,1631
1001,1636
1001,1638
1001,1639
1001,1640
1001,1679
1001,1693
1001,1694
1001,1696
1001,1716
1001,1726
1001,1727
1001,1736
1001,1741
1001,1839
1001,1844
1001,1851
1001,1858
1001,1859
1001,1862
1001,1878
1001,1881
1001,1901
1001,1905
1001,1986
1001,1989
1001,1997
1001,1998
1001,1999
1001,2006
1001,2010
1001,2018
1001,2022
1001,2030
1001,2033
1001,2034
1001,2039
1001,2042
1001,2043
1001,2046
1001,2054
1001,2055
1001,2064
1001,2065
1001,2070
1001,2071
1001,2081
1001,2082
1001,2111
1001,2260
1001,2288
1001,2309
1001,2327
1001,2328
1001,2330
1001,2333
1001,2335
1001,2340
1001,2345
1001,2379
1001,2380
1001,2392
1001,2397
1001,2398
1001,2425
1001,2426
1001,2479
1001,2535
1001,2536
1001,2543
1001,2544
1001,2551
1001,2562
1001,2564
1001,2565
1001,2580
1001,2600
1001,2608
1001,2640
1001,2648
1001,2651
1001,2660
1001,2663
1001,2664
1001,2666
1001,2673
1001,2678
1001,2689
1001,2690
1001,2692
1001,2697
1001,2709
1001,2722
1001,2742
1001,2767
1001,2772
1001,2781
1001,2787
1001,2807
1001,2816
1001,2964
1001,2977
1001,2985
1001,2996
1001,3003
1001,3004
1001,3012
1001,3016
1001,3024
1001,3037
1001,3039
1001,3099
1001,3101
1001,3138
1001,3144
1001,3152
1001,3153
1001,3156
1001,3158
1001,3166
1001,3168
1001,3169
1001,3176
1001,3190
1001,3206
1001,3211
1001,3222
1001,3223
1001,3234
1001,3236
1001,3237
1001,3242
1001,3248
1001,3250
1001,3253
1001,3255
1001,3257
1001,3295
1001,3336
1001,3368
1001,3454
1001,3456
1001,3470
1002,1047
1002,1100
1002,1105
1002,1123
1002,1198
1002,1206
1002,1295
1002,1318
1002,1507
1002,1555
1002,1563
1002,1716
1002,1758
1002,1781
1002,1813
1002,1845
1002,1877
1002,1906
1002,1932
1002,1934
1002,2242
1002,2289
1002,2317
1002,2348
1002,2377
1002,2408
1002,2453
1002,2480
1002,2529
1002,2533
1002,2539
1002,2593
1002,2726
1002,2769
1002,2819
1002,2840
1002,2856
1002,2931
1002,2996
1002,3122
1002,3138
1002,3230
1002,3233
1002,3297
1002,3357
1002,3386
1002,3411
1002,3450
1003,1047
1003,1065
1003,1074
1003,1101
1003,1123
1003,1125
1003,1153
1003,1198
1003,1240
1003,1241
1003,1319
1003,1348
1003,1409
1003,1447
1003,1465
1003,1561
1003,1640
1003,1689
1003,1694
1003,1698
1003,1743
1003,1845
1003,1853
1003,1857
1003,1890
1003,2002
1003,2011
1003,2017
1003,2027
1003,2039
1003,2040
1003,2080
1003,2081
1003,2082
1003,2115
1003,2227
1003,2228
1003,2231
1003,2238
1003,2239
1003,2317
1003,2529
1003,2552
1003,2558
1003,2610
1003,2621
1003,2638
1003,2667
1003,2706
1003,2740
1003,2801
1003,2819
1003,2996
1003,3039
1003,3115
1003,3138
1003,3140
1003,3166
1003,3172
1003,3176
1003,3225
1003,3240
1003,3247
1003,3299
1003,3342
1003,3356
1003,3369
1003,3371
1003,3377
1003,3466
1003,3468
1004,1019
1004,1022
1004,1062
1004,1073
1004,1077
1004,1111
1004,1143
1004,1152
1004,1155
1004,1157
1004,1159
1004,1169
1004,1171
1004,1173
1004,1174
1004,1190
1004,1191
1004,1195
1004,1198
1004,1211
1004,1217
1004,1221
1004,1267
1004,1275
1004,1285
1004,1288
1004,1290
1004,1293
1004,1301
1004,1311
1004,1331
1004,1333
1004,1340
1004,1343
1004,1350
1004,1378
1004,1385
1004,1432
1004,1435
1004,1440
1004,1442
1004,1449
1004,1551
1004,1553
1004,1556
1004,1561
1004,1597
1004,1599
1004,1621
1004,1631
1004,1636
1004,1638
1004,1639
1004,1640
1004,1679
1004,1693
1004,1694
1004,1696
1004,1716
1004,1726
1004,1727
1004,1729
1004,1736
1004,1741
1004,1839
1004,1843
1004,1844
1004,1851
1004,1858
1004,1878
1004,1881
1004,1893
1004,1901
1004,1905
1004,1989
1004,1997
1004,1998
1004,1999
1004,2006
1004,2010
1004,2018
1004,2027
1004,2030
1004,2033
1004,2034
1004,2039
1004,2042
1004,2055
1004,2064
1004,2065
1004,2070
1004,2071
1004,2081
1004,2082
1004,2111
1004,2260
1004,2270
1004,2309
1004,2327
1004,2328
1004,2330
1004,2333
1004,2335
1004,2340
1004,2345
1004,2379
1004,2380
1004,2397
1004,2398
1004,2425
1004,2426
1004,2535
1004,2536
1004,2543
1004,2551
1004,2562
1004,2564
1004,2565
1004,2579
1004,2580
1004,2600
1004,2608
1004,2648
1004,2651
1004,2660
1004,2663
1004,2664
1004,2666
1004,2673
1004,2689
1004,2690
1004,2697
1004,2709
1004,2744
1004,2747
1004,2767
1004,2772
1004,2781
1004,2787
1004,2816
1004,2819
1004,2939
1004,2958
1004,2964
1004,2977
1004,2985
1004,2996
1004,3004
1004,3016
1004,3037
1004,3099
1004,3101
1004,3138
1004,3153
1004,3156
1004,3158
1004,3166
1004,3168
1004,3169
1004,3176
1004,3190
1004,3206
1004,3211
1004,3222
1004,3223
1004,3234
1004,3236
1004,3237
1004,3242
1004,3248
1004,3252
1004,3253
1004,3254
1004,3255
1004,3257
1004,3295
1004,3336
1004,3348
1004,3368
1004,3453
1004,3454
1004,3456
1004,3462
1004,3468
1004,3470
1005,2819
1006,1217
1006,1247
1006,1526
1006,1563
1006,1992
1006,1997
1006,2039
1006,2080
1006,2533
1006,2539
1006,2669
1006,2825
1006,3074
1006,3088
1006,3383
1007,1674
1007,2819
1008,1386
1008,1497
1008,1967
1008,1992
1008,1997
1008,2370
1008,2437
1008,2557
1008,2874
1008,2878
1008,2910
1008,3060
1008,3088
1008,3138
1009,3138
1010,3138
1011,3138
1012,2479
1012,3138
1013,1018
1013,1150
1013,1174
1013,1213
1013,1279
1013,1307
1013,1377
1013,1443
1013,1496
1013,1520
1013,1573
1013,1574
1013,1591
1013,1621
1013,1741
1013,1760
1013,1895
1013,1905
1013,1941
1013,2010
1013,2044
1013,2048
1013,2060
1013,2062
1013,2092
1013,2249
1013,2275
1013,2454
1013,2503
1013,2539
1013,2607
1013,2673
1013,2695
1013,2708
1013,2710
1013,2757
1013,2937
1013,3021
1013,3082
1013,3138
1013,3173
1013,3243
1013,3360
1013,3387
1013,3393
1013,3450
1013,3452
1013,3473
1014,1992
1014,3138
1015,1992
1015,3138
1016,2819
1016,3138
1017,1992
1017,2819
1017,3138
1018,1131
1018,1150
1018,1174
1018,1189
1018,1307
1018,1341
1018,1443
1018,1573
1018,1574
1018,1591
1018,1741
1018,1895
1018,1941
1018,1956
1018,2010
1018,2044
1018,2060
1018,2219
1018,2841
1018,3173
1018,3360
1018,3387
1018,3450
1019,1021
1019,1022
1019,1027
1019,1062
1019,1073
1019,1077
1019,1090
1019,1111
1019,1143
1019,1149
1019,1152
1019,1155
1019,1157
1019,1159
1019,1169
1019,1171
1019,1173
1019,1174
1019,1190
1019,1191
1019,1195
1019,1198
1019,1205
1019,1211
1019,1217
1019,1221
1019,1229
1019,1266
1019,1267
1019,1275
1019,1285
1019,1288
1019,1290
1019,1293
1019,1301
1019,1311
1019,1331
1019,1333
1019,1340
1019,1343
1019,1350
1019,1351
1019,1378
1019,1379
1019,1385
1019,1412
1019,1428
1019,1432
1019,1435
1019,1440
1019,1442
1019,1449
1019,1551
1019,1553
1019,1556
1019,1561
1019,1597
1019,1599
1019,1621
1019,1631
1019,1636
1019,1638
1019,1639
1019,1640
1019,1679
1019,1693
1019,1694
1019,1696
1019,1716
1019,1726
1019,1727
1019,1729
1019,1736
1019,1741
1019,1839
1019,1843
1019,1844
1019,1851
1019,1858
1019,1859
1019,1862
1019,1878
1019,1881
1019,1893
1019,1901
1019,1905
1019,1986
1019,1989
1019,1997
1019,1998
1019,1999
1019,2006
1019,2010
1019,2018
1019,2022
1019,2027
1019,2030
1019,2033
1019,2034
1019,2039
1019,2042
1019,2043
1019,2046
1019,2054
1019,2055
1019,2064
1019,2065
1019,2068
1019,2070
1019,2071
1019,2081
1019,2082
1019,2111
1019,2260
1019,2270
1019,2288
1019,2309
1019,2327
1019,2328
1019,2330
1019,2333
1019,2335
1019,2340
1019,2345
1019,2379
1019,2380
1019,2392
1019,2397
1019,2398
1019,2426
1019,2479
1019,2535
1019,2536
1019,2543
1019,2544
1019,2551
1019,2562
1019,2564
1019,2565
1019,2579
1019,2580
1019,2600
1019,2608
1019,2640
1019,2648
1019,2651
1019,2660
1019,2663
1019,2664
1019,2666
1019,2673
1019,2678
1019,2689
1019,2690
1019,2692
1019,2697
1019,2709
1019,2722
1019,2742
1019,2744
1019,2747
1019,2767
1019,2772
1019,2781
1019,2787
1019,2807
1019,2816
1019,2819
1019,2939
1019,2958
1019,2964
1019,2977
1019,2985
1019,2996
1019,3003
1019,3004
1019,3012
1019,3016
1019,3024
1019,3037
1019,3039
1019,3099
1019,3101
1019,3114
1019,3138
1019,3144
1019,3152
1019,3153
1019,3156
1019,3158
1019,3166
1019,3168
1019,3169
1019,3176
1019,3178
1019,3190
1019,3206
1019,3211
1019,3222
1019,3223
1019,3234
1019,3236
1019,3237
1019,3242
1019,3248
1019,3250
1019,3252
1019,3253
1019,3254
1019,3255
1019,3257
1019,3295
1019,3336
1019,3348
1019,3353
1019,3368
1019,3453
1019,3454
1019,3456
1019,3462
1019,3468
1019,3470
1020,3138
1021,1022
1021,1027
1021,1062
1021,1073
1021,1077
1021,1090
1021,1111
1021,1143
1021,1152
1021,1155
1021,1157
1021,1159
1021,1169
1021,1171
1021,1173
1021,1174
1021,1190
1021,1191
1021,1195
1021,1198
1021,1205
1021,1211
1021,1217
1021,1221
1021,1266
1021,1267
1021,1275
1021,1285
1021,1288
1021,1290
1021,1293
1021,1301
1021,1311
1021,1331
1021,1333
1021,1340
1021,1350
1021,1351
1021,1378
1021,1379
1021,1385
1021,1428
1021,1435
1021,1440
1021,1442
1021,1551
1021,1553
1021,1556
1021,1561
1021,1597
1021,1599
1021,1621
1021,1631
1021,1636
1021,1638
1021,1639
1021,1640
1021,1679
1021,1693
1021,1694
1021,1716
1021,1726
1021,1727
1021,1736
1021,1741
1021,1839
1021,1844
1021,1851
1021,1858
1021,1859
1021,1862
1021,1878
1021,1881
1021,1893
1021,1986
1021,1989
1021,1997
1021,1998
1021,1999
1021,2006
1021,2010
1021,2022
1021,2030
1021,2039
1021,2042
1021,2043
1021,2054
1021,2055
1021,2064
1021,2065
1021,2070
1021,2071
1021,2081
1021,2082
1021,2111
1021,2260
1021,2270
1021,2288
1021,2309
1021,2327
1021,2328
1021,2330
1021,2333
1021,2335
1021,2340
1021,2345
1021,2379
1021,2392
1021,2397
1021,2398
1021,2425
1021,2426
1021,2535
1021,2536
1021,2539
1021,2543
1021,2544
1021,2551
1021,2562
1021,2564
1021,2565
1021,2579
1021,2608
1021,2640
1021,2651
1021,2663
1021,2664
1021,2666
1021,2689
1021,2697
1021,2709
1021,2722
1021,2742
1021,2744
1021,2747
1021,2767
1021,2772
1021,2787
1021,2807
1021,2958
1021,2964
1021,2977
1021,2985
1021,3003
1021,3012
1021,3024
1021,3037
1021,3039
1021,3099
1021,3138
1021,3152
1021,3153
1021,3156
1021,3158
1021,3166
1021,3168
1021,3169
1021,3176
1021,3178
1021,3190
1021,3206
1021,3211
1021,3223
1021,3234
1021,3236
1021,3237
1021,3242
1021,3248
1021,3250
1021,3252
1021,3253
1021,3254
1021,3255
1021,3257
1021,3348
1021,3353
1021,3368
1021,3453
1021,3462
1021,3468
1022,1027
1022,1062
1022,1073
1022,1077
1022,1090
1022,1143
1022,1149
1022,1152
1022,1155
1022,1157
1022,1169
1022,1171
1022,1173
1022,1174
1022,1190
1022,1191
1022,1195
1022,1198
1022,1211
1022,1221
1022,1229
1022,1267
1022,1275
1022,1285
1022,1288
1022,1301
1022,1311
1022,1331
1022,1333
1022,1343
1022,1350
1022,1351
1022,1378
1022,1379
1022,1385
1022,1412
1022,1432
1022,1435
1022,1449
1022,1551
1022,1553
1022,1556
1022,1561
1022,1597
1022,1599
1022,1621
1022,1631
1022,1638
1022,1639
1022,1640
1022,1679
1022,1693
1022,1694
1022,1716
1022,1726
1022,1727
1022,1729
1022,1736
1022,1741
1022,1844
1022,1851
1022,1858
1022,1859
1022,1862
1022,1878
1022,1881
1022,1893
1022,1901
1022,1905
1022,1986
1022,1989
1022,1997
1022,1998
1022,1999
1022,2010
1022,2018
1022,2022
1022,2027
1022,2030
1022,2033
1022,2034
1022,2039
1022,2042
1022,2046
1022,2054
1022,2055
1022,2064
1022,2065
1022,2068
1022,2070
1022,2081
1022,2082
1022,2111
1022,2260
1022,2270
1022,2288
1022,2309
1022,2327
1022,2328
1022,2330
1022,2333
1022,2335
1022,2340
1022,2345
1022,2379
1022,2380
1022,2392
1022,2397
1022,2398
1022,2425
1022,2426
1022,2535
1022,2536
1022,2544
1022,2551
1022,2564
1022,2565
1022,2579
1022,2580
1022,2600
1022,2608
1022,2640
1022,2648
1022,2651
1022,2663
1022,2666
1022,2673
1022,2678
1022,2689
1022,2690
1022,2692
1022,2697
1022,2709
1022,2722
1022,2744
1022,2767
1022,2772
1022,2781
1022,2807
1022,2816
1022,2958
1022,2964
1022,2977
1022,2985
1022,2996
1022,3003
1022,3004
1022,3012
1022,3016
1022,3039
1022,3114
1022,3138
1022,3144
1022,3152
1022,3153
1022,3156
1022,3158
1022,3168
1022,3169
1022,3176
1022,3178
1022,3190
1022,3206
1022,3211
1022,3222
1022,3223
1022,3234
1022,3236
1022,3242
1022,3248
1022,3250
1022,3252
1022,3253
1022,3254
1022,3255
1022,3257
1022,3336
1022,3348
1022,3368
1022,3453
1022,3454
1022,3456
1022,3468
1023,1036
1023,1374
1023,2110
1023,2539
1023,2605
1023,2819
1023,2960
1023,3040
1023,3138
1023,3227
1024,2819
1026,3138
1027,1062
1027,1073
1027,1090
1027,1111
1027,1143
1027,1149
1027,1152
1027,1155
1027,1157
1027,1171
1027,1173
1027,1174
1027,1190
1027,1191
1027,1195
1027,1198
1027,1205
1027,1211
1027,1217
1027,1221
1027,1229
1027,1266
1027,1267
1027,1275
1027,1285
1027,1290
1027,1293
1027,1301
1027,1311
1027,1340
1027,1343
1027,1350
1027,1351
1027,1378
1027,1379
1027,1385
1027,1412
1027,1428
1027,1432
1027,1440
1027,1442
1027,1449
1027,1551
1027,1553
1027,1556
1027,1561
1027,1597
1027,1599
1027,1621
1027,1636
1027,1638
1027,1639
1027,1640
1027,1679
1027,1693
1027,1694
1027,1696
1027,1716
1027,1726
1027,1727
1027,1729
1027,1736
1027,1741
1027,1839
1027,1843
1027,1844
1027,1851
1027,1858
1027,1862
1027,1878
1027,1881
1027,1893
1027,1905
1027,1986
1027,1997
1027,1998
1027,1999
1027,2006
1027,2010
1027,2018
1027,2030
1027,2033
1027,2034
1027,2039
1027,2042
1027,2043
1027,2046
1027,2054
1027,2064
1027,2065
1027,2068
1027,2070
1027,2071
1027,2081
1027,2082
1027,2111
1027,2260
1027,2288
1027,2327
1027,2328
1027,2330
1027,2333
1027,2340
1027,2345
1027,2379
1027,2380
1027,2392
1027,2397
1027,2398
1027,2425
1027,2535
1027,2536
1027,2543
1027,2544
1027,2551
1027,2562
1027,2564
1027,2580
1027,2600
1027,2608
1027,2648
1027,2651
1027,2660
1027,2663
1027,2664
1027,2666
1027,2673
1027,2678
1027,2689
1027,2690
1027,2692
1027,2697
1027,2709
1027,2722
1027,2744
1027,2747
1027,2767
1027,2772
1027,2781
1027,2787
1027,2807
1027,2816
1027,2939
1027,2958
1027,2964
1027,2977
1027,2985
1027,2996
1027,3003
1027,3004
1027,3012
1027,3016
1027,3024
1027,3037
1027,3099
1027,3101
1027,3114
1027,3138
1027,3144
1027,3152
1027,3153
1027,3156
1027,3158
1027,3166
1027,3169
1027,3176
1027,3178
1027,3190
1027,3206
1027,3211
1027,3222
1027,3223
1027,3234
1027,3236
1027,3237
1027,3242
1027,3248
1027,3252
1027,3253
1027,3254
1027,3255
1027,3257
1027,3295
1027,3348
1027,3353
1027,3368
1027,3454
1027,3462
1027,3468
1027,3470
1028,3138
1029,2539
1029,2819
1029,3138
1030,3138
1031,3138
1032,3138
1033,1343
1033,1463
1033,1529
1033,1713
1033,1934
1033,2249
1033,2468
1033,2539
1033,2629
1033,3244
1034,1454
1034,1529
1034,1657
1034,1934
1034,2468
1034,2514
1034,2638
1034,2874
1034,3244
1035,1992
1035,2819
1036,1374
1036,2110
1036,2383
1036,2539
1036,2605
1036,2819
1036,2960
1036,3040
1036,3227
1037,1992
1038,2479
1039,1645
1039,1992
1039,2539
1039,2819
1040,3138
1041,1574
1041,2819
1042,2819
1042,3138
1043,2539
1044,3138
1045,1992
1045,2539
1046,1198
1046,1306
1046,2079
1046,2232
1046,2249
1046,2679
1047,1065
1047,1074
1047,1100
1047,1101
1047,1105
1047,1123
1047,1125
1047,1153
1047,1198
1047,1206
1047,1217
1047,1240
1047,1241
1047,1295
1047,1318
1047,1319
1047,1348
1047,1376
1047,1409
1047,1447
1047,1465
1047,1507
1047,1555
1047,1561
1047,1563
1047,1640
1047,1689
1047,1694
1047,1698
1047,1716
1047,1743
1047,1758
1047,1781
1047,1813
1047,1845
1047,1853
1047,1857
1047,1877
1047,1890
1047,1906
1047,1932
1047,1934
1047,1992
1047,2002
1047,2011
1047,2017
1047,2027
1047,2039
1047,2040
1047,2080
1047,2081
1047,2082
1047,2115
1047,2227
1047,2228
1047,2231
1047,2238
1047,2239
1047,2242
1047,2289
1047,2317
1047,2348
1047,2377
1047,2378
1047,2408
1047,2453
1047,2480
1047,2529
1047,2533
1047,2539
1047,2552
1047,2558
1047,2593
1047,2610
1047,2621
1047,2622
1047,2638
1047,2667
1047,2706
1047,2726
1047,2740
1047,2769
1047,2801
1047,2819
1047,2840
1047,2848
1047,2856
1047,2882
1047,2931
1047,2996
1047,3039
1047,3077
1047,3078
1047,3115
1047,3122
1047,3138
1047,3140
1047,3166
1047,3172
1047,3176
1047,3225
1047,3230
1047,3233
1047,3240
1047,3297
1047,3299
1047,3342
1047,3356
1047,3357
1047,3369
1047,3371
1047,3374
1047,3377
1047,3386
1047,3411
1047,3450
1047,3466
1047,3473
1048,2819
1049,1993
1049,2819
1050,2539
1052,1992
1052,2539
1053,2539
1053,3138
1055,1992
1055,3138
1056,1992
1057,1674
1057,2819
1058,1115
1058,1398
1058,1444
1058,1463
1058,2063
1058,2079
1058,2290
1058,2391
1058,2445
1058,2468
1058,2679
1058,2899
1058,3233
1058,3376
1059,3138
1060,3138
1061,1993
1061,2479
1062,1073
1062,1077
1062,1090
1062,1143
1062,1152
1062,1155
1062,1157
1062,1169
1062,1171
1062,1173
1062,1174
1062,1190
1062,1191
1062,1195
1062,1198
1062,1205
1062,1211
1062,1217
1062,1221
1062,1229
1062,1267
1062,1275
1062,1285
1062,1288
1062,1293
1062,1301
1062,1311
1062,1331
1062,1333
1062,1340
1062,1343
1062,1351
1062,1378
1062,1379
1062,1385
1062,1412
1062,1428
1062,1432
1062,1435
1062,1440
1062,1442
1062,1449
1062,1551
1062,1553
1062,1556
1062,1561
1062,1597
1062,1599
1062,1621
1062,1631
1062,1638
1062,1639
1062,1640
1062,1679
1062,1693
1062,1694
1062,1696
1062,1716
1062,1726
1062,1727
1062,1741
1062,1839
1062,1844
1062,1851
1062,1858
1062,1859
1062,1878
1062,1881
1062,1893
1062,1905
1062,1986
1062,1997
1062,1998
1062,1999
1062,2006
1062,2010
1062,2018
1062,2027
1062,2033
1062,2034
1062,2039
1062,2042
1062,2054
1062,2055
1062,2065
1062,2068
1062,2071
1062,2081
1062,2082
1062,2111
1062,2260
1062,2270
1062,2309
1062,2327
1062,2330
1062,2333
1062,2335
1062,2340
1062,2345
1062,2379
1062,2380
1062,2392
1062,2397
1062,2398
1062,2425
1062,2535
1062,2536
1062,2544
1062,2562
1062,2564
1062,2565
1062,2579
1062,2580
1062,2608
1062,2640
1062,2648
1062,2651
1062,2660
1062,2663
1062,2664
1062,2673
1062,2678
1062,2689
1062,2690
1062,2692
1062,2709
1062,2742
1062,2767
1062,2772
1062,2787
1062,2807
1062,2816
1062,2939
1062,2958
1062,2964
1062,2985
1062,2996
1062,3003
1062,3004
1062,3012
1062,3016
1062,3024
1062,3037
1062,3039
1062,3099
1062,3101
1062,3114
1062,3138
1062,3144
1062,3152
1062,3153
1062,3156
1062,3158
1062,3168
1062,3169
1062,3176
1062,3178
1062,3190
1062,3211
1062,3223
1062,3234
1062,3252
1062,3253
1062,3254
1062,3255
1062,3257
1062,3295
1062,3336
1062,3348
1062,3353
1062,3368
1062,3453
1062,3462
1062,3470
1063,1083
1063,1131
1063,1198
1063,1219
1063,1223
1063,1259
1063,1289
1063,1306
1063,1343
1063,1377
1063,1496
1063,1514
1063,1520
1063,1574
1063,1591
1063,1621
1063,1622
1063,1855
1063,1905
1063,1906
1063,1934
1063,1956
1063,1983
1063,2039
1063,2044
1063,2062
1063,2079
1063,2080
1063,2092
1063,2144
1063,2158
1063,2185
1063,2219
1063,2249
1063,2275
1063,2307
1063,2454
1063,2503
1063,2539
1063,2607
1063,2675
1063,2679
1063,2708
1063,2757
1063,2773
1063,2801
1063,2802
1063,2819
1063,2858
1063,2874
1063,2952
1063,2953
1063,3021
1063,3082
1063,3103
1063,3167
1063,3363
1063,3379
1063,3393
1063,3412
1063,3438
1063,3452
1063,3473
1064,2819
1065,1074
1065,1101
1065,1123
1065,1125
1065,1153
1065,1183
1065,1198
1065,1240
1065,1241
1065,1318
1065,1319
1065,1348
1065,1409
1065,1447
1065,1465
1065,1561
1065,1562
1065,1640
1065,1689
1065,1694
1065,1698
1065,1743
1065,1803
1065,1845
1065,1853
1065,1857
1065,1890
1065,1934
1065,1940
1065,1942
1065,1943
1065,1947
1065,1949
1065,1976
1065,2002
1065,2011
1065,2017
1065,2027
1065,2039
1065,2040
1065,2080
1065,2081
1065,2082
1065,2115
1065,2227
1065,2228
1065,2231
1065,2238
1065,2239
1065,2317
1065,2458
1065,2529
1065,2552
1065,2558
1065,2610
1065,2621
1065,2638
1065,2667
1065,2706
1065,2740
1065,2801
1065,2819
1065,2996
1065,3039
1065,3115
1065,3138
1065,3140
1065,3166
1065,3172
1065,3176
1065,3225
1065,3240
1065,3247
1065,3299
1065,3342
1065,3356
1065,3369
1065,3371
1065,3377
1065,3466
1065,3468
1066,1905
1066,1992
1066,2044
1066,3138
1067,2539
1068,2819
1069,2010
1070,2539
1070,3138
1071,3138
1072,3138
1073,1077
1073,1090
1073,1111
1073,1112
1073,1115
1073,1143
1073,1149
1073,1152
1073,1155
1073,1159
1073,1169
1073,1171
1073,1173
1073,1174
1073,1190
1073,1191
1073,1195
1073,1205
1073,1211
1073,1217
1073,1221
1073,1229
1073,1266
1073,1267
1073,1275
1073,1285
1073,1288
1073,1289
1073,1290
1073,1293
1073,1301
1073,1311
1073,1331
1073,1340
1073,1342
1073,1343
1073,1350
1073,1378
1073,1379
1073,1385
1073,1412
1073,1428
1073,1432
1073,1435
1073,1440
1073,1442
1073,1449
1073,1470
1073,1523
1073,1551
1073,1553
1073,1556
1073,1561
1073,1597
1073,1599
1073,1621
1073,1631
1073,1636
1073,1638
1073,1640
1073,1645
1073,1679
1073,1693
1073,1694
1073,1696
1073,1716
1073,1726
1073,1729
1073,1736
1073,1741
1073,1758
1073,1839
1073,1843
1073,1844
1073,1851
1073,1855
1073,1858
1073,1859
1073,1862
1073,1878
1073,1881
1073,1893
1073,1901
1073,1905
1073,1932
1073,1986
1073,1989
1073,1992
1073,1997
1073,1998
1073,1999
1073,2006
1073,2010
1073,2018
1073,2022
1073,2027
1073,2030
1073,2033
1073,2034
1073,2042
1073,2043
1073,2046
1073,2054
1073,2055
1073,2064
1073,2065
1073,2068
1073,2070
1073,2071
1073,2081
1073,2082
1073,2111
1073,2232
1073,2234
1073,2249
1073,2260
1073,2270
1073,2288
1073,2290
1073,2309
1073,2324
1073,2327
1073,2328
1073,2333
1073,2335
1073,2340
1073,2345
1073,2379
1073,2380
1073,2392
1073,2397
1073,2398
1073,2425
1073,2426
1073,2535
1073,2536
1073,2543
1073,2544
1073,2562
1073,2564
1073,2565
1073,2579
1073,2580
1073,2600
1073,2608
1073,2640
1073,2648
1073,2660
1073,2663
1073,2664
1073,2666
1073,2673
1073,2678
1073,2689
1073,2690
1073,2692
1073,2709
1073,2722
1073,2742
1073,2744
1073,2747
1073,2767
1073,2772
1073,2781
1073,2787
1073,2807
1073,2816
1073,2819
1073,2939
1073,2958
1073,2964
1073,2977
1073,2985
1073,2996
1073,3003
1073,3004
1073,3012
1073,3024
1073,3037
1073,3099
1073,3101
1073,3114
1073,3138
1073,3152
1073,3153
1073,3156
1073,3158
1073,3166
1073,3167
1073,3168
1073,3169
1073,3176
1073,3178
1073,3190
1073,3206
1073,3211
1073,3222
1073,3223
1073,3234
1073,3236
1073,3237
1073,3242
1073,3248
1073,3252
1073,3253
1073,3254
1073,3255
1073,3257
1073,3295
1073,3336
1073,3348
1073,3353
1073,3368
1073,3453
1073,3454
1073,3456
1073,3462
1073,3468
1073,3470
1074,1101
1074,1123
1074,1125
1074,1153
1074,1198
1074,1240
1074,1241
1074,1319
1074,1348
1074,1409
1074,1447
1074,1465
1074,1561
1074,1640
1074,1689
1074,1694
1074,1698
1074,1743
1074,1845
1074,1853
1074,1857
1074,1890
1074,2002
1074,2011
1074,2017
1074,2027
1074,2039
1074,2040
1074,2080
1074,2081
1074,2082
1074,2115
1074,2227
1074,2228
1074,2231
1074,2238
1074,2239
1074,2317
1074,2529
1074,2552
1074,2558
1074,2610
1074,2621
1074,2638
1074,2667
1074,2706
1074,2740
1074,2801
1074,2819
1074,2996
1074,3039
1074,3115
1074,3138
1074,3140
1074,3166
1074,3172
1074,3176
1074,3225
1074,3240
1074,3247
1074,3299
1074,3342
1074,3356
1074,3369
1074,3371
1074,3377
1074,3466
1074,3468
1075,1083
1075,1342
1075,1855
1075,1942
1075,1993
1075,2819
1075,2879
1075,3138
1076,1184
1076,1208
1076,1397
1076,1398
1076,1526
1076,2309
1076,2533
1076,2539
1076,2649
1076,2650
1076,2953
1076,3138
1077,1090
1077,1111
1077,1149
1077,1152
1077,1155
1077,1159
1077,1169
1077,1171
1077,1173
1077,1174
1077,1190
1077,1191
1077,1195
1077,1198
1077,1205
1077,1211
1077,1217
1077,1221
1077,1229
1077,1266
1077,1275
1077,1288
1077,1290
1077,1293
1077,1301
1077,1331
1077,1340
1077,1343
1077,1350
1077,1351
1077,1378
1077,1385
1077,1412
1077,1432
1077,1435
1077,1440
1077,1449
1077,1551
1077,1553
1077,1556
1077,1561
1077,1597
1077,1599
1077,1621
1077,1631
1077,1636
1077,1638
1077,1639
1077,1640
1077,1679
1077,1693
1077,1694
1077,1696
1077,1716
1077,1726
1077,1727
1077,1736
1077,1741
1077,1839
1077,1843
1077,1844
1077,1851
1077,1862
1077,1878
1077,1881
1077,1893
1077,1901
1077,1905
1077,1986
1077,1989
1077,1998
1077,1999
1077,2006
1077,2010
1077,2018
1077,2022
1077,2027
1077,2030
1077,2033
1077,2034
1077,2039
1077,2046
1077,2054
1077,2065
1077,2068
1077,2070
1077,2071
1077,2082
1077,2111
1077,2260
1077,2270
1077,2288
1077,2309
1077,2327
1077,2328
1077,2330
1077,2333
1077,2340
1077,2345
1077,2379
1077,2380
1077,2392
1077,2397
1077,2398
1077,2425
1077,2426
1077,2535
1077,2536
1077,2543
1077,2544
1077,2551
1077,2562
1077,2564
1077,2579
1077,2580
1077,2600
1077,2640
1077,2648
1077,2651
1077,2660
1077,2663
1077,2664
1077,2666
1077,2678
1077,2690
1077,2697
1077,2709
1077,2742
1077,2744
1077,2747
1077,2767
1077,2772
1077,2781
1077,2807
1077,2816
1077,2939
1077,2958
1077,2977
1077,2985
1077,2996
1077,3003
1077,3004
1077,3012
1077,3024
1077,3037
1077,3039
1077,3099
1077,3101
1077,3114
1077,3144
1077,3152
1077,3153
1077,3156
1077,3158
1077,3166
1077,3169
1077,3176
1077,3178
1077,3206
1077,3211
1077,3222
1077,3223
1077,3234
1077,3236
1077,3237
1077,3242
1077,3248
1077,3250
1077,3252
1077,3253
1077,3254
1077,3257
1077,3295
1077,3336
1077,3348
1077,3353
1077,3368
1077,3453
1077,3454
1077,3456
1077,3462
1078,3138
1079,2819
1080,2539
1081,3138
1082,3138
1083,1269
1083,1342
1083,1514
1083,1557
1083,1666
1083,1786
1083,1855
1083,1906
1083,1934
1083,1942
1083,2039
1083,2080
1083,2130
1083,2144
1083,2147
1083,2158
1083,2362
1083,2539
1083,2638
1083,2802
1083,2871
1083,2874
1083,2952
1083,3121
1083,3138
1083,3167
1083,3438
1084,3138
1085,2539
1085,2819
1085,3138
1086,1992
1086,2819
1087,2819
1088,1645
1088,2539
1088,3138
1089,3138
1090,1111
1090,1143
1090,1149
1090,1152
1090,1157
1090,1159
1090,1169
1090,1171
1090,1173
1090,1190
1090,1191
1090,1195
1090,1198
1090,1205
1090,1211
1090,1217
1090,1221
1090,1266
1090,1267
1090,1275
1090,1285
1090,1288
1090,1290
1090,1293
1090,1301
1090,1331
1090,1343
1090,1378
1090,1379
1090,1412
1090,1428
1090,1432
1090,1449
1090,1551
1090,1553
1090,1556
1090,1561
1090,1597
1090,1599
1090,1621
1090,1631
1090,1636
1090,1638
1090,1640
1090,1679
1090,1693
1090,1694
1090,1716
1090,1726
1090,1727
1090,1729
1090,1736
1090,1741
1090,1839
1090,1843
1090,1844
1090,1851
1090,1858
1090,1878
1090,1881
1090,1901
1090,1986
1090,1989
1090,1999
1090,2006
1090,2010
1090,2018
1090,2022
1090,2027
1090,2030
1090,2033
1090,2034
1090,2039
1090,2042
1090,2043
1090,2054
1090,2064
1090,2065
1090,2071
1090,2081
1090,2082
1090,2111
1090,2260
1090,2288
1090,2309
1090,2327
1090,2328
1090,2330
1090,2333
1090,2335
1090,2379
1090,2380
1090,2397
1090,2425
1090,2426
1090,2535
1090,2536
1090,2543
1090,2544
1090,2551
1090,2562
1090,2564
1090,2579
1090,2600
1090,2608
1090,2640
1090,2648
1090,2651
1090,2660
1090,2663
1090,2678
1090,2692
1090,2709
1090,2722
1090,2744
1090,2747
1090,2767
1090,2772
1090,2781
1090,2807
1090,2816
1090,2977
1090,2985
1090,2996
1090,3003
1090,3004
1090,3012
1090,3016
1090,3024
1090,3037
1090,3039
1090,3099
1090,3101
1090,3138
1090,3144
1090,3152
1090,3153
1090,3156
1090,3158
1090,3166
1090,3168
1090,3169
1090,3176
1090,3178
1090,3190
1090,3206
1090,3222
1090,3223
1090,3234
1090,3236
1090,3237
1090,3242
1090,3248
1090,3250
1090,3252
1090,3253
1090,3254
1090,3255
1090,3257
1090,3295
1090,3353
1090,3368
1090,3454
1090,3456
1090,3462
1090,3468
1090,3470
1091,2539
1091,3138
1092,3138
1093,3138
1094,1992
1094,3138
1095,2819
1096,3138
1097,3138
1098,2539
1098,2819
1099,3138
1100,1198
1100,1563
1100,1813
1100,1845
1100,1877
1100,1906
1100,1932
1100,1934
1100,2289
1100,2348
1100,2377
1100,2408
1100,2453
1100,2533
1100,2593
1100,2840
1100,2848
1100,2856
1100,2931
1100,3122
1100,3138
1100,3233
1100,3374
1100,3386
1101,1123
1101,1125
1101,1153
1101,1198
1101,1240
1101,1241
1101,1319
1101,1348
1101,1409
1101,1447
1101,1465
1101,1561
1101,1640
1101,1689
1101,1694
1101,1698
1101,1743
1101,1845
1101,1853
1101,1857
1101,1890
1101,2002
1101,2011
1101,2017
1101,2027
1101,2039
1101,2040
1101,2080
1101,2081
1101,2082
1101,2115
1101,2227
1101,2228
1101,2231
1101,2238
1101,2239
1101,2317
1101,2529
1101,2552
1101,2558
1101,2610
1101,2621
1101,2638
1101,2667
1101,2706
1101,2740
1101,2801
1101,2819
1101,2996
1101,3039
1101,3115
1101,3138
1101,3140
1101,3166
1101,3172
1101,3176
1101,3225
1101,3240
1101,3247
1101,3299
1101,3342
1101,3356
1101,3369
1101,3371
1101,3377
1101,3466
1101,3468
1102,2479
1102,2819
1103,2479
1104,1674
1104,2819
1104,3138
1105,1123
1105,1318
1105,1555
1105,1563
1105,1716
1105,1813
1105,1845
1105,1877
1105,1932
1105,1934
1105,2289
1105,2377
1105,2408
1105,2529
1105,2533
1105,2819
1105,2856
1105,2996
1105,3122
1105,3233
1106,3138
1107,2539
1107,2819
1108,1992
1108,2539
1108,3138
1109,2819
1110,1992
1111,1143
1111,1149
1111,1152
1111,1155
1111,1157
1111,1169
1111,1171
1111,1173
1111,1174
1111,1190
1111,1191
1111,1195
1111,1198
1111,1211
1111,1217
1111,1221
1111,1229
1111,1267
1111,1275
1111,1285
1111,1288
1111,1290
1111,1293
1111,1301
1111,1311
1111,1331
1111,1333
1111,1343
1111,1350
1111,1378
1111,1379
1111,1385
1111,1412
1111,1432
1111,1435
1111,1440
1111,1442
1111,1449
1111,1551
1111,1553
1111,1556
1111,1561
1111,1597
1111,1621
1111,1631
1111,1636
1111,1638
1111,1639
1111,1640
1111,1679
1111,1693
1111,1694
1111,1696
1111,1727
1111,1729
1111,1736
1111,1741
1111,1843
1111,1844
1111,1851
1111,1858
1111,1859
1111,1862
1111,1878
1111,1881
1111,1905
1111,1986
1111,1989
1111,1997
1111,1998
1111,1999
1111,2006
1111,2010
1111,2018
1111,2022
1111,2027
1111,2034
1111,2039
1111,2042
1111,2043
1111,2046
1111,2054
1111,2055
1111,2064
1111,2065
1111,2068
1111,2070
1111,2081
1111,2082
1111,2111
1111,2260
1111,2288
1111,2309
1111,2327
1111,2328
1111,2330
1111,2333
1111,2335
1111,2340
1111,2345
1111,2379
1111,2380
1111,2392
1111,2398
1111,2425
1111,2426
1111,2535
1111,2536
1111,2543
1111,2544
1111,2551
1111,2562
1111,2564
1111,2565
1111,2579
1111,2580
1111,2600
1111,2608
1111,2640
1111,2660
1111,2664
1111,2666
1111,2673
1111,2678
1111,2689
1111,2690
1111,2697
1111,2709
1111,2722
1111,2742
1111,2744
1111,2747
1111,2767
1111,2772
1111,2781
1111,2787
1111,2807
1111,2816
1111,2958
1111,2964
1111,2977
1111,2985
1111,2996
1111,3004
1111,3012
1111,3016
1111,3024
1111,3037
1111,3099
1111,3101
1111,3138
1111,3144
1111,3152
1111,3158
1111,3166
1111,3168
1111,3169
1111,3176
1111,3178
1111,3190
1111,3206
1111,3211
1111,3222
1111,3223
1111,3234
1111,3237
1111,3242
1111,3248
1111,3253
1111,3254
1111,3255
1111,3257
1111,3295
1111,3336
1111,3348
1111,3353
1111,3368
1111,3453
1111,3454
1111,3456
1111,3462
1111,3468
1112,1198
1112,1259
1112,1289
1112,1343
1112,1829
1112,1856
1112,2079
1112,2232
1112,2249
1112,2385
1112,2557
1112,2679
1112,2801
1112,2953
1112,3202
1113,1992
1113,2539
1113,2819
1114,2819
1114,3138
1115,1184
1115,1198
1115,1259
1115,1289
1115,1306
1115,1342
1115,1343
1115,1463
1115,1470
1115,1477
1115,1608
1115,1614
1115,1674
1115,1731
1115,1785
1115,1854
1115,1855
1115,1856
1115,2079
1115,2232
1115,2234
1115,2247
1115,2249
1115,2290
1115,2324
1115,2359
1115,2547
1115,2557
1115,2638
1115,2650
1115,2679
1115,2801
1115,2928
1115,2953
1115,3202
1115,3412
1115,3438
1116,3138
1117,1993
1117,2539
1118,2539
1119,3138
1120,2539
1121,2819
1122,3138
1123,1125
1123,1147
1123,1153
1123,1183
1123,1198
1123,1217
1123,1240
1123,1241
1123,1245
1123,1318
1123,1319
1123,1342
1123,1348
1123,1376
1123,1397
1123,1398
1123,1400
1123,1401
1123,1409
1123,1447
1123,1465
1123,1555
1123,1561
1123,1562
1123,1563
1123,1640
1123,1645
1123,1653
1123,1689
1123,1694
1123,1698
1123,1716
1123,1718
1123,1743
1123,1803
1123,1813
1123,1845
1123,1853
1123,1857
1123,1877
1123,1890
1123,1932
1123,1934
1123,1940
1123,1942
1123,1943
1123,1947
1123,1949
1123,1967
1123,1976
1123,1992
1123,1997
1123,2002
1123,2010
1123,2011
1123,2017
1123,2034
1123,2039
1123,2040
1123,2079
1123,2080
1123,2081
1123,2082
1123,2115
1123,2227
1123,2231
1123,2238
1123,2239
1123,2289
1123,2317
1123,2377
1123,2408
1123,2458
1123,2468
1123,2529
1123,2533
1123,2539
1123,2547
1123,2552
1123,2558
1123,2610
1123,2621
1123,2622
1123,2638
1123,2667
1123,2706
1123,2740
1123,2741
1123,2769
1123,2801
1123,2809
1123,2819
1123,2856
1123,2878
1123,2882
1123,2900
1123,2996
1123,3039
1123,3091
1123,3115
1123,3122
1123,3138
1123,3140
1123,3166
1123,3167
1123,3172
1123,3176
1123,3224
1123,3225
1123,3233
1123,3240
1123,3247
1123,3259
1123,3299
1123,3342
1123,3356
1123,3368
1123,3369
1123,3371
1123,3374
1123,3377
1123,3466
1123,3468
1123,3473
1124,2539
1125,1153
1125,1198
1125,1240
1125,1241
1125,1319
1125,1348
1125,1409
1125,1447
1125,1465
1125,1561
1125,1640
1125,1689
1125,1694
1125,1698
1125,1743
1125,1845
1125,1853
1125,1857
1125,1890
1125,2002
1125,2011
1125,2017
1125,2027
1125,2039
1125,2040
1125,2080
1125,2081
1125,2082
1125,2115
1125,2227
1125,2228
1125,2231
1125,2238
1125,2239
1125,2317
1125,2529
1125,2552
1125,2558
1125,2610
1125,2621
1125,2638
1125,2667
1125,2706
1125,2740
1125,2801
1125,2819
1125,2996
1125,3039
1125,3115
1125,3138
1125,3140
1125,3166
1125,3172
1125,3176
1125,3225
1125,3240
1125,3247
1125,3299
1125,3342
1125,3356
1125,3369
1125,3371
1125,3377
1125,3466
1125,3468
1126,1992
1126,2539
1126,3138
1127,1574
1127,1993
1127,2819
1128,3138
1129,1992
1130,2539
1131,1174
1131,1189
1131,1198
1131,1219
1131,1279
1131,1377
1131,1496
1131,1520
1131,1574
1131,1591
1131,1621
1131,1622
1131,1741
1131,1760
1131,1855
1131,1895
1131,1905
1131,1941
1131,1956
1131,2010
1131,2044
1131,2048
1131,2060
1131,2062
1131,2219
1131,2249
1131,2275
1131,2317
1131,2454
1131,2503
1131,2539
1131,2607
1131,2694
1131,2708
1131,2710
1131,2757
1131,2773
1131,2841
1131,2937
1131,2996
1131,3082
1131,3103
1131,3173
1131,3174
1131,3243
1131,3360
1131,3387
1131,3393
1131,3450
1131,3452
1131,3473
1132,2539
1133,3138
1134,3138
1135,1674
1135,2479
1136,1645
1136,2539
1136,2819
1137,2539
1137,2819
1138,3138
1139,1992
1140,2819
1140,3138
1141,3138
1142,3138
1143,1155
1143,1157
1143,1159
1143,1169
1143,1171
1143,1173
1143,1174
1143,1190
1143,1191
1143,1195
1143,1198
1143,1211
1143,1217
1143,1221
1143,1229
1143,1275
1143,1285
1143,1288
1143,1290
1143,1293
1143,1301
1143,1311
1143,1331
1143,1343
1143,1350
1143,1351
1143,1385
1143,1412
1143,1428
1143,1435
1143,1440
1143,1442
1143,1449
1143,1551
1143,1561
1143,1599
1143,1621
1143,1631
1143,1636
1143,1638
1143,1639
1143,1640
1143,1693
1143,1694
1143,1696
1143,1716
1143,1726
1143,1727
1143,1736
1143,1741
1143,1839
1143,1843
1143,1844
1143,1851
1143,1862
1143,1878
1143,1893
1143,1901
1143,1905
1143,1986
1143,1989
1143,1997
1143,1998
1143,2006
1143,2010
1143,2018
1143,2022
1143,2027
1143,2034
1143,2039
1143,2042
1143,2054
1143,2055
1143,2064
1143,2065
1143,2070
1143,2081
1143,2082
1143,2111
1143,2260
1143,2270
1143,2309
1143,2327
1143,2328
1143,2333
1143,2335
1143,2340
1143,2345
1143,2379
1143,2392
1143,2397
1143,2398
1143,2425
1143,2535
1143,2544
1143,2551
1143,2562
1143,2564
1143,2579
1143,2580
1143,2600
1143,2608
1143,2640
1143,2648
1143,2651
1143,2660
1143,2663
1143,2666
1143,2673
1143,2678
1143,2689
1143,2690
1143,2692
1143,2697
1143,2709
1143,2722
1143,2744
1143,2767
1143,2781
1143,2787
1143,2807
1143,2816
1143,2939
1143,2958
1143,2977
1143,2985
1143,2996
1143,3003
1143,3004
1143,3012
1143,3016
1143,3037
1143,3039
1143,3099
1143,3101
1143,3114
1143,3138
1143,3144
1143,3153
1143,3156
1143,3158
1143,3166
1143,3169
1143,3176
1143,3178
1143,3190
1143,3206
1143,3211
1143,3222
1143,3223
1143,3234
1143,3236
1143,3242
1143,3250
1143,3253
1143,3254
1143,3255
1143,3336
1143,3353
1143,3368
1143,3453
1143,3454
1143,3456
1143,3462
1143,3468
1144,3138
1145,3138
1146,3138
1147,1183
1147,1318
1147,1562
1147,1674
1147,1741
1147,1803
1147,1845
1147,1934
1147,1940
1147,1942
1147,1943
1147,1947
1147,1949
1147,1976
1147,1992
1147,2458
1147,2819
1147,2996
1147,3039
1147,3138
1147,3468
1148,1992
1148,2539
1149,1152
1149,1155
1149,1157
1149,1169
1149,1171
1149,1173
1149,1174
1149,1191
1149,1195
1149,1198
1149,1205
1149,1211
1149,1217
1149,1221
1149,1266
1149,1267
1149,1275
1149,1285
1149,1288
1149,1293
1149,1301
1149,1311
1149,1331
1149,1333
1149,1340
1149,1350
1149,1351
1149,1378
1149,1379
1149,1385
1149,1428
1149,1432
1149,1435
1149,1440
1149,1442
1149,1449
1149,1553
1149,1556
1149,1561
1149,1597
1149,1599
1149,1621
1149,1631
1149,1636
1149,1638
1149,1639
1149,1640
1149,1679
1149,1693
1149,1694
1149,1696
1149,1716
1149,1727
1149,1736
1149,1741
1149,1844
1149,1851
1149,1858
1149,1859
1149,1878
1149,1881
1149,1893
1149,1901
1149,1905
1149,1986
1149,1997
1149,1998
1149,1999
1149,2006
1149,2010
1149,2018
1149,2022
1149,2027
1149,2034
1149,2039
1149,2043
1149,2046
1149,2055
1149,2064
1149,2068
1149,2070
1149,2071
1149,2081
1149,2082
1149,2111
1149,2270
1149,2288
1149,2309
1149,2328
1149,2330
1149,2333
1149,2340
1149,2345
1149,2380
1149,2392
1149,2397
1149,2398
1149,2425
1149,2426
1149,2535
1149,2536
1149,2543
1149,2544
1149,2551
1149,2562
1149,2564
1149,2565
1149,2640
1149,2648
1149,2651
1149,2660
1149,2663
1149,2664
1149,2666
1149,2689
1149,2690
1149,2692
1149,2697
1149,2709
1149,2722
1149,2744
1149,2747
1149,2767
1149,2772
1149,2787
1149,2807
1149,2816
1149,2939
1149,2958
1149,2964
1149,2977
1149,2985
1149,2996
1149,3003
1149,3004
1149,3012
1149,3024
1149,3037
1149,3039
1149,3099
1149,3101
1149,3114
1149,3138
1149,3152
1149,3153
1149,3156
1149,3158
1149,3166
1149,3168
1149,3169
1149,3176
1149,3178
1149,3206
1149,3211
1149,3222
1149,3223
1149,3234
1149,3236
1149,3237
1149,3242
1149,3248
1149,3250
1149,3252
1149,3253
1149,3254
1149,3255
1149,3257
1149,3336
1149,3348
1149,3353
1149,3368
1149,3454
1149,3456
1149,3468
1149,3470
1150,1174
1150,1189
1150,1198
1150,1213
1150,1341
1150,1443
1150,1591
1150,1760
1150,2010
1150,2044
1150,2757
1150,2841
1150,2937
1150,2996
1150,3021
1150,3173
1150,3174
1150,3387
1151,3138
1152,1157
1152,1159
1152,1169
1152,1171
1152,1173
1152,1190
1152,1191
1152,1195
1152,1198
1152,1211
1152,1217
1152,1221
1152,1229
1152,1266
1152,1275
1152,1290
1152,1301
1152,1340
1152,1343
1152,1350
1152,1351
1152,1385
1152,1412
1152,1428
1152,1432
1152,1435
1152,1442
1152,1551
1152,1556
1152,1561
1152,1597
1152,1599
1152,1621
1152,1631
1152,1638
1152,1639
1152,1640
1152,1679
1152,1694
1152,1696
1152,1716
1152,1726
1152,1727
1152,1729
1152,1736
1152,1741
1152,1839
1152,1843
1152,1844
1152,1851
1152,1858
1152,1859
1152,1862
1152,1878
1152,1881
1152,1893
1152,1901
1152,1905
1152,1986
1152,1989
1152,1999
1152,2006
1152,2010
1152,2018
1152,2027
1152,2030
1152,2034
1152,2039
1152,2042
1152,2043
1152,2046
1152,2054
1152,2055
1152,2064
1152,2065
1152,2068
1152,2070
1152,2071
1152,2081
1152,2082
1152,2111
1152,2260
1152,2288
1152,2309
1152,2327
1152,2328
1152,2330
1152,2333
1152,2335
1152,2340
1152,2345
1152,2380
1152,2425
1152,2426
1152,2535
1152,2536
1152,2543
1152,2544
1152,2551
1152,2562
1152,2564
1152,2579
1152,2580
1152,2600
1152,2608
1152,2640
1152,2648
1152,2651
1152,2660
1152,2664
1152,2666
1152,2673
1152,2689
1152,2690
1152,2697
1152,2709
1152,2722
1152,2742
1152,2744
1152,2747
1152,2767
1152,2772
1152,2787
1152,2807
1152,2816
1152,2958
1152,2964
1152,2977
1152,2985
1152,3003
1152,3004
1152,3024
1152,3037
1152,3039
1152,3099
1152,3101
1152,3114
1152,3138
1152,3144
1152,3152
1152,3153
1152,3156
1152,3158
1152,3168
1152,3169
1152,3176
1152,3190
1152,3206
1152,3211
1152,3223
1152,3237
1152,3242
1152,3248
1152,3250
1152,3253
1152,3254
1152,3255
1152,3257
1152,3295
1152,3353
1152,3368
1152,3462
1152,3468
1152,3470
1153,1198
1153,1240
1153,1241
1153,1319
1153,1348
1153,1409
1153,1447
1153,1465
1153,1561
1153,1640
1153,1689
1153,1694
1153,1698
1153,1743
1153,1845
1153,1853
1153,1857
1153,1890
1153,2002
1153,2011
1153,2017
1153,2027
1153,2039
1153,2040
1153,2080
1153,2081
1153,2082
1153,2115
1153,2227
1153,2228
1153,2231
1153,2238
1153,2239
1153,2317
1153,2529
1153,2552
1153,2558
1153,2610
1153,2621
1153,2638
1153,2667
1153,2706
1153,2740
1153,2801
1153,2819
1153,2996
1153,3039
1153,3115
1153,3138
1153,3140
1153,3166
1153,3172
1153,3176
1153,3225
1153,3240
1153,3247
1153,3299
1153,3342
1153,3356
1153,3369
1153,3371
1153,3377
1153,3466
1153,3468
1154,2479
1155,1157
1155,1159
1155,1169
1155,1171
1155,1173
1155,1174
1155,1190
1155,1191
1155,1195
1155,1198
1155,1205
1155,1211
1155,1217
1155,1221
1155,1229
1155,1266
1155,1267
1155,1275
1155,1285
1155,1288
1155,1290
1155,1293
1155,1301
1155,1311
1155,1331
1155,1333
1155,1340
1155,1343
1155,1350
1155,1351
1155,1378
1155,1379
1155,1385
1155,1412
1155,1428
1155,1432
1155,1435
1155,1440
1155,1442
1155,1449
1155,1551
1155,1553
1155,1556
1155,1561
1155,1597
1155,1599
1155,1621
1155,1631
1155,1636
1155,1638
1155,1639
1155,1640
1155,1693
1155,1694
1155,1696
1155,1716
1155,1726
1155,1727
1155,1736
1155,1741
1155,1839
1155,1843
1155,1844
1155,1851
1155,1858
1155,1859
1155,1862
1155,1878
1155,1881
1155,1893
1155,1901
1155,1905
1155,1986
1155,1989
1155,1997
1155,1998
1155,1999
1155,2006
1155,2010
1155,2018
1155,2022
1155,2027
1155,2030
1155,2034
1155,2039
1155,2042
1155,2043
1155,2046
1155,2054
1155,2055
1155,2064
1155,2065
1155,2068
1155,2070
1155,2071
1155,2081
1155,2082
1155,2111
1155,2260
1155,2270
1155,2288
1155,2309
1155,2327
1155,2328
1155,2330
1155,2333
1155,2335
1155,2340
1155,2345
1155,2379
1155,2380
1155,2392
1155,2397
1155,2398
1155,2425
1155,2426
1155,2536
1155,2543
1155,2544
1155,2551
1155,2562
1155,2564
1155,2565
1155,2579
1155,2580
1155,2600
1155,2608
1155,2640
1155,2648
1155,2651
1155,2660
1155,2663
1155,2664
1155,2666
1155,2673
1155,2678
1155,2689
1155,2690
1155,2697
1155,2709
1155,2742
1155,2744
1155,2747
1155,2767
1155,2772
1155,2781
1155,2787
1155,2807
1155,2816
1155,2939
1155,2958
1155,2964
1155,2977
1155,2985
1155,2996
1155,3003
1155,3004
1155,3012
1155,3016
1155,3024
1155,3037
1155,3039
1155,3099
1155,3101
1155,3114
1155,3138
1155,3144
1155,3153
1155,3156
1155,3158
1155,3166
1155,3168
1155,3169
1155,3176
1155,3178
1155,3190
1155,3206
1155,3211
1155,3222
1155,3223
1155,3234
1155,3236
1155,3237
1155,3242
1155,3248
1155,3250
1155,3252
1155,3253
1155,3254
1155,3255
1155,3257
1155,3295
1155,3336
1155,3353
1155,3368
1155,3453
1155,3454
1155,3456
1155,3462
1155,3468
1155,3470
1156,3138
1157,1159
1157,1169
1157,1173
1157,1174
1157,1190
1157,1191
1157,1195
1157,1198
1157,1205
1157,1211
1157,1217
1157,1221
1157,1229
1157,1266
1157,1267
1157,1285
1157,1288
1157,1290
1157,1293
1157,1311
1157,1331
1157,1333
1157,1340
1157,1350
1157,1351
1157,1378
1157,1379
1157,1385
1157,1412
1157,1428
1157,1432
1157,1435
1157,1440
1157,1442
1157,1449
1157,1551
1157,1553
1157,1556
1157,1561
1157,1597
1157,1599
1157,1621
1157,1631
1157,1636
1157,1638
1157,1639
1157,1640
1157,1679
1157,1693
1157,1696
1157,1726
1157,1727
1157,1729
1157,1736
1157,1741
1157,1839
1157,1843
1157,1844
1157,1851
1157,1859
1157,1862
1157,1878
1157,1881
1157,1893
1157,1901
1157,1905
1157,1986
1157,1989
1157,1997
1157,1998
1157,1999
1157,2006
1157,2010
1157,2018
1157,2022
1157,2027
1157,2030
1157,2033
1157,2034
1157,2039
1157,2042
1157,2043
1157,2046
1157,2054
1157,2055
1157,2064
1157,2065
1157,2068
1157,2070
1157,2071
1157,2081
1157,2082
1157,2260
1157,2270
1157,2288
1157,2309
1157,2327
1157,2328
1157,2330
1157,2333
1157,2335
1157,2340
1157,2345
1157,2379
1157,2380
1157,2392
1157,2397
1157,2398
1157,2425
1157,2426
1157,2535
1157,2536
1157,2543
1157,2544
1157,2551
1157,2562
1157,2564
1157,2565
1157,2579
1157,2580
1157,2600
1157,2608
1157,2640
1157,2648
1157,2651
1157,2660
1157,2663
1157,2664
1157,2666
1157,2673
1157,2678
1157,2689
1157,2690
1157,2692
1157,2697
1157,2722
1157,2742
1157,2744
1157,2747
1157,2767
1157,2772
1157,2781
1157,2787
1157,2807
1157,2816
1157,2939
1157,2958
1157,2964
1157,2977
1157,2985
1157,2996
1157,3003
1157,3004
1157,3012
1157,3016
1157,3024
1157,3037
1157,3039
1157,3101
1157,3114
1157,3138
1157,3144
1157,3152
1157,3153
1157,3156
1157,3158
1157,3166
1157,3168
1157,3169
1157,3176
1157,3178
1157,3190
1157,3206
1157,3211
1157,3222
1157,3223
1157,3234
1157,3236
1157,3237
1157,3242
1157,3248
1157,3250
1157,3252
1157,3253
1157,3254
1157,3255
1157,3257
1157,3295
1157,3336
1157,3353
1157,3368
1157,3453
1157,3456
1157,3462
1157,3468
1157,3470
1158,3138
1159,1169
1159,1171
1159,1173
1159,1190
1159,1191
1159,1195
1159,1198
1159,1205
1159,1211
1159,1217
1159,1221
1159,1229
1159,1266
1159,1267
1159,1275
1159,1285
1159,1288
1159,1290
1159,1293
1159,1301
1159,1331
1159,1333
1159,1343
1159,1350
1159,1378
1159,1379
1159,1412
1159,1428
1159,1440
1159,1442
1159,1449
1159,1551
1159,1556
1159,1561
1159,1597
1159,1599
1159,1621
1159,1631
1159,1636
1159,1639
1159,1640
1159,1679
1159,1694
1159,1696
1159,1716
1159,1727
1159,1736
1159,1741
1159,1843
1159,1844
1159,1859
1159,1862
1159,1878
1159,1881
1159,1893
1159,1901
1159,1905
1159,1997
1159,2006
1159,2010
1159,2018
1159,2027
1159,2030
1159,2033
1159,2039
1159,2042
1159,2046
1159,2054
1159,2064
1159,2065
1159,2068
1159,2070
1159,2081
1159,2082
1159,2111
1159,2260
1159,2270
1159,2309
1159,2327
1159,2328
1159,2330
1159,2333
1159,2335
1159,2340
1159,2345
1159,2379
1159,2380
1159,2392
1159,2397
1159,2398
1159,2425
1159,2426
1159,2535
1159,2536
1159,2539
1159,2543
1159,2544
1159,2551
1159,2562
1159,2564
1159,2565
1159,2579
1159,2580
1159,2600
1159,2608
1159,2648
1159,2651
1159,2663
1159,2664
1159,2673
1159,2689
1159,2697
1159,2709
1159,2744
1159,2747
1159,2767
1159,2781
1159,2787
1159,2807
1159,2816
1159,2939
1159,2958
1159,2964
1159,2977
1159,2985
1159,2996
1159,3003
1159,3012
1159,3016
1159,3024
1159,3037
1159,3039
1159,3099
1159,3101
1159,3114
1159,3138
1159,3152
1159,3153
1159,3156
1159,3158
1159,3166
1159,3168
1159,3169
1159,3176
1159,3190
1159,3206
1159,3211
1159,3222
1159,3223
1159,3236
1159,3237
1159,3242
1159,3248
1159,3250
1159,3252
1159,3255
1159,3257
1159,3295
1159,3336
1159,3348
1159,3368
1159,3453
1159,3454
1159,3456
1159,3462
1159,3468
1159,3470
1160,2819
1160,3138
1161,3138
1162,2479
1162,3138
1164,3138
1165,3138
1166,3138
1167,2539
1168,2819
1168,3138
1169,1171
1169,1173
1169,1174
1169,1190
1169,1191
1169,1195
1169,1198
1169,1211
1169,1217
1169,1229
1169,1266
1169,1267
1169,1275
1169,1285
1169,1288
1169,1290
1169,1293
1169,1301
1169,1311
1169,1333
1169,1340
1169,1343
1169,1378
1169,1379
1169,1385
1169,1412
1169,1428
1169,1432
1169,1435
1169,1440
1169,1442
1169,1449
1169,1551
1169,1553
1169,1556
1169,1561
1169,1597
1169,1599
1169,1621
1169,1631
1169,1639
1169,1640
1169,1679
1169,1693
1169,1694
1169,1696
1169,1716
1169,1726
1169,1727
1169,1729
1169,1736
1169,1741
1169,1843
1169,1844
1169,1851
1169,1859
1169,1862
1169,1878
1169,1881
1169,1893
1169,1901
1169,1905
1169,1986
1169,1989
1169,1997
1169,1998
1169,1999
1169,2006
1169,2010
1169,2018
1169,2022
1169,2027
1169,2030
1169,2034
1169,2039
1169,2042
1169,2043
1169,2046
1169,2054
1169,2055
1169,2064
1169,2065
1169,2068
1169,2070
1169,2071
1169,2081
1169,2082
1169,2111
1169,2260
1169,2270
1169,2288
1169,2309
1169,2328
1169,2330
1169,2333
1169,2335
1169,2340
1169,2345
1169,2379
1169,2380
1169,2392
1169,2398
1169,2425
1169,2426
1169,2535
1169,2536
1169,2543
1169,2544
1169,2551
1169,2562
1169,2564
1169,2579
1169,2580
1169,2600
1169,2608
1169,2648
1169,2651
1169,2660
1169,2664
1169,2666
1169,2678
1169,2689
1169,2690
1169,2692
1169,2697
1169,2709
1169,2722
1169,2742
1169,2767
1169,2772
1169,2781
1169,2816
1169,2939
1169,2958
1169,2964
1169,2977
1169,2985
1169,2996
1169,3003
1169,3004
1169,3012
1169,3024
1169,3037
1169,3039
1169,3101
1169,3114
1169,3138
1169,3144
1169,3156
1169,3158
1169,3166
1169,3169
1169,3176
1169,3178
1169,3190
1169,3206
1169,3211
1169,3222
1169,3223
1169,3234
1169,3236
1169,3237
1169,3242
1169,3248
1169,3250
1169,3252
1169,3253
1169,3254
1169,3257
1169,3348
1169,3353
1169,3368
1169,3453
1169,3454
1169,3456
1169,3462
1169,3468
1169,3470
1170,3138
1171,1173
1171,1174
1171,1190
1171,1205
1171,1211
1171,1217
1171,1221
1171,1229
1171,1266
1171,1267
1171,1275
1171,1285
1171,1288
1171,1290
1171,1293
1171,1301
1171,1311
1171,1331
1171,1333
1171,1340
1171,1343
1171,1350
1171,1351
1171,1378
1171,1379
1171,1385
1171,1412
1171,1428
1171,1432
1171,1435
1171,1440
1171,1442
1171,1449
1171,1551
1171,1553
1171,1556
1171,1561
1171,1597
1171,1599
1171,1621
1171,1631
1171,1636
1171,1638
1171,1639
1171,1679
1171,1693
1171,1694
1171,1696
1171,1716
1171,1726
1171,1729
1171,1736
1171,1741
1171,1839
1171,1843
1171,1844
1171,1851
1171,1858
1171,1859
1171,1862
1171,1878
1171,1881
1171,1893
1171,1901
1171,1905
1171,1986
1171,1989
1171,1997
1171,1998
1171,1999
1171,2006
1171,2010
1171,2018
1171,2022
1171,2027
1171,2030
1171,2033
1171,2034
1171,2039
1171,2042
1171,2043
1171,2046
1171,2054
1171,2055
1171,2064
1171,2065
1171,2068
1171,2070
1171,2071
1171,2081
1171,2082
1171,2111
1171,2260
1171,2270
1171,2288
1171,2309
1171,2327
1171,2328
1171,2330
1171,2333
1171,2335
1171,2340
1171,2345
1171,2379
1171,2380
1171,2392
1171,2397
1171,2398
1171,2425
1171,2426
1171,2535
1171,2536
1171,2543
1171,2544
1171,2551
1171,2562
1171,2564
1171,2565
1171,2579
1171,2580
1171,2600
1171,2608
1171,2640
1171,2651
1171,2660
1171,2663
1171,2664
1171,2666
1171,2673
1171,2678
1171,2689
1171,2690
1171,2692
1171,2697
1171,2709
1171,2722
1171,2742
1171,2744
1171,2747
1171,2767
1171,2772
1171,2781
1171,2787
1171,2807
1171,2816
1171,2939
1171,2958
1171,2964
1171,2977
1171,2985
1171,2996
1171,3003
1171,3004
1171,3012
1171,3016
1171,3024
1171,3037
1171,3039
1171,3099
1171,3101
1171,3114
1171,3138
1171,3144
1171,3152
1171,3153
1171,3156
1171,3158
1171,3166
1171,3168
1171,3169
1171,3176
1171,3178
1171,3190
1171,3206
1171,3211
1171,3222
1171,3223
1171,3234
1171,3236
1171,3237
1171,3242
1171,3248
1171,3250
1171,3252
1171,3253
1171,3254
1171,3255
1171,3257
1171,3295
1171,3336
1171,3348
1171,3353
1171,3368
1171,3453
1171,3454
1171,3456
1171,3462
1171,3470
1172,2539
1172,2819
1173,1174
1173,1190
1173,1191
1173,1195
1173,1198
1173,1205
1173,1211
1173,1217
1173,1221
1173,1229
1173,1266
1173,1267
1173,1275
1173,1285
1173,1288
1173,1290
1173,1293
1173,1301
1173,1311
1173,1331
1173,1333
1173,1340
1173,1343
1173,1350
1173,1351
1173,1378
1173,1379
1173,1385
1173,1412
1173,1428
1173,1432
1173,1435
1173,1440
1173,1442
1173,1551
1173,1553
1173,1556
1173,1561
1173,1597
1173,1599
1173,1621
1173,1631
1173,1636
1173,1638
1173,1639
1173,1640
1173,1679
1173,1693
1173,1696
1173,1726
1173,1727
1173,1729
1173,1736
1173,1741
1173,1839
1173,1843
1173,1844
1173,1858
1173,1859
1173,1862
1173,1878
1173,1881
1173,1893
1173,1901
1173,1905
1173,1986
1173,1989
1173,1997
1173,1998
1173,1999
1173,2006
1173,2010
1173,2018
1173,2022
1173,2027
1173,2030
1173,2033
1173,2034
1173,2039
1173,2042
1173,2043
1173,2046
1173,2054
1173,2055
1173,2064
1173,2065
1173,2068
1173,2070
1173,2071
1173,2082
1173,2270
1173,2309
1173,2327
1173,2330
1173,2333
1173,2335
1173,2340
1173,2345
1173,2379
1173,2380
1173,2392
1173,2397
1173,2398
1173,2425
1173,2426
1173,2535
1173,2536
1173,2543
1173,2544
1173,2562
1173,2564
1173,2565
1173,2579
1173,2580
1173,2600
1173,2608
1173,2640
1173,2648
1173,2651
1173,2660
1173,2663
1173,2664
1173,2666
1173,2673
1173,2678
1173,2689
1173,2690
1173,2692
1173,2742
1173,2744
1173,2747
1173,2772
1173,2781
1173,2807
1173,2939
1173,2958
1173,2964
1173,2977
1173,2985
1173,2996
1173,3003
1173,3004
1173,3012
1173,3016
1173,3024
1173,3037
1173,3039
1173,3099
1173,3101
1173,3114
1173,3144
1173,3152
1173,3156
1173,3158
1173,3166
1173,3168
1173,3169
1173,3176
1173,3178
1173,3190
1173,3206
1173,3211
1173,3222
1173,3223
1173,3234
1173,3236
1173,3237
1173,3242
1173,3248
1173,3250
1173,3252
1173,3253
1173,3254
1173,3255
1173,3295
1173,3336
1173,3348
1173,3353
1173,3453
1173,3454
1173,3456
1173,3462
1173,3468
1173,3470
1174,1189
1174,1190
1174,1191
1174,1195
1174,1198
1174,1205
1174,1213
1174,1217
1174,1221
1174,1229
1174,1266
1174,1267
1174,1275
1174,1285
1174,1288
1174,1290
1174,1301
1174,1307
1174,1311
1174,1340
1174,1341
1174,1343
1174,1350
1174,1351
1174,1378
1174,1385
1174,1412
1174,1428
1174,1432
1174,1435
1174,1440
1174,1442
1174,1443
1174,1449
1174,1556
1174,1561
1174,1573
1174,1574
1174,1591
1174,1597
1174,1599
1174,1621
1174,1622
1174,1631
1174,1636
1174,1638
1174,1639
1174,1640
1174,1679
1174,1693
1174,1694
1174,1696
1174,1716
1174,1726
1174,1727
1174,1736
1174,1741
1174,1760
1174,1839
1174,1843
1174,1844
1174,1851
1174,1858
1174,1859
1174,1862
1174,1878
1174,1881
1174,1895
1174,1905
1174,1941
1174,1956
1174,1986
1174,1989
1174,1998
1174,2006
1174,2010
1174,2022
1174,2027
1174,2030
1174,2039
1174,2042
1174,2043
1174,2044
1174,2054
1174,2055
1174,2060
1174,2064
1174,2068
1174,2081
1174,2082
1174,2111
1174,2260
1174,2270
1174,2288
1174,2309
1174,2327
1174,2328
1174,2330
1174,2333
1174,2345
1174,2379
1174,2380
1174,2392
1174,2397
1174,2398
1174,2425
1174,2426
1174,2535
1174,2536
1174,2543
1174,2544
1174,2551
1174,2562
1174,2564
1174,2565
1174,2580
1174,2600
1174,2608
1174,2640
1174,2648
1174,2651
1174,2663
1174,2664
1174,2666
1174,2673
1174,2678
1174,2689
1174,2690
1174,2692
1174,2694
1174,2697
1174,2709
1174,2722
1174,2742
1174,2767
1174,2772
1174,2781
1174,2787
1174,2807
1174,2937
1174,2958
1174,2977
1174,2985
1174,2996
1174,3004
1174,3012
1174,3016
1174,3021
1174,3024
1174,3099
1174,3138
1174,3144
1174,3153
1174,3156
1174,3158
1174,3166
1174,3168
1174,3169
1174,3173
1174,3174
1174,3176
1174,3178
1174,3190
1174,3206
1174,3222
1174,3223
1174,3234
1174,3236
1174,3237
1174,3242
1174,3252
1174,3253
1174,3255
1174,3257
1174,3336
1174,3348
1174,3353
1174,3368
1174,3450
1174,3454
1174,3462
1174,3468
1174,3470
1175,3138
1176,1992
1177,2539
1178,1622
1178,1905
1178,2010
1178,2044
1178,2219
1178,2695
1179,3138
1180,2819
1181,3138
1182,2479
1182,3138
1183,1217
1183,1264
1183,1318
1183,1342
1183,1557
1183,1562
1183,1563
1183,1803
1183,1845
1183,1934
1183,1940
1183,1942
1183,1943
1183,1947
1183,1949
1183,1976
1183,1992
1183,2034
1183,2039
1183,2080
1183,2392
1183,2408
1183,2458
1183,2529
1183,2539
1183,2809
1183,2996
1183,3039
1183,3091
1183,3138
1183,3224
1183,3368
1183,3371
1183,3374
1183,3468
1183,3473
1184,1198
1184,1208
1184,1306
1184,1343
1184,1463
1184,1470
1184,1515
1184,1523
1184,1526
1184,1561
1184,1731
1184,1785
1184,1829
1184,1855
1184,1856
1184,1997
1184,2076
1184,2079
1184,2232
1184,2247
1184,2249
1184,2290
1184,2378
1184,2385
1184,2477
1184,2479
1184,2532
1184,2557
1184,2638
1184,2679
1184,2801
1184,2819
1184,2858
1184,2899
1184,2928
1184,2953
1184,3114
1184,3233
1184,3259
1184,3363
1185,2819
1185,3138
1186,1992
1186,2479
1186,2819
1186,3138
1187,3138
1188,3138
1189,1213
1189,1341
1189,1443
1189,1574
1189,1591
1189,1622
1189,1741
1189,1905
1189,1941
1189,1956
1189,2010
1189,2044
1189,2757
1189,2937
1189,2996
1189,3021
1189,3173
1189,3360
1189,3387
1190,1191
1190,1195
1190,1198
1190,1205
1190,1211
1190,1221
1190,1229
1190,1267
1190,1275
1190,1288
1190,1290
1190,1293
1190,1301
1190,1311
1190,1340
1190,1343
1190,1350
1190,1351
1190,1378
1190,1379
1190,1385
1190,1412
1190,1435
1190,1440
1190,1442
1190,1449
1190,1551
1190,1553
1190,1556
1190,1561
1190,1597
1190,1599
1190,1621
1190,1631
1190,1636
1190,1638
1190,1640
1190,1679
1190,1693
1190,1694
1190,1696
1190,1716
1190,1726
1190,1727
1190,1729
1190,1736
1190,1741
1190,1839
1190,1843
1190,1844
1190,1851
1190,1858
1190,1859
1190,1862
1190,1878
1190,1881
1190,1893
1190,1901
1190,1905
1190,1986
1190,1989
1190,1997
1190,1998
1190,1999
1190,2006
1190,2010
1190,2018
1190,2022
1190,2027
1190,2030
1190,2033
1190,2039
1190,2042
1190,2046
1190,2054
1190,2055
1190,2064
1190,2065
1190,2070
1190,2071
1190,2081
1190,2082
1190,2111
1190,2260
1190,2270
1190,2309
1190,2327
1190,2328
1190,2330
1190,2333
1190,2335
1190,2340
1190,2345
1190,2379
1190,2380
1190,2392
1190,2398
1190,2425
1190,2535
1190,2543
1190,2544
1190,2562
1190,2564
1190,2580
1190,2600
1190,2608
1190,2640
1190,2648
1190,2651
1190,2663
1190,2664
1190,2666
1190,2673
1190,2678
1190,2689
1190,2692
1190,2697
1190,2709
1190,2742
1190,2744
1190,2767
1190,2772
1190,2781
1190,2787
1190,2807
1190,2816
1190,2939
1190,2958
1190,2977
1190,2985
1190,3003
1190,3004
1190,3016
1190,3024
1190,3037
1190,3039
1190,3099
1190,3101
1190,3114
1190,3138
1190,3152
1190,3153
1190,3156
1190,3158
1190,3166
1190,3168
1190,3169
1190,3176
1190,3178
1190,3190
1190,3206
1190,3211
1190,3223
1190,3234
1190,3236
1190,3237
1190,3242
1190,3248
1190,3252
1190,3254
1190,3255
1190,3257
1190,3295
1190,3336
1190,3348
1190,3353
1190,3453
1190,3454
1190,3456
1190,3462
1190,3468
1190,3470
1191,1195
1191,1198
1191,1205
1191,1211
1191,1217
1191,1221
1191,1229
1191,1266
1191,1267
1191,1275
1191,1285
1191,1288
1191,1290
1191,1293
1191,1301
1191,1311
1191,1331
1191,1333
1191,1340
1191,1343
1191,1350
1191,1351
1191,1378
1191,1379
1191,1385
1191,1412
1191,1428
1191,1432
1191,1435
1191,1440
1191,1442
1191,1449
1191,1551
1191,1553
1191,1556
1191,1561
1191,1597
1191,1599
1191,1621
1191,1631
1191,1636
1191,1638
1191,1639
1191,1640
1191,1679
1191,1693
1191,1694
1191,1696
1191,1716
1191,1726
1191,1727
1191,1729
1191,1736
1191,1741
1191,1839
1191,1843
1191,1844
1191,1851
1191,1858
1191,1859
1191,1862
1191,1878
1191,1881
1191,1893
1191,1905
1191,1986
1191,1989
1191,1997
1191,1998
1191,1999
1191,2006
1191,2010
1191,2018
1191,2022
1191,2027
1191,2030
1191,2033
1191,2034
1191,2039
1191,2042
1191,2043
1191,2046
1191,2054
1191,2055
1191,2064
1191,2065
1191,2068
1191,2070
1191,2071
1191,2081
1191,2082
1191,2111
1191,2260
1191,2270
1191,2288
1191,2327
1191,2328
1191,2330
1191,2333
1191,2335
1191,2340
1191,2345
1191,2379
1191,2380
1191,2392
1191,2397
1191,2398
1191,2425
1191,2426
1191,2535
1191,2536
1191,2544
1191,2551
1191,2562
1191,2564
1191,2565
1191,2579
1191,2580
1191,2600
1191,2608
1191,2640
1191,2651
1191,2660
1191,2663
1191,2664
1191,2666
1191,2673
1191,2678
1191,2689
1191,2690
1191,2692
1191,2697
1191,2709
1191,2722
1191,2744
1191,2747
1191,2772
1191,2781
1191,2787
1191,2807
1191,2816
1191,2939
1191,2958
1191,2964
1191,2985
1191,2996
1191,3003
1191,3004
1191,3012
1191,3016
1191,3024
1191,3037
1191,3039
1191,3101
1191,3114
1191,3138
1191,3144
1191,3152
1191,3153
1191,3156
1191,3158
1191,3166
1191,3168
1191,3169
1191,3176
1191,3178
1191,3190
1191,3206
1191,3211
1191,3222
1191,3223
1191,3234
1191,3236
1191,3242
1191,3248
1191,3253
1191,3254
1191,3255
1191,3257
1191,3295
1191,3336
1191,3348
1191,3368
1191,3453
1191,3454
1191,3456
1191,3462
1191,3468
1191,3470
1192,3138
1193,1905
1193,1956
1193,2010
1193,2044
1193,2695
1194,2479
1195,1198
1195,1211
1195,1217
1195,1221
1195,1229
1195,1266
1195,1267
1195,1275
1195,1285
1195,1288
1195,1289
1195,1293
1195,1301
1195,1311
1195,1331
1195,1333
1195,1340
1195,1343
1195,1350
1195,1351
1195,1378
1195,1379
1195,1385
1195,1412
1195,1428
1195,1432
1195,1435
1195,1440
1195,1442
1195,1449
1195,1551
1195,1553
1195,1556
1195,1561
1195,1597
1195,1599
1195,1621
1195,1631
1195,1636
1195,1638
1195,1639
1195,1640
1195,1653
1195,1679
1195,1693
1195,1694
1195,1696
1195,1716
1195,1726
1195,1727
1195,1729
1195,1736
1195,1741
1195,1839
1195,1843
1195,1844
1195,1858
1195,1859
1195,1862
1195,1878
1195,1881
1195,1893
1195,1901
1195,1905
1195,1906
1195,1986
1195,1989
1195,1997
1195,1998
1195,1999
1195,2006
1195,2018
1195,2022
1195,2027
1195,2030
1195,2033
1195,2034
1195,2039
1195,2042
1195,2043
1195,2046
1195,2054
1195,2064
1195,2065
1195,2068
1195,2070
1195,2071
1195,2081
1195,2111
1195,2129
1195,2232
1195,2249
1195,2260
1195,2270
1195,2288
1195,2309
1195,2327
1195,2330
1195,2333
1195,2335
1195,2340
1195,2345
1195,2379
1195,2380
1195,2392
1195,2397
1195,2398
1195,2425
1195,2426
1195,2470
1195,2535
1195,2536
1195,2539
1195,2543
1195,2544
1195,2551
1195,2557
1195,2562
1195,2564
1195,2565
1195,2579
1195,2580
1195,2600
1195,2608
1195,2640
1195,2648
1195,2651
1195,2660
1195,2663
1195,2664
1195,2666
1195,2673
1195,2678
1195,2689
1195,2690
1195,2692
1195,2697
1195,2722
1195,2742
1195,2744
1195,2747
1195,2767
1195,2772
1195,2781
1195,2787
1195,2807
1195,2816
1195,2874
1195,2928
1195,2939
1195,2964
1195,2977
1195,2985
1195,2996
1195,3004
1195,3012
1195,3016
1195,3024
1195,3037
1195,3039
1195,3099
1195,3101
1195,3114
1195,3138
1195,3144
1195,3152
1195,3153
1195,3156
1195,3158
1195,3166
1195,3168
1195,3169
1195,3176
1195,3178
1195,3190
1195,3206
1195,3211
1195,3222
1195,3223
1195,3234
1195,3237
1195,3248
1195,3250
1195,3252
1195,3253
1195,3255
1195,3257
1195,3295
1195,3336
1195,3348
1195,3353
1195,3370
1195,3371
1195,3412
1195,3453
1195,3454
1195,3456
1195,3462
1195,3468
1195,3470
1196,3138
1197,2819
1198,1206
1198,1211
1198,1213
1198,1217
1198,1221
1198,1229
1198,1240
1198,1241
1198,1259
1198,1266
1198,1267
1198,1269
1198,1275
1198,1285
1198,1288
1198,1289
1198,1290
1198,1293
1198,1295
1198,1301
1198,1307
1198,1311
1198,1319
1198,1331
1198,1340
1198,1341
1198,1348
1198,1350
1198,1351
1198,1377
1198,1378
1198,1379
1198,1385
1198,1409
1198,1412
1198,1428
1198,1432
1198,1435
1198,1440
1198,1442
1198,1443
1198,1447
1198,1449
1198,1465
1198,1470
1198,1507
1198,1515
1198,1551
1198,1553
1198,1556
1198,1558
1198,1561
1198,1563
1198,1591
1198,1597
1198,1614
1198,1621
1198,1622
1198,1631
1198,1636
1198,1638
1198,1639
1198,1640
1198,1645
1198,1679
1198,1689
1198,1693
1198,1694
1198,1696
1198,1698
1198,1726
1198,1727
1198,1729
1198,1731
1198,1736
1198,1741
1198,1743
1198,1758
1198,1760
1198,1781
1198,1785
1198,1829
1198,1839
1198,1843
1198,1844
1198,1845
1198,1853
1198,1854
1198,1855
1198,1857
1198,1858
1198,1859
1198,1862
1198,1877
1198,1878
1198,1881
1198,1890
1198,1893
1198,1895
1198,1901
1198,1905
1198,1906
1198,1932
1198,1934
1198,1986
1198,1989
1198,1992
1198,1997
1198,1998
1198,1999
1198,2002
1198,2006
1198,2010
1198,2017
1198,2018
1198,2022
1198,2027
1198,2030
1198,2033
1198,2034
1198,2039
1198,2040
1198,2042
1198,2043
1198,2044
1198,2046
1198,2054
1198,2055
1198,2060
1198,2064
1198,2065
1198,2068
1198,2070
1198,2071
1198,2079
1198,2080
1198,2081
1198,2082
1198,2115
1198,2219
1198,2227
1198,2231
1198,2238
1198,2239
1198,2242
1198,2260
1198,2270
1198,2288
1198,2289
1198,2307
1198,2309
1198,2317
1198,2327
1198,2328
1198,2330
1198,2333
1198,2335
1198,2340
1198,2345
1198,2348
1198,2377
1198,2379
1198,2380
1198,2392
1198,2397
1198,2398
1198,2425
1198,2426
1198,2453
1198,2480
1198,2529
1198,2533
1198,2535
1198,2536
1198,2539
1198,2543
1198,2544
1198,2551
1198,2552
1198,2557
1198,2558
1198,2562
1198,2564
1198,2565
1198,2579
1198,2580
1198,2592
1198,2593
1198,2600
1198,2608
1198,2610
1198,2621
1198,2638
1198,2640
1198,2648
1198,2651
1198,2660
1198,2663
1198,2664
1198,2667
1198,2673
1198,2675
1198,2678
1198,2679
1198,2689
1198,2690
1198,2692
1198,2695
1198,2706
1198,2709
1198,2722
1198,2726
1198,2740
1198,2742
1198,2744
1198,2747
1198,2757
1198,2769
1198,2772
1198,2781
1198,2787
1198,2801
1198,2807
1198,2816
1198,2819
1198,2840
1198,2841
1198,2856
1198,2858
1198,2904
1198,2931
1198,2939
1198,2953
1198,2958
1198,2964
1198,2977
1198,2985
1198,2996
1198,3003
1198,3004
1198,3012
1198,3016
1198,3024
1198,3037
1198,3039
1198,3099
1198,3101
1198,3114
1198,3115
1198,3121
1198,3122
1198,3138
1198,3140
1198,3144
1198,3152
1198,3153
1198,3156
1198,3158
1198,3166
1198,3167
1198,3168
1198,3169
1198,3172
1198,3173
1198,3176
1198,3178
1198,3190
1198,3206
1198,3211
1198,3222
1198,3223
1198,3225
1198,3230
1198,3233
1198,3234
1198,3236
1198,3237
1198,3240
1198,3242
1198,3247
1198,3248
1198,3250
1198,3252
1198,3253
1198,3254
1198,3255
1198,3257
1198,3295
1198,3297
1198,3299
1198,3336
1198,3348
1198,3353
1198,3356
1198,3357
1198,3363
1198,3369
1198,3371
1198,3377
1198,3386
1198,3411
1198,3438
1198,3450
1198,3453
1198,3454
1198,3456
1198,3462
1198,3466
1198,3470
1199,1992
1200,1574
1200,1956
1200,2010
1200,2044
1200,2219
1201,1992
1201,2539
1203,3138
1204,3138
1205,1211
1205,1217
1205,1221
1205,1229
1205,1266
1205,1267
1205,1275
1205,1285
1205,1288
1205,1293
1205,1301
1205,1311
1205,1343
1205,1351
1205,1378
1205,1385
1205,1412
1205,1428
1205,1432
1205,1435
1205,1440
1205,1551
1205,1553
1205,1556
1205,1561
1205,1597
1205,1599
1205,1621
1205,1631
1205,1636
1205,1638
1205,1639
1205,1640
1205,1679
1205,1693
1205,1694
1205,1696
1205,1716
1205,1727
1205,1729
1205,1741
1205,1843
1205,1851
1205,1858
1205,1859
1205,1862
1205,1878
1205,1881
1205,1893
1205,1901
1205,1905
1205,1986
1205,1997
1205,1999
1205,2006
1205,2010
1205,2018
1205,2022
1205,2030
1205,2033
1205,2034
1205,2039
1205,2043
1205,2046
1205,2054
1205,2055
1205,2070
1205,2071
1205,2081
1205,2082
1205,2111
1205,2260
1205,2270
1205,2288
1205,2309
1205,2327
1205,2328
1205,2330
1205,2333
1205,2335
1205,2345
1205,2379
1205,2380
1205,2392
1205,2397
1205,2425
1205,2426
1205,2535
1205,2536
1205,2544
1205,2551
1205,2562
1205,2564
1205,2565
1205,2579
1205,2580
1205,2640
1205,2648
1205,2664
1205,2666
1205,2673
1205,2689
1205,2690
1205,2692
1205,2697
1205,2709
1205,2722
1205,2742
1205,2744
1205,2772
1205,2787
1205,2807
1205,2816
1205,2939
1205,2958
1205,2964
1205,2977
1205,2985
1205,2996
1205,3012
1205,3016
1205,3024
1205,3039
1205,3099
1205,3101
1205,3144
1205,3152
1205,3153
1205,3156
1205,3158
1205,3166
1205,3168
1205,3176
1205,3178
1205,3190
1205,3211
1205,3222
1205,3223
1205,3234
1205,3236
1205,3237
1205,3242
1205,3248
1205,3250
1205,3252
1205,3254
1205,3255
1205,3257
1205,3336
1205,3348
1205,3368
1205,3453
1205,3454
1205,3456
1205,3462
1205,3468
1205,3470
1206,1563
1206,1845
1206,1877
1206,1906
1206,1932
1206,1934
1206,2289
1206,2348
1206,2377
1206,2453
1206,2533
1206,2593
1206,2931
1206,3122
1206,3138
1206,3233
1206,3386
1207,3138
1208,1362
1208,1526
1208,1653
1208,1724
1208,1906
1208,2195
1208,2290
1208,2309
1208,2347
1208,2533
1208,2539
1208,2715
1208,2741
1208,2819
1208,3376
1208,3490
1209,1992
1210,1992
1210,2539
1210,2819
1210,3138
1211,1217
1211,1221
1211,1229
1211,1266
1211,1267
1211,1275
1211,1285
1211,1288
1211,1293
1211,1301
1211,1311
1211,1331
1211,1333
1211,1340
1211,1343
1211,1350
1211,1351
1211,1385
1211,1412
1211,1428
1211,1432
1211,1435
1211,1440
1211,1442
1211,1449
1211,1551
1211,1553
1211,1556
1211,1597
1211,1599
1211,1621
1211,1636
1211,1639
1211,1640
1211,1693
1211,1694
1211,1696
1211,1716
1211,1726
1211,1727
1211,1729
1211,1736
1211,1741
1211,1839
1211,1843
1211,1851
1211,1858
1211,1859
1211,1862
1211,1878
1211,1881
1211,1893
1211,1901
1211,1905
1211,1986
1211,1989
1211,1997
1211,1998
1211,1999
1211,2006
1211,2010
1211,2018
1211,2022
1211,2027
1211,2033
1211,2034
1211,2039
1211,2043
1211,2046
1211,2054
1211,2055
1211,2064
1211,2065
1211,2068
1211,2070
1211,2081
1211,2082
1211,2111
1211,2260
1211,2270
1211,2288
1211,2309
1211,2327
1211,2328
1211,2333
1211,2335
1211,2340
1211,2345
1211,2379
1211,2380
1211,2392
1211,2397
1211,2425
1211,2426
1211,2535
1211,2536
1211,2543
1211,2544
1211,2551
1211,2562
1211,2564
1211,2600
1211,2608
1211,2648
1211,2651
1211,2660
1211,2663
1211,2664
1211,2666
1211,2673
1211,2678
1211,2689
1211,2690
1211,2692
1211,2697
1211,2709
1211,2722
1211,2747
1211,2767
1211,2772
1211,2781
1211,2807
1211,2816
1211,2939
1211,2964
1211,2977
1211,2985
1211,2996
1211,3004
1211,3016
1211,3024
1211,3037
1211,3039
1211,3101
1211,3114
1211,3152
1211,3153
1211,3156
1211,3158
1211,3166
1211,3168
1211,3169
1211,3176
1211,3178
1211,3190
1211,3206
1211,3211
1211,3223
1211,3234
1211,3236
1211,3237
1211,3242
1211,3248
1211,3253
1211,3254
1211,3255
1211,3257
1211,3295
1211,3336
1211,3348
1211,3353
1211,3368
1211,3453
1211,3454
1211,3456
1211,3468
1211,3470
1212,3138
1213,1307
1213,1443
1213,1622
1213,1741
1213,1760
1213,1895
1213,1905
1213,1941
1213,2010
1213,2060
1213,2694
1213,2757
1213,2841
1213,2937
1213,3360
1214,1674
1214,2819
1214,3138
1215,2479
1215,2539
1215,3138
1216,3138
1217,1221
1217,1229
1217,1245
1217,1264
1217,1266
1217,1267
1217,1275
1217,1285
1217,1288
1217,1289
1217,1290
1217,1293
1217,1301
1217,1311
1217,1318
1217,1331
1217,1333
1217,1340
1217,1342
1217,1343
1217,1350
1217,1351
1217,1376
1217,1378
1217,1379
1217,1385
1217,1400
1217,1412
1217,1428
1217,1432
1217,1435
1217,1440
1217,1442
1217,1449
1217,1551
1217,1553
1217,1556
1217,1561
1217,1562
1217,1597
1217,1599
1217,1608
1217,1621
1217,1631
1217,1636
1217,1638
1217,1639
1217,1645
1217,1653
1217,1673
1217,1679
1217,1693
1217,1694
1217,1696
1217,1718
1217,1726
1217,1729
1217,1736
1217,1741
1217,1744
1217,1779
1217,1803
1217,1821
1217,1839
1217,1843
1217,1845
1217,1851
1217,1853
1217,1858
1217,1859
1217,1862
1217,1878
1217,1881
1217,1893
1217,1901
1217,1905
1217,1927
1217,1934
1217,1940
1217,1942
1217,1943
1217,1947
1217,1949
1217,1976
1217,1986
1217,1989
1217,1992
1217,1997
1217,1998
1217,1999
1217,2006
1217,2010
1217,2018
1217,2022
1217,2027
1217,2030
1217,2033
1217,2034
1217,2039
1217,2042
1217,2043
1217,2046
1217,2054
1217,2055
1217,2064
1217,2065
1217,2068
1217,2070
1217,2071
1217,2079
1217,2080
1217,2081
1217,2082
1217,2111
1217,2232
1217,2249
1217,2260
1217,2270
1217,2288
1217,2290
1217,2323
1217,2327
1217,2328
1217,2330
1217,2333
1217,2335
1217,2340
1217,2343
1217,2345
1217,2359
1217,2380
1217,2391
1217,2392
1217,2397
1217,2398
1217,2425
1217,2426
1217,2458
1217,2533
1217,2535
1217,2536
1217,2539
1217,2543
1217,2544
1217,2551
1217,2562
1217,2564
1217,2565
1217,2579
1217,2580
1217,2600
1217,2608
1217,2622
1217,2640
1217,2648
1217,2660
1217,2663
1217,2664
1217,2666
1217,2673
1217,2678
1217,2689
1217,2690
1217,2692
1217,2709
1217,2722
1217,2742
1217,2744
1217,2747
1217,2769
1217,2772
1217,2781
1217,2787
1217,2801
1217,2807
1217,2816
1217,2819
1217,2939
1217,2953
1217,2958
1217,2964
1217,2977
1217,2985
1217,2996
1217,3003
1217,3004
1217,3012
1217,3016
1217,3024
1217,3037
1217,3039
1217,3074
1217,3077
1217,3078
1217,3088
1217,3091
1217,3099
1217,3101
1217,3114
1217,3138
1217,3144
1217,3152
1217,3153
1217,3156
1217,3158
1217,3166
1217,3167
1217,3168
1217,3169
1217,3176
1217,3178
1217,3190
1217,3206
1217,3211
1217,3222
1217,3223
1217,3225
1217,3234
1217,3236
1217,3237
1217,3242
1217,3248
1217,3250
1217,3252
1217,3253
1217,3254
1217,3255
1217,3257
1217,3259
1217,3280
1217,3295
1217,3336
1217,3353
1217,3368
1217,3371
1217,3383
1217,3453
1217,3454
1217,3456
1217,3457
1217,3462
1217,3468
1217,3470
1217,3473
1217,3474
1218,1724
1218,1942
1218,1943
1218,2377
1219,1279
1219,1377
1219,1496
1219,1520
1219,1574
1219,1591
1219,1855
1219,1956
1219,2010
1219,2039
1219,2044
1219,2048
1219,2062
1219,2092
1219,2219
1219,2247
1219,2249
1219,2275
1219,2317
1219,2454
1219,2503
1219,2539
1219,2607
1219,2695
1219,2708
1219,2773
1219,3021
1219,3082
1219,3393
1219,3452
1219,3473
1220,3138
1221,1266
1221,1267
1221,1275
1221,1285
1221,1288
1221,1290
1221,1293
1221,1301
1221,1311
1221,1340
1221,1350
1221,1351
1221,1385
1221,1412
1221,1432
1221,1435
1221,1449
1221,1551
1221,1553
1221,1556
1221,1561
1221,1597
1221,1599
1221,1621
1221,1636
1221,1638
1221,1639
1221,1640
1221,1679
1221,1693
1221,1694
1221,1716
1221,1726
1221,1727
1221,1729
1221,1736
1221,1741
1221,1839
1221,1843
1221,1844
1221,1851
1221,1858
1221,1859
1221,1862
1221,1878
1221,1881
1221,1901
1221,1905
1221,1986
1221,1989
1221,1997
1221,2006
1221,2022
1221,2027
1221,2030
1221,2034
1221,2039
1221,2042
1221,2043
1221,2046
1221,2054
1221,2055
1221,2064
1221,2065
1221,2070
1221,2071
1221,2081
1221,2082
1221,2111
1221,2260
1221,2270
1221,2288
1221,2309
1221,2327
1221,2328
1221,2330
1221,2333
1221,2335
1221,2345
1221,2379
1221,2380
1221,2392
1221,2397
1221,2426
1221,2535
1221,2536
1221,2543
1221,2551
1221,2562
1221,2564
1221,2565
1221,2579
1221,2580
1221,2600
1221,2608
1221,2640
1221,2648
1221,2651
1221,2660
1221,2664
1221,2666
1221,2673
1221,2678
1221,2689
1221,2692
1221,2697
1221,2709
1221,2722
1221,2742
1221,2744
1221,2767
1221,2772
1221,2781
1221,2787
1221,2807
1221,2816
1221,2939
1221,2958
1221,2964
1221,2985
1221,2996
1221,3004
1221,3012
1221,3016
1221,3024
1221,3037
1221,3039
1221,3099
1221,3101
1221,3114
1221,3144
1221,3152
1221,3153
1221,3156
1221,3158
1221,3166
1221,3168
1221,3169
1221,3176
1221,3178
1221,3190
1221,3206
1221,3211
1221,3222
1221,3223
1221,3237
1221,3242
1221,3248
1221,3250
1221,3252
1221,3253
1221,3254
1221,3255
1221,3257
1221,3348
1221,3353
1221,3368
1221,3454
1221,3462
1221,3468
1221,3470
1222,2539
1222,3138
1223,1271
1223,1496
1223,1622
1223,1956
1223,2010
1223,2219
1223,2247
1223,2479
1223,2607
1223,2953
1223,3083
1223,3233
1223,3455
1224,3138
1225,3138
1226,2539
1227,2539
1227,2819
1227,3138
1228,3138
1229,1266
1229,1267
1229,1275
1229,1285
1229,1288
1229,1290
1229,1293
1229,1301
1229,1311
1229,1331
1229,1333
1229,1340
1229,1343
1229,1350
1229,1351
1229,1378
1229,1379
1229,1385
1229,1428
1229,1432
1229,1435
1229,1440
1229,1449
1229,1551
1229,1553
1229,1556
1229,1561
1229,1597
1229,1599
1229,1621
1229,1631
1229,1636
1229,1638
1229,1639
1229,1640
1229,1693
1229,1694
1229,1696
1229,1716
1229,1726
1229,1727
1229,1736
1229,1741
1229,1839
1229,1843
1229,1851
1229,1858
1229,1859
1229,1862
1229,1878
1229,1881
1229,1893
1229,1901
1229,1905
1229,1989
1229,1993
1229,1997
1229,2006
1229,2010
1229,2018
1229,2022
1229,2027
1229,2033
1229,2034
1229,2039
1229,2042
1229,2043
1229,2046
1229,2055
1229,2064
1229,2065
1229,2068
1229,2071
1229,2081
1229,2082
1229,2260
1229,2270
1229,2309
1229,2327
1229,2328
1229,2330
1229,2333
1229,2335
1229,2340
1229,2345
1229,2392
1229,2397
1229,2398
1229,2425
1229,2426
1229,2535
1229,2536
1229,2539
1229,2551
1229,2562
1229,2564
1229,2565
1229,2579
1229,2580
1229,2608
1229,2640
1229,2648
1229,2651
1229,2660
1229,2663
1229,2664
1229,2666
1229,2673
1229,2678
1229,2689
1229,2690
1229,2692
1229,2697
1229,2709
1229,2722
1229,2742
1229,2747
1229,2767
1229,2772
1229,2781
1229,2787
1229,2807
1229,2939
1229,2958
1229,2964
1229,2985
1229,2996
1229,3003
1229,3004
1229,3012
1229,3024
1229,3037
1229,3039
1229,3101
1229,3138
1229,3152
1229,3153
1229,3158
1229,3166
1229,3168
1229,3169
1229,3176
1229,3178
1229,3190
1229,3206
1229,3211
1229,3222
1229,3236
1229,3237
1229,3242
1229,3250
1229,3253
1229,3254
1229,3255
1229,3257
1229,3336
1229,3348
1229,3353
1229,3368
1229,3453
1229,3456
1229,3462
1229,3468
1230,3138
1231,1741
1231,1956
1231,3138
1232,3138
1233,2539
1233,3138
1234,3138
1235,1993
1236,2539
1237,1247
1237,1268
1237,1526
1237,1563
1237,1673
1237,1850
1237,1927
1237,1997
1237,2039
1237,2079
1237,2080
1237,2359
1238,3138
1239,2539
1240,1241
1240,1319
1240,1348
1240,1409
1240,1447
1240,1465
1240,1561
1240,1640
1240,1689
1240,1694
1240,1698
1240,1743
1240,1845
1240,1853
1240,1857
1240,1890
1240,2002
1240,2011
1240,2017
1240,2027
1240,2039
1240,2040
1240,2080
1240,2081
1240,2082
1240,2115
1240,2227
1240,2228
1240,2231
1240,2238
1240,2239
1240,2317
1240,2529
1240,2552
1240,2558
1240,2610
1240,2621
1240,2638
1240,2667
1240,2706
1240,2740
1240,2801
1240,2819
1240,2996
1240,3039
1240,3115
1240,3138
1240,3140
1240,3166
1240,3172
1240,3176
1240,3225
1240,3240
1240,3247
1240,3299
1240,3342
1240,3356
1240,3369
1240,3371
1240,3377
1240,3466
1240,3468
1241,1348
1241,1409
1241,1447
1241,1465
1241,1561
1241,1640
1241,1689
1241,1694
1241,1698
1241,1743
1241,1845
1241,1853
1241,1857
1241,1890
1241,2002
1241,2011
1241,2017
1241,2027
1241,2039
1241,2040
1241,2080
1241,2081
1241,2082
1241,2115
1241,2227
1241,2228
1241,2231
1241,2238
1241,2239
1241,2317
1241,2529
1241,2552
1241,2558
1241,2610
1241,2621
1241,2638
1241,2667
1241,2706
1241,2740
1241,2801
1241,2819
1241,2996
1241,3039
1241,3115
1241,3138
1241,3140
1241,3166
1241,3172
1241,3176
1241,3225
1241,3240
1241,3247
1241,3299
1241,3342
1241,3356
1241,3369
1241,3371
1241,3377
1241,3466
1241,3468
1242,1992
1242,2539
1243,3138
1244,1993
1244,2479
1244,2539
1245,1362
1245,1397
1245,1526
1245,1561
1245,1653
1245,1997
1245,2010
1245,2080
1245,2309
1245,2458
1245,2539
1245,2819
1245,2825
1245,2878
1245,3074
1245,3114
1245,3167
1246,1992
1246,3138
1247,1249
1247,1268
1247,1468
1247,1477
1247,1499
1247,1608
1247,1673
1247,1850
1247,1997
1247,2039
1247,2079
1247,2080
1247,2359
1247,2539
1247,2669
1247,3074
1247,3088
1247,3138
1247,3457
1248,1992
1248,2539
1249,1477
1249,1499
1249,1821
1249,1850
1249,1853
1249,1997
1249,3077
1249,3457
1250,2539
1251,1993
1252,1992
1252,2539
1252,3138
1253,1992
1253,2539
1254,1993
1254,2539
1254,3138
1255,1992
1255,3138
1256,3138
1257,1674
1257,2539
1257,2819
1258,1993
1258,2539
1259,1289
1259,1306
1259,1342
1259,1343
1259,1470
1259,1515
1259,1614
1259,1731
1259,1785
1259,1855
1259,1856
1259,1877
1259,1934
1259,2039
1259,2079
1259,2232
1259,2234
1259,2249
1259,2290
1259,2324
1259,2557
1259,2638
1259,2679
1259,2801
1259,2858
1259,2953
1259,3202
1259,3412
1261,2479
1261,3138
1262,3138
1263,3138
1264,1343
1264,1376
1264,1992
1264,1997
1264,2079
1264,2080
1264,2378
1264,2539
1264,2769
1264,2809
1264,2819
1264,2882
1264,3074
1264,3077
1264,3078
1264,3167
1265,3138
1266,1267
1266,1275
1266,1288
1266,1293
1266,1311
1266,1331
1266,1333
1266,1340
1266,1343
1266,1351
1266,1412
1266,1432
1266,1440
1266,1442
1266,1449
1266,1553
1266,1556
1266,1561
1266,1597
1266,1599
1266,1621
1266,1636
1266,1639
1266,1640
1266,1674
1266,1679
1266,1693
1266,1694
1266,1716
1266,1726
1266,1727
1266,1729
1266,1736
1266,1741
1266,1839
1266,1844
1266,1851
1266,1859
1266,1862
1266,1881
1266,1893
1266,1901
1266,1905
1266,1986
1266,1989
1266,1998
1266,1999
1266,2006
1266,2010
1266,2018
1266,2022
1266,2030
1266,2034
1266,2039
1266,2042
1266,2043
1266,2046
1266,2054
1266,2055
1266,2064
1266,2068
1266,2070
1266,2071
1266,2081
1266,2082
1266,2111
1266,2260
1266,2288
1266,2309
1266,2328
1266,2333
1266,2340
1266,2380
1266,2392
1266,2398
1266,2425
1266,2426
1266,2479
1266,2535
1266,2536
1266,2539
1266,2543
1266,2544
1266,2551
1266,2564
1266,2565
1266,2579
1266,2600
1266,2608
1266,2640
1266,2651
1266,2660
1266,2664
1266,2666
1266,2673
1266,2678
1266,2689
1266,2690
1266,2692
1266,2697
1266,2709
1266,2722
1266,2742
1266,2747
1266,2767
1266,2772
1266,2781
1266,2787
1266,2816
1266,2819
1266,2939
1266,2977
1266,2985
1266,2996
1266,3004
1266,3012
1266,3016
1266,3024
1266,3037
1266,3039
1266,3099
1266,3101
1266,3114
1266,3138
1266,3144
1266,3152
1266,3153
1266,3156
1266,3158
1266,3168
1266,3169
1266,3176
1266,3178
1266,3206
1266,3211
1266,3222
1266,3223
1266,3234
1266,3236
1266,3237
1266,3248
1266,3250
1266,3252
1266,3253
1266,3255
1266,3257
1266,3295
1266,3336
1266,3348
1266,3353
1266,3368
1266,3453
1266,3456
1266,3462
1266,3470
1267,1275
1267,1285
1267,1288
1267,1290
1267,1293
1267,1301
1267,1311
1267,1333
1267,1340
1267,1343
1267,1350
1267,1378
1267,1379
1267,1385
1267,1412
1267,1428
1267,1432
1267,1435
1267,1440
1267,1442
1267,1449
1267,1551
1267,1553
1267,1556
1267,1561
1267,1597
1267,1599
1267,1631
1267,1636
1267,1638
1267,1639
1267,1640
1267,1679
1267,1693
1267,1694
1267,1696
1267,1716
1267,1726
1267,1727
1267,1729
1267,1736
1267,1741
1267,1843
1267,1844
1267,1851
1267,1858
1267,1859
1267,1862
1267,1878
1267,1881
1267,1893
1267,1901
1267,1905
1267,1986
1267,1989
1267,1997
1267,1998
1267,2006
1267,2022
1267,2027
1267,2030
1267,2033
1267,2034
1267,2039
1267,2042
1267,2043
1267,2046
1267,2055
1267,2064
1267,2065
1267,2068
1267,2070
1267,2081
1267,2082
1267,2111
1267,2260
1267,2309
1267,2327
1267,2328
1267,2330
1267,2333
1267,2335
1267,2340
1267,2345
1267,2380
1267,2392
1267,2397
1267,2398
1267,2425
1267,2426
1267,2535
1267,2536
1267,2551
1267,2562
1267,2564
1267,2565
1267,2579
1267,2580
1267,2600
1267,2608
1267,2640
1267,2648
1267,2651
1267,2660
1267,2663
1267,2664
1267,2666
1267,2678
1267,2689
1267,2690
1267,2697
1267,2709
1267,2722
1267,2742
1267,2744
1267,2747
1267,2767
1267,2772
1267,2781
1267,2787
1267,2807
1267,2816
1267,2939
1267,2958
1267,2964
1267,2977
1267,2985
1267,2996
1267,3003
1267,3004
1267,3012
1267,3016
1267,3024
1267,3099
1267,3101
1267,3114
1267,3138
1267,3144
1267,3153
1267,3156
1267,3158
1267,3168
1267,3169
1267,3176
1267,3178
1267,3190
1267,3206
1267,3211
1267,3222
1267,3223
1267,3234
1267,3236
1267,3237
1267,3250
1267,3252
1267,3253
1267,3254
1267,3257
1267,3295
1267,3336
1267,3348
1267,3353
1267,3368
1267,3453
1267,3454
1267,3456
1267,3462
1267,3468
1267,3470
1268,1468
1268,1499
1268,1526
1268,1563
1268,1673
1268,1850
1268,1853
1268,1927
1268,2437
1268,2479
1268,2669
1268,3077
1268,3088
1268,3457
1269,1756
1269,2077
1269,2212
1269,2472
1269,2496
1269,2529
1269,2728
1269,2801
1269,2819
1269,2953
1269,3230
1269,3374
1269,3375
1270,3138
1271,1574
1271,1622
1271,1645
1271,1905
1271,1983
1271,2010
1271,2675
1271,2757
1271,2819
1272,3138
1273,1674
1273,2819
1274,2819
1275,1285
1275,1288
1275,1290
1275,1293
1275,1311
1275,1333
1275,1340
1275,1343
1275,1350
1275,1351
1275,1378
1275,1379
1275,1385
1275,1412
1275,1428
1275,1432
1275,1435
1275,1440
1275,1449
1275,1551
1275,1553
1275,1556
1275,1561
1275,1597
1275,1599
1275,1621
1275,1636
1275,1638
1275,1639
1275,1679
1275,1693
1275,1694
1275,1696
1275,1716
1275,1726
1275,1727
1275,1729
1275,1736
1275,1741
1275,1839
1275,1843
1275,1844
1275,1858
1275,1859
1275,1862
1275,1878
1275,1881
1275,1893
1275,1901
1275,1905
1275,1986
1275,1989
1275,1997
1275,1998
1275,1999
1275,2006
1275,2010
1275,2018
1275,2022
1275,2027
1275,2030
1275,2033
1275,2034
1275,2042
1275,2043
1275,2046
1275,2054
1275,2064
1275,2065
1275,2068
1275,2070
1275,2071
1275,2082
1275,2111
1275,2260
1275,2270
1275,2288
1275,2309
1275,2327
1275,2328
1275,2330
1275,2333
1275,2335
1275,2340
1275,2345
1275,2379
1275,2380
1275,2392
1275,2397
1275,2398
1275,2425
1275,2426
1275,2535
1275,2536
1275,2543
1275,2544
1275,2551
1275,2564
1275,2565
1275,2579
1275,2580
1275,2600
1275,2608
1275,2640
1275,2651
1275,2660
1275,2663
1275,2664
1275,2666
1275,2673
1275,2678
1275,2689
1275,2690
1275,2692
1275,2697
1275,2709
1275,2722
1275,2742
1275,2744
1275,2747
1275,2767
1275,2772
1275,2781
1275,2787
1275,2807
1275,2816
1275,2939
1275,2958
1275,2964
1275,2977
1275,2985
1275,2996
1275,3003
1275,3004
1275,3012
1275,3016
1275,3024
1275,3037
1275,3039
1275,3099
1275,3101
1275,3114
1275,3138
1275,3144
1275,3152
1275,3153
1275,3156
1275,3158
1275,3166
1275,3168
1275,3169
1275,3176
1275,3178
1275,3190
1275,3206
1275,3211
1275,3222
1275,3223
1275,3234
1275,3236
1275,3237
1275,3242
1275,3248
1275,3250
1275,3252
1275,3253
1275,3255
1275,3257
1275,3295
1275,3336
1275,3348
1275,3353
1275,3368
1275,3453
1275,3454
1275,3456
1275,3462
1275,3470
1276,2539
1277,1992
1277,2539
1277,3138
1278,2539
1279,1377
1279,1496
1279,1520
1279,1574
1279,1591
1279,1621
1279,1855
1279,1905
1279,1956
1279,1992
1279,2039
1279,2048
1279,2092
1279,2219
1279,2249
1279,2275
1279,2317
1279,2454
1279,2539
1279,2607
1279,2695
1279,2708
1279,2710
1279,2773
1279,3021
1279,3082
1279,3103
1279,3243
1279,3452
1279,3473
1280,3138
1281,1992
1283,3138
1284,3138
1285,1288
1285,1293
1285,1301
1285,1311
1285,1331
1285,1333
1285,1340
1285,1343
1285,1350
1285,1351
1285,1378
1285,1379
1285,1385
1285,1428
1285,1432
1285,1435
1285,1440
1285,1442
1285,1449
1285,1551
1285,1561
1285,1597
1285,1599
1285,1621
1285,1631
1285,1636
1285,1638
1285,1640
1285,1693
1285,1694
1285,1696
1285,1716
1285,1726
1285,1727
1285,1729
1285,1741
1285,1839
1285,1843
1285,1844
1285,1851
1285,1858
1285,1859
1285,1862
1285,1878
1285,1881
1285,1893
1285,1901
1285,1905
1285,1986
1285,1997
1285,1999
1285,2006
1285,2010
1285,2018
1285,2027
1285,2030
1285,2033
1285,2034
1285,2039
1285,2042
1285,2043
1285,2046
1285,2054
1285,2055
1285,2064
1285,2065
1285,2068
1285,2071
1285,2081
1285,2082
1285,2111
1285,2260
1285,2270
1285,2309
1285,2327
1285,2328
1285,2330
1285,2333
1285,2335
1285,2340
1285,2345
1285,2379
1285,2380
1285,2392
1285,2397
1285,2398
1285,2425
1285,2426
1285,2535
1285,2536
1285,2543
1285,2551
1285,2562
1285,2564
1285,2565
1285,2579
1285,2580
1285,2600
1285,2608
1285,2648
1285,2651
1285,2660
1285,2664
1285,2666
1285,2673
1285,2678
1285,2689
1285,2692
1285,2697
1285,2709
1285,2744
1285,2747
1285,2767
1285,2781
1285,2787
1285,2807
1285,2939
1285,2964
1285,2977
1285,2985
1285,2996
1285,3003
1285,3004
1285,3012
1285,3016
1285,3024
1285,3039
1285,3099
1285,3101
1285,3114
1285,3138
1285,3152
1285,3153
1285,3156
1285,3158
1285,3166
1285,3168
1285,3169
1285,3176
1285,3178
1285,3190
1285,3211
1285,3234
1285,3237
1285,3248
1285,3250
1285,3253
1285,3254
1285,3255
1285,3257
1285,3295
1285,3336
1285,3348
1285,3353
1285,3368
1285,3454
1285,3462
1285,3468
1285,3470
1286,1992
1287,1992
1288,1290
1288,1293
1288,1301
1288,1311
1288,1331
1288,1333
1288,1340
1288,1350
1288,1351
1288,1378
1288,1379
1288,1385
1288,1412
1288,1428
1288,1432
1288,1435
1288,1440
1288,1442
1288,1551
1288,1553
1288,1556
1288,1561
1288,1597
1288,1599
1288,1621
1288,1631
1288,1636
1288,1638
1288,1639
1288,1640
1288,1679
1288,1693
1288,1694
1288,1696
1288,1716
1288,1726
1288,1727
1288,1729
1288,1736
1288,1741
1288,1839
1288,1843
1288,1844
1288,1851
1288,1859
1288,1862
1288,1878
1288,1881
1288,1893
1288,1901
1288,1905
1288,1986
1288,1989
1288,1997
1288,1998
1288,1999
1288,2006
1288,2010
1288,2018
1288,2022
1288,2027
1288,2030
1288,2033
1288,2034
1288,2039
1288,2042
1288,2043
1288,2046
1288,2054
1288,2055
1288,2065
1288,2071
1288,2081
1288,2082
1288,2111
1288,2260
1288,2270
1288,2288
1288,2309
1288,2328
1288,2330
1288,2333
1288,2335
1288,2340
1288,2345
1288,2380
1288,2392
1288,2397
1288,2398
1288,2425
1288,2426
1288,2535
1288,2536
1288,2543
1288,2544
1288,2562
1288,2564
1288,2565
1288,2579
1288,2580
1288,2600
1288,2608
1288,2648
1288,2651
1288,2660
1288,2663
1288,2666
1288,2673
1288,2678
1288,2689
1288,2690
1288,2692
1288,2697
1288,2709
1288,2722
1288,2742
1288,2744
1288,2747
1288,2767
1288,2772
1288,2781
1288,2787
1288,2807
1288,2816
1288,2939
1288,2958
1288,2964
1288,2977
1288,2996
1288,3003
1288,3004
1288,3016
1288,3024
1288,3037
1288,3039
1288,3099
1288,3101
1288,3138
1288,3144
1288,3152
1288,3153
1288,3156
1288,3158
1288,3166
1288,3168
1288,3169
1288,3176
1288,3178
1288,3190
1288,3206
1288,3211
1288,3223
1288,3234
1288,3237
1288,3242
1288,3248
1288,3250
1288,3252
1288,3253
1288,3254
1288,3257
1288,3295
1288,3348
1288,3353
1288,3368
1288,3456
1288,3462
1288,3468
1289,1342
1289,1343
1289,1470
1289,1523
1289,1614
1289,1731
1289,1758
1289,1829
1289,1854
1289,1855
1289,1877
1289,1932
1289,1934
1289,1993
1289,2232
1289,2234
1289,2247
1289,2249
1289,2290
1289,2323
1289,2324
1289,2539
1289,2557
1289,2592
1289,2638
1289,2679
1289,2904
1289,3167
1289,3371
1289,3412
1289,3438
1290,1293
1290,1301
1290,1311
1290,1340
1290,1351
1290,1378
1290,1379
1290,1412
1290,1432
1290,1435
1290,1440
1290,1442
1290,1449
1290,1551
1290,1556
1290,1561
1290,1597
1290,1599
1290,1621
1290,1631
1290,1636
1290,1638
1290,1639
1290,1640
1290,1694
1290,1727
1290,1729
1290,1736
1290,1741
1290,1843
1290,1844
1290,1851
1290,1858
1290,1859
1290,1901
1290,1905
1290,1986
1290,1989
1290,1998
1290,1999
1290,2006
1290,2010
1290,2018
1290,2022
1290,2030
1290,2033
1290,2034
1290,2039
1290,2042
1290,2043
1290,2055
1290,2064
1290,2065
1290,2068
1290,2070
1290,2071
1290,2081
1290,2082
1290,2111
1290,2260
1290,2270
1290,2288
1290,2309
1290,2327
1290,2328
1290,2330
1290,2333
1290,2335
1290,2340
1290,2379
1290,2397
1290,2425
1290,2426
1290,2536
1290,2543
1290,2544
1290,2551
1290,2562
1290,2565
1290,2608
1290,2640
1290,2651
1290,2663
1290,2664
1290,2666
1290,2673
1290,2678
1290,2689
1290,2690
1290,2692
1290,2697
1290,2709
1290,2742
1290,2744
1290,2767
1290,2772
1290,2781
1290,2787
1290,2816
1290,2939
1290,2958
1290,2964
1290,2977
1290,2985
1290,2996
1290,3003
1290,3004
1290,3012
1290,3016
1290,3024
1290,3037
1290,3099
1290,3101
1290,3114
1290,3138
1290,3144
1290,3152
1290,3153
1290,3156
1290,3158
1290,3166
1290,3168
1290,3169
1290,3176
1290,3178
1290,3190
1290,3206
1290,3211
1290,3223
1290,3234
1290,3236
1290,3237
1290,3248
1290,3252
1290,3253
1290,3255
1290,3257
1290,3295
1290,3336
1290,3348
1290,3353
1290,3368
1290,3456
1290,3462
1290,3468
1291,3138
1292,2539
1293,1301
1293,1311
1293,1331
1293,1340
1293,1343
1293,1351
1293,1378
1293,1379
1293,1412
1293,1432
1293,1435
1293,1440
1293,1442
1293,1449
1293,1551
1293,1553
1293,1561
1293,1597
1293,1599
1293,1621
1293,1631
1293,1638
1293,1639
1293,1640
1293,1693
1293,1694
1293,1696
1293,1716
1293,1726
1293,1727
1293,1729
1293,1736
1293,1741
1293,1839
1293,1843
1293,1851
1293,1859
1293,1878
1293,1881
1293,1893
1293,1901
1293,1905
1293,1986
1293,1989
1293,1998
1293,1999
1293,2006
1293,2010
1293,2018
1293,2022
1293,2030
1293,2033
1293,2039
1293,2043
1293,2046
1293,2054
1293,2055
1293,2065
1293,2068
1293,2070
1293,2071
1293,2081
1293,2111
1293,2260
1293,2270
1293,2288
1293,2309
1293,2327
1293,2328
1293,2330
1293,2333
1293,2335
1293,2340
1293,2379
1293,2380
1293,2392
1293,2397
1293,2398
1293,2425
1293,2426
1293,2535
1293,2536
1293,2551
1293,2562
1293,2564
1293,2565
1293,2579
1293,2608
1293,2640
1293,2648
1293,2651
1293,2660
1293,2663
1293,2664
1293,2666
1293,2673
1293,2692
1293,2697
1293,2709
1293,2722
1293,2742
1293,2747
1293,2767
1293,2772
1293,2787
1293,2807
1293,2816
1293,2939
1293,2985
1293,2996
1293,3004
1293,3016
1293,3024
1293,3037
1293,3039
1293,3099
1293,3101
1293,3114
1293,3138
1293,3152
1293,3153
1293,3156
1293,3166
1293,3168
1293,3176
1293,3190
1293,3211
1293,3222
1293,3234
1293,3236
1293,3237
1293,3242
1293,3248
1293,3250
1293,3252
1293,3253
1293,3254
1293,3255
1293,3257
1293,3295
1293,3336
1293,3348
1293,3368
1293,3453
1293,3454
1293,3456
1293,3468
1293,3470
1294,3138
1295,1398
1295,1463
1295,1563
1295,1845
1295,1877
1295,1906
1295,1932
1295,1934
1295,2079
1295,2289
1295,2348
1295,2377
1295,2391
1295,2453
1295,2533
1295,2547
1295,2593
1295,2931
1295,3122
1295,3138
1295,3233
1295,3386
1296,1992
1296,2539
1297,2819
1298,2819
1299,3138
1300,3138
1301,1311
1301,1333
1301,1340
1301,1343
1301,1350
1301,1351
1301,1378
1301,1379
1301,1385
1301,1412
1301,1432
1301,1435
1301,1440
1301,1442
1301,1449
1301,1551
1301,1553
1301,1556
1301,1561
1301,1597
1301,1599
1301,1621
1301,1631
1301,1636
1301,1638
1301,1639
1301,1679
1301,1693
1301,1694
1301,1696
1301,1716
1301,1726
1301,1727
1301,1729
1301,1736
1301,1741
1301,1839
1301,1843
1301,1851
1301,1858
1301,1859
1301,1862
1301,1878
1301,1881
1301,1893
1301,1901
1301,1905
1301,1986
1301,1989
1301,1997
1301,1998
1301,1999
1301,2006
1301,2010
1301,2018
1301,2030
1301,2033
1301,2034
1301,2039
1301,2042
1301,2043
1301,2046
1301,2054
1301,2055
1301,2064
1301,2065
1301,2068
1301,2070
1301,2071
1301,2082
1301,2111
1301,2260
1301,2270
1301,2288
1301,2309
1301,2327
1301,2328
1301,2330
1301,2333
1301,2335
1301,2340
1301,2345
1301,2379
1301,2380
1301,2392
1301,2397
1301,2398
1301,2425
1301,2426
1301,2535
1301,2536
1301,2539
1301,2543
1301,2544
1301,2551
1301,2562
1301,2564
1301,2565
1301,2579
1301,2580
1301,2600
1301,2608
1301,2640
1301,2648
1301,2651
1301,2660
1301,2663
1301,2664
1301,2666
1301,2673
1301,2678
1301,2689
1301,2690
1301,2692
1301,2697
1301,2709
1301,2722
1301,2744
1301,2747
1301,2772
1301,2781
1301,2787
1301,2807
1301,2816
1301,2939
1301,2958
1301,2977
1301,2996
1301,3003
1301,3004
1301,3012
1301,3016
1301,3024
1301,3037
1301,3039
1301,3101
1301,3114
1301,3138
1301,3144
1301,3152
1301,3153
1301,3156
1301,3158
1301,3166
1301,3168
1301,3169
1301,3176
1301,3178
1301,3190
1301,3206
1301,3211
1301,3222
1301,3223
1301,3234
1301,3236
1301,3237
1301,3242
1301,3248
1301,3250
1301,3252
1301,3253
1301,3254
1301,3255
1301,3295
1301,3336
1301,3348
1301,3353
1301,3368
1301,3453
1301,3454
1301,3456
1301,3462
1301,3470
1302,3138
1303,2539
1304,2819
1305,2539
1306,1343
1306,1758
1306,1855
1306,1856
1306,1877
1306,1932
1306,1934
1306,1992
1306,2232
1306,2234
1306,2479
1306,2592
1306,2679
1306,2819
1306,2904
1306,3138
1306,3167
1307,1377
1307,1443
1307,1573
1307,1574
1307,1591
1307,1741
1307,1895
1307,1905
1307,1941
1307,1956
1307,2010
1307,2044
1307,2060
1307,2219
1307,2479
1307,2694
1307,2695
1307,2757
1307,2841
1307,2937
1307,3021
1307,3173
1307,3360
1307,3387
1307,3450
1308,1992
1309,3138
1310,3138
1311,1333
1311,1340
1311,1343
1311,1350
1311,1351
1311,1378
1311,1379
1311,1385
1311,1428
1311,1435
1311,1440
1311,1442
1311,1449
1311,1553
1311,1556
1311,1561
1311,1597
1311,1599
1311,1621
1311,1631
1311,1636
1311,1638
1311,1639
1311,1640
1311,1679
1311,1693
1311,1716
1311,1726
1311,1727
1311,1736
1311,1741
1311,1843
1311,1844
1311,1851
1311,1858
1311,1859
1311,1862
1311,1878
1311,1881
1311,1893
1311,1901
1311,1905
1311,1986
1311,1989
1311,1997
1311,1998
1311,1999
1311,2006
1311,2010
1311,2018
1311,2022
1311,2027
1311,2030
1311,2034
1311,2039
1311,2043
1311,2046
1311,2055
1311,2064
1311,2065
1311,2068
1311,2070
1311,2071
1311,2081
1311,2082
1311,2111
1311,2260
1311,2270
1311,2288
1311,2309
1311,2328
1311,2333
1311,2340
1311,2345
1311,2379
1311,2380
1311,2392
1311,2398
1311,2425
1311,2426
1311,2535
1311,2536
1311,2544
1311,2551
1311,2562
1311,2564
1311,2579
1311,2580
1311,2640
1311,2651
1311,2660
1311,2663
1311,2664
1311,2666
1311,2673
1311,2678
1311,2689
1311,2690
1311,2692
1311,2709
1311,2722
1311,2742
1311,2744
1311,2747
1311,2772
1311,2781
1311,2787
1311,2807
1311,2816
1311,2939
1311,2958
1311,2964
1311,2985
1311,2996
1311,3004
1311,3012
1311,3016
1311,3024
1311,3037
1311,3039
1311,3099
1311,3101
1311,3138
1311,3144
1311,3153
1311,3156
1311,3158
1311,3166
1311,3168
1311,3169
1311,3176
1311,3190
1311,3206
1311,3222
1311,3223
1311,3234
1311,3236
1311,3242
1311,3248
1311,3252
1311,3253
1311,3254
1311,3255
1311,3336
1311,3353
1311,3368
1311,3453
1311,3454
1311,3456
1311,3462
1311,3468
1311,3470
1312,2539
1312,3138
1313,2539
1314,2539
1314,3138
1315,1993
1315,2539
1315,3138
1316,2539
1317,1992
1317,3138
1318,1342
1318,1376
1318,1555
1318,1557
1318,1562
1318,1563
1318,1716
1318,1718
1318,1803
1318,1813
1318,1845
1318,1877
1318,1932
1318,1934
1318,1940
1318,1942
1318,1943
1318,1947
1318,1949
1318,1976
1318,2034
1318,2039
1318,2080
1318,2289
1318,2377
1318,2378
1318,2408
1318,2458
1318,2529
1318,2533
1318,2539
1318,2622
1318,2819
1318,2856
1318,2882
1318,2996
1318,3039
1318,3074
1318,3077
1318,3078
1318,3122
1318,3138
1318,3224
1318,3233
1318,3304
1318,3368
1318,3371
1318,3374
1318,3468
1318,3473
1319,1348
1319,1409
1319,1447
1319,1465
1319,1561
1319,1640
1319,1689
1319,1694
1319,1698
1319,1743
1319,1845
1319,1853
1319,1857
1319,1890
1319,2002
1319,2011
1319,2017
1319,2027
1319,2039
1319,2040
1319,2080
1319,2081
1319,2082
1319,2115
1319,2227
1319,2228
1319,2231
1319,2238
1319,2239
1319,2317
1319,2529
1319,2552
1319,2558
1319,2610
1319,2621
1319,2638
1319,2667
1319,2706
1319,2740
1319,2801
1319,2819
1319,2996
1319,3039
1319,3115
1319,3138
1319,3140
1319,3166
1319,3172
1319,3176
1319,3225
1319,3240
1319,3247
1319,3299
1319,3342
1319,3356
1319,3369
1319,3371
1319,3377
1319,3466
1319,3468
1320,2539
1321,3138
1322,3138
1323,3138
1324,3138
1325,3138
1326,3138
1327,3138
1328,3138
1329,2819
1330,3138
1331,1340
1331,1343
1331,1351
1331,1378
1331,1379
1331,1385
1331,1412
1331,1432
1331,1435
1331,1440
1331,1442
1331,1449
1331,1553
1331,1556
1331,1561
1331,1599
1331,1621
1331,1638
1331,1679
1331,1694
1331,1696
1331,1716
1331,1726
1331,1727
1331,1729
1331,1736
1331,1741
1331,1839
1331,1844
1331,1851
1331,1858
1331,1859
1331,1862
1331,1878
1331,1881
1331,1893
1331,1986
1331,1989
1331,1998
1331,1999
1331,2006
1331,2010
1331,2018
1331,2022
1331,2030
1331,2034
1331,2039
1331,2042
1331,2043
1331,2046
1331,2054
1331,2055
1331,2064
1331,2068
1331,2071
1331,2081
1331,2082
1331,2111
1331,2260
1331,2270
1331,2288
1331,2309
1331,2327
1331,2328
1331,2330
1331,2333
1331,2335
1331,2345
1331,2379
1331,2380
1331,2392
1331,2397
1331,2398
1331,2425
1331,2535
1331,2536
1331,2544
1331,2562
1331,2564
1331,2565
1331,2579
1331,2580
1331,2608
1331,2651
1331,2663
1331,2673
1331,2678
1331,2689
1331,2690
1331,2692
1331,2697
1331,2709
1331,2742
1331,2744
1331,2747
1331,2767
1331,2781
1331,2787
1331,2807
1331,2816
1331,2939
1331,2958
1331,2977
1331,2985
1331,2996
1331,3003
1331,3004
1331,3012
1331,3016
1331,3024
1331,3037
1331,3039
1331,3101
1331,3114
1331,3138
1331,3144
1331,3152
1331,3153
1331,3156
1331,3158
1331,3168
1331,3169
1331,3176
1331,3178
1331,3190
1331,3206
1331,3211
1331,3222
1331,3223
1331,3234
1331,3237
1331,3242
1331,3252
1331,3253
1331,3255
1331,3257
1331,3295
1331,3336
1331,3348
1331,3353
1331,3368
1331,3453
1331,3456
1331,3462
1331,3468
1331,3470
1332,3138
1333,1340
1333,1343
1333,1350
1333,1351
1333,1378
1333,1379
1333,1428
1333,1432
1333,1435
1333,1440
1333,1449
1333,1551
1333,1553
1333,1556
1333,1561
1333,1597
1333,1599
1333,1621
1333,1631
1333,1636
1333,1638
1333,1639
1333,1640
1333,1679
1333,1693
1333,1694
1333,1716
1333,1726
1333,1727
1333,1729
1333,1736
1333,1741
1333,1839
1333,1844
1333,1851
1333,1858
1333,1859
1333,1878
1333,1893
1333,1901
1333,1905
1333,1986
1333,1989
1333,1998
1333,2006
1333,2010
1333,2018
1333,2022
1333,2027
1333,2033
1333,2034
1333,2039
1333,2042
1333,2043
1333,2046
1333,2054
1333,2055
1333,2064
1333,2065
1333,2068
1333,2070
1333,2071
1333,2081
1333,2082
1333,2111
1333,2260
1333,2270
1333,2288
1333,2309
1333,2327
1333,2330
1333,2333
1333,2340
1333,2345
1333,2379
1333,2380
1333,2392
1333,2397
1333,2425
1333,2426
1333,2535
1333,2536
1333,2539
1333,2544
1333,2551
1333,2562
1333,2564
1333,2565
1333,2580
1333,2600
1333,2608
1333,2640
1333,2648
1333,2651
1333,2660
1333,2663
1333,2664
1333,2666
1333,2673
1333,2678
1333,2689
1333,2690
1333,2692
1333,2697
1333,2709
1333,2722
1333,2742
1333,2744
1333,2767
1333,2781
1333,2787
1333,2807
1333,2816
1333,2977
1333,2985
1333,2996
1333,3003
1333,3004
1333,3016
1333,3024
1333,3037
1333,3039
1333,3099
1333,3114
1333,3138
1333,3144
1333,3152
1333,3153
1333,3156
1333,3158
1333,3166
1333,3168
1333,3176
1333,3178
1333,3190
1333,3206
1333,3223
1333,3234
1333,3237
1333,3242
1333,3250
1333,3252
1333,3253
1333,3254
1333,3257
1333,3295
1333,3353
1333,3368
1333,3453
1333,3454
1333,3468
1335,3138
1338,2819
1338,3138
1339,3138
1340,1343
1340,1350
1340,1351
1340,1379
1340,1385
1340,1412
1340,1435
1340,1442
1340,1449
1340,1551
1340,1553
1340,1556
1340,1561
1340,1597
1340,1599
1340,1621
1340,1631
1340,1636
1340,1638
1340,1639
1340,1640
1340,1679
1340,1693
1340,1694
1340,1696
1340,1716
1340,1726
1340,1727
1340,1729
1340,1736
1340,1741
1340,1839
1340,1844
1340,1851
1340,1859
1340,1862
1340,1878
1340,1881
1340,1893
1340,1905
1340,1986
1340,1989
1340,1997
1340,2006
1340,2010
1340,2018
1340,2022
1340,2027
1340,2030
1340,2033
1340,2034
1340,2039
1340,2043
1340,2046
1340,2055
1340,2064
1340,2065
1340,2068
1340,2070
1340,2071
1340,2081
1340,2082
1340,2111
1340,2260
1340,2270
1340,2309
1340,2327
1340,2328
1340,2330
1340,2333
1340,2345
1340,2379
1340,2392
1340,2397
1340,2398
1340,2425
1340,2535
1340,2536
1340,2543
1340,2544
1340,2551
1340,2564
1340,2565
1340,2579
1340,2580
1340,2600
1340,2608
1340,2651
1340,2660
1340,2663
1340,2664
1340,2666
1340,2673
1340,2678
1340,2689
1340,2692
1340,2697
1340,2722
1340,2742
1340,2744
1340,2747
1340,2767
1340,2772
1340,2781
1340,2787
1340,2807
1340,2816
1340,2939
1340,2964
1340,2977
1340,2996
1340,3004
1340,3016
1340,3024
1340,3037
1340,3039
1340,3101
1340,3114
1340,3138
1340,3152
1340,3156
1340,3158
1340,3166
1340,3168
1340,3169
1340,3176
1340,3178
1340,3190
1340,3206
1340,3211
1340,3222
1340,3223
1340,3237
1340,3242
1340,3248
1340,3250
1340,3252
1340,3253
1340,3254
1340,3255
1340,3295
1340,3336
1340,3348
1340,3353
1340,3368
1340,3453
1340,3454
1340,3456
1340,3468
1340,3470
1341,1591
1341,1741
1341,1760
1341,1895
1341,1941
1341,2010
1341,2044
1341,2060
1341,2694
1341,2841
1341,2937
1341,2996
1341,3021
1341,3174
1341,3360
1341,3387
1342,1562
1342,1645
1342,1803
1342,1845
1342,1855
1342,1856
1342,1934
1342,1940
1342,1942
1342,1943
1342,1947
1342,1949
1342,1976
1342,2079
1342,2122
1342,2130
1342,2144
1342,2158
1342,2249
1342,2362
1342,2385
1342,2458
1342,2539
1342,2679
1342,2802
1342,2858
1342,2874
1342,2879
1342,2952
1342,2953
1342,2996
1342,3039
1342,3138
1342,3167
1342,3468
1343,1350
1343,1351
1343,1376
1343,1378
1343,1379
1343,1385
1343,1412
1343,1428
1343,1432
1343,1435
1343,1440
1343,1449
1343,1470
1343,1496
1343,1523
1343,1553
1343,1558
1343,1561
1343,1597
1343,1599
1343,1621
1343,1631
1343,1636
1343,1638
1343,1639
1343,1640
1343,1645
1343,1679
1343,1693
1343,1694
1343,1696
1343,1710
1343,1716
1343,1718
1343,1726
1343,1727
1343,1729
1343,1731
1343,1736
1343,1741
1343,1758
1343,1785
1343,1829
1343,1839
1343,1843
1343,1844
1343,1855
1343,1858
1343,1859
1343,1862
1343,1878
1343,1881
1343,1893
1343,1901
1343,1905
1343,1932
1343,1934
1343,1967
1343,1986
1343,1989
1343,1992
1343,1997
1343,1998
1343,1999
1343,2006
1343,2010
1343,2018
1343,2022
1343,2027
1343,2030
1343,2033
1343,2039
1343,2042
1343,2043
1343,2046
1343,2054
1343,2055
1343,2064
1343,2065
1343,2068
1343,2070
1343,2071
1343,2079
1343,2081
1343,2082
1343,2111
1343,2232
1343,2234
1343,2247
1343,2249
1343,2260
1343,2270
1343,2288
1343,2290
1343,2309
1343,2324
1343,2327
1343,2328
1343,2330
1343,2333
1343,2335
1343,2340
1343,2345
1343,2378
1343,2379
1343,2380
1343,2385
1343,2392
1343,2397
1343,2398
1343,2425
1343,2426
1343,2535
1343,2536
1343,2539
1343,2544
1343,2551
1343,2557
1343,2564
1343,2565
1343,2579
1343,2580
1343,2600
1343,2608
1343,2629
1343,2640
1343,2648
1343,2660
1343,2663
1343,2666
1343,2673
1343,2678
1343,2689
1343,2692
1343,2697
1343,2709
1343,2722
1343,2742
1343,2744
1343,2747
1343,2769
1343,2772
1343,2781
1343,2787
1343,2807
1343,2809
1343,2816
1343,2856
1343,2857
1343,2939
1343,2953
1343,2958
1343,2964
1343,2977
1343,2996
1343,3003
1343,3004
1343,3012
1343,3016
1343,3024
1343,3037
1343,3039
1343,3074
1343,3077
1343,3078
1343,3091
1343,3099
1343,3101
1343,3114
1343,3138
1343,3144
1343,3152
1343,3153
1343,3156
1343,3158
1343,3166
1343,3167
1343,3168
1343,3176
1343,3190
1343,3202
1343,3206
1343,3211
1343,3222
1343,3223
1343,3233
1343,3234
1343,3237
1343,3242
1343,3248
1343,3250
1343,3252
1343,3253
1343,3255
1343,3257
1343,3259
1343,3295
1343,3304
1343,3336
1343,3348
1343,3353
1343,3363
1343,3368
1343,3412
1343,3438
1343,3454
1343,3456
1343,3462
1343,3468
1344,2539
1345,3138
1346,1993
1347,1992
1347,2539
1348,1409
1348,1447
1348,1465
1348,1561
1348,1640
1348,1689
1348,1694
1348,1698
1348,1743
1348,1845
1348,1853
1348,1857
1348,1890
1348,1992
1348,2002
1348,2011
1348,2017
1348,2027
1348,2039
1348,2040
1348,2080
1348,2081
1348,2082
1348,2115
1348,2227
1348,2228
1348,2231
1348,2238
1348,2239
1348,2317
1348,2529
1348,2552
1348,2558
1348,2610
1348,2621
1348,2638
1348,2667
1348,2706
1348,2740
1348,2801
1348,2819
1348,2996
1348,3039
1348,3115
1348,3138
1348,3140
1348,3166
1348,3172
1348,3176
1348,3225
1348,3240
1348,3247
1348,3299
1348,3342
1348,3356
1348,3369
1348,3371
1348,3377
1348,3466
1348,3468
1349,2819
1350,1351
1350,1379
1350,1385
1350,1412
1350,1432
1350,1435
1350,1440
1350,1442
1350,1449
1350,1551
1350,1553
1350,1556
1350,1561
1350,1597
1350,1599
1350,1621
1350,1631
1350,1638
1350,1639
1350,1640
1350,1679
1350,1693
1350,1694
1350,1696
1350,1716
1350,1726
1350,1727
1350,1729
1350,1736
1350,1741
1350,1839
1350,1843
1350,1844
1350,1851
1350,1862
1350,1878
1350,1881
1350,1893
1350,1901
1350,1905
1350,1992
1350,1998
1350,1999
1350,2006
1350,2010
1350,2022
1350,2027
1350,2034
1350,2039
1350,2042
1350,2043
1350,2046
1350,2055
1350,2064
1350,2068
1350,2071
1350,2081
1350,2082
1350,2111
1350,2260
1350,2270
1350,2288
1350,2309
1350,2327
1350,2328
1350,2330
1350,2333
1350,2335
1350,2340
1350,2345
1350,2380
1350,2392
1350,2397
1350,2398
1350,2425
1350,2426
1350,2479
1350,2535
1350,2536
1350,2543
1350,2544
1350,2562
1350,2564
1350,2565
1350,2579
1350,2580
1350,2640
1350,2648
1350,2651
1350,2660
1350,2663
1350,2664
1350,2666
1350,2673
1350,2678
1350,2689
1350,2692
1350,2697
1350,2722
1350,2742
1350,2744
1350,2747
1350,2767
1350,2772
1350,2781
1350,2807
1350,2816
1350,2819
1350,2939
1350,2958
1350,2977
1350,2985
1350,2996
1350,3004
1350,3012
1350,3016
1350,3037
1350,3039
1350,3099
1350,3101
1350,3114
1350,3138
1350,3152
1350,3153
1350,3156
1350,3158
1350,3166
1350,3168
1350,3169
1350,3176
1350,3178
1350,3190
1350,3206
1350,3222
1350,3223
1350,3234
1350,3236
1350,3237
1350,3242
1350,3248
1350,3250
1350,3253
1350,3254
1350,3255
1350,3295
1350,3336
1350,3348
1350,3353
1350,3368
1350,3454
1350,3456
1350,3462
1350,3468
1350,3470
1351,1378
1351,1379
1351,1385
1351,1412
1351,1428
1351,1440
1351,1449
1351,1553
1351,1556
1351,1561
1351,1597
1351,1599
1351,1621
1351,1636
1351,1638
1351,1639
1351,1640
1351,1679
1351,1694
1351,1696
1351,1716
1351,1726
1351,1727
1351,1729
1351,1736
1351,1741
1351,1839
1351,1843
1351,1844
1351,1851
1351,1858
1351,1859
1351,1878
1351,1881
1351,1893
1351,1905
1351,1986
1351,1989
1351,1997
1351,1998
1351,2006
1351,2010
1351,2018
1351,2022
1351,2027
1351,2030
1351,2033
1351,2034
1351,2039
1351,2042
1351,2046
1351,2054
1351,2064
1351,2068
1351,2070
1351,2071
1351,2081
1351,2082
1351,2111
1351,2260
1351,2270
1351,2288
1351,2309
1351,2327
1351,2328
1351,2330
1351,2333
1351,2335
1351,2340
1351,2345
1351,2379
1351,2380
1351,2392
1351,2397
1351,2398
1351,2425
1351,2535
1351,2536
1351,2544
1351,2551
1351,2562
1351,2564
1351,2565
1351,2579
1351,2580
1351,2600
1351,2608
1351,2640
1351,2648
1351,2651
1351,2660
1351,2664
1351,2666
1351,2673
1351,2678
1351,2689
1351,2690
1351,2692
1351,2697
1351,2709
1351,2744
1351,2747
1351,2767
1351,2816
1351,2939
1351,2958
1351,2964
1351,2977
1351,2985
1351,2996
1351,3003
1351,3004
1351,3012
1351,3016
1351,3024
1351,3037
1351,3039
1351,3099
1351,3101
1351,3114
1351,3138
1351,3144
1351,3153
1351,3156
1351,3158
1351,3166
1351,3168
1351,3169
1351,3176
1351,3178
1351,3190
1351,3206
1351,3211
1351,3222
1351,3236
1351,3237
1351,3242
1351,3250
1351,3254
1351,3255
1351,3336
1351,3353
1351,3368
1351,3453
1351,3454
1351,3456
1351,3462
1351,3468
1351,3470
1352,1992
1352,2539
1353,3138
1354,3138
1355,1992
1356,3138
1357,2539
1358,1992
1358,2539
1359,3138
1360,1645
1361,1645
1361,2539
1361,3138
1362,1401
1362,1526
1362,1653
1362,1992
1362,2121
1362,2129
1362,2130
1362,2309
1362,2468
1362,2539
1362,2649
1362,2679
1362,2715
1362,2741
1362,2819
1362,2878
1362,3114
1362,3138
1362,3167
1362,3209
1364,2539
1365,1993
1365,2539
1366,2539
1367,2539
1367,3138
1368,1992
1368,2539
1368,2819
1368,3138
1369,3138
1370,3138
1371,2539
1371,2819
1372,2819
1373,1574
1373,1905
1373,1956
1373,2010
1373,2044
1373,2219
1373,2695
1374,2539
1374,2605
1374,2960
1374,3227
1376,1557
1376,1853
1376,1967
1376,1992
1376,1997
1376,2392
1376,2539
1376,2809
1376,2882
1376,3074
1376,3091
1376,3259
1376,3371
1377,1496
1377,1520
1377,1574
1377,1591
1377,1622
1377,1741
1377,1855
1377,1956
1377,2010
1377,2044
1377,2048
1377,2060
1377,2219
1377,2247
1377,2249
1377,2275
1377,2317
1377,2454
1377,2503
1377,2607
1377,2694
1377,2695
1377,2708
1377,2773
1377,3021
1377,3103
1377,3173
1377,3174
1377,3243
1377,3360
1377,3452
1377,3473
1378,1379
1378,1412
1378,1428
1378,1432
1378,1435
1378,1442
1378,1449
1378,1551
1378,1553
1378,1556
1378,1561
1378,1597
1378,1599
1378,1621
1378,1631
1378,1636
1378,1638
1378,1639
1378,1640
1378,1679
1378,1693
1378,1694
1378,1696
1378,1716
1378,1726
1378,1727
1378,1729
1378,1736
1378,1741
1378,1844
1378,1851
1378,1858
1378,1859
1378,1862
1378,1878
1378,1881
1378,1893
1378,1901
1378,1986
1378,1997
1378,1998
1378,1999
1378,2006
1378,2010
1378,2018
1378,2022
1378,2027
1378,2030
1378,2033
1378,2034
1378,2039
1378,2042
1378,2043
1378,2046
1378,2054
1378,2055
1378,2064
1378,2065
1378,2068
1378,2070
1378,2071
1378,2081
1378,2082
1378,2111
1378,2260
1378,2270
1378,2309
1378,2327
1378,2328
1378,2333
1378,2335
1378,2340
1378,2379
1378,2380
1378,2392
1378,2397
1378,2398
1378,2425
1378,2426
1378,2535
1378,2536
1378,2539
1378,2543
1378,2544
1378,2551
1378,2562
1378,2564
1378,2565
1378,2579
1378,2580
1378,2600
1378,2608
1378,2640
1378,2648
1378,2651
1378,2663
1378,2664
1378,2666
1378,2673
1378,2678
1378,2690
1378,2692
1378,2697
1378,2709
1378,2722
1378,2742
1378,2744
1378,2747
1378,2767
1378,2772
1378,2781
1378,2787
1378,2807
1378,2816
1378,2939
1378,2958
1378,2964
1378,2977
1378,2985
1378,2996
1378,3003
1378,3016
1378,3099
1378,3101
1378,3114
1378,3138
1378,3144
1378,3156
1378,3158
1378,3166
1378,3168
1378,3169
1378,3176
1378,3178
1378,3190
1378,3206
1378,3211
1378,3222
1378,3234
1378,3236
1378,3237
1378,3242
1378,3248
1378,3250
1378,3252
1378,3253
1378,3254
1378,3257
1378,3295
1378,3336
1378,3348
1378,3353
1378,3368
1378,3454
1378,3456
1378,3462
1378,3468
1378,3470
1379,1385
1379,1432
1379,1435
1379,1442
1379,1449
1379,1551
1379,1553
1379,1561
1379,1597
1379,1621
1379,1636
1379,1638
1379,1639
1379,1640
1379,1693
1379,1694
1379,1696
1379,1726
1379,1736
1379,1741
1379,1844
1379,1851
1379,1858
1379,1859
1379,1862
1379,1878
1379,1881
1379,1893
1379,1901
1379,1905
1379,1986
1379,1989
1379,1997
1379,1998
1379,2006
1379,2010
1379,2018
1379,2022
1379,2027
1379,2030
1379,2033
1379,2034
1379,2039
1379,2042
1379,2043
1379,2046
1379,2054
1379,2055
1379,2065
1379,2068
1379,2070
1379,2081
1379,2082
1379,2111
1379,2260
1379,2270
1379,2288
1379,2309
1379,2328
1379,2330
1379,2333
1379,2335
1379,2340
1379,2345
1379,2379
1379,2380
1379,2392
1379,2397
1379,2425
1379,2426
1379,2535
1379,2536
1379,2544
1379,2551
1379,2562
1379,2564
1379,2565
1379,2579
1379,2580
1379,2600
1379,2608
1379,2640
1379,2648
1379,2651
1379,2660
1379,2663
1379,2664
1379,2666
1379,2673
1379,2689
1379,2690
1379,2692
1379,2697
1379,2709
1379,2722
1379,2747
1379,2767
1379,2781
1379,2807
1379,2819
1379,2939
1379,2964
1379,2977
1379,2985
1379,2996
1379,3003
1379,3004
1379,3012
1379,3016
1379,3024
1379,3039
1379,3099
1379,3101
1379,3138
1379,3144
1379,3152
1379,3156
1379,3166
1379,3168
1379,3176
1379,3190
1379,3206
1379,3211
1379,3222
1379,3223
1379,3234
1379,3236
1379,3237
1379,3242
1379,3248
1379,3250
1379,3252
1379,3253
1379,3254
1379,3255
1379,3257
1379,3295
1379,3336
1379,3348
1379,3353
1379,3368
1379,3453
1379,3454
1379,3456
1379,3462
1379,3468
1379,3470
1380,3138
1381,1622
1381,1905
1381,1956
1381,2010
1382,2539
1383,2819
1383,3138
1384,2819
1385,1412
1385,1428
1385,1432
1385,1435
1385,1440
1385,1442
1385,1449
1385,1551
1385,1553
1385,1556
1385,1561
1385,1597
1385,1621
1385,1631
1385,1636
1385,1638
1385,1639
1385,1640
1385,1679
1385,1693
1385,1694
1385,1696
1385,1716
1385,1726
1385,1727
1385,1729
1385,1736
1385,1741
1385,1839
1385,1843
1385,1844
1385,1851
1385,1858
1385,1859
1385,1862
1385,1878
1385,1881
1385,1893
1385,1901
1385,1905
1385,1986
1385,1989
1385,1998
1385,1999
1385,2006
1385,2010
1385,2018
1385,2022
1385,2027
1385,2033
1385,2034
1385,2039
1385,2042
1385,2043
1385,2046
1385,2054
1385,2055
1385,2064
1385,2065
1385,2068
1385,2070
1385,2081
1385,2082
1385,2111
1385,2270
1385,2288
1385,2309
1385,2327
1385,2328
1385,2330
1385,2333
1385,2335
1385,2340
1385,2345
1385,2379
1385,2380
1385,2392
1385,2397
1385,2398
1385,2425
1385,2535
1385,2536
1385,2543
1385,2551
1385,2562
1385,2564
1385,2565
1385,2579
1385,2580
1385,2600
1385,2608
1385,2640
1385,2648
1385,2651
1385,2660
1385,2664
1385,2666
1385,2673
1385,2678
1385,2689
1385,2690
1385,2692
1385,2697
1385,2709
1385,2722
1385,2742
1385,2747
1385,2767
1385,2807
1385,2939
1385,2958
1385,2964
1385,2985
1385,3012
1385,3016
1385,3024
1385,3037
1385,3039
1385,3099
1385,3101
1385,3114
1385,3138
1385,3144
1385,3153
1385,3156
1385,3158
1385,3166
1385,3168
1385,3169
1385,3176
1385,3178
1385,3190
1385,3206
1385,3211
1385,3234
1385,3248
1385,3252
1385,3253
1385,3254
1385,3255
1385,3257
1385,3295
1385,3336
1385,3348
1385,3353
1385,3368
1385,3453
1385,3454
1385,3462
1385,3468
1385,3470
1386,1462
1386,1463
1386,1967
1386,2874
1386,2910
1386,3224
1386,3225
1387,3138
1389,2479
1389,3138
1391,2479
1392,3138
1393,3138
1394,1992
1395,2539
1396,2479
1396,2819
1397,1561
1397,1653
1397,1997
1397,2010
1397,2309
1397,2458
1397,2649
1397,2679
1397,2952
1397,3167
1397,3209
1398,1463
1398,1561
1398,1997
1398,2010
1398,2063
1398,2309
1398,2445
1398,2650
1398,2679
1398,2953
1398,3167
1398,3376
1399,2819
1399,3138
1400,1444
1400,1526
1400,1645
1400,1653
1400,1724
1400,1779
1400,1992
1400,2079
1400,2080
1400,2122
1400,2197
1400,2249
1400,2468
1400,2516
1400,2532
1400,2533
1400,2622
1400,2741
1400,2819
1400,2928
1400,3060
1400,3114
1400,3167
1400,3224
1400,3225
1400,3233
1400,3376
1400,3412
1401,1526
1401,1653
1401,2129
1401,2468
1401,2532
1401,2533
1401,2741
1401,2878
1401,3088
1401,3114
1401,3138
1401,3167
1402,1622
1402,1905
1402,1956
1402,2010
1402,2607
1402,2695
1403,3138
1404,3138
1405,1477
1405,2479
1405,3138
1406,2539
1407,3138
1409,1447
1409,1465
1409,1561
1409,1640
1409,1689
1409,1694
1409,1698
1409,1743
1409,1845
1409,1853
1409,1857
1409,1890
1409,2002
1409,2011
1409,2017
1409,2027
1409,2039
1409,2040
1409,2080
1409,2081
1409,2082
1409,2115
1409,2227
1409,2228
1409,2238
1409,2239
1409,2317
1409,2529
1409,2552
1409,2558
1409,2610
1409,2621
1409,2638
1409,2667
1409,2706
1409,2740
1409,2801
1409,2819
1409,2996
1409,3039
1409,3115
1409,3138
1409,3140
1409,3166
1409,3172
1409,3176
1409,3225
1409,3240
1409,3247
1409,3299
1409,3342
1409,3356
1409,3369
1409,3371
1409,3377
1409,3466
1409,3468
1410,2819
1410,3138
1411,3138
1412,1428
1412,1432
1412,1435
1412,1440
1412,1442
1412,1449
1412,1551
1412,1553
1412,1556
1412,1561
1412,1597
1412,1599
1412,1621
1412,1636
1412,1639
1412,1640
1412,1679
1412,1693
1412,1694
1412,1696
1412,1716
1412,1726
1412,1727
1412,1729
1412,1736
1412,1741
1412,1839
1412,1843
1412,1844
1412,1851
1412,1858
1412,1859
1412,1862
1412,1878
1412,1881
1412,1893
1412,1901
1412,1905
1412,1986
1412,1989
1412,1997
1412,1998
1412,1999
1412,2006
1412,2010
1412,2018
1412,2022
1412,2027
1412,2030
1412,2033
1412,2034
1412,2039
1412,2042
1412,2046
1412,2055
1412,2064
1412,2065
1412,2068
1412,2081
1412,2082
1412,2111
1412,2260
1412,2309
1412,2327
1412,2328
1412,2330
1412,2333
1412,2335
1412,2340
1412,2345
1412,2379
1412,2380
1412,2392
1412,2397
1412,2398
1412,2425
1412,2426
1412,2535
1412,2536
1412,2543
1412,2544
1412,2551
1412,2562
1412,2564
1412,2565
1412,2579
1412,2580
1412,2600
1412,2608
1412,2640
1412,2648
1412,2651
1412,2664
1412,2666
1412,2678
1412,2689
1412,2690
1412,2697
1412,2709
1412,2722
1412,2742
1412,2747
1412,2767
1412,2772
1412,2781
1412,2787
1412,2816
1412,2958
1412,2964
1412,2977
1412,2985
1412,2996
1412,3003
1412,3004
1412,3012
1412,3024
1412,3037
1412,3039
1412,3099
1412,3101
1412,3114
1412,3138
1412,3144
1412,3152
1412,3153
1412,3158
1412,3166
1412,3168
1412,3169
1412,3176
1412,3178
1412,3190
1412,3206
1412,3211
1412,3222
1412,3234
1412,3236
1412,3252
1412,3253
1412,3254
1412,3255
1412,3257
1412,3295
1412,3336
1412,3348
1412,3353
1412,3368
1412,3454
1412,3456
1412,3468
1412,3470
1413,3138
1414,3138
1415,2819
1416,1574
1416,1905
1416,1956
1416,2607
1416,2695
1417,2539
1417,2819
1418,3138
1419,3138
1420,3138
1422,2539
1423,2479
1425,2479
1425,3138
1426,1992
1427,1574
1427,1956
1427,2219
1427,2607
1428,1432
1428,1435
1428,1440
1428,1442
1428,1449
1428,1551
1428,1553
1428,1556
1428,1561
1428,1597
1428,1599
1428,1621
1428,1640
1428,1679
1428,1693
1428,1694
1428,1696
1428,1726
1428,1727
1428,1729
1428,1736
1428,1741
1428,1839
1428,1843
1428,1851
1428,1858
1428,1859
1428,1862
1428,1878
1428,1881
1428,1893
1428,1901
1428,1905
1428,1986
1428,1989
1428,1998
1428,2006
1428,2010
1428,2018
1428,2022
1428,2027
1428,2030
1428,2033
1428,2034
1428,2039
1428,2042
1428,2043
1428,2046
1428,2054
1428,2055
1428,2064
1428,2065
1428,2068
1428,2070
1428,2071
1428,2081
1428,2082
1428,2111
1428,2260
1428,2270
1428,2288
1428,2309
1428,2327
1428,2328
1428,2330
1428,2333
1428,2335
1428,2340
1428,2345
1428,2379
1428,2380
1428,2392
1428,2397
1428,2398
1428,2425
1428,2426
1428,2535
1428,2536
1428,2543
1428,2544
1428,2551
1428,2564
1428,2579
1428,2580
1428,2608
1428,2640
1428,2651
1428,2663
1428,2664
1428,2666
1428,2673
1428,2678
1428,2689
1428,2690
1428,2692
1428,2697
1428,2709
1428,2722
1428,2742
1428,2744
1428,2747
1428,2767
1428,2772
1428,2781
1428,2787
1428,2807
1428,2816
1428,2819
1428,2939
1428,2958
1428,2964
1428,2985
1428,3003
1428,3004
1428,3012
1428,3016
1428,3024
1428,3037
1428,3099
1428,3114
1428,3138
1428,3152
1428,3156
1428,3158
1428,3166
1428,3168
1428,3176
1428,3178
1428,3190
1428,3206
1428,3211
1428,3222
1428,3236
1428,3242
1428,3248
1428,3250
1428,3252
1428,3254
1428,3255
1428,3257
1428,3295
1428,3336
1428,3348
1428,3353
1428,3368
1428,3453
1428,3454
1428,3456
1428,3462
1428,3468
1428,3470
1429,2539
1430,1674
1430,2539
1431,3138
1432,1435
1432,1440
1432,1442
1432,1449
1432,1551
1432,1553
1432,1556
1432,1561
1432,1597
1432,1599
1432,1621
1432,1631
1432,1636
1432,1639
1432,1640
1432,1679
1432,1694
1432,1716
1432,1726
1432,1736
1432,1741
1432,1839
1432,1843
1432,1851
1432,1858
1432,1878
1432,1881
1432,1893
1432,1905
1432,1986
1432,1997
1432,1998
1432,1999
1432,2006
1432,2010
1432,2018
1432,2022
1432,2027
1432,2030
1432,2033
1432,2034
1432,2039
1432,2042
1432,2043
1432,2046
1432,2054
1432,2055
1432,2064
1432,2065
1432,2068
1432,2070
1432,2071
1432,2081
1432,2082
1432,2111
1432,2260
1432,2270
1432,2288
1432,2309
1432,2328
1432,2330
1432,2333
1432,2335
1432,2345
1432,2379
1432,2392
1432,2425
1432,2426
1432,2535
1432,2543
1432,2551
1432,2562
1432,2564
1432,2565
1432,2580
1432,2600
1432,2608
1432,2640
1432,2648
1432,2651
1432,2660
1432,2663
1432,2664
1432,2666
1432,2673
1432,2678
1432,2689
1432,2692
1432,2697
1432,2709
1432,2742
1432,2744
1432,2747
1432,2767
1432,2807
1432,2816
1432,2939
1432,2977
1432,2996
1432,3003
1432,3004
1432,3024
1432,3037
1432,3099
1432,3138
1432,3144
1432,3152
1432,3153
1432,3156
1432,3158
1432,3166
1432,3168
1432,3169
1432,3176
1432,3178
1432,3190
1432,3206
1432,3222
1432,3223
1432,3234
1432,3242
1432,3248
1432,3250
1432,3252
1432,3254
1432,3255
1432,3257
1432,3295
1432,3336
1432,3348
1432,3353
1432,3368
1432,3453
1432,3456
1432,3462
1432,3468
1434,2819
1435,1440
1435,1442
1435,1449
1435,1551
1435,1553
1435,1556
1435,1561
1435,1597
1435,1599
1435,1621
1435,1631
1435,1636
1435,1638
1435,1639
1435,1640
1435,1679
1435,1694
1435,1696
1435,1716
1435,1727
1435,1729
1435,1736
1435,1741
1435,1839
1435,1843
1435,1844
1435,1851
1435,1858
1435,1859
1435,1862
1435,1878
1435,1881
1435,1893
1435,1901
1435,1905
1435,1986
1435,1989
1435,1997
1435,1998
1435,2006
1435,2010
1435,2030
1435,2033
1435,2034
1435,2039
1435,2042
1435,2043
1435,2054
1435,2065
1435,2068
1435,2071
1435,2081
1435,2082
1435,2111
1435,2260
1435,2270
1435,2288
1435,2309
1435,2327
1435,2328
1435,2330
1435,2333
1435,2335
1435,2340
1435,2379
1435,2380
1435,2392
1435,2397
1435,2398
1435,2425
1435,2535
1435,2536
1435,2543
1435,2544
1435,2551
1435,2562
1435,2564
1435,2565
1435,2579
1435,2580
1435,2600
1435,2648
1435,2651
1435,2660
1435,2663
1435,2664
1435,2673
1435,2678
1435,2689
1435,2690
1435,2692
1435,2697
1435,2709
1435,2722
1435,2742
1435,2747
1435,2767
1435,2772
1435,2781
1435,2787
1435,2807
1435,2816
1435,2939
1435,2958
1435,2964
1435,2977
1435,2985
1435,2996
1435,3003
1435,3004
1435,3012
1435,3016
1435,3024
1435,3037
1435,3039
1435,3099
1435,3101
1435,3114
1435,3138
1435,3152
1435,3153
1435,3156
1435,3158
1435,3166
1435,3169
1435,3176
1435,3178
1435,3190
1435,3206
1435,3211
1435,3234
1435,3236
1435,3237
1435,3242
1435,3248
1435,3252
1435,3253
1435,3254
1435,3255
1435,3257
1435,3295
1435,3336
1435,3348
1435,3353
1435,3368
1435,3454
1435,3456
1435,3468
1435,3470
1436,1992
1436,3138
1437,3138
1438,3138
1439,3138
1440,1442
1440,1449
1440,1551
1440,1553
1440,1556
1440,1561
1440,1599
1440,1621
1440,1631
1440,1638
1440,1639
1440,1640
1440,1693
1440,1694
1440,1696
1440,1716
1440,1726
1440,1727
1440,1729
1440,1736
1440,1741
1440,1839
1440,1844
1440,1851
1440,1858
1440,1859
1440,1862
1440,1878
1440,1893
1440,1905
1440,1986
1440,1989
1440,1997
1440,1998
1440,1999
1440,2006
1440,2010
1440,2018
1440,2022
1440,2027
1440,2033
1440,2034
1440,2039
1440,2042
1440,2043
1440,2046
1440,2054
1440,2055
1440,2064
1440,2065
1440,2070
1440,2071
1440,2081
1440,2082
1440,2111
1440,2260
1440,2270
1440,2288
1440,2309
1440,2327
1440,2328
1440,2330
1440,2333
1440,2335
1440,2340
1440,2345
1440,2380
1440,2392
1440,2397
1440,2398
1440,2425
1440,2426
1440,2535
1440,2543
1440,2544
1440,2551
1440,2562
1440,2564
1440,2565
1440,2579
1440,2580
1440,2600
1440,2608
1440,2640
1440,2648
1440,2651
1440,2663
1440,2664
1440,2666
1440,2678
1440,2689
1440,2690
1440,2692
1440,2697
1440,2709
1440,2722
1440,2744
1440,2767
1440,2772
1440,2781
1440,2787
1440,2807
1440,2816
1440,2939
1440,2958
1440,2964
1440,2977
1440,2985
1440,2996
1440,3003
1440,3004
1440,3012
1440,3016
1440,3024
1440,3037
1440,3039
1440,3099
1440,3114
1440,3138
1440,3144
1440,3153
1440,3156
1440,3158
1440,3166
1440,3168
1440,3169
1440,3178
1440,3190
1440,3206
1440,3222
1440,3234
1440,3236
1440,3237
1440,3242
1440,3248
1440,3250
1440,3252
1440,3254
1440,3255
1440,3295
1440,3353
1440,3368
1440,3453
1440,3454
1440,3456
1440,3462
1440,3468
1441,3138
1442,1449
1442,1551
1442,1553
1442,1556
1442,1599
1442,1621
1442,1631
1442,1636
1442,1638
1442,1639
1442,1640
1442,1679
1442,1693
1442,1694
1442,1696
1442,1716
1442,1727
1442,1729
1442,1741
1442,1839
1442,1843
1442,1844
1442,1851
1442,1858
1442,1859
1442,1862
1442,1878
1442,1881
1442,1893
1442,1901
1442,1905
1442,1986
1442,1989
1442,1997
1442,1998
1442,1999
1442,2006
1442,2010
1442,2018
1442,2022
1442,2027
1442,2030
1442,2033
1442,2034
1442,2039
1442,2042
1442,2046
1442,2054
1442,2055
1442,2064
1442,2065
1442,2070
1442,2071
1442,2081
1442,2082
1442,2111
1442,2260
1442,2270
1442,2309
1442,2328
1442,2330
1442,2333
1442,2335
1442,2340
1442,2345
1442,2379
1442,2380
1442,2392
1442,2397
1442,2398
1442,2425
1442,2535
1442,2536
1442,2544
1442,2551
1442,2562
1442,2564
1442,2565
1442,2579
1442,2580
1442,2600
1442,2640
1442,2648
1442,2651
1442,2660
1442,2663
1442,2666
1442,2673
1442,2678
1442,2689
1442,2690
1442,2692
1442,2697
1442,2709
1442,2722
1442,2742
1442,2744
1442,2747
1442,2767
1442,2781
1442,2958
1442,2964
1442,2977
1442,2985
1442,3003
1442,3004
1442,3012
1442,3016
1442,3024
1442,3039
1442,3101
1442,3114
1442,3138
1442,3144
1442,3152
1442,3153
1442,3158
1442,3166
1442,3169
1442,3176
1442,3178
1442,3206
1442,3211
1442,3222
1442,3223
1442,3236
1442,3237
1442,3250
1442,3252
1442,3257
1442,3336
1442,3368
1442,3453
1442,3456
1442,3462
1442,3468
1442,3470
1443,1574
1443,1591
1443,1760
1443,1895
1443,1941
1443,1956
1443,2060
1443,2219
1443,2694
1443,2757
1443,2841
1443,2996
1443,3021
1443,3174
1443,3387
1443,3450
1444,1463
1444,2063
1444,2650
1444,2928
1446,1992
1446,2539
1447,1465
1447,1561
1447,1640
1447,1689
1447,1694
1447,1698
1447,1743
1447,1845
1447,1853
1447,1857
1447,1890
1447,2002
1447,2011
1447,2017
1447,2027
1447,2039
1447,2040
1447,2080
1447,2081
1447,2082
1447,2115
1447,2227
1447,2228
1447,2231
1447,2238
1447,2239
1447,2317
1447,2529
1447,2539
1447,2552
1447,2558
1447,2610
1447,2621
1447,2638
1447,2667
1447,2706
1447,2740
1447,2801
1447,2819
1447,2996
1447,3039
1447,3115
1447,3138
1447,3140
1447,3166
1447,3172
1447,3176
1447,3225
1447,3240
1447,3247
1447,3299
1447,3342
1447,3356
1447,3369
1447,3371
1447,3377
1447,3466
1447,3468
1448,3138
1449,1551
1449,1556
1449,1561
1449,1597
1449,1599
1449,1621
1449,1631
1449,1636
1449,1638
1449,1639
1449,1640
1449,1679
1449,1696
1449,1716
1449,1726
1449,1727
1449,1736
1449,1741
1449,1839
1449,1843
1449,1844
1449,1851
1449,1858
1449,1859
1449,1862
1449,1878
1449,1881
1449,1893
1449,1901
1449,1905
1449,1986
1449,1989
1449,1997
1449,1999
1449,2006
1449,2010
1449,2018
1449,2022
1449,2030
1449,2033
1449,2034
1449,2039
1449,2042
1449,2043
1449,2054
1449,2055
1449,2064
1449,2065
1449,2068
1449,2070
1449,2071
1449,2081
1449,2082
1449,2111
1449,2260
1449,2288
1449,2309
1449,2328
1449,2330
1449,2333
1449,2335
1449,2340
1449,2345
1449,2380
1449,2392
1449,2397
1449,2398
1449,2425
1449,2426
1449,2535
1449,2536
1449,2543
1449,2544
1449,2551
1449,2562
1449,2564
1449,2565
1449,2580
1449,2600
1449,2608
1449,2640
1449,2648
1449,2651
1449,2664
1449,2666
1449,2673
1449,2678
1449,2690
1449,2692
1449,2697
1449,2709
1449,2722
1449,2742
1449,2744
1449,2747
1449,2767
1449,2772
1449,2781
1449,2787
1449,2816
1449,2939
1449,2958
1449,2964
1449,2977
1449,2985
1449,2996
1449,3003
1449,3004
1449,3012
1449,3016
1449,3024
1449,3037
1449,3039
1449,3099
1449,3101
1449,3114
1449,3138
1449,3144
1449,3158
1449,3166
1449,3168
1449,3169
1449,3176
1449,3178
1449,3190
1449,3206
1449,3211
1449,3222
1449,3234
1449,3236
1449,3237
1449,3242
1449,3248
1449,3250
1449,3252
1449,3253
1449,3254
1449,3255
1449,3257
1449,3295
1449,3336
1449,3348
1449,3353
1449,3368
1449,3453
1449,3454
1449,3456
1449,3462
1449,3468
1449,3470
1453,2819
1454,3088
1454,3138
1455,3138
1456,2539
1457,2539
1458,2539
1458,2819
1458,3138
1459,2539
1460,2539
1461,1992
1461,2539
1461,2819
1461,3138
1462,1645
1462,1992
1462,1997
1462,2539
1462,2626
1462,2910
1462,3224
1463,1526
1463,1744
1463,1992
1463,2063
1463,2290
1463,2445
1463,2479
1463,2593
1463,2741
1463,2819
1463,2910
1463,2928
1463,3060
1463,3114
1463,3167
1463,3225
1463,3233
1464,1645
1464,2539
1465,1561
1465,1640
1465,1689
1465,1694
1465,1698
1465,1743
1465,1845
1465,1853
1465,1857
1465,1890
1465,2002
1465,2011
1465,2017
1465,2027
1465,2039
1465,2040
1465,2080
1465,2081
1465,2082
1465,2115
1465,2227
1465,2228
1465,2231
1465,2238
1465,2239
1465,2317
1465,2529
1465,2552
1465,2558
1465,2610
1465,2621
1465,2638
1465,2667
1465,2706
1465,2740
1465,2801
1465,2819
1465,2996
1465,3039
1465,3115
1465,3138
1465,3140
1465,3166
1465,3172
1465,3176
1465,3225
1465,3240
1465,3247
1465,3299
1465,3342
1465,3356
1465,3369
1465,3371
1465,3377
1465,3466
1465,3468
1466,2539
1467,2819
1467,3138
1468,1526
1468,1563
1468,1673
1468,1821
1468,1850
1468,1853
1468,1927
1468,1934
1468,1997
1468,2359
1468,2437
1468,2539
1468,2669
1468,3088
1468,3280
1468,3457
1469,2819
1470,1829
1470,2079
1470,2232
1470,2557
1470,2801
1470,2953
1470,3202
1470,3371
1471,1992
1471,2539
1472,2539
1473,1992
1473,2539
1473,2819
1474,2539
1474,2819
1475,1992
1475,2539
1476,2539
1477,1608
1477,1673
1477,1850
1477,2039
1477,2066
1477,2437
1477,2533
1477,2539
1477,3077
1479,2539
1480,2539
1481,1645
1482,3138
1483,1992
1483,2539
1483,3138
1484,1992
1484,2539
1485,1674
1486,3138
1487,1674
1487,2819
1488,2539
1488,3138
1489,1992
1489,2539
1489,2819
1489,3138
1491,2819
1492,1992
1492,2539
1493,3138
1494,1674
1494,1992
1494,2539
1494,3138
1495,1674
1495,2539
1496,1520
1496,1574
1496,1591
1496,1621
1496,1622
1496,1744
1496,1855
1496,1905
1496,1956
1496,1983
1496,2010
1496,2048
1496,2062
1496,2092
1496,2219
1496,2275
1496,2307
1496,2317
1496,2454
1496,2503
1496,2557
1496,2607
1496,2673
1496,2675
1496,2695
1496,2708
1496,2757
1496,2773
1496,2819
1496,3021
1496,3082
1496,3103
1496,3225
1496,3393
1496,3452
1496,3473
1497,1645
1497,1807
1497,1992
1497,2437
1497,2514
1497,2539
1497,2802
1497,2874
1497,2878
1497,2910
1497,3060
1497,3088
1497,3138
1497,3224
1498,1992
1499,1563
1499,1927
1499,1934
1499,2039
1499,2343
1499,2437
1499,2533
1499,2539
1499,3074
1499,3077
1499,3088
1499,3280
1499,3383
1499,3474
1500,2479
1500,2819
1501,2819
1502,3138
1503,1992
1504,1993
1504,2539
1505,3138
1506,1992
1506,2539
1507,1563
1507,1845
1507,1877
1507,1906
1507,1932
1507,1934
1507,1992
1507,2289
1507,2348
1507,2377
1507,2453
1507,2533
1507,2539
1507,2593
1507,2819
1507,2931
1507,3122
1507,3138
1507,3233
1507,3386
1508,1993
1508,2539
1509,2539
1510,1574
1510,2819
1511,1674
1512,1674
1512,2819
1513,3138
1514,1645
1514,1666
1514,1810
1514,1855
1514,2039
1514,2144
1514,2158
1514,2185
1514,2362
1514,2592
1514,2802
1514,2874
1514,3138
1515,1558
1515,1993
1515,2232
1515,2249
1515,2385
1515,2539
1515,2679
1515,2801
1515,2819
1516,2539
1517,1992
1518,1992
1519,1992
1520,1574
1520,1591
1520,1621
1520,1855
1520,1956
1520,2010
1520,2044
1520,2048
1520,2062
1520,2092
1520,2219
1520,2249
1520,2317
1520,2454
1520,2503
1520,2607
1520,2673
1520,2695
1520,2708
1520,2710
1520,2773
1520,2819
1520,3021
1520,3103
1520,3243
1520,3393
1520,3452
1520,3473
1521,2819
1522,2819
1523,1829
1523,2232
1523,2249
1523,2539
1523,2557
1523,3202
1523,3363
1523,3371
1524,2539
1525,1992
1526,1561
1526,1563
1526,1608
1526,1653
1526,1724
1526,1821
1526,1853
1526,1906
1526,1927
1526,1992
1526,1997
1526,2063
1526,2129
1526,2668
1526,2669
1526,2741
1526,2878
1526,2928
1526,3077
1526,3088
1526,3114
1526,3167
1526,3209
1526,3376
1527,2539
1528,1992
1529,1645
1529,3088
1529,3138
1530,1674
1530,1956
1530,2819
1531,2539
1532,1992
1533,2819
1534,1992
1535,3138
1536,2539
1536,3138
1537,1674
1537,2819
1538,1992
1538,3138
1539,2479
1540,1574
1540,1741
1540,1956
1541,1992
1541,2539
1541,2819
1541,3138
1542,2819
1543,1674
1543,2819
1544,1992
1544,2539
1545,1992
1546,2819
1546,3138
1547,1674
1547,2819
1547,3138
1548,3138
1549,1645
1550,2539
1550,3138
1551,1556
1551,1561
1551,1597
1551,1599
1551,1621
1551,1631
1551,1636
1551,1638
1551,1639
1551,1640
1551,1679
1551,1694
1551,1696
1551,1716
1551,1726
1551,1727
1551,1736
1551,1741
1551,1843
1551,1844
1551,1851
1551,1858
1551,1878
1551,1901
1551,1986
1551,1989
1551,1992
1551,1997
1551,1998
1551,1999
1551,2006
1551,2010
1551,2022
1551,2027
1551,2030
1551,2039
1551,2042
1551,2043
1551,2046
1551,2054
1551,2055
1551,2065
1551,2070
1551,2081
1551,2082
1551,2111
1551,2270
1551,2288
1551,2309
1551,2327
1551,2328
1551,2330
1551,2333
1551,2335
1551,2340
1551,2379
1551,2392
1551,2398
1551,2425
1551,2426
1551,2535
1551,2536
1551,2544
1551,2551
1551,2564
1551,2579
1551,2600
1551,2608
1551,2651
1551,2660
1551,2663
1551,2664
1551,2666
1551,2673
1551,2678
1551,2689
1551,2690
1551,2697
1551,2709
1551,2722
1551,2742
1551,2744
1551,2747
1551,2767
1551,2772
1551,2781
1551,2787
1551,2816
1551,2958
1551,2964
1551,2977
1551,2985
1551,3003
1551,3004
1551,3016
1551,3024
1551,3037
1551,3039
1551,3099
1551,3101
1551,3138
1551,3144
1551,3152
1551,3153
1551,3156
1551,3158
1551,3168
1551,3176
1551,3178
1551,3190
1551,3206
1551,3211
1551,3222
1551,3223
1551,3234
1551,3236
1551,3237
1551,3242
1551,3248
1551,3250
1551,3252
1551,3253
1551,3254
1551,3255
1551,3295
1551,3336
1551,3348
1551,3368
1551,3453
1551,3454
1551,3456
1551,3462
1551,3468
1551,3470
1552,1992
1552,2539
1553,1556
1553,1561
1553,1597
1553,1599
1553,1621
1553,1631
1553,1636
1553,1639
1553,1640
1553,1679
1553,1693
1553,1694
1553,1696
1553,1716
1553,1727
1553,1729
1553,1736
1553,1741
1553,1839
1553,1843
1553,1844
1553,1851
1553,1858
1553,1859
1553,1862
1553,1878
1553,1881
1553,1893
1553,1901
1553,1986
1553,1989
1553,1997
1553,1999
1553,2006
1553,2010
1553,2018
1553,2022
1553,2027
1553,2033
1553,2034
1553,2039
1553,2042
1553,2043
1553,2046
1553,2054
1553,2055
1553,2064
1553,2065
1553,2068
1553,2070
1553,2071
1553,2081
1553,2082
1553,2111
1553,2260
1553,2270
1553,2309
1553,2327
1553,2328
1553,2330
1553,2333
1553,2340
1553,2345
1553,2379
1553,2380
1553,2392
1553,2397
1553,2398
1553,2425
1553,2426
1553,2535
1553,2536
1553,2543
1553,2544
1553,2551
1553,2562
1553,2564
1553,2565
1553,2580
1553,2600
1553,2608
1553,2640
1553,2648
1553,2651
1553,2660
1553,2664
1553,2666
1553,2673
1553,2678
1553,2689
1553,2690
1553,2692
1553,2697
1553,2709
1553,2744
1553,2747
1553,2767
1553,2772
1553,2781
1553,2787
1553,2807
1553,2939
1553,2958
1553,2977
1553,2996
1553,3004
1553,3012
1553,3016
1553,3024
1553,3037
1553,3039
1553,3099
1553,3101
1553,3114
1553,3138
1553,3144
1553,3152
1553,3153
1553,3156
1553,3158
1553,3166
1553,3168
1553,3169
1553,3176
1553,3178
1553,3190
1553,3206
1553,3222
1553,3223
1553,3234
1553,3236
1553,3237
1553,3242
1553,3248
1553,3252
1553,3253
1553,3254
1553,3255
1553,3257
1553,3295
1553,3336
1553,3348
1553,3353
1553,3454
1553,3456
1553,3468
1554,2539
1554,2819
1554,3138
1555,1563
1555,1716
1555,1813
1555,1845
1555,1877
1555,1932
1555,1934
1555,2289
1555,2377
1555,2408
1555,2529
1555,2533
1555,2819
1555,2856
1555,2996
1555,3122
1555,3233
1556,1561
1556,1597
1556,1599
1556,1621
1556,1636
1556,1638
1556,1639
1556,1640
1556,1679
1556,1693
1556,1694
1556,1696
1556,1716
1556,1726
1556,1727
1556,1729
1556,1736
1556,1741
1556,1843
1556,1844
1556,1851
1556,1858
1556,1859
1556,1862
1556,1878
1556,1881
1556,1893
1556,1901
1556,1905
1556,1989
1556,1997
1556,1998
1556,1999
1556,2006
1556,2010
1556,2018
1556,2022
1556,2027
1556,2030
1556,2033
1556,2034
1556,2042
1556,2043
1556,2054
1556,2055
1556,2064
1556,2065
1556,2070
1556,2071
1556,2082
1556,2111
1556,2260
1556,2270
1556,2288
1556,2309
1556,2327
1556,2328
1556,2330
1556,2333
1556,2335
1556,2340
1556,2345
1556,2379
1556,2380
1556,2397
1556,2398
1556,2425
1556,2535
1556,2536
1556,2543
1556,2544
1556,2551
1556,2562
1556,2564
1556,2565
1556,2579
1556,2580
1556,2600
1556,2640
1556,2648
1556,2651
1556,2660
1556,2663
1556,2664
1556,2673
1556,2678
1556,2689
1556,2690
1556,2692
1556,2709
1556,2722
1556,2742
1556,2744
1556,2747
1556,2767
1556,2772
1556,2781
1556,2787
1556,2807
1556,2816
1556,2939
1556,2958
1556,2964
1556,2977
1556,2985
1556,2996
1556,3012
1556,3016
1556,3024
1556,3037
1556,3039
1556,3099
1556,3101
1556,3114
1556,3138
1556,3152
1556,3153
1556,3156
1556,3158
1556,3166
1556,3168
1556,3169
1556,3176
1556,3178
1556,3190
1556,3206
1556,3211
1556,3222
1556,3223
1556,3234
1556,3236
1556,3237
1556,3242
1556,3248
1556,3250
1556,3253
1556,3254
1556,3255
1556,3257
1556,3336
1556,3348
1556,3368
1556,3453
1556,3454
1556,3456
1556,3468
1556,3470
1557,1855
1557,1967
1557,1992
1557,1997
1557,2080
1557,2147
1557,2158
1557,2185
1557,2323
1557,2362
1557,2378
1557,2392
1557,2539
1557,2809
1557,2819
1557,2874
1557,2879
1557,2952
1557,3078
1557,3091
1557,3167
1557,3304
1557,3371
1557,3473
1558,2079
1558,2249
1558,2679
1558,2953
1558,3077
1558,3138
1558,3259
1558,3412
1559,2539
1560,2819
1561,1597
1561,1599
1561,1621
1561,1631
1561,1636
1561,1638
1561,1639
1561,1640
1561,1653
1561,1679
1561,1689
1561,1693
1561,1694
1561,1696
1561,1698
1561,1716
1561,1726
1561,1727
1561,1729
1561,1736
1561,1741
1561,1743
1561,1839
1561,1843
1561,1844
1561,1845
1561,1851
1561,1853
1561,1857
1561,1858
1561,1859
1561,1862
1561,1878
1561,1890
1561,1893
1561,1901
1561,1905
1561,1986
1561,1989
1561,1997
1561,1998
1561,1999
1561,2002
1561,2006
1561,2010
1561,2011
1561,2017
1561,2018
1561,2022
1561,2027
1561,2030
1561,2033
1561,2034
1561,2039
1561,2040
1561,2042
1561,2043
1561,2046
1561,2054
1561,2055
1561,2063
1561,2064
1561,2065
1561,2068
1561,2070
1561,2071
1561,2080
1561,2081
1561,2082
1561,2111
1561,2115
1561,2121
1561,2227
1561,2228
1561,2231
1561,2239
1561,2260
1561,2270
1561,2288
1561,2309
1561,2317
1561,2327
1561,2330
1561,2333
1561,2335
1561,2340
1561,2345
1561,2379
1561,2380
1561,2392
1561,2397
1561,2398
1561,2425
1561,2426
1561,2458
1561,2468
1561,2529
1561,2532
1561,2536
1561,2543
1561,2544
1561,2551
1561,2552
1561,2558
1561,2562
1561,2564
1561,2565
1561,2579
1561,2580
1561,2600
1561,2608
1561,2610
1561,2621
1561,2638
1561,2640
1561,2648
1561,2651
1561,2660
1561,2663
1561,2664
1561,2666
1561,2667
1561,2673
1561,2678
1561,2689
1561,2690
1561,2692
1561,2697
1561,2706
1561,2709
1561,2715
1561,2722
1561,2740
1561,2742
1561,2744
1561,2747
1561,2767
1561,2772
1561,2781
1561,2787
1561,2801
1561,2807
1561,2816
1561,2819
1561,2939
1561,2952
1561,2953
1561,2958
1561,2964
1561,2977
1561,2985
1561,2996
1561,3003
1561,3004
1561,3012
1561,3016
1561,3024
1561,3037
1561,3039
1561,3099
1561,3101
1561,3114
1561,3115
1561,3138
1561,3140
1561,3144
1561,3152
1561,3153
1561,3156
1561,3158
1561,3166
1561,3167
1561,3168
1561,3169
1561,3172
1561,3176
1561,3178
1561,3190
1561,3206
1561,3209
1561,3211
1561,3222
1561,3223
1561,3225
1561,3234
1561,3236
1561,3237
1561,3240
1561,3242
1561,3247
1561,3248
1561,3250
1561,3252
1561,3253
1561,3254
1561,3255
1561,3257
1561,3295
1561,3299
1561,3336
1561,3342
1561,3348
1561,3353
1561,3356
1561,3369
1561,3371
1561,3376
1561,3377
1561,3453
1561,3454
1561,3456
1561,3462
1561,3466
1561,3468
1561,3470
1562,1563
1562,1803
1562,1845
1562,1934
1562,1940
1562,1942
1562,1943
1562,1947
1562,1949
1562,1976
1562,2034
1562,2039
1562,2080
1562,2408
1562,2458
1562,2529
1562,2539
1562,2996
1562,3039
1562,3138
1562,3224
1562,3368
1562,3374
1562,3468
1563,1608
1563,1645
1563,1673
1563,1716
1563,1758
1563,1781
1563,1803
1563,1813
1563,1845
1563,1853
1563,1877
1563,1906
1563,1927
1563,1932
1563,1934
1563,1940
1563,1942
1563,1943
1563,1947
1563,1949
1563,1976
1563,2242
1563,2289
1563,2317
1563,2343
1563,2348
1563,2377
1563,2408
1563,2453
1563,2458
1563,2480
1563,2529
1563,2533
1563,2539
1563,2593
1563,2669
1563,2726
1563,2769
1563,2819
1563,2840
1563,2856
1563,2931
1563,2996
1563,3039
1563,3077
1563,3122
1563,3138
1563,3230
1563,3233
1563,3280
1563,3297
1563,3357
1563,3383
1563,3386
1563,3411
1563,3450
1563,3457
1563,3474
1564,2819
1565,3138
1566,2479
1566,3138
1567,3138
1568,1992
1568,2479
1568,3138
1569,2539
1569,3138
1570,2479
1571,2819
1572,2819
1573,1574
1573,1591
1573,1622
1573,1741
1573,1760
1573,1895
1573,1905
1573,1941
1573,1956
1573,2010
1573,2060
1573,2219
1573,2695
1573,2757
1573,2937
1573,2996
1573,3173
1573,3174
1573,3387
1573,3450
1574,1591
1574,1634
1574,1732
1574,1855
1574,1870
1574,1888
1574,1941
1574,1945
1574,1956
1574,1985
1574,2010
1574,2044
1574,2048
1574,2090
1574,2219
1574,2247
1574,2275
1574,2307
1574,2313
1574,2404
1574,2407
1574,2412
1574,2454
1574,2503
1574,2607
1574,2653
1574,2673
1574,2695
1574,2708
1574,2710
1574,2841
1574,3021
1574,3082
1574,3083
1574,3103
1574,3135
1574,3161
1574,3223
1574,3231
1574,3261
1574,3360
1574,3393
1574,3470
1574,3473
1575,2479
1575,3138
1576,2539
1577,3138
1578,3138
1579,3138
1580,1992
1580,2539
1580,2819
1581,3138
1582,2539
1582,3138
1583,3138
1584,2539
1584,3138
1585,3138
1586,3138
1587,2819
1587,3138
1588,2539
1589,3138
1590,3138
1591,1621
1591,1622
1591,1741
1591,1855
1591,1895
1591,1905
1591,1941
1591,1956
1591,2010
1591,2039
1591,2044
1591,2048
1591,2060
1591,2062
1591,2092
1591,2219
1591,2247
1591,2249
1591,2275
1591,2317
1591,2454
1591,2539
1591,2607
1591,2673
1591,2695
1591,2708
1591,2710
1591,2757
1591,2773
1591,2841
1591,2937
1591,2996
1591,3021
1591,3082
1591,3103
1591,3174
1591,3243
1591,3360
1591,3387
1591,3393
1591,3450
1591,3473
1592,3138
1593,3138
1595,3138
1596,3138
1597,1599
1597,1621
1597,1631
1597,1636
1597,1639
1597,1640
1597,1679
1597,1693
1597,1694
1597,1696
1597,1716
1597,1727
1597,1729
1597,1736
1597,1741
1597,1839
1597,1843
1597,1844
1597,1851
1597,1858
1597,1859
1597,1862
1597,1878
1597,1901
1597,1905
1597,1986
1597,1989
1597,1997
1597,1998
1597,2006
1597,2010
1597,2022
1597,2027
1597,2033
1597,2039
1597,2042
1597,2046
1597,2054
1597,2064
1597,2065
1597,2070
1597,2071
1597,2081
1597,2082
1597,2111
1597,2260
1597,2270
1597,2288
1597,2309
1597,2327
1597,2328
1597,2330
1597,2333
1597,2345
1597,2392
1597,2397
1597,2425
1597,2426
1597,2535
1597,2536
1597,2543
1597,2544
1597,2562
1597,2564
1597,2565
1597,2580
1597,2600
1597,2608
1597,2640
1597,2651
1597,2660
1597,2663
1597,2664
1597,2666
1597,2673
1597,2678
1597,2689
1597,2690
1597,2692
1597,2697
1597,2709
1597,2722
1597,2747
1597,2767
1597,2781
1597,2787
1597,2807
1597,2816
1597,2958
1597,2964
1597,2985
1597,2996
1597,3003
1597,3004
1597,3012
1597,3016
1597,3037
1597,3039
1597,3099
1597,3101
1597,3114
1597,3138
1597,3152
1597,3153
1597,3158
1597,3166
1597,3168
1597,3169
1597,3176
1597,3178
1597,3206
1597,3211
1597,3222
1597,3223
1597,3234
1597,3236
1597,3237
1597,3242
1597,3248
1597,3250
1597,3252
1597,3253
1597,3254
1597,3257
1597,3295
1597,3348
1597,3353
1597,3368
1597,3454
1597,3462
1597,3468
1597,3470
1598,3138
1599,1621
1599,1631
1599,1636
1599,1638
1599,1639
1599,1640
1599,1679
1599,1693
1599,1694
1599,1696
1599,1716
1599,1726
1599,1727
1599,1729
1599,1736
1599,1839
1599,1843
1599,1844
1599,1851
1599,1858
1599,1859
1599,1862
1599,1878
1599,1881
1599,1893
1599,1901
1599,1905
1599,1986
1599,1989
1599,1997
1599,1999
1599,2006
1599,2010
1599,2018
1599,2022
1599,2027
1599,2030
1599,2033
1599,2034
1599,2039
1599,2042
1599,2043
1599,2046
1599,2054
1599,2055
1599,2064
1599,2065
1599,2068
1599,2070
1599,2071
1599,2081
1599,2082
1599,2111
1599,2260
1599,2270
1599,2288
1599,2309
1599,2327
1599,2330
1599,2333
1599,2335
1599,2340
1599,2345
1599,2379
1599,2380
1599,2392
1599,2397
1599,2398
1599,2425
1599,2426
1599,2535
1599,2543
1599,2544
1599,2551
1599,2562
1599,2565
1599,2579
1599,2580
1599,2600
1599,2640
1599,2648
1599,2651
1599,2660
1599,2663
1599,2664
1599,2666
1599,2673
1599,2678
1599,2689
1599,2690
1599,2692
1599,2697
1599,2709
1599,2722
1599,2742
1599,2744
1599,2747
1599,2767
1599,2772
1599,2781
1599,2787
1599,2807
1599,2816
1599,2939
1599,2958
1599,2964
1599,2977
1599,2985
1599,2996
1599,3003
1599,3004
1599,3012
1599,3016
1599,3024
1599,3037
1599,3039
1599,3099
1599,3101
1599,3114
1599,3138
1599,3144
1599,3152
1599,3153
1599,3156
1599,3158
1599,3166
1599,3168
1599,3169
1599,3176
1599,3178
1599,3190
1599,3206
1599,3211
1599,3222
1599,3223
1599,3234
1599,3236
1599,3237
1599,3242
1599,3248
1599,3250
1599,3252
1599,3253
1599,3254
1599,3255
1599,3257
1599,3295
1599,3336
1599,3348
1599,3353
1599,3368
1599,3453
1599,3454
1599,3456
1599,3462
1599,3470
1600,3138
1601,3138
1602,3138
1603,3138
1604,1992
1604,2539
1605,1674
1605,2819
1606,3138
1607,1993
1607,2079
1607,2825
1607,3233
1607,3358
1608,1993
1608,1997
1608,2039
1608,2079
1608,2533
1608,2539
1608,2669
1608,2825
1608,3074
1608,3233
1608,3358
1609,2539
1609,3138
1610,1993
1610,2539
1611,1674
1611,2819
1612,2539
1612,3138
1613,2819
1614,1829
1614,1856
1614,2385
1614,2539
1614,2557
1614,2857
1614,3202
1615,1992
1615,2539
1616,1992
1616,2539
1617,3138
1618,1992
1618,2539
1618,3138
1619,3138
1620,3138
1621,1631
1621,1636
1621,1638
1621,1639
1621,1640
1621,1679
1621,1693
1621,1696
1621,1716
1621,1726
1621,1727
1621,1729
1621,1736
1621,1741
1621,1839
1621,1843
1621,1844
1621,1858
1621,1859
1621,1862
1621,1870
1621,1878
1621,1881
1621,1888
1621,1893
1621,1901
1621,1905
1621,1986
1621,1989
1621,1993
1621,1997
1621,1998
1621,1999
1621,2006
1621,2010
1621,2018
1621,2022
1621,2027
1621,2030
1621,2033
1621,2034
1621,2039
1621,2042
1621,2043
1621,2044
1621,2046
1621,2048
1621,2054
1621,2055
1621,2062
1621,2064
1621,2065
1621,2068
1621,2070
1621,2071
1621,2081
1621,2082
1621,2092
1621,2111
1621,2219
1621,2249
1621,2260
1621,2270
1621,2275
1621,2288
1621,2307
1621,2309
1621,2317
1621,2327
1621,2328
1621,2330
1621,2333
1621,2335
1621,2340
1621,2345
1621,2379
1621,2380
1621,2392
1621,2397
1621,2398
1621,2425
1621,2426
1621,2503
1621,2535
1621,2536
1621,2539
1621,2543
1621,2544
1621,2551
1621,2562
1621,2564
1621,2565
1621,2579
1621,2580
1621,2600
1621,2607
1621,2608
1621,2640
1621,2648
1621,2651
1621,2660
1621,2663
1621,2664
1621,2666
1621,2673
1621,2675
1621,2678
1621,2689
1621,2690
1621,2695
1621,2697
1621,2709
1621,2710
1621,2722
1621,2742
1621,2744
1621,2757
1621,2767
1621,2772
1621,2773
1621,2781
1621,2787
1621,2807
1621,2816
1621,2939
1621,2958
1621,2964
1621,2977
1621,2985
1621,2996
1621,3003
1621,3004
1621,3012
1621,3016
1621,3021
1621,3024
1621,3037
1621,3039
1621,3082
1621,3083
1621,3099
1621,3101
1621,3103
1621,3114
1621,3138
1621,3144
1621,3152
1621,3153
1621,3156
1621,3158
1621,3166
1621,3168
1621,3169
1621,3176
1621,3178
1621,3190
1621,3206
1621,3222
1621,3223
1621,3234
1621,3236
1621,3237
1621,3242
1621,3248
1621,3250
1621,3253
1621,3254
1621,3255
1621,3257
1621,3295
1621,3336
1621,3348
1621,3353
1621,3368
1621,3393
1621,3453
1621,3454
1621,3456
1621,3462
1621,3468
1621,3470
1622,1838
1622,1870
1622,1876
1622,1895
1622,1905
1622,1956
1622,1983
1622,1992
1622,2010
1622,2044
1622,2060
1622,2076
1622,2091
1622,2219
1622,2225
1622,2226
1622,2247
1622,2307
1622,2313
1622,2648
1622,2675
1622,2694
1622,2757
1622,2781
1622,2953
1622,2996
1622,3021
1622,3083
1622,3161
1622,3223
1622,3233
1622,3360
1622,3376
1622,3455
1622,3470
1623,3138
1624,1992
1624,2539
1625,1993
1625,2539
1625,3138
1626,3138
1627,3138
1628,2539
1628,2819
1629,2539
1629,2819
1630,3138
1631,1636
1631,1638
1631,1639
1631,1640
1631,1679
1631,1693
1631,1694
1631,1696
1631,1716
1631,1726
1631,1727
1631,1729
1631,1736
1631,1741
1631,1839
1631,1843
1631,1844
1631,1851
1631,1862
1631,1878
1631,1893
1631,1901
1631,1905
1631,1986
1631,1989
1631,1997
1631,1998
1631,2006
1631,2010
1631,2018
1631,2022
1631,2027
1631,2030
1631,2033
1631,2039
1631,2042
1631,2043
1631,2046
1631,2054
1631,2055
1631,2064
1631,2068
1631,2070
1631,2071
1631,2081
1631,2082
1631,2111
1631,2260
1631,2270
1631,2288
1631,2309
1631,2327
1631,2330
1631,2333
1631,2340
1631,2345
1631,2379
1631,2380
1631,2392
1631,2397
1631,2398
1631,2425
1631,2426
1631,2535
1631,2536
1631,2543
1631,2544
1631,2551
1631,2564
1631,2565
1631,2580
1631,2600
1631,2608
1631,2640
1631,2648
1631,2660
1631,2663
1631,2664
1631,2666
1631,2673
1631,2678
1631,2690
1631,2697
1631,2709
1631,2722
1631,2744
1631,2747
1631,2767
1631,2772
1631,2781
1631,2807
1631,2816
1631,2939
1631,2958
1631,2964
1631,2985
1631,2996
1631,3004
1631,3012
1631,3016
1631,3024
1631,3039
1631,3099
1631,3101
1631,3114
1631,3138
1631,3144
1631,3153
1631,3156
1631,3158
1631,3166
1631,3168
1631,3169
1631,3176
1631,3178
1631,3190
1631,3211
1631,3222
1631,3223
1631,3234
1631,3236
1631,3237
1631,3242
1631,3248
1631,3252
1631,3253
1631,3255
1631,3336
1631,3348
1631,3353
1631,3368
1631,3453
1631,3454
1631,3456
1631,3462
1631,3468
1632,3138
1633,3138
1634,1741
1634,1992
1634,3138
1635,1992
1636,1638
1636,1640
1636,1679
1636,1693
1636,1694
1636,1696
1636,1716
1636,1726
1636,1727
1636,1741
1636,1839
1636,1843
1636,1844
1636,1851
1636,1859
1636,1862
1636,1878
1636,1893
1636,1905
1636,1986
1636,1989
1636,1997
1636,1998
1636,2006
1636,2010
1636,2018
1636,2027
1636,2033
1636,2034
1636,2039
1636,2042
1636,2043
1636,2054
1636,2055
1636,2064
1636,2065
1636,2068
1636,2070
1636,2071
1636,2081
1636,2082
1636,2111
1636,2260
1636,2309
1636,2327
1636,2328
1636,2330
1636,2333
1636,2335
1636,2345
1636,2379
1636,2380
1636,2392
1636,2397
1636,2398
1636,2425
1636,2426
1636,2535
1636,2536
1636,2543
1636,2544
1636,2551
1636,2562
1636,2564
1636,2565
1636,2579
1636,2580
1636,2600
1636,2608
1636,2640
1636,2648
1636,2651
1636,2660
1636,2663
1636,2673
1636,2678
1636,2689
1636,2690
1636,2692
1636,2697
1636,2709
1636,2722
1636,2742
1636,2744
1636,2767
1636,2772
1636,2787
1636,2807
1636,2939
1636,2977
1636,2985
1636,2996
1636,3004
1636,3016
1636,3037
1636,3039
1636,3101
1636,3114
1636,3138
1636,3144
1636,3153
1636,3156
1636,3158
1636,3166
1636,3168
1636,3169
1636,3176
1636,3178
1636,3206
1636,3211
1636,3222
1636,3234
1636,3237
1636,3242
1636,3250
1636,3253
1636,3254
1636,3255
1636,3257
1636,3295
1636,3336
1636,3348
1636,3353
1636,3368
1636,3453
1636,3454
1636,3456
1636,3462
1636,3468
1636,3470
1637,1674
1638,1639
1638,1640
1638,1694
1638,1696
1638,1716
1638,1726
1638,1727
1638,1729
1638,1736
1638,1741
1638,1843
1638,1844
1638,1851
1638,1858
1638,1862
1638,1878
1638,1881
1638,1893
1638,1905
1638,1986
1638,1989
1638,1998
1638,1999
1638,2006
1638,2010
1638,2018
1638,2022
1638,2027
1638,2030
1638,2033
1638,2034
1638,2042
1638,2043
1638,2046
1638,2054
1638,2055
1638,2064
1638,2070
1638,2081
1638,2082
1638,2111
1638,2260
1638,2270
1638,2288
1638,2309
1638,2327
1638,2328
1638,2330
1638,2333
1638,2335
1638,2345
1638,2379
1638,2380
1638,2392
1638,2398
1638,2425
1638,2426
1638,2535
1638,2536
1638,2543
1638,2544
1638,2551
1638,2564
1638,2565
1638,2579
1638,2580
1638,2600
1638,2608
1638,2640
1638,2648
1638,2651
1638,2660
1638,2663
1638,2664
1638,2666
1638,2673
1638,2689
1638,2690
1638,2697
1638,2709
1638,2722
1638,2742
1638,2744
1638,2747
1638,2767
1638,2781
1638,2807
1638,2816
1638,2958
1638,2977
1638,2985
1638,2996
1638,3004
1638,3012
1638,3016
1638,3024
1638,3037
1638,3039
1638,3099
1638,3114
1638,3138
1638,3144
1638,3158
1638,3166
1638,3168
1638,3169
1638,3176
1638,3178
1638,3190
1638,3206
1638,3222
1638,3223
1638,3234
1638,3236
1638,3237
1638,3248
1638,3252
1638,3253
1638,3255
1638,3257
1638,3295
1638,3348
1638,3353
1638,3368
1638,3453
1638,3454
1638,3456
1638,3470
1639,1679
1639,1693
1639,1694
1639,1696
1639,1716
1639,1726
1639,1727
1639,1729
1639,1736
1639,1741
1639,1839
1639,1851
1639,1858
1639,1859
1639,1862
1639,1878
1639,1893
1639,1901
1639,1905
1639,1986
1639,1989
1639,1998
1639,1999
1639,2006
1639,2010
1639,2018
1639,2022
1639,2033
1639,2039
1639,2054
1639,2055
1639,2064
1639,2065
1639,2068
1639,2070
1639,2071
1639,2081
1639,2082
1639,2111
1639,2270
1639,2288
1639,2309
1639,2327
1639,2328
1639,2330
1639,2333
1639,2335
1639,2340
1639,2345
1639,2379
1639,2392
1639,2397
1639,2398
1639,2425
1639,2535
1639,2536
1639,2543
1639,2544
1639,2551
1639,2562
1639,2564
1639,2565
1639,2579
1639,2580
1639,2608
1639,2640
1639,2648
1639,2651
1639,2660
1639,2663
1639,2664
1639,2666
1639,2673
1639,2678
1639,2689
1639,2690
1639,2697
1639,2709
1639,2742
1639,2744
1639,2772
1639,2781
1639,2787
1639,2807
1639,2816
1639,2939
1639,2958
1639,2964
1639,2977
1639,2985
1639,2996
1639,3003
1639,3012
1639,3016
1639,3037
1639,3039
1639,3099
1639,3101
1639,3114
1639,3138
1639,3152
1639,3153
1639,3156
1639,3158
1639,3166
1639,3168
1639,3169
1639,3176
1639,3178
1639,3190
1639,3206
1639,3222
1639,3223
1639,3234
1639,3236
1639,3237
1639,3242
1639,3253
1639,3254
1639,3255
1639,3257
1639,3295
1639,3348
1639,3368
1639,3453
1639,3454
1639,3456
1639,3462
1639,3468
1639,3470
1640,1679
1640,1689
1640,1693
1640,1694
1640,1696
1640,1698
1640,1726
1640,1727
1640,1729
1640,1736
1640,1741
1640,1743
1640,1839
1640,1843
1640,1844
1640,1845
1640,1851
1640,1853
1640,1857
1640,1858
1640,1859
1640,1862
1640,1878
1640,1881
1640,1890
1640,1893
1640,1901
1640,1905
1640,1989
1640,1998
1640,1999
1640,2002
1640,2006
1640,2010
1640,2011
1640,2017
1640,2018
1640,2022
1640,2027
1640,2030
1640,2033
1640,2034
1640,2039
1640,2040
1640,2042
1640,2043
1640,2046
1640,2054
1640,2055
1640,2065
1640,2068
1640,2070
1640,2071
1640,2080
1640,2081
1640,2082
1640,2115
1640,2227
1640,2228
1640,2231
1640,2239
1640,2260
1640,2270
1640,2288
1640,2317
1640,2327
1640,2328
1640,2330
1640,2333
1640,2335
1640,2340
1640,2345
1640,2379
1640,2380
1640,2392
1640,2397
1640,2398
1640,2425
1640,2426
1640,2529
1640,2535
1640,2536
1640,2543
1640,2544
1640,2551
1640,2552
1640,2558
1640,2562
1640,2564
1640,2579
1640,2580
1640,2600
1640,2608
1640,2610
1640,2621
1640,2638
1640,2640
1640,2648
1640,2651
1640,2660
1640,2663
1640,2664
1640,2666
1640,2667
1640,2673
1640,2678
1640,2689
1640,2692
1640,2697
1640,2706
1640,2709
1640,2722
1640,2740
1640,2742
1640,2744
1640,2747
1640,2767
1640,2772
1640,2787
1640,2801
1640,2807
1640,2816
1640,2819
1640,2939
1640,2958
1640,2964
1640,2977
1640,2985
1640,2996
1640,3003
1640,3004
1640,3016
1640,3024
1640,3037
1640,3039
1640,3099
1640,3101
1640,3114
1640,3115
1640,3138
1640,3140
1640,3144
1640,3152
1640,3153
1640,3156
1640,3158
1640,3166
1640,3168
1640,3172
1640,3176
1640,3178
1640,3190
1640,3206
1640,3211
1640,3222
1640,3223
1640,3225
1640,3234
1640,3236
1640,3237
1640,3240
1640,3247
1640,3248
1640,3250
1640,3252
1640,3253
1640,3254
1640,3255
1640,3257
1640,3295
1640,3299
1640,3336
1640,3342
1640,3348
1640,3353
1640,3356
1640,3368
1640,3369
1640,3371
1640,3377
1640,3453
1640,3456
1640,3462
1640,3466
1640,3468
1640,3470
1642,2479
1643,2819
1643,3138
1644,1992
1644,2819
1644,3138
1645,1646
1645,1651
1645,1662
1645,1666
1645,1686
1645,1723
1645,1750
1645,1779
1645,1780
1645,1853
1645,1906
1645,1934
1645,2003
1645,2039
1645,2062
1645,2079
1645,2139
1645,2167
1645,2171
1645,2172
1645,2181
1645,2187
1645,2217
1645,2243
1645,2323
1645,2325
1645,2386
1645,2450
1645,2486
1645,2494
1645,2496
1645,2502
1645,2509
1645,2514
1645,2529
1645,2539
1645,2558
1645,2570
1645,2626
1645,2638
1645,2694
1645,2743
1645,2802
1645,2819
1645,2833
1645,2873
1645,2874
1645,2879
1645,2889
1645,2910
1645,2928
1645,2952
1645,2974
1645,3082
1645,3083
1645,3091
1645,3138
1645,3196
1645,3224
1645,3225
1645,3256
1645,3316
1645,3371
1645,3404
1645,3414
1645,3468
1645,3490
1647,2819
1647,3138
1648,2539
1648,2819
1649,3138
1650,3138
1651,2819
1651,3138
1652,2819
1653,1906
1653,2122
1653,2130
1653,2139
1653,2249
1653,2290
1653,2470
1653,2533
1653,2547
1653,2649
1653,2650
1653,2679
1653,2715
1653,2819
1653,2900
1653,2952
1653,2953
1653,3114
1653,3138
1653,3167
1653,3370
1653,3371
1654,2819
1654,3138
1655,3138
1656,1992
1656,2819
1656,3138
1657,1724
1657,2122
1657,2129
1657,2139
1657,2516
1657,2539
1657,3088
1657,3138
1658,3138
1659,3138
1660,1992
1660,2539
1661,2819
1661,3138
1662,1992
1662,3138
1663,3138
1664,2819
1665,1674
1665,1992
1665,2539
1665,2819
1666,1786
1666,1855
1666,1906
1666,1992
1666,2144
1666,2147
1666,2158
1666,2362
1666,2638
1666,2802
1666,2819
1666,2874
1666,2879
1666,3138
1666,3167
1666,3370
1667,1993
1667,2819
1669,3138
1670,2819
1671,3138
1672,3138
1673,1821
1673,1853
1673,1997
1673,2039
1673,2359
1673,2533
1673,3074
1673,3077
1673,3280
1673,3383
1674,1677
1674,1694
1674,1739
1674,1740
1674,1754
1674,1761
1674,1770
1674,1808
1674,1811
1674,1821
1674,1851
1674,1856
1674,1868
1674,1875
1674,1880
1674,1892
1674,1929
1674,1989
1674,2034
1674,2076
1674,2086
1674,2099
1674,2107
1674,2161
1674,2164
1674,2165
1674,2166
1674,2168
1674,2174
1674,2177
1674,2178
1674,2229
1674,2256
1674,2361
1674,2370
1674,2381
1674,2451
1674,2453
1674,2465
1674,2478
1674,2479
1674,2506
1674,2522
1674,2551
1674,2557
1674,2565
1674,2604
1674,2622
1674,2636
1674,2701
1674,2727
1674,2752
1674,2781
1674,2801
1674,2813
1674,2835
1674,2838
1674,2839
1674,2840
1674,2842
1674,2847
1674,2849
1674,2893
1674,2897
1674,2915
1674,2919
1674,2922
1674,2953
1674,2970
1674,2994
1674,3032
1674,3094
1674,3116
1674,3133
1674,3135
1674,3210
1674,3229
1674,3230
1674,3259
1674,3261
1674,3311
1674,3342
1674,3345
1674,3352
1674,3356
1674,3377
1674,3407
1674,3412
1674,3413
1674,3437
1674,3443
1674,3460
1675,3138
1677,2479
1678,1992
1679,1693
1679,1694
1679,1696
1679,1716
1679,1726
1679,1727
1679,1729
1679,1736
1679,1741
1679,1839
1679,1843
1679,1844
1679,1851
1679,1858
1679,1859
1679,1878
1679,1881
1679,1893
1679,1901
1679,1905
1679,1986
1679,1989
1679,1997
1679,1998
1679,1999
1679,2006
1679,2010
1679,2022
1679,2027
1679,2030
1679,2033
1679,2039
1679,2042
1679,2043
1679,2055
1679,2064
1679,2068
1679,2070
1679,2071
1679,2081
1679,2082
1679,2111
1679,2260
1679,2270
1679,2288
1679,2309
1679,2327
1679,2328
1679,2333
1679,2335
1679,2340
1679,2345
1679,2380
1679,2392
1679,2398
1679,2425
1679,2535
1679,2536
1679,2551
1679,2562
1679,2564
1679,2565
1679,2579
1679,2580
1679,2600
1679,2608
1679,2640
1679,2648
1679,2660
1679,2663
1679,2664
1679,2666
1679,2673
1679,2690
1679,2692
1679,2697
1679,2709
1679,2722
1679,2742
1679,2744
1679,2747
1679,2767
1679,2772
1679,2781
1679,2787
1679,2807
1679,2939
1679,2964
1679,2977
1679,2985
1679,2996
1679,3012
1679,3016
1679,3024
1679,3037
1679,3101
1679,3114
1679,3138
1679,3144
1679,3152
1679,3156
1679,3158
1679,3166
1679,3168
1679,3169
1679,3176
1679,3178
1679,3190
1679,3206
1679,3211
1679,3222
1679,3223
1679,3234
1679,3236
1679,3237
1679,3242
1679,3250
1679,3252
1679,3253
1679,3254
1679,3255
1679,3257
1679,3295
1679,3336
1679,3348
1679,3353
1679,3368
1679,3453
1679,3454
1679,3456
1679,3462
1679,3468
1680,2539
1681,3138
1682,3138
1683,1992
1683,2539
1684,2539
1685,1992
1685,3138
1686,2819
1686,3138
1687,3138
1688,3138
1689,1694
1689,1698
1689,1743
1689,1845
1689,1853
1689,1857
1689,1890
1689,2002
1689,2011
1689,2017
1689,2027
1689,2039
1689,2040
1689,2080
1689,2081
1689,2082
1689,2115
1689,2227
1689,2228
1689,2231
1689,2238
1689,2239
1689,2317
1689,2529
1689,2552
1689,2558
1689,2610
1689,2621
1689,2638
1689,2667
1689,2706
1689,2740
1689,2801
1689,2819
1689,2996
1689,3039
1689,3115
1689,3138
1689,3140
1689,3166
1689,3172
1689,3176
1689,3225
1689,3240
1689,3247
1689,3299
1689,3342
1689,3356
1689,3369
1689,3371
1689,3377
1689,3466
1689,3468
1690,2539
1691,2479
1691,2539
1692,2819
1692,3138
1693,1694
1693,1696
1693,1716
1693,1727
1693,1736
1693,1741
1693,1839
1693,1843
1693,1844
1693,1851
1693,1858
1693,1859
1693,1862
1693,1878
1693,1881
1693,1893
1693,1901
1693,1905
1693,1986
1693,1989
1693,1998
1693,1999
1693,2006
1693,2010
1693,2022
1693,2027
1693,2030
1693,2033
1693,2034
1693,2039
1693,2042
1693,2054
1693,2064
1693,2065
1693,2068
1693,2070
1693,2071
1693,2081
1693,2082
1693,2111
1693,2260
1693,2270
1693,2309
1693,2327
1693,2328
1693,2330
1693,2333
1693,2335
1693,2345
1693,2379
1693,2380
1693,2392
1693,2397
1693,2398
1693,2425
1693,2426
1693,2535
1693,2536
1693,2562
1693,2564
1693,2565
1693,2580
1693,2608
1693,2640
1693,2648
1693,2651
1693,2663
1693,2664
1693,2673
1693,2689
1693,2690
1693,2692
1693,2697
1693,2709
1693,2722
1693,2742
1693,2744
1693,2767
1693,2772
1693,2781
1693,2787
1693,2807
1693,2816
1693,2939
1693,2964
1693,2977
1693,2985
1693,2996
1693,3003
1693,3012
1693,3016
1693,3037
1693,3039
1693,3099
1693,3101
1693,3114
1693,3138
1693,3144
1693,3153
1693,3156
1693,3158
1693,3166
1693,3168
1693,3176
1693,3190
1693,3206
1693,3211
1693,3222
1693,3223
1693,3234
1693,3236
1693,3237
1693,3248
1693,3250
1693,3252
1693,3253
1693,3254
1693,3255
1693,3257
1693,3348
1693,3368
1693,3453
1693,3456
1693,3462
1693,3468
1694,1696
1694,1698
1694,1726
1694,1727
1694,1729
1694,1736
1694,1741
1694,1743
1694,1839
1694,1843
1694,1844
1694,1845
1694,1851
1694,1853
1694,1857
1694,1858
1694,1859
1694,1862
1694,1878
1694,1881
1694,1890
1694,1893
1694,1901
1694,1905
1694,1986
1694,1989
1694,1997
1694,1998
1694,1999
1694,2002
1694,2006
1694,2010
1694,2011
1694,2017
1694,2018
1694,2022
1694,2027
1694,2030
1694,2033
1694,2034
1694,2039
1694,2040
1694,2042
1694,2043
1694,2046
1694,2054
1694,2055
1694,2064
1694,2065
1694,2068
1694,2070
1694,2071
1694,2080
1694,2081
1694,2082
1694,2111
1694,2115
1694,2227
1694,2228
1694,2231
1694,2239
1694,2270
1694,2288
1694,2317
1694,2327
1694,2328
1694,2330
1694,2333
1694,2335
1694,2340
1694,2345
1694,2379
1694,2380
1694,2392
1694,2397
1694,2398
1694,2425
1694,2426
1694,2529
1694,2535
1694,2536
1694,2543
1694,2544
1694,2551
1694,2552
1694,2558
1694,2562
1694,2564
1694,2565
1694,2580
1694,2600
1694,2608
1694,2610
1694,2621
1694,2638
1694,2640
1694,2648
1694,2651
1694,2660
1694,2663
1694,2664
1694,2666
1694,2667
1694,2678
1694,2689
1694,2690
1694,2692
1694,2697
1694,2706
1694,2709
1694,2722
1694,2740
1694,2742
1694,2744
1694,2747
1694,2767
1694,2772
1694,2781
1694,2787
1694,2801
1694,2807
1694,2816
1694,2819
1694,2939
1694,2958
1694,2964
1694,2977
1694,2985
1694,2996
1694,3003
1694,3004
1694,3012
1694,3016
1694,3024
1694,3039
1694,3099
1694,3101
1694,3114
1694,3115
1694,3138
1694,3140
1694,3144
1694,3152
1694,3153
1694,3156
1694,3158
1694,3166
1694,3168
1694,3169
1694,3172
1694,3176
1694,3190
1694,3206
1694,3211
1694,3222
1694,3223
1694,3225
1694,3234
1694,3236
1694,3237
1694,3240
1694,3242
1694,3247
1694,3248
1694,3250
1694,3252
1694,3253
1694,3254
1694,3255
1694,3257
1694,3295
1694,3299
1694,3336
1694,3342
1694,3348
1694,3353
1694,3356
1694,3368
1694,3369
1694,3371
1694,3377
1694,3453
1694,3454
1694,3456
1694,3462
1694,3466
1694,3468
1694,3470
1695,3138
1696,1716
1696,1726
1696,1727
1696,1729
1696,1741
1696,1839
1696,1843
1696,1844
1696,1851
1696,1858
1696,1859
1696,1862
1696,1878
1696,1893
1696,1901
1696,1905
1696,1986
1696,1989
1696,1998
1696,1999
1696,2006
1696,2010
1696,2018
1696,2022
1696,2027
1696,2030
1696,2033
1696,2034
1696,2039
1696,2043
1696,2054
1696,2064
1696,2065
1696,2070
1696,2081
1696,2082
1696,2111
1696,2260
1696,2288
1696,2309
1696,2328
1696,2330
1696,2333
1696,2335
1696,2340
1696,2345
1696,2379
1696,2380
1696,2392
1696,2397
1696,2398
1696,2425
1696,2426
1696,2535
1696,2536
1696,2543
1696,2544
1696,2551
1696,2564
1696,2565
1696,2579
1696,2580
1696,2600
1696,2608
1696,2640
1696,2648
1696,2651
1696,2660
1696,2663
1696,2666
1696,2673
1696,2678
1696,2689
1696,2690
1696,2697
1696,2709
1696,2722
1696,2742
1696,2747
1696,2767
1696,2772
1696,2787
1696,2807
1696,2816
1696,2939
1696,2958
1696,2964
1696,2977
1696,2985
1696,2996
1696,3004
1696,3012
1696,3016
1696,3024
1696,3037
1696,3039
1696,3101
1696,3114
1696,3138
1696,3144
1696,3152
1696,3153
1696,3156
1696,3166
1696,3169
1696,3176
1696,3178
1696,3190
1696,3206
1696,3211
1696,3222
1696,3223
1696,3234
1696,3236
1696,3237
1696,3250
1696,3252
1696,3253
1696,3254
1696,3257
1696,3336
1696,3348
1696,3353
1696,3368
1696,3456
1696,3462
1696,3468
1696,3470
1697,3138
1698,1743
1698,1845
1698,1853
1698,1857
1698,1890
1698,2002
1698,2011
1698,2017
1698,2027
1698,2039
1698,2040
1698,2080
1698,2081
1698,2082
1698,2115
1698,2227
1698,2228
1698,2231
1698,2238
1698,2239
1698,2317
1698,2529
1698,2552
1698,2558
1698,2610
1698,2621
1698,2638
1698,2667
1698,2706
1698,2740
1698,2801
1698,2819
1698,2996
1698,3039
1698,3115
1698,3138
1698,3140
1698,3166
1698,3172
1698,3176
1698,3225
1698,3240
1698,3247
1698,3299
1698,3342
1698,3356
1698,3369
1698,3371
1698,3377
1698,3466
1698,3468
1699,1992
1700,3138
1701,3138
1703,1992
1704,1993
1705,1993
1705,2539
1705,2819
1705,3138
1706,1992
1707,1992
1707,2539
1707,3138
1708,2539
1709,2539
1711,2539
1712,3138
1714,3138
1715,2479
1716,1726
1716,1727
1716,1729
1716,1736
1716,1741
1716,1813
1716,1839
1716,1843
1716,1844
1716,1845
1716,1858
1716,1859
1716,1862
1716,1877
1716,1878
1716,1881
1716,1893
1716,1901
1716,1905
1716,1932
1716,1934
1716,1986
1716,1989
1716,1997
1716,1998
1716,2006
1716,2018
1716,2022
1716,2027
1716,2030
1716,2033
1716,2034
1716,2039
1716,2042
1716,2043
1716,2046
1716,2054
1716,2055
1716,2064
1716,2065
1716,2068
1716,2070
1716,2071
1716,2081
1716,2111
1716,2260
1716,2270
1716,2288
1716,2289
1716,2309
1716,2327
1716,2328
1716,2330
1716,2333
1716,2335
1716,2340
1716,2345
1716,2377
1716,2378
1716,2379
1716,2380
1716,2392
1716,2397
1716,2398
1716,2408
1716,2425
1716,2426
1716,2529
1716,2533
1716,2535
1716,2536
1716,2539
1716,2543
1716,2544
1716,2551
1716,2562
1716,2564
1716,2565
1716,2579
1716,2580
1716,2600
1716,2608
1716,2640
1716,2648
1716,2651
1716,2660
1716,2663
1716,2664
1716,2666
1716,2673
1716,2678
1716,2689
1716,2690
1716,2709
1716,2722
1716,2742
1716,2744
1716,2747
1716,2770
1716,2772
1716,2781
1716,2787
1716,2807
1716,2809
1716,2816
1716,2819
1716,2856
1716,2939
1716,2950
1716,2958
1716,2964
1716,2977
1716,2985
1716,2996
1716,3003
1716,3004
1716,3016
1716,3024
1716,3037
1716,3039
1716,3099
1716,3101
1716,3114
1716,3122
1716,3138
1716,3144
1716,3152
1716,3153
1716,3156
1716,3158
1716,3166
1716,3167
1716,3168
1716,3169
1716,3176
1716,3178
1716,3190
1716,3206
1716,3211
1716,3222
1716,3223
1716,3233
1716,3234
1716,3236
1716,3237
1716,3248
1716,3250
1716,3252
1716,3253
1716,3255
1716,3257
1716,3295
1716,3336
1716,3348
1716,3353
1716,3368
1716,3371
1716,3387
1716,3453
1716,3454
1716,3456
1716,3462
1716,3470
1717,3138
1718,1997
1718,2378
1718,2392
1718,2539
1718,2769
1718,2809
1718,2882
1718,3167
1718,3371
1718,3468
1719,2539
1720,3138
1721,1993
1721,2539
1722,3138
1724,1906
1724,1992
1724,2010
1724,2121
1724,2122
1724,2129
1724,2130
1724,2458
1724,2514
1724,2539
1724,2668
1724,2679
1724,2819
1724,2900
1724,2952
1724,3088
1724,3114
1724,3167
1724,3370
1725,3138
1726,1727
1726,1736
1726,1741
1726,1839
1726,1843
1726,1844
1726,1851
1726,1858
1726,1878
1726,1881
1726,1893
1726,1986
1726,1989
1726,1997
1726,1998
1726,1999
1726,2006
1726,2010
1726,2022
1726,2027
1726,2030
1726,2033
1726,2034
1726,2039
1726,2043
1726,2046
1726,2055
1726,2065
1726,2068
1726,2070
1726,2071
1726,2081
1726,2111
1726,2260
1726,2270
1726,2288
1726,2309
1726,2327
1726,2328
1726,2330
1726,2333
1726,2335
1726,2340
1726,2345
1726,2380
1726,2392
1726,2398
1726,2425
1726,2426
1726,2535
1726,2536
1726,2543
1726,2551
1726,2562
1726,2564
1726,2565
1726,2579
1726,2580
1726,2600
1726,2608
1726,2640
1726,2648
1726,2651
1726,2660
1726,2663
1726,2664
1726,2666
1726,2678
1726,2689
1726,2692
1726,2697
1726,2709
1726,2722
1726,2747
1726,2767
1726,2781
1726,2787
1726,2807
1726,2816
1726,2939
1726,2958
1726,2985
1726,2996
1726,3003
1726,3004
1726,3024
1726,3037
1726,3039
1726,3114
1726,3138
1726,3144
1726,3152
1726,3153
1726,3156
1726,3168
1726,3169
1726,3176
1726,3178
1726,3190
1726,3206
1726,3211
1726,3223
1726,3236
1726,3237
1726,3242
1726,3248
1726,3250
1726,3252
1726,3253
1726,3254
1726,3255
1726,3257
1726,3295
1726,3336
1726,3348
1726,3368
1726,3454
1726,3456
1726,3462
1726,3468
1726,3470
1727,1729
1727,1736
1727,1741
1727,1839
1727,1843
1727,1844
1727,1851
1727,1858
1727,1862
1727,1878
1727,1881
1727,1893
1727,1901
1727,1905
1727,1986
1727,1989
1727,1997
1727,1998
1727,1999
1727,2006
1727,2010
1727,2018
1727,2022
1727,2027
1727,2030
1727,2033
1727,2034
1727,2042
1727,2043
1727,2054
1727,2055
1727,2064
1727,2065
1727,2068
1727,2070
1727,2071
1727,2081
1727,2082
1727,2260
1727,2270
1727,2288
1727,2327
1727,2328
1727,2330
1727,2333
1727,2335
1727,2340
1727,2345
1727,2379
1727,2392
1727,2397
1727,2398
1727,2425
1727,2426
1727,2535
1727,2536
1727,2543
1727,2544
1727,2551
1727,2562
1727,2564
1727,2565
1727,2579
1727,2580
1727,2600
1727,2640
1727,2648
1727,2660
1727,2663
1727,2664
1727,2666
1727,2673
1727,2689
1727,2690
1727,2692
1727,2697
1727,2709
1727,2722
1727,2742
1727,2744
1727,2747
1727,2767
1727,2772
1727,2781
1727,2787
1727,2807
1727,2816
1727,2939
1727,2958
1727,2964
1727,2977
1727,2985
1727,2996
1727,3003
1727,3004
1727,3012
1727,3024
1727,3037
1727,3039
1727,3099
1727,3101
1727,3114
1727,3138
1727,3144
1727,3152
1727,3153
1727,3156
1727,3158
1727,3168
1727,3176
1727,3178
1727,3190
1727,3206
1727,3211
1727,3223
1727,3234
1727,3236
1727,3237
1727,3242
1727,3248
1727,3252
1727,3253
1727,3254
1727,3255
1727,3257
1727,3336
1727,3348
1727,3368
1727,3453
1727,3454
1727,3456
1727,3462
1727,3470
1728,3138
1729,1736
1729,1741
1729,1843
1729,1844
1729,1851
1729,1858
1729,1859
1729,1862
1729,1878
1729,1881
1729,1901
1729,1905
1729,1986
1729,1997
1729,1999
1729,2006
1729,2010
1729,2018
1729,2022
1729,2027
1729,2033
1729,2034
1729,2039
1729,2042
1729,2043
1729,2046
1729,2054
1729,2055
1729,2064
1729,2065
1729,2068
1729,2071
1729,2081
1729,2082
1729,2111
1729,2260
1729,2270
1729,2288
1729,2309
1729,2327
1729,2328
1729,2330
1729,2333
1729,2335
1729,2340
1729,2345
1729,2379
1729,2380
1729,2392
1729,2397
1729,2425
1729,2426
1729,2535
1729,2536
1729,2543
1729,2544
1729,2551
1729,2562
1729,2564
1729,2565
1729,2579
1729,2580
1729,2600
1729,2608
1729,2640
1729,2651
1729,2660
1729,2664
1729,2666
1729,2673
1729,2692
1729,2697
1729,2709
1729,2722
1729,2742
1729,2744
1729,2747
1729,2767
1729,2772
1729,2781
1729,2787
1729,2807
1729,2816
1729,2939
1729,2958
1729,2964
1729,2977
1729,2985
1729,3003
1729,3004
1729,3024
1729,3037
1729,3099
1729,3101
1729,3138
1729,3144
1729,3152
1729,3153
1729,3156
1729,3166
1729,3169
1729,3176
1729,3178
1729,3206
1729,3222
1729,3223
1729,3234
1729,3237
1729,3242
1729,3248
1729,3250
1729,3252
1729,3253
1729,3254
1729,3255
1729,3336
1729,3368
1729,3453
1729,3454
1729,3456
1729,3462
1729,3468
1730,2479
1730,3138
1731,1856
1731,2232
1731,2249
1731,2385
1731,2539
1731,2557
1731,2679
1731,2801
1732,1905
1732,1956
1732,2044
1732,2219
1732,2607
1732,2695
1733,3138
1734,2539
1735,1992
1736,1741
1736,1839
1736,1843
1736,1844
1736,1851
1736,1858
1736,1859
1736,1862
1736,1878
1736,1881
1736,1893
1736,1901
1736,1905
1736,1986
1736,1989
1736,1997
1736,1998
1736,1999
1736,2006
1736,2010
1736,2018
1736,2022
1736,2027
1736,2030
1736,2033
1736,2039
1736,2042
1736,2043
1736,2046
1736,2055
1736,2064
1736,2065
1736,2068
1736,2070
1736,2071
1736,2081
1736,2082
1736,2111
1736,2260
1736,2270
1736,2288
1736,2309
1736,2327
1736,2328
1736,2330
1736,2333
1736,2340
1736,2345
1736,2392
1736,2398
1736,2425
1736,2426
1736,2535
1736,2536
1736,2543
1736,2544
1736,2562
1736,2564
1736,2565
1736,2579
1736,2580
1736,2600
1736,2608
1736,2640
1736,2648
1736,2651
1736,2660
1736,2663
1736,2664
1736,2666
1736,2673
1736,2678
1736,2689
1736,2690
1736,2692
1736,2697
1736,2709
1736,2722
1736,2747
1736,2767
1736,2772
1736,2781
1736,2807
1736,2816
1736,2819
1736,2939
1736,2958
1736,2964
1736,2985
1736,2996
1736,3003
1736,3004
1736,3012
1736,3016
1736,3024
1736,3037
1736,3039
1736,3099
1736,3101
1736,3114
1736,3138
1736,3144
1736,3153
1736,3156
1736,3166
1736,3168
1736,3169
1736,3176
1736,3178
1736,3190
1736,3206
1736,3211
1736,3222
1736,3223
1736,3236
1736,3237
1736,3242
1736,3248
1736,3250
1736,3252
1736,3253
1736,3254
1736,3255
1736,3257
1736,3295
1736,3336
1736,3348
1736,3353
1736,3368
1736,3453
1736,3454
1736,3456
1736,3462
1736,3468
1737,3138
1738,2819
1739,2819
1740,2819
1741,1760
1741,1839
1741,1843
1741,1844
1741,1851
1741,1858
1741,1859
1741,1862
1741,1878
1741,1881
1741,1893
1741,1895
1741,1901
1741,1905
1741,1945
1741,1956
1741,1986
1741,1989
1741,1997
1741,1998
1741,1999
1741,2006
1741,2010
1741,2018
1741,2022
1741,2027
1741,2030
1741,2033
1741,2034
1741,2039
1741,2042
1741,2043
1741,2044
1741,2046
1741,2047
1741,2054
1741,2055
1741,2063
1741,2064
1741,2065
1741,2068
1741,2070
1741,2071
1741,2081
1741,2082
1741,2090
1741,2111
1741,2219
1741,2260
1741,2270
1741,2288
1741,2309
1741,2327
1741,2328
1741,2330
1741,2333
1741,2335
1741,2340
1741,2345
1741,2379
1741,2380
1741,2392
1741,2397
1741,2398
1741,2425
1741,2426
1741,2535
1741,2536
1741,2543
1741,2544
1741,2551
1741,2562
1741,2564
1741,2565
1741,2579
1741,2580
1741,2600
1741,2608
1741,2640
1741,2648
1741,2651
1741,2660
1741,2663
1741,2664
1741,2666
1741,2673
1741,2678
1741,2689
1741,2690
1741,2692
1741,2694
1741,2695
1741,2709
1741,2722
1741,2742
1741,2744
1741,2747
1741,2767
1741,2772
1741,2781
1741,2787
1741,2807
1741,2816
1741,2841
1741,2937
1741,2939
1741,2958
1741,2964
1741,2977
1741,2985
1741,2996
1741,3003
1741,3004
1741,3012
1741,3016
1741,3021
1741,3024
1741,3037
1741,3039
1741,3099
1741,3101
1741,3114
1741,3135
1741,3138
1741,3144
1741,3152
1741,3153
1741,3156
1741,3158
1741,3166
1741,3168
1741,3169
1741,3173
1741,3174
1741,3178
1741,3190
1741,3206
1741,3211
1741,3222
1741,3223
1741,3231
1741,3234
1741,3236
1741,3237
1741,3242
1741,3248
1741,3250
1741,3252
1741,3253
1741,3254
1741,3255
1741,3257
1741,3295
1741,3336
1741,3348
1741,3353
1741,3368
1741,3453
1741,3454
1741,3456
1741,3462
1741,3468
1741,3470
1742,2539
1743,1845
1743,1853
1743,1857
1743,1890
1743,2002
1743,2011
1743,2017
1743,2027
1743,2039
1743,2040
1743,2080
1743,2081
1743,2082
1743,2115
1743,2227
1743,2228
1743,2231
1743,2238
1743,2239
1743,2317
1743,2529
1743,2552
1743,2558
1743,2610
1743,2621
1743,2638
1743,2667
1743,2706
1743,2740
1743,2801
1743,2819
1743,2996
1743,3039
1743,3115
1743,3138
1743,3140
1743,3166
1743,3172
1743,3176
1743,3225
1743,3240
1743,3247
1743,3299
1743,3342
1743,3356
1743,3369
1743,3371
1743,3377
1743,3466
1743,3468
1744,2370
1744,3077
1745,1992
1745,2539
1746,2010
1746,2659
1747,3138
1748,2370
1748,2557
1748,3225
1749,3138
1750,3138
1751,1992
1752,1992
1752,2819
1752,3138
1753,1992
1754,2479
1754,2539
1754,2819
1754,3138
1755,3138
1756,3121
1757,1992
1757,2539
1758,1829
1758,1845
1758,1877
1758,1906
1758,1932
1758,1934
1758,2079
1758,2232
1758,2249
1758,2289
1758,2343
1758,2348
1758,2377
1758,2385
1758,2453
1758,2533
1758,2593
1758,2650
1758,2801
1758,2931
1758,3122
1758,3138
1758,3202
1758,3233
1758,3386
1758,3399
1759,2479
1760,1905
1760,1941
1760,2010
1760,2044
1760,2539
1760,2841
1760,2996
1760,3138
1760,3173
1760,3360
1760,3387
1761,3138
1762,2539
1763,2819
1765,3138
1766,2819
1767,1993
1768,3138
1769,1992
1769,3138
1770,2539
1770,2819
1771,2539
1771,2819
1771,3138
1772,3138
1773,3138
1774,1992
1774,2539
1774,3138
1775,1992
1776,1993
1776,2539
1777,3138
1778,2539
1779,2514
1780,1992
1780,2539
1780,2819
1780,3138
1781,1845
1781,1877
1781,1906
1781,1932
1781,1934
1781,2289
1781,2348
1781,2377
1781,2453
1781,2533
1781,2593
1781,2931
1781,3122
1781,3138
1781,3233
1781,3386
1782,1992
1782,2819
1782,3138
1783,1992
1783,2539
1783,3138
1784,1992
1784,2539
1784,2819
1785,2079
1785,2232
1785,2249
1785,2679
1785,3202
1785,3363
1785,3371
1786,1906
1786,2080
1786,2144
1786,2158
1786,2539
1786,2819
1786,2871
1786,2874
1786,2879
1786,3138
1786,3370
1786,3379
1787,1992
1788,1992
1789,1993
1790,3138
1791,2819
1792,1992
1792,3138
1793,2539
1794,3138
1795,2539
1795,2819
1795,3138
1797,1905
1797,2010
1797,2819
1798,3138
1799,2539
1799,2819
1800,3138
1801,3138
1802,2819
1802,3138
1803,1845
1803,1934
1803,1940
1803,1942
1803,1943
1803,1947
1803,1949
1803,1976
1803,2034
1803,2039
1803,2080
1803,2408
1803,2458
1803,2529
1803,2996
1803,3039
1803,3138
1803,3224
1803,3368
1803,3374
1803,3468
1804,3138
1805,1992
1805,3138
1806,2539
1807,1934
1807,2514
1807,3088
1807,3138
1809,2539
1809,3138
1810,1855
1810,1906
1810,2158
1810,2185
1810,2362
1810,2390
1810,2539
1810,2879
1810,3138
1811,2819
1812,1993
1813,1845
1813,1877
1813,1932
1813,1934
1813,1992
1813,2289
1813,2348
1813,2377
1813,2408
1813,2529
1813,2533
1813,2819
1813,2840
1813,2848
1813,2856
1813,2931
1813,2996
1813,3122
1813,3138
1813,3233
1813,3374
1814,1992
1814,2539
1814,3138
1815,2539
1815,2819
1816,1993
1816,2539
1817,3138
1818,1992
1819,1992
1819,2539
1820,1992
1820,2819
1820,3138
1821,1997
1821,2039
1821,2539
1821,2669
1821,3138
1821,3280
1822,2479
1822,3138
1823,2539
1824,2539
1824,2819
1824,3138
1825,1993
1825,2539
1825,2819
1825,3138
1826,1992
1826,2539
1826,2819
1826,3138
1827,1992
1827,2539
1827,3138
1828,3138
1829,1854
1829,1855
1829,1856
1829,2232
1829,2247
1829,2249
1829,2290
1829,2323
1829,2539
1829,2557
1829,2801
1829,2819
1829,2953
1829,3167
1829,3371
1830,2290
1830,2819
1831,3138
1832,2539
1833,1992
1834,1992
1834,2539
1835,2539
1836,3138
1837,3138
1838,1905
1838,1956
1838,2010
1838,2044
1838,3138
1839,1843
1839,1844
1839,1851
1839,1859
1839,1878
1839,1893
1839,1905
1839,1986
1839,1989
1839,1997
1839,1998
1839,1999
1839,2006
1839,2010
1839,2018
1839,2022
1839,2027
1839,2030
1839,2033
1839,2034
1839,2039
1839,2042
1839,2043
1839,2046
1839,2054
1839,2055
1839,2064
1839,2065
1839,2070
1839,2081
1839,2082
1839,2111
1839,2260
1839,2309
1839,2327
1839,2328
1839,2330
1839,2333
1839,2335
1839,2379
1839,2380
1839,2392
1839,2397
1839,2425
1839,2535
1839,2536
1839,2543
1839,2551
1839,2562
1839,2564
1839,2565
1839,2580
1839,2600
1839,2608
1839,2640
1839,2648
1839,2651
1839,2660
1839,2664
1839,2666
1839,2673
1839,2689
1839,2690
1839,2692
1839,2697
1839,2709
1839,2722
1839,2742
1839,2744
1839,2747
1839,2767
1839,2772
1839,2781
1839,2807
1839,2816
1839,2939
1839,2958
1839,2977
1839,2985
1839,2996
1839,3003
1839,3004
1839,3037
1839,3101
1839,3114
1839,3138
1839,3144
1839,3152
1839,3153
1839,3156
1839,3158
1839,3166
1839,3168
1839,3169
1839,3176
1839,3178
1839,3190
1839,3206
1839,3211
1839,3222
1839,3223
1839,3234
1839,3236
1839,3237
1839,3250
1839,3252
1839,3253
1839,3255
1839,3257
1839,3295
1839,3336
1839,3348
1839,3353
1839,3368
1839,3456
1839,3462
1839,3468
1839,3470
1840,2479
1840,2819
1841,2819
1841,3138
1842,1992
1842,2819
1842,3138
1843,1844
1843,1851
1843,1858
1843,1859
1843,1862
1843,1878
1843,1881
1843,1893
1843,1905
1843,1986
1843,1989
1843,1998
1843,2006
1843,2010
1843,2018
1843,2022
1843,2027
1843,2030
1843,2033
1843,2039
1843,2042
1843,2044
1843,2046
1843,2054
1843,2055
1843,2064
1843,2065
1843,2068
1843,2070
1843,2071
1843,2081
1843,2082
1843,2111
1843,2219
1843,2260
1843,2288
1843,2309
1843,2327
1843,2328
1843,2330
1843,2333
1843,2335
1843,2340
1843,2345
1843,2379
1843,2380
1843,2392
1843,2397
1843,2398
1843,2425
1843,2426
1843,2535
1843,2536
1843,2543
1843,2544
1843,2551
1843,2564
1843,2579
1843,2580
1843,2608
1843,2640
1843,2648
1843,2651
1843,2660
1843,2663
1843,2664
1843,2666
1843,2673
1843,2678
1843,2689
1843,2690
1843,2692
1843,2695
1843,2697
1843,2709
1843,2742
1843,2744
1843,2767
1843,2772
1843,2787
1843,2807
1843,2819
1843,2939
1843,2977
1843,2985
1843,2996
1843,3003
1843,3004
1843,3016
1843,3024
1843,3037
1843,3099
1843,3101
1843,3138
1843,3153
1843,3156
1843,3158
1843,3168
1843,3169
1843,3176
1843,3178
1843,3190
1843,3211
1843,3222
1843,3223
1843,3236
1843,3242
1843,3248
1843,3252
1843,3255
1843,3257
1843,3295
1843,3336
1843,3348
1843,3353
1843,3368
1843,3454
1843,3456
1843,3462
1843,3468
1843,3470
1844,1851
1844,1858
1844,1859
1844,1862
1844,1878
1844,1881
1844,1893
1844,1901
1844,1905
1844,1986
1844,1989
1844,1992
1844,1997
1844,1998
1844,1999
1844,2006
1844,2010
1844,2018
1844,2022
1844,2030
1844,2033
1844,2039
1844,2042
1844,2043
1844,2046
1844,2054
1844,2055
1844,2064
1844,2065
1844,2068
1844,2070
1844,2071
1844,2081
1844,2082
1844,2111
1844,2260
1844,2270
1844,2288
1844,2309
1844,2327
1844,2328
1844,2330
1844,2333
1844,2335
1844,2340
1844,2345
1844,2379
1844,2380
1844,2392
1844,2397
1844,2398
1844,2425
1844,2426
1844,2535
1844,2536
1844,2539
1844,2543
1844,2544
1844,2562
1844,2564
1844,2565
1844,2579
1844,2640
1844,2648
1844,2651
1844,2660
1844,2663
1844,2664
1844,2666
1844,2673
1844,2689
1844,2690
1844,2692
1844,2697
1844,2709
1844,2722
1844,2742
1844,2744
1844,2747
1844,2767
1844,2772
1844,2781
1844,2787
1844,2807
1844,2816
1844,2939
1844,2958
1844,2964
1844,2977
1844,2996
1844,3003
1844,3004
1844,3012
1844,3016
1844,3024
1844,3037
1844,3039
1844,3099
1844,3101
1844,3138
1844,3144
1844,3152
1844,3153
1844,3156
1844,3158
1844,3166
1844,3168
1844,3169
1844,3176
1844,3178
1844,3190
1844,3206
1844,3211
1844,3222
1844,3223
1844,3234
1844,3236
1844,3237
1844,3242
1844,3248
1844,3250
1844,3252
1844,3254
1844,3257
1844,3295
1844,3336
1844,3348
1844,3353
1844,3368
1844,3453
1844,3454
1844,3456
1844,3468
1844,3470
1845,1853
1845,1857
1845,1877
1845,1890
1845,1906
1845,1932
1845,1934
1845,1940
1845,1942
1845,1943
1845,1947
1845,1949
1845,1976
1845,1992
1845,2002
1845,2011
1845,2017
1845,2027
1845,2034
1845,2039
1845,2040
1845,2080
1845,2081
1845,2082
1845,2115
1845,2227
1845,2231
1845,2238
1845,2239
1845,2242
1845,2289
1845,2317
1845,2348
1845,2377
1845,2408
1845,2453
1845,2458
1845,2480
1845,2529
1845,2533
1845,2552
1845,2558
1845,2593
1845,2610
1845,2621
1845,2638
1845,2667
1845,2706
1845,2726
1845,2740
1845,2769
1845,2801
1845,2819
1845,2840
1845,2856
1845,2931
1845,2996
1845,3039
1845,3115
1845,3122
1845,3138
1845,3140
1845,3166
1845,3172
1845,3176
1845,3224
1845,3225
1845,3230
1845,3233
1845,3240
1845,3247
1845,3297
1845,3299
1845,3342
1845,3356
1845,3357
1845,3368
1845,3369
1845,3371
1845,3374
1845,3377
1845,3386
1845,3411
1845,3450
1845,3466
1846,3138
1847,2479
1847,2539
1848,1992
1849,2479
1850,1927
1850,1934
1850,2039
1850,2343
1850,2359
1850,2539
1850,2669
1850,3077
1850,3088
1850,3383
1850,3474
1851,1858
1851,1859
1851,1862
1851,1878
1851,1881
1851,1893
1851,1905
1851,1986
1851,1989
1851,1992
1851,1997
1851,1998
1851,1999
1851,2018
1851,2022
1851,2027
1851,2030
1851,2033
1851,2034
1851,2039
1851,2042
1851,2043
1851,2046
1851,2054
1851,2055
1851,2064
1851,2065
1851,2068
1851,2070
1851,2071
1851,2081
1851,2082
1851,2111
1851,2260
1851,2270
1851,2288
1851,2309
1851,2327
1851,2328
1851,2330
1851,2333
1851,2335
1851,2340
1851,2345
1851,2379
1851,2392
1851,2397
1851,2398
1851,2425
1851,2426
1851,2535
1851,2536
1851,2543
1851,2544
1851,2551
1851,2562
1851,2564
1851,2565
1851,2579
1851,2580
1851,2600
1851,2608
1851,2640
1851,2648
1851,2651
1851,2660
1851,2663
1851,2664
1851,2666
1851,2673
1851,2678
1851,2689
1851,2690
1851,2692
1851,2697
1851,2709
1851,2722
1851,2742
1851,2744
1851,2747
1851,2767
1851,2772
1851,2781
1851,2787
1851,2807
1851,2816
1851,2819
1851,2939
1851,2958
1851,2977
1851,2985
1851,2996
1851,3003
1851,3004
1851,3012
1851,3016
1851,3024
1851,3037
1851,3039
1851,3099
1851,3101
1851,3114
1851,3138
1851,3144
1851,3152
1851,3153
1851,3158
1851,3166
1851,3168
1851,3169
1851,3176
1851,3178
1851,3190
1851,3206
1851,3211
1851,3222
1851,3223
1851,3234
1851,3236
1851,3237
1851,3242
1851,3248
1851,3250
1851,3252
1851,3253
1851,3254
1851,3255
1851,3257
1851,3295
1851,3336
1851,3348
1851,3353
1851,3453
1851,3454
1851,3456
1851,3462
1851,3468
1851,3470
1852,2539
1853,1857
1853,1890
1853,1997
1853,2002
1853,2011
1853,2017
1853,2027
1853,2039
1853,2040
1853,2080
1853,2081
1853,2082
1853,2115
1853,2227
1853,2228
1853,2231
1853,2238
1853,2239
1853,2317
1853,2359
1853,2378
1853,2392
1853,2437
1853,2529
1853,2533
1853,2539
1853,2552
1853,2558
1853,2610
1853,2621
1853,2622
1853,2638
1853,2667
1853,2669
1853,2706
1853,2740
1853,2769
1853,2801
1853,2819
1853,2882
1853,2996
1853,3039
1853,3074
1853,3077
1853,3078
1853,3115
1853,3138
1853,3140
1853,3166
1853,3167
1853,3172
1853,3176
1853,3225
1853,3240
1853,3247
1853,3299
1853,3304
1853,3342
1853,3356
1853,3369
1853,3371
1853,3377
1853,3457
1853,3466
1853,3468
1854,2232
1854,2385
1854,2819
1854,2857
1854,3167
1854,3202
1855,1905
1855,1906
1855,1934
1855,1956
1855,1992
1855,2010
1855,2039
1855,2044
1855,2048
1855,2062
1855,2079
1855,2080
1855,2092
1855,2144
1855,2147
1855,2158
1855,2219
1855,2232
1855,2249
1855,2275
1855,2362
1855,2385
1855,2454
1855,2503
1855,2539
1855,2607
1855,2638
1855,2673
1855,2679
1855,2708
1855,2710
1855,2773
1855,2819
1855,2879
1855,2952
1855,2953
1855,3021
1855,3082
1855,3103
1855,3167
1855,3393
1855,3452
1855,3473
1856,1877
1856,2079
1856,2234
1856,2249
1856,2323
1856,2324
1856,2539
1856,2679
1856,2801
1856,2904
1857,1890
1857,2002
1857,2011
1857,2017
1857,2027
1857,2039
1857,2040
1857,2080
1857,2081
1857,2082
1857,2115
1857,2227
1857,2228
1857,2231
1857,2238
1857,2239
1857,2317
1857,2529
1857,2539
1857,2552
1857,2558
1857,2610
1857,2621
1857,2638
1857,2667
1857,2706
1857,2740
1857,2801
1857,2819
1857,2996
1857,3039
1857,3115
1857,3138
1857,3140
1857,3166
1857,3172
1857,3176
1857,3225
1857,3240
1857,3247
1857,3299
1857,3342
1857,3356
1857,3369
1857,3371
1857,3377
1857,3466
1857,3468
1858,1859
1858,1878
1858,1881
1858,1901
1858,1905
1858,1986
1858,1989
1858,1997
1858,1998
1858,2006
1858,2010
1858,2018
1858,2022
1858,2027
1858,2030
1858,2034
1858,2039
1858,2042
1858,2043
1858,2046
1858,2054
1858,2055
1858,2064
1858,2065
1858,2068
1858,2070
1858,2071
1858,2081
1858,2082
1858,2111
1858,2260
1858,2270
1858,2288
1858,2309
1858,2327
1858,2328
1858,2330
1858,2333
1858,2335
1858,2340
1858,2345
1858,2379
1858,2392
1858,2398
1858,2425
1858,2426
1858,2535
1858,2536
1858,2543
1858,2544
1858,2551
1858,2562
1858,2564
1858,2565
1858,2579
1858,2600
1858,2608
1858,2640
1858,2648
1858,2651
1858,2663
1858,2664
1858,2666
1858,2673
1858,2678
1858,2689
1858,2690
1858,2692
1858,2697
1858,2709
1858,2742
1858,2744
1858,2767
1858,2772
1858,2781
1858,2787
1858,2807
1858,2964
1858,2977
1858,2985
1858,2996
1858,3003
1858,3012
1858,3016
1858,3024
1858,3037
1858,3039
1858,3099
1858,3114
1858,3138
1858,3144
1858,3152
1858,3153
1858,3156
1858,3166
1858,3168
1858,3169
1858,3176
1858,3190
1858,3206
1858,3211
1858,3223
1858,3234
1858,3236
1858,3237
1858,3242
1858,3248
1858,3250
1858,3252
1858,3253
1858,3254
1858,3255
1858,3257
1858,3336
1858,3353
1858,3368
1858,3453
1858,3454
1858,3456
1858,3462
1858,3468
1858,3470
1859,1878
1859,1881
1859,1893
1859,1905
1859,1986
1859,1989
1859,1997
1859,1999
1859,2006
1859,2010
1859,2018
1859,2022
1859,2027
1859,2030
1859,2033
1859,2034
1859,2039
1859,2043
1859,2054
1859,2055
1859,2064
1859,2065
1859,2068
1859,2070
1859,2071
1859,2081
1859,2082
1859,2111
1859,2260
1859,2270
1859,2288
1859,2309
1859,2327
1859,2328
1859,2330
1859,2340
1859,2345
1859,2379
1859,2397
1859,2398
1859,2425
1859,2535
1859,2536
1859,2539
1859,2543
1859,2544
1859,2551
1859,2562
1859,2564
1859,2565
1859,2579
1859,2580
1859,2600
1859,2608
1859,2640
1859,2648
1859,2651
1859,2660
1859,2663
1859,2664
1859,2666
1859,2673
1859,2678
1859,2689
1859,2690
1859,2692
1859,2697
1859,2709
1859,2722
1859,2744
1859,2747
1859,2767
1859,2772
1859,2781
1859,2816
1859,2819
1859,2939
1859,2958
1859,2964
1859,2977
1859,2985
1859,2996
1859,3003
1859,3004
1859,3012
1859,3016
1859,3024
1859,3039
1859,3101
1859,3114
1859,3138
1859,3152
1859,3156
1859,3158
1859,3166
1859,3169
1859,3176
1859,3190
1859,3211
1859,3223
1859,3234
1859,3236
1859,3237
1859,3242
1859,3250
1859,3253
1859,3254
1859,3255
1859,3257
1859,3336
1859,3348
1859,3353
1859,3368
1859,3453
1859,3454
1859,3462
1859,3468
1859,3470
1860,3138
1862,1878
1862,1881
1862,1893
1862,1901
1862,1905
1862,1986
1862,1989
1862,1997
1862,2006
1862,2010
1862,2022
1862,2030
1862,2033
1862,2039
1862,2042
1862,2046
1862,2054
1862,2055
1862,2064
1862,2065
1862,2070
1862,2071
1862,2081
1862,2082
1862,2111
1862,2260
1862,2270
1862,2288
1862,2309
1862,2327
1862,2328
1862,2330
1862,2333
1862,2335
1862,2345
1862,2379
1862,2380
1862,2392
1862,2397
1862,2398
1862,2425
1862,2426
1862,2479
1862,2535
1862,2536
1862,2544
1862,2551
1862,2562
1862,2564
1862,2565
1862,2579
1862,2580
1862,2600
1862,2608
1862,2640
1862,2651
1862,2660
1862,2663
1862,2664
1862,2666
1862,2678
1862,2690
1862,2692
1862,2697
1862,2709
1862,2722
1862,2742
1862,2744
1862,2747
1862,2767
1862,2772
1862,2807
1862,2816
1862,2939
1862,2964
1862,2977
1862,2985
1862,2996
1862,3004
1862,3012
1862,3016
1862,3024
1862,3037
1862,3039
1862,3099
1862,3101
1862,3114
1862,3138
1862,3152
1862,3153
1862,3156
1862,3158
1862,3166
1862,3169
1862,3176
1862,3178
1862,3190
1862,3206
1862,3211
1862,3222
1862,3223
1862,3236
1862,3242
1862,3250
1862,3252
1862,3253
1862,3254
1862,3255
1862,3257
1862,3295
1862,3353
1862,3368
1862,3453
1862,3454
1862,3456
1862,3468
1862,3470
1863,3138
1864,2479
1864,3138
1865,2819
1866,2479
1866,2819
1867,1992
1868,2819
1869,3138
1870,1905
1870,1956
1870,2010
1870,2219
1870,2695
1871,2539
1872,3138
1873,3138
1874,3138
1876,1905
1876,1956
1876,2219
1876,2607
1876,2695
1876,2819
1877,1906
1877,1932
1877,1934
1877,2232
1877,2242
1877,2249
1877,2289
1877,2317
1877,2348
1877,2377
1877,2385
1877,2408
1877,2453
1877,2480
1877,2529
1877,2533
1877,2557
1877,2593
1877,2726
1877,2769
1877,2801
1877,2819
1877,2840
1877,2848
1877,2856
1877,2858
1877,2931
1877,2996
1877,3122
1877,3138
1877,3230
1877,3233
1877,3297
1877,3357
1877,3363
1877,3374
1877,3386
1877,3411
1877,3412
1877,3450
1878,1881
1878,1893
1878,1901
1878,1905
1878,1986
1878,1989
1878,1997
1878,1998
1878,1999
1878,2006
1878,2010
1878,2018
1878,2022
1878,2027
1878,2030
1878,2033
1878,2034
1878,2039
1878,2042
1878,2043
1878,2046
1878,2054
1878,2055
1878,2064
1878,2065
1878,2068
1878,2070
1878,2071
1878,2081
1878,2082
1878,2111
1878,2260
1878,2270
1878,2288
1878,2309
1878,2327
1878,2328
1878,2330
1878,2333
1878,2335
1878,2345
1878,2379
1878,2380
1878,2392
1878,2397
1878,2398
1878,2425
1878,2426
1878,2535
1878,2536
1878,2543
1878,2544
1878,2551
1878,2562
1878,2564
1878,2565
1878,2579
1878,2580
1878,2600
1878,2608
1878,2640
1878,2648
1878,2651
1878,2660
1878,2663
1878,2664
1878,2666
1878,2673
1878,2678
1878,2689
1878,2690
1878,2692
1878,2697
1878,2709
1878,2742
1878,2744
1878,2747
1878,2767
1878,2772
1878,2781
1878,2787
1878,2807
1878,2816
1878,2939
1878,2958
1878,2964
1878,2977
1878,2985
1878,2996
1878,3003
1878,3004
1878,3012
1878,3016
1878,3024
1878,3037
1878,3039
1878,3099
1878,3101
1878,3114
1878,3138
1878,3144
1878,3152
1878,3153
1878,3158
1878,3166
1878,3169
1878,3176
1878,3178
1878,3190
1878,3206
1878,3211
1878,3222
1878,3223
1878,3234
1878,3236
1878,3237
1878,3242
1878,3248
1878,3250
1878,3252
1878,3253
1878,3254
1878,3255
1878,3257
1878,3295
1878,3336
1878,3353
1878,3368
1878,3453
1878,3454
1878,3456
1878,3462
1878,3468
1878,3470
1879,3138
1880,2819
1881,1905
1881,1986
1881,1989
1881,1997
1881,1998
1881,1999
1881,2006
1881,2010
1881,2018
1881,2027
1881,2030
1881,2034
1881,2039
1881,2042
1881,2043
1881,2046
1881,2064
1881,2065
1881,2068
1881,2070
1881,2071
1881,2081
1881,2082
1881,2111
1881,2260
1881,2270
1881,2309
1881,2333
1881,2335
1881,2345
1881,2379
1881,2380
1881,2392
1881,2397
1881,2398
1881,2425
1881,2535
1881,2536
1881,2543
1881,2544
1881,2551
1881,2562
1881,2564
1881,2565
1881,2579
1881,2580
1881,2600
1881,2608
1881,2640
1881,2651
1881,2660
1881,2663
1881,2664
1881,2666
1881,2673
1881,2689
1881,2690
1881,2692
1881,2697
1881,2709
1881,2722
1881,2742
1881,2744
1881,2747
1881,2767
1881,2772
1881,2781
1881,2787
1881,2807
1881,2816
1881,2939
1881,2964
1881,2977
1881,2985
1881,2996
1881,3003
1881,3004
1881,3012
1881,3016
1881,3037
1881,3039
1881,3099
1881,3101
1881,3138
1881,3144
1881,3152
1881,3153
1881,3156
1881,3158
1881,3166
1881,3168
1881,3169
1881,3176
1881,3178
1881,3206
1881,3211
1881,3222
1881,3223
1881,3234
1881,3236
1881,3237
1881,3242
1881,3248
1881,3250
1881,3252
1881,3253
1881,3255
1881,3257
1881,3295
1881,3336
1881,3348
1881,3353
1881,3368
1881,3453
1881,3454
1881,3462
1881,3470
1882,3138
1883,1992
1884,2819
1885,3138
1886,2479
1886,2819
1887,3138
1888,1905
1888,1956
1888,2044
1888,2219
1888,2607
1889,3138
1890,1992
1890,2002
1890,2011
1890,2017
1890,2027
1890,2039
1890,2040
1890,2080
1890,2081
1890,2082
1890,2115
1890,2227
1890,2228
1890,2231
1890,2238
1890,2239
1890,2317
1890,2529
1890,2552
1890,2558
1890,2610
1890,2621
1890,2638
1890,2667
1890,2706
1890,2740
1890,2801
1890,2819
1890,2996
1890,3039
1890,3115
1890,3138
1890,3140
1890,3166
1890,3172
1890,3176
1890,3225
1890,3240
1890,3247
1890,3299
1890,3342
1890,3356
1890,3369
1890,3371
1890,3377
1890,3466
1890,3468
1891,1992
1891,2539
1892,2819
1893,1901
1893,1986
1893,1989
1893,1999
1893,2006
1893,2010
1893,2018
1893,2022
1893,2027
1893,2030
1893,2033
1893,2039
1893,2042
1893,2043
1893,2046
1893,2054
1893,2064
1893,2065
1893,2071
1893,2081
1893,2082
1893,2111
1893,2260
1893,2270
1893,2309
1893,2327
1893,2328
1893,2330
1893,2333
1893,2340
1893,2345
1893,2379
1893,2380
1893,2392
1893,2398
1893,2425
1893,2535
1893,2543
1893,2551
1893,2562
1893,2564
1893,2565
1893,2579
1893,2580
1893,2600
1893,2608
1893,2640
1893,2648
1893,2651
1893,2660
1893,2663
1893,2664
1893,2666
1893,2673
1893,2678
1893,2689
1893,2690
1893,2692
1893,2697
1893,2709
1893,2742
1893,2747
1893,2767
1893,2772
1893,2787
1893,2807
1893,2816
1893,2939
1893,2958
1893,2964
1893,2977
1893,2985
1893,2996
1893,3003
1893,3012
1893,3024
1893,3037
1893,3101
1893,3138
1893,3144
1893,3153
1893,3156
1893,3158
1893,3166
1893,3168
1893,3169
1893,3176
1893,3178
1893,3190
1893,3206
1893,3211
1893,3223
1893,3234
1893,3237
1893,3242
1893,3248
1893,3250
1893,3252
1893,3253
1893,3255
1893,3257
1893,3295
1893,3336
1893,3348
1893,3353
1893,3368
1893,3453
1893,3454
1893,3456
1893,3462
1893,3468
1894,2539
1895,1905
1895,1941
1895,1956
1895,2010
1895,2044
1895,2060
1895,2219
1895,2757
1895,2841
1895,2937
1895,2996
1895,3021
1895,3138
1895,3173
1895,3174
1895,3360
1895,3387
1895,3450
1896,1992
1896,2539
1897,3138
1898,3138
1899,3138
1900,3138
1901,1986
1901,1989
1901,1997
1901,1998
1901,1999
1901,2006
1901,2010
1901,2018
1901,2022
1901,2027
1901,2030
1901,2033
1901,2039
1901,2042
1901,2043
1901,2054
1901,2055
1901,2064
1901,2065
1901,2071
1901,2081
1901,2082
1901,2111
1901,2260
1901,2270
1901,2288
1901,2309
1901,2328
1901,2330
1901,2333
1901,2335
1901,2340
1901,2345
1901,2379
1901,2380
1901,2392
1901,2397
1901,2398
1901,2425
1901,2535
1901,2536
1901,2543
1901,2544
1901,2551
1901,2562
1901,2564
1901,2565
1901,2579
1901,2580
1901,2600
1901,2640
1901,2648
1901,2663
1901,2664
1901,2666
1901,2673
1901,2678
1901,2690
1901,2692
1901,2697
1901,2709
1901,2722
1901,2742
1901,2744
1901,2747
1901,2767
1901,2772
1901,2781
1901,2807
1901,2939
1901,2958
1901,2977
1901,2985
1901,3003
1901,3004
1901,3012
1901,3016
1901,3024
1901,3037
1901,3039
1901,3099
1901,3114
1901,3138
1901,3144
1901,3153
1901,3156
1901,3158
1901,3168
1901,3169
1901,3176
1901,3178
1901,3190
1901,3206
1901,3211
1901,3223
1901,3237
1901,3248
1901,3252
1901,3254
1901,3255
1901,3257
1901,3348
1901,3353
1901,3368
1901,3453
1901,3454
1901,3456
1901,3462
1901,3468
1901,3470
1902,2539
1903,3138
1905,1941
1905,1956
1905,1983
1905,1986
1905,1989
1905,1997
1905,1998
1905,1999
1905,2006
1905,2010
1905,2018
1905,2022
1905,2027
1905,2030
1905,2034
1905,2039
1905,2043
1905,2044
1905,2048
1905,2054
1905,2055
1905,2060
1905,2062
1905,2065
1905,2068
1905,2070
1905,2071
1905,2081
1905,2082
1905,2091
1905,2092
1905,2095
1905,2111
1905,2219
1905,2226
1905,2247
1905,2249
1905,2267
1905,2270
1905,2275
1905,2288
1905,2307
1905,2309
1905,2316
1905,2317
1905,2327
1905,2328
1905,2330
1905,2333
1905,2335
1905,2340
1905,2345
1905,2379
1905,2380
1905,2392
1905,2397
1905,2398
1905,2407
1905,2412
1905,2425
1905,2426
1905,2454
1905,2535
1905,2536
1905,2539
1905,2551
1905,2562
1905,2564
1905,2565
1905,2579
1905,2580
1905,2607
1905,2608
1905,2640
1905,2651
1905,2660
1905,2663
1905,2666
1905,2673
1905,2675
1905,2678
1905,2690
1905,2692
1905,2694
1905,2695
1905,2697
1905,2708
1905,2709
1905,2710
1905,2722
1905,2742
1905,2744
1905,2747
1905,2757
1905,2767
1905,2772
1905,2773
1905,2781
1905,2807
1905,2816
1905,2841
1905,2937
1905,2939
1905,2953
1905,2977
1905,2985
1905,2996
1905,2999
1905,3003
1905,3004
1905,3012
1905,3016
1905,3021
1905,3024
1905,3037
1905,3039
1905,3083
1905,3099
1905,3101
1905,3103
1905,3114
1905,3138
1905,3144
1905,3152
1905,3153
1905,3156
1905,3158
1905,3161
1905,3166
1905,3168
1905,3169
1905,3174
1905,3176
1905,3178
1905,3190
1905,3206
1905,3211
1905,3222
1905,3223
1905,3233
1905,3234
1905,3236
1905,3242
1905,3243
1905,3249
1905,3250
1905,3252
1905,3253
1905,3254
1905,3255
1905,3257
1905,3295
1905,3336
1905,3348
1905,3353
1905,3360
1905,3368
1905,3393
1905,3452
1905,3453
1905,3454
1905,3462
1905,3468
1905,3470
1906,1932
1906,1934
1906,1992
1906,2080
1906,2121
1906,2130
1906,2158
1906,2242
1906,2289
1906,2317
1906,2348
1906,2377
1906,2453
1906,2458
1906,2470
1906,2480
1906,2529
1906,2533
1906,2539
1906,2593
1906,2638
1906,2715
1906,2726
1906,2769
1906,2819
1906,2840
1906,2856
1906,2874
1906,2878
1906,2879
1906,2900
1906,2931
1906,2996
1906,3122
1906,3138
1906,3209
1906,3230
1906,3233
1906,3297
1906,3357
1906,3386
1906,3411
1906,3450
1907,1993
1907,2539
1908,2539
1909,3138
1910,1992
1911,1992
1911,2539
1911,2819
1911,3138
1912,3138
1913,1992
1913,2539
1913,3138
1914,1992
1914,2080
1914,2825
1914,3088
1914,3138
1915,3138
1916,1992
1916,2539
1917,2539
1917,3138
1918,3138
1919,3138
1920,2819
1921,1992
1921,2539
1921,2819
1922,1992
1922,2539
1922,2819
1922,3138
1923,1992
1923,2819
1923,3138
1924,2819
1925,1992
1925,2539
1926,1992
1927,1934
1927,1997
1927,2039
1927,2437
1927,2533
1927,2819
1927,3074
1927,3077
1927,3088
1927,3138
1927,3280
1927,3383
1927,3474
1928,2539
1929,1992
1930,1992
1931,2819
1931,3138
1932,1934
1932,2079
1932,2232
1932,2242
1932,2249
1932,2289
1932,2317
1932,2348
1932,2377
1932,2408
1932,2453
1932,2480
1932,2529
1932,2533
1932,2539
1932,2593
1932,2679
1932,2726
1932,2769
1932,2801
1932,2819
1932,2840
1932,2848
1932,2856
1932,2858
1932,2931
1932,2996
1932,3122
1932,3138
1932,3202
1932,3230
1932,3233
1932,3259
1932,3297
1932,3357
1932,3363
1932,3371
1932,3374
1932,3386
1932,3411
1932,3450
1933,2819
1934,1940
1934,1942
1934,1943
1934,1947
1934,1949
1934,1976
1934,1997
1934,2034
1934,2039
1934,2079
1934,2080
1934,2144
1934,2158
1934,2185
1934,2232
1934,2242
1934,2249
1934,2289
1934,2317
1934,2323
1934,2348
1934,2377
1934,2390
1934,2408
1934,2437
1934,2453
1934,2458
1934,2470
1934,2480
1934,2514
1934,2529
1934,2533
1934,2539
1934,2557
1934,2593
1934,2669
1934,2679
1934,2726
1934,2769
1934,2819
1934,2840
1934,2848
1934,2856
1934,2857
1934,2874
1934,2879
1934,2931
1934,2996
1934,3039
1934,3074
1934,3077
1934,3122
1934,3138
1934,3167
1934,3224
1934,3230
1934,3233
1934,3280
1934,3297
1934,3357
1934,3363
1934,3368
1934,3370
1934,3371
1934,3374
1934,3379
1934,3386
1934,3411
1934,3412
1934,3450
1935,3138
1936,2539
1936,2819
1936,3138
1937,2819
1937,3138
1938,1992
1938,2539
1939,2539
1940,1942
1940,1943
1940,1947
1940,1949
1940,1976
1940,2034
1940,2039
1940,2080
1940,2408
1940,2458
1940,2529
1940,2996
1940,3039
1940,3138
1940,3224
1940,3368
1940,3374
1940,3468
1941,2060
1941,2695
1941,2757
1941,2841
1941,2937
1941,3021
1941,3173
1941,3174
1941,3387
1941,3450
1942,1943
1942,1947
1942,1949
1942,1976
1942,2034
1942,2039
1942,2080
1942,2122
1942,2144
1942,2147
1942,2323
1942,2362
1942,2408
1942,2458
1942,2470
1942,2529
1942,2638
1942,2802
1942,2879
1942,2996
1942,3039
1942,3138
1942,3224
1942,3368
1942,3374
1942,3379
1942,3468
1943,1947
1943,1949
1943,1976
1943,2034
1943,2039
1943,2080
1943,2408
1943,2458
1943,2529
1943,2996
1943,3039
1943,3138
1943,3224
1943,3368
1943,3374
1943,3468
1944,2539
1945,1956
1945,2819
1946,3138
1947,1949
1947,1976
1947,1992
1947,2034
1947,2039
1947,2080
1947,2408
1947,2458
1947,2529
1947,2996
1947,3039
1947,3138
1947,3224
1947,3368
1947,3374
1947,3468
1948,3138
1949,1976
1949,2034
1949,2039
1949,2080
1949,2408
1949,2458
1949,2529
1949,2996
1949,3039
1949,3138
1949,3224
1949,3368
1949,3374
1949,3468
1950,2539
1951,1993
1951,2539
1952,3138
1953,1992
1954,3138
1955,2819
1956,1983
1956,1985
1956,2010
1956,2044
1956,2048
1956,2060
1956,2062
1956,2063
1956,2090
1956,2091
1956,2092
1956,2095
1956,2219
1956,2225
1956,2226
1956,2247
1956,2249
1956,2267
1956,2307
1956,2313
1956,2316
1956,2327
1956,2404
1956,2407
1956,2412
1956,2503
1956,2569
1956,2604
1956,2607
1956,2653
1956,2673
1956,2675
1956,2695
1956,2708
1956,2710
1956,2757
1956,2773
1956,2841
1956,2937
1956,2996
1956,2999
1956,3021
1956,3082
1956,3092
1956,3103
1956,3161
1956,3173
1956,3174
1956,3223
1956,3231
1956,3243
1956,3249
1956,3360
1956,3393
1956,3452
1956,3470
1956,3473
1957,1992
1957,2539
1957,2819
1958,1992
1958,2539
1959,1992
1960,2819
1961,2539
1962,1992
1962,2539
1962,2819
1963,2539
1964,1992
1964,2819
1965,1993
1966,2819
1967,1992
1967,1997
1967,2122
1967,2392
1967,2437
1967,2539
1967,2809
1967,2819
1967,2882
1967,3060
1967,3074
1967,3078
1967,3138
1967,3167
1967,3304
1967,3371
1968,2539
1968,3138
1969,1972
1969,2204
1969,2801
1969,2819
1969,3138
1970,2539
1971,1992
1972,1992
1972,3138
1973,3138
1974,3138
1975,1992
1976,2034
1976,2039
1976,2080
1976,2408
1976,2458
1976,2529
1976,2996
1976,3039
1976,3138
1976,3224
1976,3368
1976,3374
1976,3468
1977,3138
1978,1992
1979,2539
1980,3138
1981,2819
1981,3138
1982,2539
1983,2010
1983,2044
1983,2076
1983,2219
1983,2247
1983,2539
1983,2607
1983,2695
1983,2953
1983,3083
1983,3138
1983,3233
1983,3455
1984,2479
1985,2010
1985,2219
1985,2607
1985,2819
1986,1989
1986,1992
1986,1997
1986,1998
1986,1999
1986,2018
1986,2022
1986,2027
1986,2030
1986,2033
1986,2034
1986,2039
1986,2042
1986,2043
1986,2046
1986,2054
1986,2055
1986,2064
1986,2070
1986,2071
1986,2081
1986,2082
1986,2111
1986,2260
1986,2270
1986,2288
1986,2309
1986,2327
1986,2328
1986,2330
1986,2333
1986,2335
1986,2340
1986,2345
1986,2379
1986,2392
1986,2397
1986,2398
1986,2425
1986,2426
1986,2535
1986,2536
1986,2539
1986,2543
1986,2544
1986,2551
1986,2562
1986,2564
1986,2565
1986,2579
1986,2580
1986,2600
1986,2608
1986,2640
1986,2648
1986,2651
1986,2660
1986,2664
1986,2666
1986,2673
1986,2678
1986,2689
1986,2690
1986,2692
1986,2697
1986,2709
1986,2722
1986,2742
1986,2744
1986,2747
1986,2772
1986,2787
1986,2807
1986,2816
1986,2939
1986,2964
1986,2977
1986,2985
1986,2996
1986,3003
1986,3004
1986,3024
1986,3037
1986,3039
1986,3099
1986,3101
1986,3114
1986,3138
1986,3144
1986,3152
1986,3153
1986,3156
1986,3158
1986,3169
1986,3176
1986,3178
1986,3190
1986,3211
1986,3222
1986,3223
1986,3234
1986,3237
1986,3242
1986,3250
1986,3252
1986,3253
1986,3254
1986,3257
1986,3295
1986,3336
1986,3348
1986,3353
1986,3368
1986,3453
1986,3454
1986,3462
1986,3468
1986,3470
1987,3138
1988,1993
1988,2479
1988,2539
1989,1997
1989,1998
1989,2006
1989,2010
1989,2018
1989,2027
1989,2030
1989,2034
1989,2039
1989,2042
1989,2046
1989,2054
1989,2055
1989,2064
1989,2065
1989,2068
1989,2070
1989,2081
1989,2082
1989,2111
1989,2270
1989,2288
1989,2309
1989,2327
1989,2333
1989,2335
1989,2345
1989,2379
1989,2380
1989,2392
1989,2397
1989,2398
1989,2425
1989,2426
1989,2535
1989,2536
1989,2539
1989,2543
1989,2551
1989,2562
1989,2564
1989,2565
1989,2579
1989,2580
1989,2600
1989,2608
1989,2648
1989,2651
1989,2660
1989,2663
1989,2664
1989,2666
1989,2673
1989,2689
1989,2690
1989,2692
1989,2697
1989,2709
1989,2722
1989,2744
1989,2747
1989,2767
1989,2772
1989,2781
1989,2787
1989,2816
1989,2819
1989,2939
1989,2958
1989,2964
1989,2977
1989,2985
1989,2996
1989,3003
1989,3004
1989,3012
1989,3024
1989,3037
1989,3099
1989,3138
1989,3144
1989,3152
1989,3156
1989,3158
1989,3166
1989,3168
1989,3169
1989,3176
1989,3178
1989,3190
1989,3206
1989,3211
1989,3222
1989,3223
1989,3234
1989,3237
1989,3242
1989,3248
1989,3252
1989,3253
1989,3254
1989,3255
1989,3295
1989,3336
1989,3348
1989,3353
1989,3368
1989,3454
1989,3456
1989,3462
1989,3468
1989,3470
1990,2819
1990,3138
1991,2539
1992,2003
1992,2016
1992,2028
1992,2031
1992,2040
1992,2044
1992,2052
1992,2056
1992,2064
1992,2069
1992,2070
1992,2075
1992,2078
1992,2080
1992,2082
1992,2084
1992,2093
1992,2098
1992,2100
1992,2120
1992,2132
1992,2136
1992,2143
1992,2145
1992,2151
1992,2155
1992,2188
1992,2192
1992,2216
1992,2223
1992,2224
1992,2225
1992,2241
1992,2243
1992,2244
1992,2246
1992,2248
1992,2276
1992,2277
1992,2291
1992,2309
1992,2313
1992,2322
1992,2343
1992,2349
1992,2351
1992,2356
1992,2368
1992,2369
1992,2373
1992,2375
1992,2379
1992,2384
1992,2389
1992,2392
1992,2396
1992,2399
1992,2400
1992,2405
1992,2409
1992,2420
1992,2431
1992,2432
1992,2442
1992,2443
1992,2452
1992,2453
1992,2455
1992,2456
1992,2461
1992,2466
1992,2470
1992,2471
1992,2477
1992,2478
1992,2482
1992,2484
1992,2489
1992,2491
1992,2492
1992,2495
1992,2501
1992,2503
1992,2510
1992,2512
1992,2513
1992,2514
1992,2516
1992,2518
1992,2521
1992,2523
1992,2532
1992,2539
1992,2540
1992,2550
1992,2551
1992,2558
1992,2561
1992,2565
1992,2570
1992,2571
1992,2572
1992,2574
1992,2581
1992,2592
1992,2599
1992,2612
1992,2615
1992,2631
1992,2634
1992,2639
1992,2644
1992,2648
1992,2656
1992,2661
1992,2664
1992,2672
1992,2676
1992,2680
1992,2682
1992,2685
1992,2691
1992,2698
1992,2699
1992,2705
1992,2717
1992,2720
1992,2728
1992,2731
1992,2733
1992,2734
1992,2736
1992,2738
1992,2744
1992,2747
1992,2748
1992,2755
1992,2758
1992,2763
1992,2773
1992,2783
1992,2785
1992,2801
1992,2803
1992,2809
1992,2819
1992,2821
1992,2823
1992,2825
1992,2832
1992,2834
1992,2839
1992,2848
1992,2854
1992,2861
1992,2866
1992,2869
1992,2872
1992,2882
1992,2884
1992,2891
1992,2892
1992,2896
1992,2898
1992,2901
1992,2903
1992,2907
1992,2916
1992,2926
1992,2928
1992,2946
1992,2954
1992,2963
1992,2966
1992,2972
1992,2980
1992,2984
1992,2990
1992,3007
1992,3011
1992,3021
1992,3029
1992,3042
1992,3061
1992,3064
1992,3074
1992,3075
1992,3076
1992,3078
1992,3083
1992,3085
1992,3087
1992,3089
1992,3091
1992,3107
1992,3114
1992,3122
1992,3124
1992,3129
1992,3130
1992,3134
1992,3139
1992,3143
1992,3149
1992,3159
1992,3166
1992,3167
1992,3199
1992,3219
1992,3231
1992,3232
1992,3233
1992,3235
1992,3240
1992,3241
1992,3244
1992,3245
1992,3256
1992,3260
1992,3275
1992,3280
1992,3284
1992,3285
1992,3286
1992,3287
1992,3289
1992,3290
1992,3291
1992,3293
1992,3294
1992,3296
1992,3304
1992,3305
1992,3315
1992,3324
1992,3325
1992,3327
1992,3328
1992,3329
1992,3330
1992,3338
1992,3352
1992,3356
1992,3362
1992,3364
1992,3379
1992,3383
1992,3384
1992,3389
1992,3390
1992,3392
1992,3397
1992,3398
1992,3403
1992,3412
1992,3416
1992,3422
1992,3425
1992,3426
1992,3427
1992,3428
1992,3433
1992,3438
1992,3439
1992,3440
1992,3442
1992,3444
1992,3449
1992,3450
1992,3468
1992,3473
1992,3477
1992,3478
1992,3479
1992,3481
1992,3484
1992,3485
1992,3494
1993,1994
1993,2005
1993,2048
1993,2073
1993,2079
1993,2092
1993,2117
1993,2211
1993,2214
1993,2215
1993,2287
1993,2301
1993,2330
1993,2364
1993,2366
1993,2370
1993,2401
1993,2497
1993,2530
1993,2549
1993,2566
1993,2601
1993,2620
1993,2637
1993,2688
1993,2704
1993,2711
1993,2770
1993,2772
1993,2796
1993,2890
1993,2899
1993,3015
1993,3052
1993,3077
1993,3105
1993,3108
1993,3120
1993,3131
1993,3160
1993,3163
1993,3259
1993,3277
1993,3278
1993,3279
1993,3302
1993,3303
1993,3308
1993,3318
1993,3340
1993,3363
1993,3407
1993,3408
1993,3417
1994,2539
1995,2539
1996,2539
1997,1998
1997,1999
1997,2006
1997,2010
1997,2027
1997,2030
1997,2033
1997,2034
1997,2043
1997,2046
1997,2054
1997,2055
1997,2063
1997,2064
1997,2065
1997,2068
1997,2070
1997,2071
1997,2081
1997,2082
1997,2111
1997,2260
1997,2270
1997,2288
1997,2309
1997,2327
1997,2328
1997,2330
1997,2333
1997,2335
1997,2345
1997,2370
1997,2378
1997,2379
1997,2380
1997,2392
1997,2397
1997,2425
1997,2437
1997,2533
1997,2535
1997,2536
1997,2539
1997,2544
1997,2547
1997,2551
1997,2557
1997,2562
1997,2564
1997,2579
1997,2580
1997,2600
1997,2608
1997,2648
1997,2651
1997,2660
1997,2663
1997,2664
1997,2666
1997,2673
1997,2678
1997,2689
1997,2690
1997,2697
1997,2709
1997,2722
1997,2742
1997,2747
1997,2767
1997,2772
1997,2781
1997,2787
1997,2816
1997,2819
1997,2874
1997,2882
1997,2900
1997,2939
1997,2958
1997,2977
1997,2985
1997,2996
1997,3003
1997,3016
1997,3039
1997,3074
1997,3077
1997,3078
1997,3088
1997,3099
1997,3101
1997,3114
1997,3138
1997,3144
1997,3152
1997,3153
1997,3158
1997,3166
1997,3167
1997,3168
1997,3169
1997,3176
1997,3190
1997,3206
1997,3209
1997,3222
1997,3223
1997,3236
1997,3237
1997,3248
1997,3250
1997,3252
1997,3253
1997,3254
1997,3255
1997,3257
1997,3295
1997,3353
1997,3371
1997,3383
1997,3453
1997,3454
1997,3456
1997,3468
1997,3470
1997,3473
1998,1999
1998,2006
1998,2010
1998,2018
1998,2027
1998,2030
1998,2033
1998,2034
1998,2039
1998,2042
1998,2043
1998,2046
1998,2055
1998,2064
1998,2065
1998,2068
1998,2070
1998,2081
1998,2082
1998,2111
1998,2260
1998,2270
1998,2327
1998,2328
1998,2330
1998,2333
1998,2335
1998,2340
1998,2345
1998,2379
1998,2392
1998,2397
1998,2426
1998,2535
1998,2543
1998,2544
1998,2564
1998,2565
1998,2579
1998,2580
1998,2608
1998,2651
1998,2660
1998,2663
1998,2664
1998,2666
1998,2673
1998,2678
1998,2689
1998,2690
1998,2692
1998,2709
1998,2722
1998,2742
1998,2744
1998,2767
1998,2787
1998,2939
1998,2977
1998,2985
1998,2996
1998,3012
1998,3016
1998,3024
1998,3037
1998,3039
1998,3099
1998,3114
1998,3138
1998,3144
1998,3152
1998,3153
1998,3156
1998,3158
1998,3166
1998,3168
1998,3169
1998,3176
1998,3178
1998,3190
1998,3206
1998,3222
1998,3223
1998,3234
1998,3236
1998,3237
1998,3242
1998,3248
1998,3252
1998,3253
1998,3254
1998,3255
1998,3257
1998,3295
1998,3336
1998,3348
1998,3368
1998,3454
1998,3456
1998,3468
1998,3470
1999,2006
1999,2010
1999,2018
1999,2022
1999,2027
1999,2030
1999,2034
1999,2039
1999,2042
1999,2043
1999,2046
1999,2054
1999,2064
1999,2065
1999,2068
1999,2081
1999,2082
1999,2111
1999,2260
1999,2270
1999,2288
1999,2309
1999,2328
1999,2330
1999,2333
1999,2340
1999,2345
1999,2379
1999,2380
1999,2392
1999,2397
1999,2425
1999,2426
1999,2535
1999,2536
1999,2543
1999,2544
1999,2551
1999,2562
1999,2564
1999,2565
1999,2579
1999,2580
1999,2600
1999,2640
1999,2651
1999,2664
1999,2666
1999,2689
1999,2690
1999,2692
1999,2697
1999,2709
1999,2722
1999,2742
1999,2744
1999,2772
1999,2781
1999,2787
1999,2807
1999,2816
1999,2939
1999,2958
1999,2964
1999,2977
1999,2985
1999,3003
1999,3004
1999,3012
1999,3016
1999,3024
1999,3099
1999,3101
1999,3114
1999,3138
1999,3144
1999,3152
1999,3153
1999,3156
1999,3158
1999,3166
1999,3168
1999,3176
1999,3190
1999,3211
1999,3222
1999,3223
1999,3234
1999,3237
1999,3242
1999,3250
1999,3253
1999,3254
1999,3255
1999,3257
1999,3295
1999,3348
1999,3353
1999,3368
1999,3453
1999,3454
1999,3456
1999,3462
1999,3468
2000,2539
2000,3138
2001,2539
2002,2011
2002,2017
2002,2027
2002,2039
2002,2040
2002,2080
2002,2081
2002,2082
2002,2115
2002,2227
2002,2228
2002,2231
2002,2238
2002,2239
2002,2317
2002,2529
2002,2552
2002,2558
2002,2610
2002,2621
2002,2638
2002,2667
2002,2706
2002,2740
2002,2801
2002,2819
2002,2996
2002,3039
2002,3115
2002,3138
2002,3140
2002,3166
2002,3172
2002,3176
2002,3225
2002,3240
2002,3247
2002,3299
2002,3342
2002,3356
2002,3369
2002,3371
2002,3377
2002,3466
2002,3468
2003,2819
2005,2479
2005,2539
2006,2010
2006,2018
2006,2022
2006,2027
2006,2030
2006,2033
2006,2034
2006,2039
2006,2042
2006,2043
2006,2046
2006,2054
2006,2065
2006,2068
2006,2070
2006,2071
2006,2081
2006,2082
2006,2111
2006,2260
2006,2270
2006,2288
2006,2309
2006,2327
2006,2328
2006,2330
2006,2333
2006,2335
2006,2340
2006,2345
2006,2379
2006,2380
2006,2392
2006,2397
2006,2398
2006,2426
2006,2535
2006,2536
2006,2543
2006,2544
2006,2551
2006,2562
2006,2564
2006,2565
2006,2579
2006,2580
2006,2600
2006,2608
2006,2640
2006,2648
2006,2651
2006,2663
2006,2664
2006,2666
2006,2673
2006,2689
2006,2690
2006,2692
2006,2697
2006,2709
2006,2722
2006,2742
2006,2744
2006,2747
2006,2767
2006,2772
2006,2781
2006,2787
2006,2807
2006,2816
2006,2939
2006,2958
2006,2964
2006,2977
2006,2996
2006,3003
2006,3004
2006,3012
2006,3016
2006,3024
2006,3037
2006,3039
2006,3099
2006,3101
2006,3114
2006,3138
2006,3152
2006,3153
2006,3156
2006,3158
2006,3166
2006,3168
2006,3169
2006,3176
2006,3190
2006,3206
2006,3211
2006,3222
2006,3223
2006,3234
2006,3236
2006,3237
2006,3242
2006,3250
2006,3253
2006,3254
2006,3255
2006,3257
2006,3295
2006,3336
2006,3348
2006,3353
2006,3368
2006,3453
2006,3454
2006,3456
2006,3462
2006,3468
2006,3470
2007,3138
2008,3138
2009,3138
2010,2018
2010,2022
2010,2027
2010,2030
2010,2033
2010,2034
2010,2039
2010,2042
2010,2043
2010,2044
2010,2046
2010,2048
2010,2054
2010,2055
2010,2060
2010,2062
2010,2063
2010,2064
2010,2065
2010,2068
2010,2070
2010,2071
2010,2076
2010,2081
2010,2082
2010,2091
2010,2092
2010,2095
2010,2111
2010,2129
2010,2219
2010,2225
2010,2226
2010,2247
2010,2249
2010,2260
2010,2267
2010,2270
2010,2273
2010,2275
2010,2288
2010,2307
2010,2309
2010,2313
2010,2317
2010,2327
2010,2330
2010,2333
2010,2335
2010,2340
2010,2345
2010,2379
2010,2380
2010,2392
2010,2397
2010,2398
2010,2425
2010,2426
2010,2454
2010,2503
2010,2535
2010,2536
2010,2539
2010,2543
2010,2544
2010,2547
2010,2551
2010,2562
2010,2564
2010,2565
2010,2579
2010,2580
2010,2600
2010,2607
2010,2608
2010,2635
2010,2640
2010,2648
2010,2649
2010,2650
2010,2651
2010,2660
2010,2663
2010,2664
2010,2666
2010,2668
2010,2673
2010,2675
2010,2678
2010,2689
2010,2690
2010,2692
2010,2694
2010,2695
2010,2697
2010,2709
2010,2710
2010,2722
2010,2742
2010,2744
2010,2747
2010,2757
2010,2767
2010,2772
2010,2773
2010,2781
2010,2787
2010,2807
2010,2816
2010,2819
2010,2851
2010,2900
2010,2928
2010,2937
2010,2939
2010,2958
2010,2964
2010,2977
2010,2996
2010,2999
2010,3003
2010,3004
2010,3012
2010,3016
2010,3021
2010,3024
2010,3037
2010,3039
2010,3083
2010,3088
2010,3099
2010,3101
2010,3114
2010,3138
2010,3144
2010,3152
2010,3153
2010,3156
2010,3158
2010,3166
2010,3167
2010,3168
2010,3169
2010,3173
2010,3174
2010,3176
2010,3178
2010,3190
2010,3206
2010,3209
2010,3211
2010,3222
2010,3223
2010,3234
2010,3236
2010,3237
2010,3242
2010,3243
2010,3248
2010,3249
2010,3250
2010,3252
2010,3253
2010,3254
2010,3255
2010,3257
2010,3295
2010,3336
2010,3348
2010,3353
2010,3360
2010,3368
2010,3450
2010,3453
2010,3454
2010,3455
2010,3456
2010,3462
2010,3468
2010,3470
2010,3473
2010,3489
2011,2017
2011,2027
2011,2039
2011,2040
2011,2080
2011,2081
2011,2082
2011,2115
2011,2227
2011,2228
2011,2231
2011,2238
2011,2239
2011,2317
2011,2529
2011,2552
2011,2558
2011,2610
2011,2621
2011,2638
2011,2667
2011,2706
2011,2740
2011,2801
2011,2819
2011,2996
2011,3039
2011,3115
2011,3138
2011,3140
2011,3166
2011,3172
2011,3176
2011,3225
2011,3240
2011,3247
2011,3299
2011,3342
2011,3356
2011,3369
2011,3371
2011,3377
2011,3466
2011,3468
2012,3138
2013,2819
2014,2539
2014,3138
2015,3138
2017,2027
2017,2039
2017,2040
2017,2080
2017,2081
2017,2082
2017,2115
2017,2227
2017,2228
2017,2231
2017,2238
2017,2239
2017,2317
2017,2529
2017,2552
2017,2558
2017,2610
2017,2621
2017,2638
2017,2667
2017,2706
2017,2740
2017,2801
2017,2819
2017,2996
2017,3039
2017,3115
2017,3138
2017,3140
2017,3166
2017,3172
2017,3176
2017,3225
2017,3240
2017,3247
2017,3299
2017,3342
2017,3356
2017,3369
2017,3371
2017,3377
2017,3466
2017,3468
2018,2022
2018,2027
2018,2030
2018,2033
2018,2034
2018,2039
2018,2042
2018,2043
2018,2046
2018,2054
2018,2055
2018,2064
2018,2068
2018,2071
2018,2081
2018,2082
2018,2111
2018,2260
2018,2288
2018,2309
2018,2327
2018,2328
2018,2330
2018,2333
2018,2335
2018,2340
2018,2345
2018,2380
2018,2392
2018,2397
2018,2398
2018,2425
2018,2426
2018,2535
2018,2543
2018,2544
2018,2551
2018,2562
2018,2564
2018,2579
2018,2580
2018,2600
2018,2608
2018,2640
2018,2648
2018,2651
2018,2663
2018,2664
2018,2666
2018,2673
2018,2689
2018,2690
2018,2692
2018,2709
2018,2722
2018,2742
2018,2744
2018,2747
2018,2767
2018,2772
2018,2781
2018,2787
2018,2807
2018,2964
2018,2977
2018,2985
2018,2996
2018,3003
2018,3004
2018,3016
2018,3024
2018,3037
2018,3039
2018,3099
2018,3101
2018,3114
2018,3138
2018,3144
2018,3152
2018,3153
2018,3166
2018,3168
2018,3169
2018,3176
2018,3178
2018,3190
2018,3206
2018,3211
2018,3222
2018,3223
2018,3234
2018,3236
2018,3248
2018,3253
2018,3254
2018,3255
2018,3257
2018,3295
2018,3336
2018,3348
2018,3353
2018,3368
2018,3453
2018,3454
2018,3456
2018,3462
2018,3468
2018,3470
2019,2539
2019,3138
2020,2819
2020,3138
2021,3138
2022,2027
2022,2030
2022,2033
2022,2039
2022,2042
2022,2054
2022,2064
2022,2065
2022,2070
2022,2081
2022,2082
2022,2111
2022,2260
2022,2270
2022,2288
2022,2309
2022,2328
2022,2330
2022,2333
2022,2335
2022,2340
2022,2345
2022,2379
2022,2380
2022,2392
2022,2397
2022,2398
2022,2425
2022,2426
2022,2535
2022,2536
2022,2543
2022,2544
2022,2551
2022,2562
2022,2564
2022,2565
2022,2579
2022,2600
2022,2608
2022,2651
2022,2660
2022,2663
2022,2664
2022,2673
2022,2678
2022,2689
2022,2690
2022,2692
2022,2697
2022,2709
2022,2722
2022,2742
2022,2744
2022,2747
2022,2767
2022,2772
2022,2807
2022,2816
2022,2958
2022,2964
2022,2977
2022,2985
2022,2996
2022,3012
2022,3016
2022,3037
2022,3039
2022,3101
2022,3114
2022,3138
2022,3153
2022,3156
2022,3158
2022,3166
2022,3168
2022,3169
2022,3176
2022,3178
2022,3190
2022,3206
2022,3211
2022,3223
2022,3234
2022,3236
2022,3237
2022,3242
2022,3248
2022,3250
2022,3253
2022,3257
2022,3295
2022,3336
2022,3348
2022,3353
2022,3368
2022,3453
2022,3454
2022,3456
2022,3462
2022,3468
2022,3470
2023,3138
2024,3138
2025,3138
2026,3138
2027,2030
2027,2033
2027,2034
2027,2039
2027,2040
2027,2043
2027,2046
2027,2054
2027,2055
2027,2064
2027,2065
2027,2068
2027,2080
2027,2081
2027,2082
2027,2111
2027,2115
2027,2227
2027,2228
2027,2231
2027,2239
2027,2260
2027,2288
2027,2309
2027,2317
2027,2327
2027,2330
2027,2333
2027,2340
2027,2345
2027,2380
2027,2392
2027,2426
2027,2529
2027,2535
2027,2536
2027,2539
2027,2543
2027,2551
2027,2552
2027,2558
2027,2564
2027,2579
2027,2580
2027,2608
2027,2610
2027,2621
2027,2638
2027,2648
2027,2651
2027,2663
2027,2664
2027,2666
2027,2667
2027,2689
2027,2690
2027,2692
2027,2697
2027,2706
2027,2709
2027,2722
2027,2740
2027,2742
2027,2744
2027,2747
2027,2767
2027,2772
2027,2801
2027,2819
2027,2939
2027,2958
2027,2964
2027,2985
2027,2996
2027,3004
2027,3024
2027,3037
2027,3039
2027,3099
2027,3101
2027,3114
2027,3115
2027,3138
2027,3140
2027,3144
2027,3152
2027,3153
2027,3156
2027,3158
2027,3166
2027,3168
2027,3172
2027,3176
2027,3178
2027,3190
2027,3206
2027,3222
2027,3223
2027,3225
2027,3234
2027,3236
2027,3237
2027,3240
2027,3242
2027,3247
2027,3248
2027,3250
2027,3252
2027,3253
2027,3254
2027,3255
2027,3295
2027,3299
2027,3336
2027,3342
2027,3348
2027,3353
2027,3356
2027,3368
2027,3369
2027,3371
2027,3377
2027,3453
2027,3454
2027,3456
2027,3462
2027,3466
2027,3468
2027,3470
2028,2539
2029,3138
2030,2033
2030,2034
2030,2039
2030,2042
2030,2043
2030,2046
2030,2054
2030,2055
2030,2064
2030,2065
2030,2070
2030,2071
2030,2081
2030,2082
2030,2111
2030,2260
2030,2288
2030,2309
2030,2327
2030,2328
2030,2330
2030,2333
2030,2335
2030,2340
2030,2345
2030,2379
2030,2380
2030,2392
2030,2397
2030,2398
2030,2425
2030,2426
2030,2535
2030,2536
2030,2543
2030,2551
2030,2562
2030,2564
2030,2580
2030,2608
2030,2640
2030,2648
2030,2651
2030,2660
2030,2663
2030,2664
2030,2666
2030,2673
2030,2678
2030,2689
2030,2690
2030,2692
2030,2697
2030,2709
2030,2722
2030,2744
2030,2747
2030,2767
2030,2772
2030,2781
2030,2787
2030,2807
2030,2816
2030,2939
2030,2958
2030,2964
2030,2977
2030,2985
2030,3003
2030,3004
2030,3012
2030,3016
2030,3024
2030,3037
2030,3101
2030,3114
2030,3138
2030,3144
2030,3153
2030,3156
2030,3158
2030,3166
2030,3168
2030,3169
2030,3176
2030,3190
2030,3206
2030,3211
2030,3222
2030,3234
2030,3236
2030,3237
2030,3248
2030,3250
2030,3252
2030,3253
2030,3254
2030,3255
2030,3257
2030,3295
2030,3336
2030,3348
2030,3353
2030,3368
2030,3453
2030,3454
2030,3462
2030,3468
2030,3470
2031,2539
2031,3138
2032,3138
2033,2034
2033,2039
2033,2042
2033,2043
2033,2046
2033,2054
2033,2064
2033,2068
2033,2070
2033,2071
2033,2081
2033,2082
2033,2260
2033,2270
2033,2288
2033,2309
2033,2328
2033,2330
2033,2333
2033,2335
2033,2340
2033,2345
2033,2379
2033,2380
2033,2392
2033,2397
2033,2398
2033,2425
2033,2426
2033,2536
2033,2543
2033,2551
2033,2564
2033,2565
2033,2579
2033,2580
2033,2640
2033,2648
2033,2651
2033,2660
2033,2663
2033,2664
2033,2666
2033,2678
2033,2689
2033,2690
2033,2709
2033,2742
2033,2747
2033,2767
2033,2772
2033,2781
2033,2939
2033,2958
2033,2964
2033,2977
2033,2985
2033,2996
2033,3012
2033,3037
2033,3039
2033,3101
2033,3114
2033,3138
2033,3144
2033,3152
2033,3153
2033,3156
2033,3158
2033,3166
2033,3169
2033,3176
2033,3178
2033,3190
2033,3206
2033,3211
2033,3222
2033,3223
2033,3234
2033,3236
2033,3242
2033,3248
2033,3252
2033,3253
2033,3255
2033,3257
2033,3295
2033,3348
2033,3353
2033,3368
2033,3453
2033,3454
2033,3456
2033,3462
2033,3468
2034,2039
2034,2042
2034,2043
2034,2046
2034,2054
2034,2055
2034,2064
2034,2068
2034,2070
2034,2071
2034,2081
2034,2082
2034,2111
2034,2260
2034,2270
2034,2288
2034,2309
2034,2327
2034,2328
2034,2330
2034,2333
2034,2335
2034,2340
2034,2345
2034,2379
2034,2380
2034,2392
2034,2397
2034,2398
2034,2425
2034,2426
2034,2458
2034,2535
2034,2543
2034,2551
2034,2564
2034,2565
2034,2579
2034,2600
2034,2608
2034,2640
2034,2648
2034,2651
2034,2660
2034,2663
2034,2666
2034,2673
2034,2678
2034,2689
2034,2690
2034,2692
2034,2697
2034,2709
2034,2744
2034,2747
2034,2767
2034,2781
2034,2787
2034,2807
2034,2816
2034,2819
2034,2958
2034,2964
2034,2977
2034,2985
2034,2996
2034,3003
2034,3016
2034,3024
2034,3039
2034,3114
2034,3138
2034,3144
2034,3152
2034,3156
2034,3158
2034,3169
2034,3176
2034,3178
2034,3190
2034,3211
2034,3222
2034,3223
2034,3234
2034,3237
2034,3242
2034,3250
2034,3252
2034,3253
2034,3257
2034,3295
2034,3336
2034,3348
2034,3353
2034,3368
2034,3453
2034,3454
2034,3456
2034,3462
2034,3468
2034,3470
2035,3138
2037,3138
2038,2819
2039,2040
2039,2042
2039,2043
2039,2044
2039,2046
2039,2048
2039,2054
2039,2055
2039,2062
2039,2065
2039,2068
2039,2070
2039,2071
2039,2080
2039,2081
2039,2082
2039,2092
2039,2111
2039,2115
2039,2144
2039,2158
2039,2227
2039,2228
2039,2231
2039,2239
2039,2260
2039,2270
2039,2275
2039,2288
2039,2309
2039,2317
2039,2327
2039,2328
2039,2333
2039,2335
2039,2340
2039,2343
2039,2345
2039,2379
2039,2380
2039,2392
2039,2397
2039,2398
2039,2425
2039,2426
2039,2437
2039,2454
2039,2458
2039,2529
2039,2533
2039,2535
2039,2536
2039,2539
2039,2544
2039,2551
2039,2552
2039,2558
2039,2562
2039,2564
2039,2565
2039,2579
2039,2580
2039,2600
2039,2607
2039,2608
2039,2610
2039,2621
2039,2638
2039,2640
2039,2648
2039,2660
2039,2663
2039,2664
2039,2666
2039,2667
2039,2673
2039,2678
2039,2689
2039,2690
2039,2692
2039,2695
2039,2697
2039,2706
2039,2708
2039,2709
2039,2722
2039,2740
2039,2742
2039,2744
2039,2747
2039,2772
2039,2787
2039,2801
2039,2802
2039,2807
2039,2816
2039,2819
2039,2858
2039,2874
2039,2879
2039,2939
2039,2958
2039,2964
2039,2977
2039,2985
2039,2996
2039,3003
2039,3012
2039,3016
2039,3024
2039,3037
2039,3039
2039,3082
2039,3088
2039,3099
2039,3101
2039,3114
2039,3115
2039,3138
2039,3140
2039,3144
2039,3152
2039,3153
2039,3156
2039,3158
2039,3166
2039,3168
2039,3169
2039,3172
2039,3176
2039,3178
2039,3190
2039,3206
2039,3211
2039,3222
2039,3223
2039,3225
2039,3234
2039,3237
2039,3240
2039,3242
2039,3243
2039,3247
2039,3250
2039,3252
2039,3253
2039,3255
2039,3257
2039,3280
2039,3295
2039,3299
2039,3336
2039,3342
2039,3348
2039,3353
2039,3356
2039,3368
2039,3369
2039,3371
2039,3377
2039,3393
2039,3399
2039,3412
2039,3452
2039,3453
2039,3454
2039,3456
2039,3457
2039,3462
2039,3466
2039,3468
2039,3470
2039,3473
2039,3474
2040,2080
2040,2081
2040,2082
2040,2115
2040,2227
2040,2228
2040,2231
2040,2238
2040,2239
2040,2317
2040,2529
2040,2552
2040,2558
2040,2610
2040,2621
2040,2638
2040,2667
2040,2706
2040,2740
2040,2801
2040,2819
2040,2996
2040,3039
2040,3115
2040,3138
2040,3140
2040,3166
2040,3172
2040,3176
2040,3225
2040,3240
2040,3247
2040,3299
2040,3342
2040,3356
2040,3369
2040,3371
2040,3377
2040,3466
2040,3468
2041,3138
2042,2043
2042,2046
2042,2054
2042,2055
2042,2064
2042,2065
2042,2068
2042,2071
2042,2081
2042,2082
2042,2111
2042,2260
2042,2270
2042,2288
2042,2309
2042,2327
2042,2328
2042,2330
2042,2333
2042,2335
2042,2345
2042,2379
2042,2392
2042,2398
2042,2425
2042,2426
2042,2535
2042,2536
2042,2543
2042,2544
2042,2551
2042,2562
2042,2564
2042,2565
2042,2579
2042,2580
2042,2600
2042,2608
2042,2648
2042,2660
2042,2663
2042,2664
2042,2666
2042,2673
2042,2689
2042,2690
2042,2692
2042,2697
2042,2709
2042,2742
2042,2744
2042,2747
2042,2767
2042,2772
2042,2781
2042,2787
2042,2939
2042,2958
2042,2964
2042,2977
2042,2985
2042,2996
2042,3003
2042,3004
2042,3016
2042,3024
2042,3039
2042,3099
2042,3101
2042,3114
2042,3138
2042,3144
2042,3153
2042,3156
2042,3168
2042,3169
2042,3176
2042,3190
2042,3206
2042,3211
2042,3222
2042,3223
2042,3234
2042,3236
2042,3242
2042,3248
2042,3250
2042,3252
2042,3253
2042,3254
2042,3255
2042,3257
2042,3295
2042,3336
2042,3368
2042,3453
2042,3456
2042,3468
2043,2055
2043,2065
2043,2068
2043,2081
2043,2082
2043,2111
2043,2260
2043,2270
2043,2309
2043,2327
2043,2328
2043,2330
2043,2333
2043,2335
2043,2340
2043,2345
2043,2379
2043,2380
2043,2392
2043,2425
2043,2426
2043,2535
2043,2536
2043,2539
2043,2562
2043,2564
2043,2565
2043,2579
2043,2580
2043,2600
2043,2608
2043,2640
2043,2651
2043,2660
2043,2663
2043,2664
2043,2666
2043,2673
2043,2678
2043,2689
2043,2690
2043,2692
2043,2697
2043,2709
2043,2722
2043,2742
2043,2744
2043,2747
2043,2767
2043,2772
2043,2781
2043,2807
2043,2939
2043,2958
2043,2964
2043,2977
2043,2996
2043,3003
2043,3004
2043,3012
2043,3016
2043,3024
2043,3037
2043,3039
2043,3099
2043,3101
2043,3114
2043,3138
2043,3144
2043,3152
2043,3153
2043,3156
2043,3166
2043,3168
2043,3169
2043,3176
2043,3178
2043,3190
2043,3206
2043,3211
2043,3222
2043,3223
2043,3234
2043,3236
2043,3237
2043,3242
2043,3248
2043,3252
2043,3254
2043,3255
2043,3257
2043,3295
2043,3336
2043,3348
2043,3353
2043,3368
2043,3453
2043,3454
2043,3456
2043,3462
2043,3468
2043,3470
2044,2048
2044,2060
2044,2062
2044,2076
2044,2092
2044,2095
2044,2226
2044,2247
2044,2249
2044,2275
2044,2307
2044,2313
2044,2317
2044,2404
2044,2454
2044,2479
2044,2539
2044,2569
2044,2607
2044,2648
2044,2673
2044,2675
2044,2694
2044,2695
2044,2710
2044,2757
2044,2773
2044,2819
2044,2841
2044,2937
2044,2953
2044,3021
2044,3082
2044,3083
2044,3103
2044,3173
2044,3174
2044,3387
2044,3450
2044,3452
2044,3455
2044,3470
2044,3473
2045,2819
2046,2054
2046,2064
2046,2065
2046,2068
2046,2071
2046,2081
2046,2082
2046,2111
2046,2260
2046,2270
2046,2288
2046,2309
2046,2327
2046,2330
2046,2333
2046,2335
2046,2345
2046,2379
2046,2380
2046,2392
2046,2397
2046,2398
2046,2425
2046,2535
2046,2536
2046,2543
2046,2551
2046,2564
2046,2579
2046,2580
2046,2600
2046,2608
2046,2640
2046,2648
2046,2651
2046,2660
2046,2663
2046,2664
2046,2666
2046,2673
2046,2678
2046,2689
2046,2692
2046,2697
2046,2709
2046,2722
2046,2744
2046,2747
2046,2767
2046,2772
2046,2781
2046,2787
2046,2807
2046,2816
2046,2964
2046,2977
2046,2985
2046,2996
2046,3003
2046,3004
2046,3012
2046,3024
2046,3039
2046,3099
2046,3101
2046,3114
2046,3138
2046,3144
2046,3152
2046,3153
2046,3156
2046,3158
2046,3166
2046,3168
2046,3169
2046,3176
2046,3178
2046,3190
2046,3206
2046,3222
2046,3223
2046,3234
2046,3236
2046,3237
2046,3242
2046,3248
2046,3250
2046,3252
2046,3253
2046,3255
2046,3257
2046,3295
2046,3336
2046,3348
2046,3353
2046,3368
2046,3453
2046,3454
2046,3462
2046,3468
2046,3470
2047,2539
2047,3138
2048,2062
2048,2092
2048,2219
2048,2247
2048,2275
2048,2454
2048,2607
2048,2673
2048,2708
2048,2710
2048,2819
2048,3021
2048,3082
2048,3103
2048,3243
2048,3393
2048,3473
2050,3138
2051,3138
2053,3138
2054,2055
2054,2064
2054,2065
2054,2068
2054,2070
2054,2071
2054,2081
2054,2082
2054,2111
2054,2260
2054,2270
2054,2288
2054,2309
2054,2327
2054,2328
2054,2330
2054,2333
2054,2335
2054,2340
2054,2345
2054,2379
2054,2380
2054,2392
2054,2397
2054,2425
2054,2426
2054,2535
2054,2536
2054,2543
2054,2544
2054,2551
2054,2562
2054,2564
2054,2565
2054,2580
2054,2640
2054,2648
2054,2651
2054,2660
2054,2663
2054,2664
2054,2666
2054,2678
2054,2689
2054,2690
2054,2692
2054,2697
2054,2709
2054,2722
2054,2742
2054,2744
2054,2747
2054,2767
2054,2772
2054,2781
2054,2816
2054,2958
2054,2977
2054,2985
2054,2996
2054,3003
2054,3012
2054,3016
2054,3024
2054,3037
2054,3039
2054,3099
2054,3101
2054,3138
2054,3144
2054,3153
2054,3156
2054,3158
2054,3166
2054,3168
2054,3169
2054,3176
2054,3178
2054,3190
2054,3206
2054,3236
2054,3242
2054,3248
2054,3252
2054,3253
2054,3254
2054,3257
2054,3295
2054,3336
2054,3348
2054,3368
2054,3453
2054,3454
2054,3462
2054,3468
2054,3470
2055,2064
2055,2065
2055,2068
2055,2070
2055,2071
2055,2081
2055,2082
2055,2111
2055,2260
2055,2270
2055,2309
2055,2327
2055,2328
2055,2330
2055,2333
2055,2335
2055,2340
2055,2345
2055,2379
2055,2392
2055,2397
2055,2398
2055,2425
2055,2535
2055,2536
2055,2543
2055,2544
2055,2551
2055,2562
2055,2564
2055,2579
2055,2580
2055,2608
2055,2640
2055,2648
2055,2651
2055,2660
2055,2663
2055,2664
2055,2666
2055,2673
2055,2678
2055,2692
2055,2697
2055,2709
2055,2722
2055,2742
2055,2744
2055,2747
2055,2767
2055,2772
2055,2781
2055,2787
2055,2807
2055,2816
2055,2939
2055,2958
2055,2964
2055,2985
2055,2996
2055,3003
2055,3004
2055,3012
2055,3016
2055,3024
2055,3037
2055,3039
2055,3099
2055,3101
2055,3114
2055,3138
2055,3144
2055,3153
2055,3156
2055,3158
2055,3166
2055,3168
2055,3169
2055,3176
2055,3178
2055,3190
2055,3206
2055,3223
2055,3234
2055,3236
2055,3237
2055,3242
2055,3248
2055,3250
2055,3252
2055,3253
2055,3254
2055,3255
2055,3336
2055,3353
2055,3368
2055,3454
2055,3456
2055,3462
2055,3468
2055,3470
2057,3138
2058,3138
2059,2819
2060,2219
2060,2757
2060,2841
2060,2937
2060,2996
2060,3138
2060,3173
2060,3360
2060,3387
2060,3450
2061,2479
2061,3138
2062,2219
2062,2275
2062,2317
2062,2454
2062,2503
2062,2539
2062,2607
2062,2695
2062,2708
2062,2773
2062,2819
2062,3021
2062,3082
2062,3103
2062,3243
2062,3452
2062,3473
2063,2247
2063,2532
2063,2547
2063,2679
2063,2899
2063,3167
2064,2065
2064,2068
2064,2070
2064,2071
2064,2081
2064,2082
2064,2111
2064,2260
2064,2270
2064,2288
2064,2309
2064,2327
2064,2328
2064,2330
2064,2333
2064,2335
2064,2340
2064,2345
2064,2379
2064,2380
2064,2392
2064,2397
2064,2398
2064,2425
2064,2426
2064,2535
2064,2536
2064,2539
2064,2543
2064,2544
2064,2551
2064,2562
2064,2564
2064,2565
2064,2579
2064,2580
2064,2608
2064,2651
2064,2660
2064,2663
2064,2664
2064,2666
2064,2673
2064,2678
2064,2689
2064,2690
2064,2692
2064,2697
2064,2709
2064,2722
2064,2744
2064,2747
2064,2767
2064,2772
2064,2781
2064,2787
2064,2807
2064,2939
2064,2964
2064,2977
2064,3003
2064,3004
2064,3012
2064,3037
2064,3099
2064,3101
2064,3138
2064,3144
2064,3152
2064,3153
2064,3156
2064,3158
2064,3166
2064,3168
2064,3176
2064,3178
2064,3190
2064,3206
2064,3211
2064,3223
2064,3236
2064,3237
2064,3242
2064,3248
2064,3250
2064,3252
2064,3253
2064,3254
2064,3255
2064,3257
2064,3295
2064,3348
2064,3368
2064,3453
2064,3454
2064,3456
2064,3462
2064,3468
2064,3470
2065,2068
2065,2070
2065,2071
2065,2082
2065,2111
2065,2270
2065,2288
2065,2309
2065,2327
2065,2328
2065,2330
2065,2333
2065,2345
2065,2379
2065,2392
2065,2397
2065,2398
2065,2425
2065,2426
2065,2535
2065,2536
2065,2543
2065,2544
2065,2551
2065,2564
2065,2579
2065,2600
2065,2608
2065,2640
2065,2648
2065,2651
2065,2660
2065,2666
2065,2673
2065,2678
2065,2689
2065,2690
2065,2692
2065,2697
2065,2709
2065,2722
2065,2742
2065,2744
2065,2767
2065,2772
2065,2781
2065,2787
2065,2816
2065,2939
2065,2958
2065,2964
2065,2985
2065,2996
2065,3003
2065,3024
2065,3037
2065,3099
2065,3101
2065,3114
2065,3138
2065,3144
2065,3152
2065,3153
2065,3156
2065,3166
2065,3168
2065,3169
2065,3176
2065,3178
2065,3206
2065,3211
2065,3234
2065,3236
2065,3248
2065,3250
2065,3252
2065,3253
2065,3254
2065,3255
2065,3257
2065,3295
2065,3336
2065,3348
2065,3368
2065,3453
2065,3456
2065,3462
2065,3468
2065,3470
2066,2343
2067,3138
2068,2070
2068,2081
2068,2082
2068,2111
2068,2260
2068,2309
2068,2328
2068,2330
2068,2333
2068,2335
2068,2340
2068,2345
2068,2379
2068,2380
2068,2392
2068,2397
2068,2425
2068,2426
2068,2535
2068,2536
2068,2551
2068,2564
2068,2579
2068,2580
2068,2600
2068,2608
2068,2640
2068,2648
2068,2663
2068,2664
2068,2666
2068,2673
2068,2689
2068,2690
2068,2692
2068,2697
2068,2709
2068,2722
2068,2747
2068,2767
2068,2772
2068,2781
2068,2787
2068,2807
2068,2816
2068,2819
2068,2939
2068,2958
2068,2964
2068,2977
2068,2985
2068,2996
2068,3003
2068,3004
2068,3012
2068,3016
2068,3024
2068,3037
2068,3039
2068,3099
2068,3101
2068,3114
2068,3138
2068,3144
2068,3153
2068,3156
2068,3158
2068,3166
2068,3168
2068,3169
2068,3176
2068,3178
2068,3190
2068,3206
2068,3211
2068,3222
2068,3223
2068,3234
2068,3236
2068,3242
2068,3252
2068,3253
2068,3254
2068,3255
2068,3257
2068,3295
2068,3336
2068,3348
2068,3353
2068,3368
2068,3454
2068,3456
2068,3462
2068,3468
2070,2071
2070,2081
2070,2082
2070,2111
2070,2260
2070,2270
2070,2288
2070,2309
2070,2327
2070,2330
2070,2333
2070,2335
2070,2345
2070,2379
2070,2380
2070,2392
2070,2397
2070,2398
2070,2425
2070,2426
2070,2535
2070,2536
2070,2551
2070,2562
2070,2564
2070,2579
2070,2580
2070,2600
2070,2608
2070,2640
2070,2651
2070,2660
2070,2663
2070,2664
2070,2666
2070,2673
2070,2678
2070,2689
2070,2690
2070,2692
2070,2697
2070,2709
2070,2722
2070,2744
2070,2767
2070,2772
2070,2787
2070,2939
2070,2958
2070,2985
2070,3003
2070,3004
2070,3024
2070,3039
2070,3099
2070,3114
2070,3153
2070,3168
2070,3169
2070,3176
2070,3178
2070,3190
2070,3206
2070,3211
2070,3222
2070,3234
2070,3236
2070,3237
2070,3242
2070,3248
2070,3250
2070,3252
2070,3254
2070,3255
2070,3257
2070,3295
2070,3336
2070,3348
2070,3353
2070,3368
2070,3454
2070,3462
2070,3468
2071,2081
2071,2082
2071,2111
2071,2260
2071,2270
2071,2288
2071,2309
2071,2327
2071,2328
2071,2330
2071,2333
2071,2335
2071,2380
2071,2392
2071,2425
2071,2426
2071,2535
2071,2536
2071,2551
2071,2564
2071,2565
2071,2579
2071,2580
2071,2600
2071,2608
2071,2648
2071,2651
2071,2660
2071,2664
2071,2666
2071,2673
2071,2678
2071,2689
2071,2690
2071,2697
2071,2709
2071,2722
2071,2744
2071,2747
2071,2767
2071,2781
2071,2787
2071,2816
2071,2939
2071,2958
2071,2964
2071,2985
2071,2996
2071,3003
2071,3004
2071,3012
2071,3016
2071,3037
2071,3039
2071,3101
2071,3114
2071,3138
2071,3156
2071,3166
2071,3168
2071,3169
2071,3176
2071,3178
2071,3190
2071,3206
2071,3211
2071,3222
2071,3223
2071,3234
2071,3236
2071,3237
2071,3248
2071,3252
2071,3253
2071,3255
2071,3295
2071,3336
2071,3348
2071,3353
2071,3368
2071,3453
2071,3456
2071,3462
2071,3468
2071,3470
2072,3138
2073,2539
2074,2539
2074,2819
2074,3138
2075,2539
2076,2307
2076,2479
2076,2629
2076,2675
2076,2757
2077,3121
2078,2539
2079,2232
2079,2234
2079,2247
2079,2249
2079,2290
2079,2392
2079,2539
2079,2557
2079,2638
2079,2679
2079,2801
2079,2809
2079,2819
2079,2857
2079,2904
2079,2950
2079,2953
2079,3074
2079,3077
2079,3167
2079,3202
2079,3337
2079,3371
2079,3399
2080,2081
2080,2082
2080,2115
2080,2122
2080,2144
2080,2158
2080,2227
2080,2228
2080,2231
2080,2238
2080,2239
2080,2317
2080,2390
2080,2392
2080,2458
2080,2470
2080,2529
2080,2539
2080,2552
2080,2558
2080,2610
2080,2621
2080,2638
2080,2667
2080,2706
2080,2740
2080,2769
2080,2801
2080,2802
2080,2809
2080,2819
2080,2871
2080,2874
2080,2879
2080,2882
2080,2952
2080,2996
2080,3039
2080,3074
2080,3078
2080,3115
2080,3138
2080,3140
2080,3166
2080,3172
2080,3176
2080,3225
2080,3240
2080,3247
2080,3299
2080,3304
2080,3342
2080,3356
2080,3369
2080,3370
2080,3371
2080,3377
2080,3466
2080,3468
2081,2082
2081,2111
2081,2115
2081,2227
2081,2228
2081,2231
2081,2239
2081,2260
2081,2270
2081,2288
2081,2317
2081,2327
2081,2328
2081,2330
2081,2333
2081,2335
2081,2340
2081,2345
2081,2379
2081,2380
2081,2392
2081,2397
2081,2398
2081,2425
2081,2426
2081,2529
2081,2535
2081,2536
2081,2543
2081,2544
2081,2552
2081,2558
2081,2562
2081,2564
2081,2565
2081,2579
2081,2580
2081,2600
2081,2608
2081,2610
2081,2621
2081,2638
2081,2640
2081,2648
2081,2660
2081,2663
2081,2666
2081,2667
2081,2673
2081,2678
2081,2689
2081,2690
2081,2692
2081,2706
2081,2709
2081,2722
2081,2740
2081,2742
2081,2744
2081,2747
2081,2772
2081,2781
2081,2787
2081,2801
2081,2807
2081,2816
2081,2819
2081,2939
2081,2964
2081,2977
2081,2996
2081,3003
2081,3004
2081,3012
2081,3016
2081,3024
2081,3037
2081,3039
2081,3099
2081,3101
2081,3114
2081,3115
2081,3138
2081,3140
2081,3152
2081,3153
2081,3156
2081,3158
2081,3166
2081,3168
2081,3169
2081,3172
2081,3176
2081,3190
2081,3206
2081,3211
2081,3222
2081,3223
2081,3225
2081,3234
2081,3236
2081,3237
2081,3240
2081,3242
2081,3247
2081,3248
2081,3250
2081,3252
2081,3253
2081,3254
2081,3255
2081,3257
2081,3295
2081,3299
2081,3336
2081,3342
2081,3348
2081,3353
2081,3356
2081,3368
2081,3369
2081,3371
2081,3377
2081,3453
2081,3454
2081,3456
2081,3462
2081,3466
2081,3468
2081,3470
2082,2111
2082,2115
2082,2227
2082,2228
2082,2231
2082,2239
2082,2260
2082,2270
2082,2288
2082,2309
2082,2317
2082,2327
2082,2328
2082,2330
2082,2333
2082,2335
2082,2340
2082,2345
2082,2379
2082,2392
2082,2397
2082,2398
2082,2425
2082,2426
2082,2529
2082,2535
2082,2536
2082,2543
2082,2544
2082,2551
2082,2552
2082,2558
2082,2562
2082,2564
2082,2565
2082,2579
2082,2580
2082,2600
2082,2608
2082,2610
2082,2621
2082,2638
2082,2640
2082,2648
2082,2651
2082,2660
2082,2664
2082,2666
2082,2667
2082,2673
2082,2678
2082,2689
2082,2690
2082,2692
2082,2697
2082,2706
2082,2709
2082,2722
2082,2740
2082,2742
2082,2744
2082,2747
2082,2767
2082,2772
2082,2781
2082,2787
2082,2801
2082,2807
2082,2816
2082,2819
2082,2939
2082,2958
2082,2964
2082,2977
2082,2985
2082,2996
2082,3003
2082,3004
2082,3012
2082,3016
2082,3024
2082,3037
2082,3039
2082,3099
2082,3101
2082,3114
2082,3115
2082,3138
2082,3140
2082,3144
2082,3152
2082,3153
2082,3156
2082,3158
2082,3166
2082,3168
2082,3169
2082,3172
2082,3176
2082,3178
2082,3190
2082,3206
2082,3211
2082,3222
2082,3223
2082,3225
2082,3234
2082,3236
2082,3237
2082,3240
2082,3242
2082,3247
2082,3250
2082,3252
2082,3253
2082,3254
2082,3255
2082,3257
2082,3295
2082,3299
2082,3336
2082,3342
2082,3348
2082,3353
2082,3356
2082,3368
2082,3369
2082,3371
2082,3377
2082,3453
2082,3454
2082,3462
2082,3466
2082,3468
2082,3470
2083,3138
2085,2819
2087,3138
2088,2819
2089,2539
2090,2479
2090,2819
2090,3138
2091,2607
2092,2219
2092,2247
2092,2249
2092,2275
2092,2317
2092,2454
2092,2503
2092,2539
2092,2607
2092,2673
2092,2695
2092,2708
2092,2773
2092,2819
2092,3021
2092,3393
2092,3473
2093,3138
2094,3138
2095,2219
2095,2607
2096,3138
2098,2479
2098,2539
2098,3138
2099,2539
2099,2819
2100,2539
2101,3138
2102,3138
2103,2819
2104,2819
2105,3138
2106,3138
2107,3138
2108,2539
2109,2819
2110,2383
2110,2539
2110,2960
2110,3040
2110,3138
2110,3227
2111,2260
2111,2270
2111,2288
2111,2309
2111,2327
2111,2328
2111,2330
2111,2333
2111,2335
2111,2340
2111,2379
2111,2380
2111,2392
2111,2397
2111,2398
2111,2425
2111,2426
2111,2535
2111,2536
2111,2539
2111,2544
2111,2551
2111,2562
2111,2564
2111,2565
2111,2579
2111,2580
2111,2600
2111,2608
2111,2640
2111,2648
2111,2651
2111,2660
2111,2663
2111,2666
2111,2673
2111,2678
2111,2690
2111,2692
2111,2697
2111,2709
2111,2722
2111,2742
2111,2744
2111,2747
2111,2772
2111,2781
2111,2787
2111,2807
2111,2816
2111,2939
2111,2958
2111,2964
2111,2977
2111,2996
2111,3003
2111,3004
2111,3012
2111,3016
2111,3024
2111,3037
2111,3039
2111,3099
2111,3101
2111,3114
2111,3138
2111,3144
2111,3152
2111,3153
2111,3156
2111,3158
2111,3166
2111,3168
2111,3169
2111,3176
2111,3178
2111,3190
2111,3206
2111,3211
2111,3223
2111,3234
2111,3236
2111,3237
2111,3242
2111,3248
2111,3250
2111,3252
2111,3253
2111,3255
2111,3257
2111,3295
2111,3336
2111,3348
2111,3353
2111,3368
2111,3454
2111,3456
2111,3462
2111,3468
2112,3138
2113,3138
2114,3138
2115,2227
2115,2228
2115,2231
2115,2238
2115,2239
2115,2317
2115,2529
2115,2552
2115,2558
2115,2610
2115,2621
2115,2638
2115,2667
2115,2706
2115,2740
2115,2801
2115,2819
2115,2996
2115,3039
2115,3115
2115,3138
2115,3140
2115,3166
2115,3172
2115,3176
2115,3225
2115,3240
2115,3247
2115,3299
2115,3342
2115,3356
2115,3369
2115,3371
2115,3377
2115,3466
2115,3468
2116,2539
2117,2539
2118,2819
2121,2130
2121,2458
2121,2468
2121,2679
2121,2878
2121,2900
2121,3088
2121,3209
2122,2802
2122,2952
2122,3167
2122,3224
2123,2539
2123,2819
2124,2819
2126,2819
2127,2819
2128,2819
2129,2195
2129,2458
2129,2468
2129,2470
2129,2532
2129,2679
2129,2878
2129,2900
2129,2952
2129,3088
2129,3114
2130,2144
2130,2309
2130,2362
2130,2390
2130,2468
2130,2470
2130,2592
2130,2649
2130,2679
2130,2741
2130,2819
2130,2874
2130,2952
2130,3088
2130,3167
2130,3209
2130,3438
2131,2819
2132,2819
2134,2819
2135,2819
2137,2819
2138,2819
2139,2197
2139,2514
2139,2819
2139,3370
2140,2819
2141,2819
2142,2819
2143,2539
2144,2147
2144,2158
2144,2185
2144,2362
2144,2638
2144,2802
2144,2871
2144,2874
2144,2879
2144,2952
2145,2539
2146,2819
2147,2158
2147,2323
2147,2470
2147,2592
2147,2638
2147,2802
2147,2874
2147,2879
2147,3379
2147,3438
2148,2539
2150,2819
2152,2479
2153,2819
2155,2539
2155,2819
2156,2819
2158,2185
2158,2470
2158,2592
2158,2638
2158,2802
2158,2874
2158,2879
2158,2952
2158,3379
2158,3438
2160,2819
2163,2819
2166,2819
2169,2819
2170,2819
2172,2539
2172,2819
2173,2819
2178,2819
2179,2819
2182,2819
2184,2819
2185,2362
2185,2592
2185,2819
2185,2874
2185,2879
2186,2819
2187,2819
2189,2819
2190,2819
2191,2819
2194,2819
2195,2668
2195,2715
2195,2819
2195,3209
2195,3490
2197,2819
2198,2819
2199,2819
2201,2819
2203,2819
2205,2819
2207,2819
2209,2819
2212,3121
2213,2539
2214,2539
2216,2819
2216,3138
2217,3138
2218,2539
2218,2819
2219,2225
2219,2226
2219,2249
2219,2267
2219,2275
2219,2307
2219,2313
2219,2316
2219,2317
2219,2327
2219,2404
2219,2407
2219,2454
2219,2503
2219,2569
2219,2607
2219,2673
2219,2675
2219,2695
2219,2708
2219,2710
2219,2757
2219,2773
2219,2999
2219,3021
2219,3082
2219,3103
2219,3161
2219,3174
2219,3243
2219,3249
2219,3360
2219,3393
2219,3470
2219,3473
2220,3138
2221,3138
2222,2539
2223,2539
2223,3138
2224,2539
2225,2607
2225,2695
2226,2607
2227,2228
2227,2231
2227,2238
2227,2239
2227,2317
2227,2529
2227,2552
2227,2558
2227,2610
2227,2621
2227,2638
2227,2667
2227,2706
2227,2740
2227,2801
2227,2819
2227,2996
2227,3039
2227,3115
2227,3138
2227,3140
2227,3166
2227,3172
2227,3176
2227,3225
2227,3240
2227,3247
2227,3299
2227,3342
2227,3356
2227,3369
2227,3371
2227,3377
2227,3466
2227,3468
2228,2231
2228,2238
2228,2239
2228,2317
2228,2529
2228,2552
2228,2558
2228,2610
2228,2621
2228,2638
2228,2667
2228,2706
2228,2740
2228,2801
2228,2819
2228,3115
2228,3140
2228,3166
2228,3172
2228,3176
2228,3225
2228,3240
2228,3247
2228,3299
2228,3342
2228,3356
2228,3369
2228,3371
2228,3377
2228,3466
2229,2819
2230,2539
2231,2237
2231,2238
2231,2239
2231,2317
2231,2529
2231,2552
2231,2558
2231,2610
2231,2621
2231,2638
2231,2667
2231,2706
2231,2740
2231,2801
2231,2819
2231,2996
2231,3039
2231,3115
2231,3138
2231,3140
2231,3166
2231,3172
2231,3176
2231,3225
2231,3240
2231,3247
2231,3299
2231,3342
2231,3369
2231,3371
2231,3377
2231,3466
2231,3468
2232,2234
2232,2247
2232,2249
2232,2290
2232,2324
2232,2385
2232,2539
2232,2557
2232,2679
2232,2801
2232,2819
2232,2858
2232,2953
2232,3138
2232,3167
2232,3371
2233,3138
2234,2249
2234,2539
2234,2557
2234,3202
2234,3363
2234,3371
2234,3412
2235,2819
2236,2479
2238,2239
2238,2317
2238,2529
2238,2552
2238,2558
2238,2610
2238,2621
2238,2638
2238,2667
2238,2706
2238,2740
2238,2801
2238,2819
2238,3115
2238,3140
2238,3172
2238,3225
2238,3240
2238,3247
2238,3299
2238,3342
2238,3356
2238,3369
2238,3371
2238,3377
2238,3466
2239,2317
2239,2529
2239,2552
2239,2558
2239,2610
2239,2621
2239,2638
2239,2667
2239,2706
2239,2740
2239,2801
2239,2819
2239,2996
2239,3039
2239,3115
2239,3138
2239,3140
2239,3166
2239,3172
2239,3176
2239,3225
2239,3240
2239,3247
2239,3299
2239,3342
2239,3356
2239,3369
2239,3371
2239,3377
2239,3466
2239,3468
2240,2539
2240,2819
2240,3138
2242,2289
2242,2348
2242,2377
2242,2453
2242,2533
2242,2593
2242,2819
2242,2931
2242,3122
2242,3138
2242,3233
2242,3386
2244,2539
2244,2819
2245,3138
2246,3138
2247,2249
2247,2275
2247,2307
2247,2385
2247,2454
2247,2607
2247,2673
2247,2675
2247,2679
2247,2695
2247,2708
2247,2710
2247,2757
2247,2773
2247,3082
2247,3103
2247,3167
2247,3243
2247,3376
2247,3393
2247,3452
2247,3473
2248,2539
2249,2275
2249,2290
2249,2317
2249,2324
2249,2385
2249,2454
2249,2477
2249,2516
2249,2557
2249,2629
2249,2638
2249,2679
2249,2708
2249,2710
2249,2773
2249,2801
2249,2819
2249,2857
2249,2904
2249,2953
2249,3082
2249,3083
2249,3103
2249,3167
2249,3233
2249,3371
2249,3393
2249,3412
2249,3438
2249,3452
2250,3138
2251,2819
2252,3138
2253,2819
2254,2539
2255,2539
2257,2539
2258,3138
2259,3138
2260,2270
2260,2288
2260,2309
2260,2327
2260,2328
2260,2330
2260,2333
2260,2335
2260,2340
2260,2345
2260,2379
2260,2380
2260,2392
2260,2397
2260,2398
2260,2425
2260,2535
2260,2543
2260,2544
2260,2551
2260,2562
2260,2565
2260,2579
2260,2580
2260,2600
2260,2608
2260,2640
2260,2648
2260,2651
2260,2660
2260,2663
2260,2666
2260,2673
2260,2678
2260,2689
2260,2692
2260,2697
2260,2722
2260,2742
2260,2744
2260,2747
2260,2767
2260,2772
2260,2781
2260,2787
2260,2807
2260,2816
2260,2939
2260,2958
2260,2977
2260,2985
2260,2996
2260,3003
2260,3004
2260,3012
2260,3016
2260,3024
2260,3037
2260,3039
2260,3099
2260,3101
2260,3114
2260,3138
2260,3144
2260,3152
2260,3153
2260,3156
2260,3158
2260,3166
2260,3168
2260,3169
2260,3176
2260,3178
2260,3190
2260,3206
2260,3211
2260,3222
2260,3223
2260,3234
2260,3236
2260,3237
2260,3242
2260,3250
2260,3252
2260,3253
2260,3254
2260,3255
2260,3257
2260,3295
2260,3348
2260,3353
2260,3368
2260,3453
2260,3454
2260,3462
2260,3468
2260,3470
2261,3138
2262,3138
2264,2479
2265,3138
2266,3138
2267,3138
2268,3138
2269,3138
2270,2288
2270,2309
2270,2327
2270,2328
2270,2330
2270,2333
2270,2335
2270,2379
2270,2380
2270,2392
2270,2397
2270,2425
2270,2535
2270,2536
2270,2543
2270,2544
2270,2551
2270,2562
2270,2564
2270,2580
2270,2608
2270,2640
2270,2648
2270,2651
2270,2659
2270,2663
2270,2664
2270,2666
2270,2673
2270,2678
2270,2690
2270,2692
2270,2697
2270,2709
2270,2722
2270,2742
2270,2744
2270,2747
2270,2767
2270,2772
2270,2781
2270,2787
2270,2816
2270,2819
2270,2939
2270,2958
2270,2964
2270,2985
2270,2996
2270,3004
2270,3012
2270,3016
2270,3024
2270,3037
2270,3039
2270,3099
2270,3101
2270,3114
2270,3138
2270,3144
2270,3153
2270,3158
2270,3168
2270,3176
2270,3190
2270,3211
2270,3222
2270,3223
2270,3234
2270,3236
2270,3248
2270,3250
2270,3252
2270,3253
2270,3254
2270,3255
2270,3257
2270,3295
2270,3353
2270,3368
2270,3453
2270,3454
2270,3462
2270,3468
2270,3470
2271,3138
2272,2819
2273,2659
2274,2539
2275,2317
2275,2454
2275,2503
2275,2539
2275,2607
2275,2673
2275,2695
2275,2708
2275,2710
2275,2773
2275,2819
2275,3021
2275,3138
2275,3243
2275,3393
2275,3452
2275,3473
2276,2539
2278,3138
2279,2819
2280,2819
2281,2539
2283,2479
2284,2819
2285,3138
2286,3138
2287,2479
2287,3138
2288,2309
2288,2327
2288,2328
2288,2333
2288,2335
2288,2340
2288,2345
2288,2379
2288,2380
2288,2392
2288,2397
2288,2398
2288,2425
2288,2426
2288,2535
2288,2536
2288,2539
2288,2543
2288,2544
2288,2551
2288,2562
2288,2564
2288,2565
2288,2579
2288,2580
2288,2648
2288,2651
2288,2660
2288,2664
2288,2673
2288,2689
2288,2690
2288,2692
2288,2697
2288,2709
2288,2722
2288,2742
2288,2747
2288,2767
2288,2781
2288,2787
2288,2807
2288,2816
2288,2939
2288,2958
2288,2977
2288,2985
2288,3004
2288,3012
2288,3024
2288,3037
2288,3039
2288,3099
2288,3101
2288,3114
2288,3138
2288,3144
2288,3166
2288,3169
2288,3176
2288,3178
2288,3190
2288,3206
2288,3211
2288,3222
2288,3223
2288,3234
2288,3236
2288,3242
2288,3248
2288,3250
2288,3252
2288,3254
2288,3255
2288,3257
2288,3295
2288,3336
2288,3348
2288,3353
2288,3368
2288,3456
2288,3462
2288,3468
2289,2317
2289,2348
2289,2377
2289,2408
2289,2453
2289,2480
2289,2529
2289,2533
2289,2593
2289,2726
2289,2769
2289,2819
2289,2840
2289,2848
2289,2856
2289,2931
2289,2996
2289,3122
2289,3138
2289,3230
2289,3233
2289,3297
2289,3357
2289,3374
2289,3386
2289,3411
2289,3450
2290,2370
2290,2385
2290,2547
2290,2557
2290,2801
2290,2857
2290,2858
2290,2953
2290,3202
2290,3225
2290,3363
2290,3371
2292,3138
2293,2539
2294,2539
2295,2819
2296,3138
2297,3138
2298,2819
2299,3138
2300,3138
2301,2539
2301,2819
2302,2539
2302,2819
2303,3138
2304,2539
2304,3138
2306,3138
2307,2539
2307,2607
2307,2953
2307,3233
2307,3455
2308,3138
2309,2327
2309,2333
2309,2335
2309,2340
2309,2345
2309,2379
2309,2380
2309,2392
2309,2397
2309,2398
2309,2425
2309,2426
2309,2468
2309,2535
2309,2536
2309,2539
2309,2543
2309,2544
2309,2551
2309,2562
2309,2564
2309,2580
2309,2600
2309,2608
2309,2648
2309,2649
2309,2650
2309,2660
2309,2663
2309,2664
2309,2666
2309,2673
2309,2678
2309,2689
2309,2690
2309,2692
2309,2697
2309,2709
2309,2722
2309,2742
2309,2744
2309,2747
2309,2767
2309,2772
2309,2781
2309,2787
2309,2807
2309,2819
2309,2939
2309,2952
2309,2953
2309,2958
2309,2964
2309,2977
2309,2985
2309,2996
2309,3004
2309,3012
2309,3016
2309,3024
2309,3037
2309,3039
2309,3088
2309,3099
2309,3101
2309,3114
2309,3138
2309,3144
2309,3152
2309,3153
2309,3156
2309,3158
2309,3166
2309,3167
2309,3168
2309,3169
2309,3176
2309,3178
2309,3190
2309,3206
2309,3211
2309,3222
2309,3223
2309,3234
2309,3236
2309,3237
2309,3242
2309,3248
2309,3250
2309,3252
2309,3253
2309,3254
2309,3255
2309,3257
2309,3295
2309,3336
2309,3348
2309,3353
2309,3368
2309,3376
2309,3453
2309,3454
2309,3456
2309,3462
2309,3470
2311,3138
2312,3138
2313,2539
2313,2607
2313,2695
2314,2819
2314,3138
2315,3138
2316,2539
2316,2607
2316,2695
2317,2348
2317,2377
2317,2453
2317,2454
2317,2503
2317,2529
2317,2533
2317,2552
2317,2558
2317,2593
2317,2607
2317,2610
2317,2621
2317,2638
2317,2667
2317,2673
2317,2706
2317,2710
2317,2740
2317,2773
2317,2801
2317,2819
2317,2931
2317,2996
2317,3021
2317,3039
2317,3082
2317,3103
2317,3115
2317,3122
2317,3138
2317,3140
2317,3166
2317,3172
2317,3176
2317,3225
2317,3233
2317,3240
2317,3247
2317,3299
2317,3342
2317,3356
2317,3369
2317,3371
2317,3377
2317,3386
2317,3393
2317,3452
2317,3466
2317,3473
2318,2819
2319,3138
2320,2819
2320,3138
2321,3138
2323,2362
2323,2390
2323,2539
2323,2557
2323,2819
2323,2857
2323,2871
2323,3202
2323,3363
2323,3379
2323,3438
2324,2539
2324,2557
2324,2679
2324,2801
2324,3363
2324,3412
2326,2539
2327,2330
2327,2333
2327,2335
2327,2340
2327,2345
2327,2379
2327,2380
2327,2392
2327,2397
2327,2425
2327,2535
2327,2536
2327,2543
2327,2544
2327,2551
2327,2564
2327,2579
2327,2580
2327,2600
2327,2607
2327,2608
2327,2648
2327,2651
2327,2660
2327,2663
2327,2664
2327,2673
2327,2678
2327,2689
2327,2690
2327,2697
2327,2709
2327,2722
2327,2742
2327,2744
2327,2747
2327,2767
2327,2772
2327,2781
2327,2807
2327,2939
2327,2958
2327,2964
2327,2977
2327,2985
2327,3012
2327,3016
2327,3037
2327,3039
2327,3101
2327,3114
2327,3138
2327,3144
2327,3153
2327,3156
2327,3158
2327,3166
2327,3168
2327,3176
2327,3178
2327,3190
2327,3206
2327,3211
2327,3223
2327,3234
2327,3236
2327,3237
2327,3242
2327,3248
2327,3250
2327,3253
2327,3254
2327,3255
2327,3257
2327,3295
2327,3336
2327,3353
2327,3453
2327,3454
2327,3456
2327,3462
2327,3468
2328,2330
2328,2333
2328,2335
2328,2345
2328,2379
2328,2380
2328,2392
2328,2397
2328,2398
2328,2425
2328,2426
2328,2535
2328,2536
2328,2539
2328,2543
2328,2544
2328,2551
2328,2562
2328,2564
2328,2565
2328,2579
2328,2580
2328,2600
2328,2608
2328,2640
2328,2648
2328,2651
2328,2660
2328,2663
2328,2664
2328,2666
2328,2678
2328,2689
2328,2690
2328,2692
2328,2697
2328,2709
2328,2722
2328,2742
2328,2744
2328,2767
2328,2772
2328,2781
2328,2787
2328,2807
2328,2939
2328,2958
2328,2964
2328,2977
2328,2985
2328,2996
2328,3003
2328,3004
2328,3012
2328,3016
2328,3024
2328,3037
2328,3039
2328,3099
2328,3101
2328,3138
2328,3144
2328,3152
2328,3156
2328,3166
2328,3168
2328,3169
2328,3176
2328,3178
2328,3190
2328,3206
2328,3211
2328,3222
2328,3223
2328,3234
2328,3236
2328,3237
2328,3242
2328,3248
2328,3250
2328,3252
2328,3253
2328,3254
2328,3255
2328,3295
2328,3336
2328,3348
2328,3353
2328,3368
2328,3453
2328,3454
2328,3456
2328,3462
2328,3468
2328,3470
2329,3138
2330,2333
2330,2335
2330,2340
2330,2345
2330,2379
2330,2380
2330,2392
2330,2397
2330,2398
2330,2425
2330,2426
2330,2535
2330,2536
2330,2543
2330,2544
2330,2551
2330,2562
2330,2564
2330,2565
2330,2579
2330,2580
2330,2600
2330,2608
2330,2640
2330,2648
2330,2651
2330,2660
2330,2663
2330,2664
2330,2666
2330,2673
2330,2678
2330,2689
2330,2690
2330,2692
2330,2697
2330,2709
2330,2742
2330,2744
2330,2747
2330,2767
2330,2772
2330,2781
2330,2787
2330,2807
2330,2816
2330,2819
2330,2939
2330,2958
2330,2964
2330,2977
2330,2985
2330,2996
2330,3003
2330,3004
2330,3012
2330,3016
2330,3024
2330,3037
2330,3039
2330,3099
2330,3101
2330,3114
2330,3138
2330,3144
2330,3152
2330,3153
2330,3156
2330,3158
2330,3166
2330,3168
2330,3169
2330,3176
2330,3178
2330,3190
2330,3206
2330,3211
2330,3222
2330,3234
2330,3236
2330,3242
2330,3248
2330,3250
2330,3252
2330,3253
2330,3255
2330,3257
2330,3295
2330,3336
2330,3368
2330,3453
2330,3454
2330,3456
2330,3462
2330,3468
2330,3470
2331,2539
2332,3138
2333,2335
2333,2340
2333,2345
2333,2379
2333,2380
2333,2392
2333,2397
2333,2398
2333,2425
2333,2426
2333,2535
2333,2536
2333,2543
2333,2544
2333,2551
2333,2562
2333,2564
2333,2565
2333,2579
2333,2580
2333,2600
2333,2608
2333,2640
2333,2648
2333,2651
2333,2660
2333,2663
2333,2664
2333,2666
2333,2673
2333,2689
2333,2690
2333,2692
2333,2697
2333,2709
2333,2722
2333,2742
2333,2744
2333,2747
2333,2767
2333,2772
2333,2781
2333,2787
2333,2807
2333,2816
2333,2939
2333,2958
2333,2964
2333,2977
2333,2985
2333,2996
2333,3003
2333,3004
2333,3012
2333,3016
2333,3024
2333,3037
2333,3039
2333,3099
2333,3101
2333,3114
2333,3138
2333,3144
2333,3152
2333,3153
2333,3156
2333,3158
2333,3166
2333,3168
2333,3169
2333,3178
2333,3190
2333,3206
2333,3211
2333,3222
2333,3223
2333,3236
2333,3237
2333,3242
2333,3248
2333,3250
2333,3252
2333,3253
2333,3254
2333,3255
2333,3257
2333,3295
2333,3336
2333,3348
2333,3353
2333,3368
2333,3453
2333,3454
2333,3456
2333,3462
2333,3468
2333,3470
2334,2539
2335,2340
2335,2380
2335,2392
2335,2425
2335,2426
2335,2535
2335,2536
2335,2544
2335,2551
2335,2562
2335,2564
2335,2565
2335,2600
2335,2608
2335,2640
2335,2648
2335,2651
2335,2660
2335,2663
2335,2666
2335,2673
2335,2678
2335,2689
2335,2690
2335,2692
2335,2697
2335,2709
2335,2742
2335,2747
2335,2767
2335,2772
2335,2781
2335,2807
2335,2816
2335,2939
2335,2958
2335,2985
2335,3003
2335,3024
2335,3037
2335,3039
2335,3099
2335,3101
2335,3114
2335,3138
2335,3144
2335,3152
2335,3153
2335,3156
2335,3166
2335,3168
2335,3176
2335,3190
2335,3206
2335,3211
2335,3222
2335,3223
2335,3234
2335,3236
2335,3237
2335,3242
2335,3248
2335,3250
2335,3253
2335,3254
2335,3255
2335,3257
2335,3295
2335,3336
2335,3348
2335,3353
2335,3368
2335,3453
2335,3454
2335,3456
2335,3462
2335,3468
2335,3470
2336,2819
2337,3138
2338,2539
2338,2819
2338,3138
2339,3138
2340,2345
2340,2379
2340,2380
2340,2392
2340,2398
2340,2425
2340,2426
2340,2535
2340,2536
2340,2543
2340,2544
2340,2551
2340,2562
2340,2564
2340,2565
2340,2600
2340,2608
2340,2640
2340,2648
2340,2651
2340,2660
2340,2663
2340,2666
2340,2673
2340,2678
2340,2689
2340,2690
2340,2697
2340,2709
2340,2742
2340,2744
2340,2767
2340,2772
2340,2781
2340,2807
2340,2816
2340,2939
2340,2977
2340,2985
2340,2996
2340,3004
2340,3016
2340,3037
2340,3039
2340,3099
2340,3101
2340,3114
2340,3138
2340,3144
2340,3152
2340,3153
2340,3156
2340,3158
2340,3176
2340,3190
2340,3206
2340,3211
2340,3222
2340,3234
2340,3236
2340,3237
2340,3242
2340,3248
2340,3250
2340,3252
2340,3254
2340,3255
2340,3257
2340,3295
2340,3336
2340,3348
2340,3353
2340,3368
2340,3453
2340,3456
2340,3462
2340,3468
2340,3470
2341,3138
2343,2359
2343,2437
2343,2479
2343,2533
2343,2539
2343,3457
2344,3138
2345,2379
2345,2380
2345,2392
2345,2397
2345,2398
2345,2425
2345,2426
2345,2535
2345,2536
2345,2543
2345,2544
2345,2551
2345,2562
2345,2564
2345,2565
2345,2579
2345,2580
2345,2600
2345,2640
2345,2648
2345,2651
2345,2660
2345,2663
2345,2664
2345,2666
2345,2673
2345,2689
2345,2690
2345,2692
2345,2697
2345,2709
2345,2722
2345,2742
2345,2747
2345,2767
2345,2772
2345,2781
2345,2787
2345,2816
2345,2939
2345,2958
2345,2964
2345,2977
2345,2985
2345,3012
2345,3016
2345,3037
2345,3099
2345,3101
2345,3114
2345,3138
2345,3144
2345,3152
2345,3153
2345,3156
2345,3166
2345,3168
2345,3169
2345,3176
2345,3178
2345,3206
2345,3211
2345,3236
2345,3237
2345,3248
2345,3250
2345,3252
2345,3253
2345,3254
2345,3255
2345,3257
2345,3295
2345,3368
2345,3454
2345,3456
2345,3462
2345,3468
2345,3470
2346,3138
2347,2539
2347,2668
2347,3138
2347,3233
2348,2377
2348,2408
2348,2453
2348,2480
2348,2529
2348,2533
2348,2593
2348,2726
2348,2769
2348,2840
2348,2848
2348,2856
2348,2931
2348,2996
2348,3122
2348,3138
2348,3230
2348,3233
2348,3297
2348,3357
2348,3374
2348,3386
2348,3411
2348,3450
2349,2539
2349,3138
2350,3138
2351,2539
2352,3138
2353,2819
2354,2539
2355,3138
2356,2539
2356,2819
2356,3138
2357,3138
2358,3138
2359,2437
2359,2533
2359,3074
2359,3077
2360,2539
2360,3138
2361,2819
2362,2514
2362,2539
2362,2592
2362,2802
2362,3379
2362,3438
2363,2819
2363,3138
2364,2539
2365,3138
2367,2539
2369,3138
2370,2539
2370,2557
2370,2593
2370,2819
2370,2910
2370,3225
2370,3233
2372,3138
2376,2539
2376,3138
2377,2408
2377,2453
2377,2468
2377,2480
2377,2529
2377,2533
2377,2539
2377,2593
2377,2726
2377,2769
2377,2819
2377,2840
2377,2848
2377,2856
2377,2879
2377,2931
2377,2996
2377,3122
2377,3138
2377,3230
2377,3233
2377,3297
2377,3357
2377,3374
2377,3386
2377,3411
2377,3450
2378,2539
2378,2622
2378,2809
2378,2819
2378,2882
2378,3091
2378,3138
2378,3167
2378,3259
2378,3371
2378,3468
2378,3473
2379,2392
2379,2398
2379,2425
2379,2426
2379,2535
2379,2536
2379,2539
2379,2544
2379,2551
2379,2562
2379,2564
2379,2565
2379,2579
2379,2580
2379,2600
2379,2608
2379,2640
2379,2648
2379,2651
2379,2660
2379,2663
2379,2664
2379,2666
2379,2673
2379,2678
2379,2689
2379,2692
2379,2709
2379,2722
2379,2747
2379,2767
2379,2781
2379,2787
2379,2807
2379,2816
2379,2819
2379,2958
2379,2977
2379,2985
2379,2996
2379,3004
2379,3012
2379,3016
2379,3024
2379,3039
2379,3099
2379,3101
2379,3114
2379,3138
2379,3144
2379,3152
2379,3153
2379,3156
2379,3158
2379,3166
2379,3168
2379,3169
2379,3176
2379,3178
2379,3206
2379,3211
2379,3222
2379,3223
2379,3236
2379,3237
2379,3242
2379,3248
2379,3250
2379,3252
2379,3253
2379,3254
2379,3257
2379,3295
2379,3336
2379,3353
2379,3368
2379,3454
2379,3456
2379,3462
2379,3468
2380,2392
2380,2397
2380,2425
2380,2426
2380,2535
2380,2536
2380,2543
2380,2544
2380,2551
2380,2562
2380,2564
2380,2565
2380,2580
2380,2600
2380,2648
2380,2651
2380,2660
2380,2663
2380,2664
2380,2666
2380,2673
2380,2689
2380,2690
2380,2697
2380,2709
2380,2722
2380,2742
2380,2747
2380,2767
2380,2772
2380,2781
2380,2807
2380,2977
2380,2985
2380,2996
2380,3003
2380,3004
2380,3012
2380,3016
2380,3024
2380,3037
2380,3101
2380,3138
2380,3144
2380,3153
2380,3156
2380,3158
2380,3166
2380,3169
2380,3176
2380,3178
2380,3190
2380,3206
2380,3211
2380,3222
2380,3223
2380,3234
2380,3236
2380,3237
2380,3242
2380,3248
2380,3250
2380,3252
2380,3253
2380,3255
2380,3368
2380,3453
2380,3454
2380,3468
2380,3470
2382,3138
2383,2960
2383,3040
2383,3227
2384,2539
2385,2391
2385,2479
2385,2516
2385,2539
2385,2557
2385,2592
2385,2629
2385,2679
2385,2801
2385,2819
2385,2858
2385,3371
2386,2819
2386,3138
2387,2539
2388,3138
2390,2539
2390,2802
2390,2819
2390,2874
2391,2741
2391,2928
2391,2953
2391,3138
2391,3371
2392,2397
2392,2398
2392,2425
2392,2426
2392,2536
2392,2543
2392,2544
2392,2551
2392,2562
2392,2564
2392,2565
2392,2579
2392,2580
2392,2600
2392,2608
2392,2622
2392,2640
2392,2651
2392,2660
2392,2663
2392,2664
2392,2666
2392,2673
2392,2689
2392,2690
2392,2692
2392,2697
2392,2709
2392,2742
2392,2744
2392,2747
2392,2767
2392,2769
2392,2772
2392,2781
2392,2787
2392,2807
2392,2816
2392,2939
2392,2958
2392,2964
2392,2977
2392,2985
2392,2996
2392,3003
2392,3004
2392,3012
2392,3024
2392,3037
2392,3039
2392,3077
2392,3078
2392,3099
2392,3101
2392,3114
2392,3138
2392,3144
2392,3153
2392,3156
2392,3158
2392,3166
2392,3169
2392,3176
2392,3178
2392,3190
2392,3206
2392,3211
2392,3222
2392,3223
2392,3234
2392,3236
2392,3237
2392,3242
2392,3248
2392,3250
2392,3252
2392,3253
2392,3254
2392,3255
2392,3257
2392,3295
2392,3336
2392,3348
2392,3353
2392,3368
2392,3371
2392,3453
2392,3454
2392,3456
2392,3462
2392,3468
2393,3138
2394,3138
2395,2539
2396,2539
2396,2819
2397,2398
2397,2425
2397,2426
2397,2535
2397,2543
2397,2544
2397,2551
2397,2562
2397,2564
2397,2565
2397,2579
2397,2580
2397,2600
2397,2608
2397,2648
2397,2651
2397,2663
2397,2673
2397,2678
2397,2689
2397,2692
2397,2697
2397,2709
2397,2722
2397,2744
2397,2747
2397,2767
2397,2772
2397,2781
2397,2807
2397,2958
2397,2977
2397,2985
2397,3003
2397,3004
2397,3012
2397,3016
2397,3024
2397,3037
2397,3039
2397,3099
2397,3101
2397,3114
2397,3138
2397,3152
2397,3153
2397,3156
2397,3158
2397,3166
2397,3169
2397,3176
2397,3178
2397,3206
2397,3211
2397,3222
2397,3223
2397,3234
2397,3236
2397,3242
2397,3248
2397,3253
2397,3257
2397,3295
2397,3348
2397,3353
2397,3368
2397,3453
2397,3454
2397,3468
2397,3470
2398,2425
2398,2426
2398,2535
2398,2536
2398,2543
2398,2551
2398,2562
2398,2564
2398,2579
2398,2600
2398,2640
2398,2648
2398,2651
2398,2663
2398,2664
2398,2666
2398,2673
2398,2689
2398,2690
2398,2692
2398,2697
2398,2709
2398,2742
2398,2744
2398,2747
2398,2767
2398,2772
2398,2781
2398,2807
2398,2816
2398,2939
2398,2958
2398,2964
2398,2985
2398,2996
2398,3003
2398,3004
2398,3012
2398,3016
2398,3024
2398,3037
2398,3039
2398,3099
2398,3101
2398,3114
2398,3144
2398,3152
2398,3156
2398,3158
2398,3166
2398,3168
2398,3169
2398,3176
2398,3178
2398,3206
2398,3211
2398,3222
2398,3223
2398,3234
2398,3236
2398,3242
2398,3248
2398,3250
2398,3252
2398,3253
2398,3254
2398,3255
2398,3257
2398,3295
2398,3336
2398,3348
2398,3353
2398,3368
2398,3453
2398,3454
2398,3456
2398,3462
2398,3468
2398,3470
2399,3138
2400,2539
2401,2539
2402,2539
2403,3138
2404,2607
2404,2695
2407,2695
2408,2458
2408,2529
2408,2533
2408,2819
2408,2840
2408,2848
2408,2856
2408,2931
2408,2996
2408,3039
2408,3122
2408,3138
2408,3233
2408,3374
2408,3468
2409,2479
2409,2539
2409,2819
2410,2539
2411,3138
2412,2607
2412,2695
2412,3138
2413,3138
2414,3138
2415,3138
2417,3138
2418,2819
2419,2819
2419,3138
2420,2539
2422,3138
2423,2479
2424,3138
2425,2426
2425,2535
2425,2536
2425,2543
2425,2544
2425,2551
2425,2562
2425,2564
2425,2565
2425,2580
2425,2600
2425,2608
2425,2640
2425,2648
2425,2651
2425,2660
2425,2663
2425,2664
2425,2666
2425,2673
2425,2678
2425,2689
2425,2690
2425,2692
2425,2709
2425,2722
2425,2742
2425,2744
2425,2747
2425,2772
2425,2781
2425,2787
2425,2807
2425,2816
2425,2939
2425,2958
2425,2964
2425,2977
2425,2985
2425,2996
2425,3003
2425,3004
2425,3012
2425,3016
2425,3024
2425,3037
2425,3039
2425,3099
2425,3101
2425,3114
2425,3138
2425,3144
2425,3152
2425,3153
2425,3156
2425,3158
2425,3166
2425,3168
2425,3169
2425,3176
2425,3178
2425,3190
2425,3206
2425,3211
2425,3222
2425,3223
2425,3234
2425,3236
2425,3237
2425,3242
2425,3248
2425,3250
2425,3252
2425,3253
2425,3254
2425,3257
2425,3295
2425,3336
2425,3348
2425,3353
2425,3368
2425,3453
2425,3454
2425,3456
2425,3462
2425,3468
2425,3470
2426,2535
2426,2536
2426,2543
2426,2544
2426,2551
2426,2562
2426,2564
2426,2565
2426,2579
2426,2580
2426,2608
2426,2640
2426,2648
2426,2651
2426,2663
2426,2666
2426,2673
2426,2689
2426,2690
2426,2692
2426,2697
2426,2709
2426,2722
2426,2742
2426,2744
2426,2747
2426,2767
2426,2772
2426,2781
2426,2787
2426,2807
2426,2816
2426,2939
2426,2958
2426,2964
2426,2977
2426,2985
2426,3003
2426,3016
2426,3024
2426,3101
2426,3114
2426,3138
2426,3152
2426,3153
2426,3156
2426,3158
2426,3166
2426,3169
2426,3176
2426,3178
2426,3206
2426,3223
2426,3234
2426,3237
2426,3248
2426,3250
2426,3252
2426,3253
2426,3254
2426,3255
2426,3257
2426,3295
2426,3336
2426,3353
2426,3368
2426,3453
2426,3454
2426,3462
2426,3468
2426,3470
2428,3138
2429,2539
2430,2479
2430,2819
2433,3138
2434,3138
2435,3138
2436,3138
2437,2910
2437,3077
2437,3088
2437,3138
2437,3474
2438,3138
2439,3138
2441,2819
2443,3138
2444,2819
2445,2650
2445,2928
2445,2953
2446,3138
2447,2479
2448,3138
2449,2539
2450,2539
2451,2819
2452,2539
2452,3138
2453,2480
2453,2529
2453,2533
2453,2593
2453,2726
2453,2769
2453,2819
2453,2840
2453,2856
2453,2931
2453,2996
2453,3122
2453,3138
2453,3230
2453,3233
2453,3297
2453,3357
2453,3386
2453,3411
2453,3450
2454,2503
2454,2539
2454,2607
2454,2673
2454,2708
2454,2710
2454,2773
2454,2819
2454,3021
2454,3082
2454,3243
2454,3393
2454,3452
2454,3473
2455,2539
2455,3138
2457,2539
2457,3138
2458,2468
2458,2529
2458,2539
2458,2649
2458,2668
2458,2715
2458,2819
2458,2900
2458,2952
2458,2996
2458,3039
2458,3114
2458,3138
2458,3167
2458,3224
2458,3368
2458,3374
2458,3468
2458,3474
2459,3138
2460,2539
2461,2539
2462,3138
2463,2819
2464,2479
2464,2819
2465,2819
2465,3138
2467,2539
2468,2539
2468,2819
2468,2928
2468,2952
2468,2953
2468,3088
2468,3114
2468,3138
2468,3167
2469,3138
2470,2514
2470,2539
2470,2819
2470,2952
2470,3138
2470,3438
2471,2539
2472,2819
2472,3121
2473,2539
2473,3138
2474,2539
2475,2539
2477,2514
2477,2539
2477,2819
2477,3167
2478,2819
2478,3138
2479,2492
2479,2522
2479,2531
2479,2545
2479,2557
2479,2565
2479,2567
2479,2590
2479,2622
2479,2627
2479,2631
2479,2652
2479,2761
2479,2771
2479,2788
2479,2796
2479,2813
2479,2819
2479,2820
2479,2823
2479,2840
2479,2926
2479,2936
2479,2953
2479,2976
2479,2983
2479,2990
2479,2991
2479,3036
2479,3042
2479,3067
2479,3117
2479,3139
2479,3140
2479,3151
2479,3193
2479,3202
2479,3205
2479,3239
2479,3240
2479,3251
2479,3272
2479,3301
2479,3302
2479,3303
2479,3308
2479,3330
2479,3337
2479,3345
2479,3351
2479,3353
2479,3355
2479,3365
2479,3368
2479,3371
2479,3373
2479,3374
2479,3382
2479,3388
2479,3401
2479,3423
2479,3436
2479,3465
2479,3473
2479,3475
2480,2533
2480,2593
2480,2931
2480,3122
2480,3138
2480,3233
2480,3386
2481,3138
2482,2539
2483,2539
2483,3138
2485,2819
2485,3138
2486,2539
2486,2819
2486,3138
2487,2539
2488,3138
2489,2539
2490,2539
2490,3138
2491,2539
2491,2819
2493,3138
2494,2819
2495,2539
2495,3138
2496,3121
2496,3138
2497,2539
2497,3138
2498,3138
2499,2539
2499,2819
2500,2539
2500,2819
2500,3138
2501,2819
2501,3138
2502,2819
2503,2539
2503,2607
2503,2673
2503,2695
2503,2708
2503,2710
2503,2773
2503,2819
2503,3021
2503,3082
2503,3103
2503,3138
2503,3243
2503,3393
2503,3452
2503,3473
2504,2539
2504,2819
2504,3138
2505,3138
2506,2819
2507,2539
2508,2539
2508,3138
2509,2539
2509,3138
2510,2539
2511,2539
2511,3138
2513,2539
2514,2516
2514,2539
2514,3088
2514,3167
2514,3370
2515,3138
2516,2539
2516,2819
2516,2952
2516,2953
2516,3138
2516,3370
2516,3371
2517,3138
2518,2539
2518,2819
2518,3138
2519,3138
2520,3138
2521,3138
2522,2539
2522,2819
2523,2539
2524,3138
2525,2819
2527,2539
2528,3138
2529,2533
2529,2552
2529,2558
2529,2593
2529,2610
2529,2621
2529,2638
2529,2667
2529,2706
2529,2740
2529,2801
2529,2819
2529,2856
2529,2931
2529,2996
2529,3039
2529,3115
2529,3121
2529,3122
2529,3138
2529,3140
2529,3166
2529,3172
2529,3176
2529,3225
2529,3233
2529,3240
2529,3247
2529,3299
2529,3342
2529,3356
2529,3369
2529,3371
2529,3377
2529,3386
2529,3466
2531,3138
2532,2679
2532,2741
2532,2878
2532,2928
2532,3167
2532,3209
2533,2539
2533,2593
2533,2679
2533,2726
2533,2741
2533,2769
2533,2819
2533,2840
2533,2848
2533,2856
2533,2931
2533,2996
2533,3077
2533,3114
2533,3122
2533,3138
2533,3167
2533,3230
2533,3233
2533,3297
2533,3357
2533,3374
2533,3383
2533,3386
2533,3411
2533,3450
2533,3474
2534,3138
2535,2543
2535,2544
2535,2551
2535,2562
2535,2564
2535,2565
2535,2579
2535,2580
2535,2600
2535,2608
2535,2640
2535,2648
2535,2651
2535,2660
2535,2663
2535,2664
2535,2666
2535,2673
2535,2678
2535,2690
2535,2692
2535,2697
2535,2709
2535,2722
2535,2742
2535,2744
2535,2747
2535,2767
2535,2772
2535,2781
2535,2787
2535,2807
2535,2816
2535,2939
2535,2958
2535,2964
2535,2977
2535,2985
2535,2996
2535,3003
2535,3004
2535,3012
2535,3016
2535,3024
2535,3037
2535,3039
2535,3099
2535,3101
2535,3114
2535,3138
2535,3144
2535,3152
2535,3153
2535,3156
2535,3158
2535,3166
2535,3168
2535,3169
2535,3176
2535,3178
2535,3190
2535,3211
2535,3222
2535,3223
2535,3234
2535,3236
2535,3237
2535,3242
2535,3248
2535,3250
2535,3252
2535,3253
2535,3254
2535,3255
2535,3257
2535,3295
2535,3336
2535,3348
2535,3353
2535,3368
2535,3453
2535,3454
2535,3456
2535,3462
2535,3468
2535,3470
2536,2543
2536,2544
2536,2551
2536,2562
2536,2564
2536,2565
2536,2580
2536,2600
2536,2608
2536,2648
2536,2651
2536,2660
2536,2663
2536,2664
2536,2666
2536,2673
2536,2678
2536,2689
2536,2690
2536,2692
2536,2697
2536,2722
2536,2742
2536,2744
2536,2747
2536,2767
2536,2772
2536,2781
2536,2787
2536,2807
2536,2816
2536,2939
2536,2958
2536,2964
2536,2977
2536,2985
2536,3003
2536,3004
2536,3012
2536,3016
2536,3024
2536,3037
2536,3039
2536,3099
2536,3101
2536,3114
2536,3138
2536,3144
2536,3152
2536,3156
2536,3158
2536,3166
2536,3168
2536,3176
2536,3178
2536,3190
2536,3206
2536,3211
2536,3222
2536,3223
2536,3236
2536,3237
2536,3242
2536,3248
2536,3250
2536,3252
2536,3253
2536,3254
2536,3255
2536,3257
2536,3295
2536,3336
2536,3348
2536,3353
2536,3368
2536,3453
2536,3454
2536,3456
2536,3462
2536,3468
2536,3470
2537,2539
2538,3138
2539,2551
2539,2554
2539,2557
2539,2558
2539,2561
2539,2566
2539,2569
2539,2572
2539,2573
2539,2587
2539,2592
2539,2595
2539,2601
2539,2603
2539,2607
2539,2612
2539,2622
2539,2623
2539,2626
2539,2627
2539,2628
2539,2630
2539,2634
2539,2638
2539,2639
2539,2644
2539,2646
2539,2647
2539,2648
2539,2652
2539,2654
2539,2668
2539,2673
2539,2674
2539,2676
2539,2678
2539,2679
2539,2686
2539,2687
2539,2691
2539,2695
2539,2701
2539,2704
2539,2705
2539,2708
2539,2710
2539,2712
2539,2713
2539,2714
2539,2718
2539,2723
2539,2725
2539,2728
2539,2729
2539,2733
2539,2735
2539,2738
2539,2744
2539,2747
2539,2748
2539,2749
2539,2751
2539,2753
2539,2754
2539,2756
2539,2757
2539,2758
2539,2763
2539,2764
2539,2765
2539,2769
2539,2772
2539,2773
2539,2775
2539,2777
2539,2782
2539,2784
2539,2794
2539,2795
2539,2806
2539,2809
2539,2813
2539,2814
2539,2819
2539,2823
2539,2824
2539,2825
2539,2826
2539,2828
2539,2829
2539,2830
2539,2832
2539,2834
2539,2836
2539,2838
2539,2840
2539,2848
2539,2855
2539,2857
2539,2858
2539,2860
2539,2863
2539,2864
2539,2866
2539,2872
2539,2878
2539,2880
2539,2885
2539,2889
2539,2890
2539,2893
2539,2894
2539,2896
2539,2898
2539,2903
2539,2907
2539,2909
2539,2913
2539,2916
2539,2921
2539,2923
2539,2924
2539,2928
2539,2929
2539,2939
2539,2951
2539,2953
2539,2954
2539,2969
2539,2973
2539,2974
2539,2976
2539,2980
2539,2992
2539,2996
2539,3006
2539,3007
2539,3008
2539,3009
2539,3011
2539,3021
2539,3029
2539,3040
2539,3042
2539,3047
2539,3050
2539,3051
2539,3053
2539,3056
2539,3059
2539,3060
2539,3063
2539,3064
2539,3066
2539,3067
2539,3071
2539,3072
2539,3073
2539,3074
2539,3075
2539,3077
2539,3078
2539,3079
2539,3082
2539,3083
2539,3088
2539,3090
2539,3103
2539,3104
2539,3106
2539,3109
2539,3111
2539,3114
2539,3120
2539,3121
2539,3122
2539,3124
2539,3131
2539,3135
2539,3138
2539,3139
2539,3140
2539,3142
2539,3143
2539,3159
2539,3160
2539,3167
2539,3169
2539,3176
2539,3179
2539,3184
2539,3187
2539,3192
2539,3197
2539,3200
2539,3202
2539,3207
2539,3208
2539,3210
2539,3214
2539,3219
2539,3225
2539,3232
2539,3235
2539,3240
2539,3243
2539,3244
2539,3268
2539,3275
2539,3277
2539,3278
2539,3279
2539,3282
2539,3285
2539,3287
2539,3288
2539,3289
2539,3290
2539,3291
2539,3292
2539,3296
2539,3301
2539,3302
2539,3303
2539,3304
2539,3307
2539,3317
2539,3318
2539,3319
2539,3320
2539,3324
2539,3325
2539,3328
2539,3333
2539,3350
2539,3351
2539,3352
2539,3353
2539,3362
2539,3365
2539,3369
2539,3371
2539,3373
2539,3374
2539,3379
2539,3382
2539,3385
2539,3388
2539,3390
2539,3392
2539,3393
2539,3395
2539,3396
2539,3397
2539,3398
2539,3400
2539,3403
2539,3404
2539,3405
2539,3407
2539,3412
2539,3415
2539,3416
2539,3419
2539,3420
2539,3422
2539,3423
2539,3424
2539,3425
2539,3428
2539,3429
2539,3430
2539,3432
2539,3433
2539,3438
2539,3439
2539,3443
2539,3444
2539,3445
2539,3450
2539,3452
2539,3453
2539,3457
2539,3472
2539,3473
2539,3474
2539,3477
2539,3481
2539,3484
2539,3488
2539,3491
2539,3492
2539,3494
2540,2819
2543,2544
2543,2551
2543,2562
2543,2564
2543,2565
2543,2579
2543,2580
2543,2600
2543,2608
2543,2640
2543,2648
2543,2651
2543,2660
2543,2663
2543,2664
2543,2666
2543,2678
2543,2689
2543,2690
2543,2697
2543,2709
2543,2742
2543,2744
2543,2767
2543,2772
2543,2787
2543,2807
2543,2816
2543,2939
2543,2958
2543,2964
2543,2977
2543,2985
2543,2996
2543,3003
2543,3012
2543,3016
2543,3024
2543,3037
2543,3039
2543,3099
2543,3114
2543,3144
2543,3152
2543,3153
2543,3158
2543,3166
2543,3168
2543,3169
2543,3176
2543,3178
2543,3190
2543,3206
2543,3222
2543,3223
2543,3234
2543,3236
2543,3237
2543,3242
2543,3248
2543,3250
2543,3252
2543,3254
2543,3257
2543,3295
2543,3336
2543,3348
2543,3353
2543,3368
2543,3454
2543,3456
2543,3462
2543,3468
2543,3470
2544,2551
2544,2562
2544,2564
2544,2579
2544,2580
2544,2600
2544,2608
2544,2640
2544,2648
2544,2651
2544,2660
2544,2664
2544,2673
2544,2689
2544,2690
2544,2692
2544,2697
2544,2709
2544,2722
2544,2742
2544,2744
2544,2747
2544,2767
2544,2772
2544,2781
2544,2787
2544,2807
2544,2816
2544,2958
2544,2964
2544,2977
2544,2985
2544,2996
2544,3003
2544,3012
2544,3016
2544,3024
2544,3039
2544,3099
2544,3101
2544,3138
2544,3144
2544,3153
2544,3156
2544,3158
2544,3166
2544,3168
2544,3176
2544,3190
2544,3206
2544,3211
2544,3222
2544,3223
2544,3234
2544,3236
2544,3237
2544,3248
2544,3250
2544,3252
2544,3253
2544,3254
2544,3255
2544,3257
2544,3295
2544,3336
2544,3348
2544,3353
2544,3368
2544,3453
2544,3456
2544,3468
2544,3470
2546,3138
2547,2650
2547,2679
2547,2819
2547,2928
2547,3114
2547,3167
2548,3138
2550,3138
2551,2562
2551,2564
2551,2565
2551,2579
2551,2580
2551,2600
2551,2608
2551,2640
2551,2648
2551,2651
2551,2660
2551,2663
2551,2664
2551,2666
2551,2673
2551,2678
2551,2689
2551,2690
2551,2692
2551,2697
2551,2709
2551,2722
2551,2742
2551,2744
2551,2747
2551,2767
2551,2772
2551,2781
2551,2807
2551,2816
2551,2819
2551,2939
2551,2958
2551,2964
2551,2977
2551,2985
2551,2996
2551,3004
2551,3012
2551,3016
2551,3037
2551,3039
2551,3099
2551,3101
2551,3114
2551,3138
2551,3144
2551,3152
2551,3153
2551,3156
2551,3158
2551,3168
2551,3169
2551,3176
2551,3190
2551,3206
2551,3211
2551,3223
2551,3234
2551,3236
2551,3237
2551,3242
2551,3248
2551,3250
2551,3253
2551,3254
2551,3255
2551,3257
2551,3295
2551,3336
2551,3348
2551,3353
2551,3368
2551,3453
2551,3454
2551,3456
2551,3462
2551,3468
2551,3470
2552,2558
2552,2610
2552,2621
2552,2638
2552,2667
2552,2706
2552,2740
2552,2801
2552,2819
2552,2996
2552,3039
2552,3115
2552,3138
2552,3140
2552,3166
2552,3172
2552,3176
2552,3225
2552,3240
2552,3299
2552,3342
2552,3356
2552,3369
2552,3371
2552,3377
2552,3466
2552,3468
2553,2819
2555,2819
2556,3138
2557,2593
2557,2622
2557,2629
2557,2638
2557,2904
2557,2910
2557,2928
2557,2953
2557,3202
2557,3233
2557,3371
2557,3412
2557,3438
2558,2610
2558,2621
2558,2638
2558,2667
2558,2706
2558,2740
2558,2801
2558,2819
2558,2996
2558,3039
2558,3115
2558,3138
2558,3140
2558,3166
2558,3172
2558,3176
2558,3225
2558,3240
2558,3247
2558,3299
2558,3342
2558,3356
2558,3369
2558,3371
2558,3377
2558,3466
2558,3468
2559,3138
2560,3138
2561,2819
2562,2564
2562,2565
2562,2579
2562,2600
2562,2608
2562,2640
2562,2648
2562,2651
2562,2660
2562,2664
2562,2673
2562,2678
2562,2689
2562,2690
2562,2692
2562,2697
2562,2709
2562,2722
2562,2744
2562,2747
2562,2767
2562,2772
2562,2781
2562,2787
2562,2807
2562,2816
2562,2819
2562,2939
2562,2958
2562,2964
2562,2985
2562,2996
2562,3004
2562,3012
2562,3016
2562,3024
2562,3037
2562,3039
2562,3099
2562,3101
2562,3114
2562,3138
2562,3144
2562,3152
2562,3153
2562,3156
2562,3158
2562,3169
2562,3176
2562,3190
2562,3206
2562,3211
2562,3222
2562,3223
2562,3236
2562,3237
2562,3242
2562,3250
2562,3252
2562,3253
2562,3254
2562,3255
2562,3295
2562,3353
2562,3368
2562,3453
2562,3454
2562,3456
2562,3462
2562,3468
2563,2819
2564,2565
2564,2579
2564,2580
2564,2600
2564,2640
2564,2648
2564,2651
2564,2660
2564,2663
2564,2664
2564,2666
2564,2673
2564,2678
2564,2690
2564,2692
2564,2697
2564,2709
2564,2722
2564,2742
2564,2744
2564,2747
2564,2767
2564,2772
2564,2781
2564,2787
2564,2807
2564,2816
2564,2939
2564,2958
2564,2964
2564,2977
2564,2985
2564,2996
2564,3003
2564,3004
2564,3012
2564,3016
2564,3024
2564,3037
2564,3039
2564,3099
2564,3101
2564,3114
2564,3138
2564,3144
2564,3152
2564,3153
2564,3156
2564,3158
2564,3166
2564,3168
2564,3169
2564,3178
2564,3190
2564,3206
2564,3211
2564,3222
2564,3223
2564,3236
2564,3237
2564,3242
2564,3248
2564,3250
2564,3252
2564,3253
2564,3254
2564,3255
2564,3257
2564,3295
2564,3336
2564,3353
2564,3368
2564,3453
2564,3454
2564,3456
2564,3462
2564,3468
2564,3470
2565,2579
2565,2580
2565,2600
2565,2608
2565,2648
2565,2651
2565,2660
2565,2663
2565,2666
2565,2673
2565,2678
2565,2690
2565,2692
2565,2709
2565,2744
2565,2747
2565,2767
2565,2772
2565,2781
2565,2787
2565,2807
2565,2819
2565,2939
2565,2964
2565,2977
2565,2985
2565,2996
2565,3003
2565,3016
2565,3024
2565,3037
2565,3039
2565,3099
2565,3101
2565,3114
2565,3144
2565,3152
2565,3153
2565,3156
2565,3158
2565,3168
2565,3169
2565,3176
2565,3178
2565,3206
2565,3211
2565,3222
2565,3223
2565,3236
2565,3237
2565,3248
2565,3250
2565,3253
2565,3254
2565,3257
2565,3295
2565,3336
2565,3348
2565,3353
2565,3368
2565,3453
2565,3454
2565,3456
2565,3468
2565,3470
2566,2819
2568,3138
2569,2607
2569,2695
2569,2819
2574,3138
2575,3138
2576,3138
2577,3138
2578,3138
2579,2580
2579,2600
2579,2608
2579,2640
2579,2648
2579,2651
2579,2660
2579,2663
2579,2664
2579,2666
2579,2673
2579,2678
2579,2690
2579,2697
2579,2709
2579,2722
2579,2742
2579,2744
2579,2767
2579,2787
2579,2939
2579,2958
2579,2964
2579,2977
2579,2985
2579,2996
2579,3004
2579,3012
2579,3024
2579,3037
2579,3039
2579,3099
2579,3101
2579,3114
2579,3144
2579,3152
2579,3153
2579,3158
2579,3168
2579,3169
2579,3176
2579,3178
2579,3190
2579,3206
2579,3211
2579,3222
2579,3223
2579,3234
2579,3236
2579,3237
2579,3248
2579,3250
2579,3252
2579,3253
2579,3254
2579,3255
2579,3257
2579,3295
2579,3336
2579,3348
2579,3353
2579,3368
2579,3453
2579,3454
2579,3456
2579,3462
2579,3468
2580,2600
2580,2608
2580,2651
2580,2660
2580,2664
2580,2666
2580,2673
2580,2689
2580,2692
2580,2697
2580,2709
2580,2722
2580,2744
2580,2747
2580,2767
2580,2772
2580,2781
2580,2787
2580,2807
2580,2816
2580,2958
2580,2964
2580,2977
2580,2996
2580,3003
2580,3004
2580,3012
2580,3016
2580,3024
2580,3037
2580,3039
2580,3099
2580,3101
2580,3114
2580,3138
2580,3152
2580,3153
2580,3156
2580,3158
2580,3166
2580,3168
2580,3169
2580,3176
2580,3190
2580,3206
2580,3211
2580,3234
2580,3236
2580,3237
2580,3242
2580,3248
2580,3250
2580,3252
2580,3253
2580,3254
2580,3255
2580,3257
2580,3336
2580,3368
2580,3453
2580,3454
2580,3456
2580,3468
2580,3470
2581,3138
2582,3138
2583,3138
2584,3138
2585,3138
2586,2819
2586,3138
2588,3138
2589,2819
2590,2819
2591,3138
2592,2819
2592,2871
2592,3202
2592,3363
2592,3379
2592,3412
2593,2726
2593,2769
2593,2840
2593,2856
2593,2931
2593,2996
2593,3122
2593,3138
2593,3225
2593,3230
2593,3233
2593,3297
2593,3357
2593,3386
2593,3411
2593,3450
2594,3138
2596,3138
2597,2819
2598,2819
2599,3138
2600,2608
2600,2640
2600,2648
2600,2660
2600,2664
2600,2666
2600,2673
2600,2678
2600,2689
2600,2690
2600,2692
2600,2697
2600,2709
2600,2722
2600,2742
2600,2767
2600,2772
2600,2781
2600,2787
2600,2939
2600,2958
2600,2964
2600,2977
2600,2985
2600,2996
2600,3004
2600,3012
2600,3016
2600,3037
2600,3039
2600,3099
2600,3114
2600,3144
2600,3153
2600,3156
2600,3158
2600,3166
2600,3168
2600,3176
2600,3178
2600,3190
2600,3206
2600,3211
2600,3222
2600,3223
2600,3234
2600,3236
2600,3248
2600,3252
2600,3253
2600,3254
2600,3257
2600,3295
2600,3336
2600,3368
2600,3453
2600,3454
2600,3456
2600,3468
2600,3470
2602,2819
2603,3138
2604,2819
2605,3040
2605,3227
2606,3138
2607,2648
2607,2673
2607,2675
2607,2708
2607,2710
2607,2757
2607,2773
2607,2781
2607,2932
2607,2999
2607,3021
2607,3082
2607,3103
2607,3161
2607,3223
2607,3243
2607,3249
2607,3360
2607,3376
2607,3393
2607,3452
2607,3470
2607,3473
2608,2651
2608,2660
2608,2664
2608,2666
2608,2673
2608,2678
2608,2689
2608,2690
2608,2692
2608,2697
2608,2709
2608,2722
2608,2742
2608,2744
2608,2747
2608,2767
2608,2781
2608,2787
2608,2807
2608,2964
2608,2977
2608,2985
2608,2996
2608,3003
2608,3004
2608,3012
2608,3016
2608,3024
2608,3037
2608,3039
2608,3099
2608,3101
2608,3114
2608,3138
2608,3144
2608,3153
2608,3156
2608,3168
2608,3169
2608,3176
2608,3190
2608,3206
2608,3222
2608,3223
2608,3234
2608,3236
2608,3237
2608,3242
2608,3252
2608,3253
2608,3255
2608,3295
2608,3336
2608,3348
2608,3353
2608,3368
2608,3453
2608,3454
2608,3462
2608,3468
2608,3470
2609,3138
2610,2621
2610,2638
2610,2667
2610,2706
2610,2740
2610,2801
2610,2819
2610,2996
2610,3039
2610,3115
2610,3138
2610,3140
2610,3166
2610,3172
2610,3176
2610,3225
2610,3240
2610,3247
2610,3299
2610,3342
2610,3356
2610,3369
2610,3371
2610,3377
2610,3466
2610,3468
2611,3138
2612,3138
2613,3138
2614,3138
2615,3138
2616,2819
2616,3138
2618,3138
2619,2819
2621,2638
2621,2667
2621,2706
2621,2740
2621,2801
2621,2819
2621,2996
2621,3039
2621,3115
2621,3138
2621,3140
2621,3166
2621,3172
2621,3176
2621,3225
2621,3240
2621,3247
2621,3299
2621,3342
2621,3356
2621,3369
2621,3371
2621,3377
2621,3466
2621,3468
2622,2625
2622,2769
2622,2819
2622,2882
2622,3074
2622,3077
2622,3078
2622,3091
2622,3167
2622,3259
2622,3304
2622,3468
2624,3138
2625,3225
2626,2819
2626,2874
2626,3224
2627,3138
2628,3138
2629,3371
2631,3138
2632,3138
2633,3138
2636,2819
2638,2667
2638,2679
2638,2706
2638,2740
2638,2801
2638,2819
2638,2874
2638,2879
2638,2996
2638,3039
2638,3115
2638,3138
2638,3140
2638,3166
2638,3167
2638,3172
2638,3176
2638,3225
2638,3240
2638,3247
2638,3299
2638,3342
2638,3356
2638,3369
2638,3371
2638,3377
2638,3412
2638,3466
2638,3468
2640,2648
2640,2651
2640,2660
2640,2663
2640,2666
2640,2689
2640,2690
2640,2692
2640,2697
2640,2709
2640,2742
2640,2747
2640,2767
2640,2772
2640,2787
2640,2807
2640,2816
2640,2939
2640,2964
2640,2977
2640,2985
2640,2996
2640,3004
2640,3016
2640,3037
2640,3101
2640,3114
2640,3138
2640,3144
2640,3152
2640,3156
2640,3158
2640,3166
2640,3169
2640,3176
2640,3190
2640,3206
2640,3222
2640,3234
2640,3236
2640,3237
2640,3242
2640,3248
2640,3250
2640,3253
2640,3254
2640,3257
2640,3336
2640,3348
2640,3368
2640,3453
2640,3454
2640,3456
2640,3468
2640,3470
2641,3138
2642,3138
2643,3138
2645,3138
2646,2819
2647,3138
2648,2660
2648,2663
2648,2664
2648,2666
2648,2673
2648,2678
2648,2689
2648,2690
2648,2697
2648,2709
2648,2742
2648,2744
2648,2747
2648,2767
2648,2772
2648,2787
2648,2807
2648,2939
2648,2977
2648,2985
2648,2996
2648,3004
2648,3012
2648,3016
2648,3024
2648,3037
2648,3039
2648,3099
2648,3101
2648,3114
2648,3138
2648,3144
2648,3152
2648,3153
2648,3156
2648,3158
2648,3166
2648,3168
2648,3169
2648,3176
2648,3190
2648,3206
2648,3211
2648,3223
2648,3234
2648,3236
2648,3237
2648,3242
2648,3248
2648,3250
2648,3252
2648,3253
2648,3254
2648,3255
2648,3257
2648,3295
2648,3336
2648,3348
2648,3353
2648,3368
2648,3453
2648,3454
2648,3462
2648,3468
2648,3470
2649,2668
2649,2679
2649,2900
2649,2952
2649,3088
2649,3114
2649,3167
2650,2668
2650,2679
2650,2899
2650,2953
2650,3114
2650,3167
2650,3233
2651,2660
2651,2663
2651,2664
2651,2666
2651,2673
2651,2678
2651,2689
2651,2690
2651,2692
2651,2697
2651,2709
2651,2722
2651,2742
2651,2744
2651,2747
2651,2767
2651,2772
2651,2781
2651,2787
2651,2807
2651,2816
2651,2819
2651,2939
2651,2958
2651,2964
2651,2977
2651,2996
2651,3003
2651,3004
2651,3012
2651,3016
2651,3024
2651,3037
2651,3039
2651,3099
2651,3114
2651,3138
2651,3152
2651,3153
2651,3156
2651,3158
2651,3166
2651,3168
2651,3169
2651,3176
2651,3178
2651,3206
2651,3211
2651,3223
2651,3234
2651,3236
2651,3237
2651,3242
2651,3248
2651,3250
2651,3252
2651,3253
2651,3254
2651,3255
2651,3295
2651,3336
2651,3348
2651,3353
2651,3368
2651,3456
2651,3462
2651,3468
2651,3470
2652,2819
2653,3138
2655,3138
2657,3138
2658,3489
2659,2851
2659,3138
2659,3489
2660,2673
2660,2678
2660,2690
2660,2692
2660,2697
2660,2709
2660,2722
2660,2742
2660,2744
2660,2747
2660,2767
2660,2781
2660,2787
2660,2939
2660,2958
2660,2964
2660,2977
2660,2985
2660,2996
2660,3003
2660,3004
2660,3012
2660,3024
2660,3039
2660,3099
2660,3101
2660,3114
2660,3138
2660,3144
2660,3153
2660,3156
2660,3166
2660,3169
2660,3176
2660,3190
2660,3206
2660,3211
2660,3222
2660,3223
2660,3234
2660,3236
2660,3237
2660,3242
2660,3248
2660,3250
2660,3252
2660,3254
2660,3255
2660,3257
2660,3295
2660,3336
2660,3348
2660,3353
2660,3368
2660,3453
2660,3454
2660,3456
2660,3462
2660,3468
2660,3470
2662,3138
2663,2664
2663,2666
2663,2678
2663,2689
2663,2692
2663,2697
2663,2709
2663,2722
2663,2742
2663,2744
2663,2747
2663,2767
2663,2781
2663,2787
2663,2807
2663,2816
2663,2958
2663,2964
2663,2977
2663,2985
2663,2996
2663,3003
2663,3012
2663,3016
2663,3024
2663,3037
2663,3099
2663,3101
2663,3138
2663,3144
2663,3152
2663,3153
2663,3158
2663,3166
2663,3168
2663,3169
2663,3176
2663,3178
2663,3190
2663,3206
2663,3222
2663,3223
2663,3234
2663,3236
2663,3237
2663,3242
2663,3250
2663,3252
2663,3253
2663,3257
2663,3295
2663,3336
2663,3348
2663,3453
2663,3454
2663,3456
2663,3462
2663,3468
2663,3470
2664,2666
2664,2673
2664,2678
2664,2690
2664,2697
2664,2709
2664,2722
2664,2744
2664,2747
2664,2767
2664,2772
2664,2787
2664,2807
2664,2816
2664,2939
2664,2958
2664,2964
2664,2985
2664,2996
2664,3003
2664,3004
2664,3012
2664,3016
2664,3024
2664,3037
2664,3099
2664,3101
2664,3114
2664,3138
2664,3144
2664,3152
2664,3158
2664,3168
2664,3169
2664,3176
2664,3178
2664,3206
2664,3222
2664,3223
2664,3234
2664,3236
2664,3237
2664,3242
2664,3248
2664,3250
2664,3252
2664,3253
2664,3254
2664,3255
2664,3257
2664,3295
2664,3336
2664,3348
2664,3368
2664,3453
2664,3454
2664,3456
2664,3462
2664,3468
2665,3138
2666,2678
2666,2689
2666,2690
2666,2697
2666,2709
2666,2742
2666,2744
2666,2747
2666,2767
2666,2781
2666,2807
2666,2816
2666,2964
2666,2977
2666,2985
2666,3003
2666,3004
2666,3012
2666,3016
2666,3024
2666,3037
2666,3039
2666,3101
2666,3114
2666,3138
2666,3144
2666,3152
2666,3153
2666,3166
2666,3168
2666,3169
2666,3176
2666,3178
2666,3190
2666,3211
2666,3223
2666,3234
2666,3236
2666,3237
2666,3242
2666,3248
2666,3250
2666,3252
2666,3254
2666,3255
2666,3336
2666,3348
2666,3353
2666,3368
2666,3453
2666,3454
2666,3462
2666,3468
2666,3470
2667,2706
2667,2740
2667,2801
2667,2819
2667,2996
2667,3039
2667,3115
2667,3138
2667,3140
2667,3166
2667,3172
2667,3176
2667,3225
2667,3240
2667,3247
2667,3299
2667,3342
2667,3356
2667,3369
2667,3371
2667,3377
2667,3466
2667,3468
2668,2715
2668,3114
2668,3490
2669,2825
2669,3074
2669,3077
2669,3138
2669,3383
2670,3138
2671,3138
2673,2689
2673,2690
2673,2692
2673,2695
2673,2697
2673,2708
2673,2709
2673,2710
2673,2722
2673,2742
2673,2744
2673,2767
2673,2773
2673,2781
2673,2787
2673,2807
2673,2816
2673,2939
2673,2958
2673,2964
2673,2977
2673,2985
2673,2996
2673,3003
2673,3004
2673,3012
2673,3021
2673,3024
2673,3037
2673,3039
2673,3082
2673,3099
2673,3101
2673,3103
2673,3114
2673,3138
2673,3144
2673,3152
2673,3153
2673,3156
2673,3158
2673,3166
2673,3168
2673,3169
2673,3176
2673,3190
2673,3211
2673,3222
2673,3223
2673,3234
2673,3236
2673,3237
2673,3242
2673,3243
2673,3253
2673,3254
2673,3257
2673,3295
2673,3336
2673,3348
2673,3353
2673,3368
2673,3393
2673,3452
2673,3456
2673,3462
2673,3468
2673,3470
2673,3473
2674,3138
2675,2953
2675,3233
2675,3455
2677,3138
2678,2690
2678,2697
2678,2709
2678,2742
2678,2744
2678,2747
2678,2767
2678,2772
2678,2787
2678,2807
2678,2816
2678,2939
2678,2958
2678,2964
2678,2977
2678,2985
2678,2996
2678,3003
2678,3004
2678,3016
2678,3024
2678,3037
2678,3039
2678,3099
2678,3114
2678,3138
2678,3152
2678,3153
2678,3156
2678,3158
2678,3166
2678,3168
2678,3169
2678,3176
2678,3178
2678,3206
2678,3211
2678,3222
2678,3234
2678,3236
2678,3237
2678,3242
2678,3248
2678,3252
2678,3254
2678,3257
2678,3295
2678,3348
2678,3353
2678,3368
2678,3453
2678,3454
2678,3456
2678,3462
2678,3468
2678,3470
2679,2801
2679,2928
2679,2952
2679,2953
2679,3114
2679,3167
2679,3209
2681,3138
2682,3138
2683,3138
2684,3138
2685,3138
2687,2819
2689,2690
2689,2692
2689,2697
2689,2709
2689,2722
2689,2742
2689,2744
2689,2747
2689,2767
2689,2772
2689,2781
2689,2787
2689,2807
2689,2816
2689,2939
2689,2964
2689,2977
2689,2985
2689,2996
2689,3003
2689,3004
2689,3012
2689,3037
2689,3039
2689,3099
2689,3101
2689,3114
2689,3138
2689,3144
2689,3152
2689,3156
2689,3158
2689,3166
2689,3168
2689,3169
2689,3176
2689,3206
2689,3222
2689,3223
2689,3234
2689,3236
2689,3237
2689,3242
2689,3248
2689,3252
2689,3253
2689,3254
2689,3255
2689,3257
2689,3295
2689,3336
2689,3348
2689,3353
2689,3368
2689,3453
2689,3454
2689,3456
2689,3462
2689,3468
2690,2692
2690,2697
2690,2709
2690,2722
2690,2744
2690,2747
2690,2767
2690,2772
2690,2781
2690,2787
2690,2807
2690,2816
2690,2939
2690,2958
2690,2964
2690,2977
2690,2985
2690,2996
2690,3003
2690,3004
2690,3016
2690,3024
2690,3037
2690,3039
2690,3099
2690,3101
2690,3144
2690,3152
2690,3156
2690,3158
2690,3166
2690,3168
2690,3176
2690,3178
2690,3190
2690,3211
2690,3223
2690,3237
2690,3242
2690,3248
2690,3250
2690,3252
2690,3253
2690,3254
2690,3255
2690,3257
2690,3295
2690,3336
2690,3348
2690,3353
2690,3368
2690,3454
2690,3456
2690,3462
2690,3468
2690,3470
2692,2697
2692,2709
2692,2722
2692,2742
2692,2747
2692,2767
2692,2772
2692,2781
2692,2807
2692,2816
2692,2939
2692,2964
2692,2977
2692,2985
2692,3003
2692,3004
2692,3016
2692,3024
2692,3037
2692,3039
2692,3099
2692,3101
2692,3138
2692,3144
2692,3152
2692,3153
2692,3156
2692,3158
2692,3166
2692,3168
2692,3169
2692,3176
2692,3178
2692,3190
2692,3206
2692,3211
2692,3222
2692,3223
2692,3234
2692,3236
2692,3237
2692,3242
2692,3248
2692,3252
2692,3254
2692,3295
2692,3336
2692,3348
2692,3353
2692,3368
2692,3454
2692,3456
2692,3462
2692,3468
2692,3470
2693,3138
2694,2695
2694,2996
2694,3173
2695,2710
2695,2757
2695,2773
2695,2781
2695,2841
2695,2937
2695,2996
2695,2999
2695,3021
2695,3103
2695,3161
2695,3173
2695,3174
2695,3223
2695,3243
2695,3360
2695,3376
2695,3387
2695,3470
2695,3473
2696,2819
2697,2709
2697,2722
2697,2742
2697,2744
2697,2747
2697,2767
2697,2772
2697,2781
2697,2787
2697,2807
2697,2816
2697,2939
2697,2958
2697,2964
2697,2977
2697,2985
2697,2996
2697,3003
2697,3004
2697,3012
2697,3016
2697,3024
2697,3099
2697,3101
2697,3114
2697,3138
2697,3144
2697,3152
2697,3153
2697,3156
2697,3158
2697,3166
2697,3168
2697,3169
2697,3176
2697,3178
2697,3190
2697,3206
2697,3211
2697,3222
2697,3223
2697,3234
2697,3236
2697,3237
2697,3242
2697,3248
2697,3250
2697,3252
2697,3253
2697,3254
2697,3255
2697,3257
2697,3295
2697,3336
2697,3348
2697,3353
2697,3368
2697,3453
2697,3454
2697,3456
2697,3462
2697,3470
2698,2819
2699,2819
2699,3138
2700,3138
2701,2819
2702,3138
2703,3138
2706,2740
2706,2801
2706,2819
2706,2996
2706,3039
2706,3115
2706,3138
2706,3140
2706,3166
2706,3172
2706,3176
2706,3225
2706,3240
2706,3247
2706,3299
2706,3342
2706,3356
2706,3369
2706,3371
2706,3377
2706,3466
2706,3468
2707,3138
2708,2773
2708,3021
2708,3082
2708,3103
2708,3243
2708,3393
2708,3452
2708,3473
2709,2722
2709,2742
2709,2744
2709,2747
2709,2767
2709,2772
2709,2781
2709,2787
2709,2807
2709,2816
2709,2958
2709,2964
2709,2977
2709,2985
2709,2996
2709,3003
2709,3004
2709,3012
2709,3016
2709,3024
2709,3037
2709,3039
2709,3099
2709,3101
2709,3114
2709,3138
2709,3144
2709,3153
2709,3156
2709,3158
2709,3166
2709,3168
2709,3169
2709,3176
2709,3178
2709,3190
2709,3206
2709,3211
2709,3222
2709,3223
2709,3234
2709,3236
2709,3237
2709,3242
2709,3248
2709,3250
2709,3252
2709,3253
2709,3254
2709,3255
2709,3257
2709,3295
2709,3336
2709,3348
2709,3353
2709,3368
2709,3453
2709,3454
2709,3456
2709,3462
2709,3468
2709,3470
2710,3021
2710,3103
2710,3243
2710,3452
2712,3138
2713,3138
2714,2819
2714,3138
2715,2819
2715,2878
2715,2900
2715,2952
2715,3088
2715,3138
2715,3209
2716,3138
2717,2819
2717,3138
2718,2819
2718,3138
2719,3138
2721,3138
2722,2742
2722,2744
2722,2767
2722,2772
2722,2787
2722,2807
2722,2816
2722,2939
2722,2958
2722,2964
2722,2985
2722,3004
2722,3012
2722,3016
2722,3024
2722,3037
2722,3099
2722,3101
2722,3114
2722,3144
2722,3152
2722,3153
2722,3158
2722,3169
2722,3178
2722,3190
2722,3206
2722,3211
2722,3222
2722,3236
2722,3237
2722,3242
2722,3248
2722,3252
2722,3257
2722,3295
2722,3336
2722,3348
2722,3368
2722,3453
2722,3454
2722,3456
2722,3462
2722,3468
2723,3138
2724,3138
2725,3138
2726,2931
2726,3122
2726,3138
2726,3233
2726,3386
2727,2819
2728,3121
2731,2819
2731,3138
2732,3138
2736,3138
2737,3138
2738,2819
2740,2801
2740,2819
2740,2996
2740,3039
2740,3115
2740,3138
2740,3140
2740,3166
2740,3172
2740,3176
2740,3225
2740,3240
2740,3247
2740,3299
2740,3342
2740,3356
2740,3369
2740,3371
2740,3377
2740,3466
2740,3468
2741,2819
2742,2744
2742,2747
2742,2767
2742,2807
2742,2939
2742,2958
2742,2985
2742,2996
2742,3003
2742,3004
2742,3016
2742,3037
2742,3039
2742,3099
2742,3101
2742,3114
2742,3138
2742,3144
2742,3158
2742,3166
2742,3169
2742,3176
2742,3190
2742,3206
2742,3211
2742,3222
2742,3223
2742,3234
2742,3236
2742,3237
2742,3242
2742,3248
2742,3250
2742,3252
2742,3253
2742,3254
2742,3257
2742,3295
2742,3353
2742,3368
2742,3453
2742,3454
2742,3462
2742,3468
2742,3470
2743,3138
2744,2747
2744,2767
2744,2772
2744,2787
2744,2807
2744,2958
2744,2964
2744,2977
2744,2985
2744,2996
2744,3003
2744,3004
2744,3012
2744,3024
2744,3037
2744,3039
2744,3099
2744,3101
2744,3114
2744,3138
2744,3144
2744,3152
2744,3153
2744,3156
2744,3158
2744,3166
2744,3168
2744,3169
2744,3176
2744,3178
2744,3190
2744,3206
2744,3222
2744,3223
2744,3234
2744,3237
2744,3242
2744,3248
2744,3250
2744,3252
2744,3253
2744,3255
2744,3257
2744,3295
2744,3336
2744,3348
2744,3353
2744,3368
2744,3453
2744,3454
2744,3456
2744,3462
2744,3468
2744,3470
2745,3138
2746,3138
2747,2767
2747,2772
2747,2781
2747,2807
2747,2816
2747,2819
2747,2939
2747,2958
2747,2964
2747,2977
2747,2985
2747,2996
2747,3003
2747,3004
2747,3012
2747,3016
2747,3037
2747,3039
2747,3101
2747,3114
2747,3138
2747,3144
2747,3152
2747,3153
2747,3156
2747,3158
2747,3166
2747,3169
2747,3176
2747,3178
2747,3190
2747,3211
2747,3222
2747,3223
2747,3234
2747,3236
2747,3242
2747,3248
2747,3250
2747,3252
2747,3253
2747,3255
2747,3257
2747,3295
2747,3336
2747,3348
2747,3353
2747,3368
2747,3453
2747,3456
2747,3462
2747,3468
2747,3470
2748,3138
2749,2819
2750,3138
2751,2819
2754,3138
2755,2819
2755,3138
2757,2937
2757,2953
2757,2996
2757,3083
2757,3138
2757,3233
2757,3360
2757,3387
2757,3450
2757,3455
2759,2819
2760,3138
2761,3138
2762,3138
2764,2819
2766,2819
2767,2772
2767,2781
2767,2787
2767,2807
2767,2816
2767,2939
2767,2958
2767,2977
2767,2985
2767,2996
2767,3003
2767,3004
2767,3012
2767,3016
2767,3024
2767,3037
2767,3039
2767,3099
2767,3101
2767,3114
2767,3138
2767,3144
2767,3152
2767,3153
2767,3156
2767,3158
2767,3166
2767,3168
2767,3169
2767,3176
2767,3178
2767,3190
2767,3206
2767,3211
2767,3222
2767,3223
2767,3234
2767,3236
2767,3237
2767,3242
2767,3248
2767,3250
2767,3252
2767,3253
2767,3254
2767,3255
2767,3257
2767,3295
2767,3336
2767,3348
2767,3353
2767,3368
2767,3453
2767,3454
2767,3456
2767,3462
2767,3470
2768,3138
2769,2882
2769,2931
2769,3078
2769,3122
2769,3138
2769,3233
2769,3304
2769,3386
2769,3473
2770,3077
2772,2787
2772,2807
2772,2939
2772,2964
2772,2977
2772,2985
2772,2996
2772,3003
2772,3004
2772,3012
2772,3016
2772,3039
2772,3099
2772,3101
2772,3138
2772,3144
2772,3152
2772,3153
2772,3156
2772,3168
2772,3169
2772,3176
2772,3190
2772,3206
2772,3222
2772,3234
2772,3236
2772,3237
2772,3242
2772,3248
2772,3252
2772,3253
2772,3254
2772,3255
2772,3257
2772,3295
2772,3336
2772,3348
2772,3353
2772,3368
2772,3454
2772,3456
2772,3462
2772,3468
2772,3470
2773,3021
2773,3082
2773,3103
2773,3243
2773,3393
2773,3452
2774,3138
2776,2819
2776,3138
2777,2819
2777,3138
2778,2819
2780,3138
2781,2787
2781,2807
2781,2816
2781,2819
2781,2939
2781,2964
2781,2977
2781,2985
2781,2996
2781,3012
2781,3024
2781,3037
2781,3039
2781,3099
2781,3101
2781,3114
2781,3138
2781,3152
2781,3153
2781,3158
2781,3166
2781,3168
2781,3169
2781,3176
2781,3190
2781,3206
2781,3222
2781,3223
2781,3234
2781,3236
2781,3242
2781,3248
2781,3252
2781,3253
2781,3255
2781,3257
2781,3295
2781,3336
2781,3353
2781,3368
2781,3453
2781,3454
2781,3456
2781,3462
2781,3468
2782,2819
2782,3138
2783,3138
2786,2819
2787,2807
2787,2816
2787,2958
2787,2964
2787,2977
2787,2985
2787,2996
2787,3003
2787,3004
2787,3012
2787,3016
2787,3024
2787,3037
2787,3039
2787,3099
2787,3101
2787,3114
2787,3138
2787,3144
2787,3152
2787,3153
2787,3156
2787,3158
2787,3166
2787,3169
2787,3176
2787,3178
2787,3190
2787,3206
2787,3222
2787,3223
2787,3234
2787,3237
2787,3242
2787,3248
2787,3254
2787,3257
2787,3295
2787,3336
2787,3348
2787,3368
2787,3454
2787,3456
2787,3468
2787,3470
2789,3138
2790,3138
2791,3138
2792,2819
2793,2819
2793,3138
2797,3138
2798,3138
2799,2819
2799,3138
2800,2819
2800,3138
2801,2819
2801,2857
2801,2953
2801,2996
2801,3039
2801,3115
2801,3121
2801,3138
2801,3140
2801,3166
2801,3167
2801,3172
2801,3176
2801,3225
2801,3240
2801,3247
2801,3299
2801,3342
2801,3356
2801,3369
2801,3371
2801,3377
2801,3466
2801,3468
2802,2874
2802,2879
2802,2952
2802,3083
2802,3167
2802,3210
2804,3138
2805,3138
2807,2816
2807,2939
2807,2964
2807,2985
2807,2996
2807,3003
2807,3012
2807,3016
2807,3024
2807,3037
2807,3039
2807,3101
2807,3114
2807,3138
2807,3144
2807,3153
2807,3156
2807,3158
2807,3166
2807,3168
2807,3169
2807,3176
2807,3206
2807,3222
2807,3234
2807,3236
2807,3237
2807,3242
2807,3248
2807,3250
2807,3252
2807,3254
2807,3255
2807,3257
2807,3295
2807,3348
2807,3454
2807,3456
2807,3462
2807,3468
2808,3138
2809,2819
2809,2882
2809,3074
2809,3077
2809,3078
2809,3167
2809,3473
2810,2819
2810,3138
2811,3138
2812,2819
2814,2819
2815,3138
2816,2958
2816,2964
2816,2985
2816,2996
2816,3004
2816,3012
2816,3016
2816,3024
2816,3037
2816,3039
2816,3101
2816,3114
2816,3138
2816,3156
2816,3158
2816,3166
2816,3168
2816,3169
2816,3176
2816,3178
2816,3190
2816,3206
2816,3211
2816,3223
2816,3234
2816,3236
2816,3237
2816,3248
2816,3250
2816,3252
2816,3253
2816,3254
2816,3255
2816,3295
2816,3336
2816,3353
2816,3368
2816,3453
2816,3454
2816,3462
2816,3468
2816,3470
2817,2819
2818,3138
2819,2824
2819,2835
2819,2842
2819,2848
2819,2849
2819,2856
2819,2857
2819,2858
2819,2862
2819,2865
2819,2867
2819,2868
2819,2869
2819,2874
2819,2876
2819,2878
2819,2882
2819,2889
2819,2891
2819,2897
2819,2898
2819,2899
2819,2901
2819,2903
2819,2908
2819,2910
2819,2911
2819,2912
2819,2918
2819,2919
2819,2927
2819,2933
2819,2934
2819,2936
2819,2947
2819,2948
2819,2949
2819,2951
2819,2955
2819,2961
2819,2967
2819,2968
2819,2976
2819,2983
2819,2990
2819,2996
2819,3000
2819,3006
2819,3011
2819,3020
2819,3024
2819,3029
2819,3030
2819,3032
2819,3035
2819,3036
2819,3037
2819,3038
2819,3039
2819,3040
2819,3044
2819,3045
2819,3052
2819,3059
2819,3062
2819,3069
2819,3072
2819,3079
2819,3082
2819,3083
2819,3084
2819,3086
2819,3094
2819,3104
2819,3111
2819,3113
2819,3114
2819,3115
2819,3117
2819,3119
2819,3122
2819,3126
2819,3132
2819,3133
2819,3135
2819,3136
2819,3138
2819,3140
2819,3150
2819,3151
2819,3154
2819,3155
2819,3166
2819,3167
2819,3171
2819,3172
2819,3176
2819,3183
2819,3185
2819,3191
2819,3196
2819,3198
2819,3203
2819,3205
2819,3210
2819,3224
2819,3225
2819,3230
2819,3231
2819,3233
2819,3237
2819,3239
2819,3240
2819,3243
2819,3244
2819,3245
2819,3259
2819,3261
2819,3265
2819,3273
2819,3299
2819,3303
2819,3308
2819,3311
2819,3316
2819,3329
2819,3331
2819,3340
2819,3341
2819,3342
2819,3346
2819,3348
2819,3349
2819,3352
2819,3354
2819,3355
2819,3356
2819,3360
2819,3365
2819,3369
2819,3370
2819,3371
2819,3372
2819,3373
2819,3377
2819,3378
2819,3385
2819,3393
2819,3394
2819,3400
2819,3403
2819,3404
2819,3406
2819,3412
2819,3416
2819,3419
2819,3423
2819,3427
2819,3429
2819,3434
2819,3436
2819,3438
2819,3443
2819,3450
2819,3452
2819,3455
2819,3460
2819,3461
2819,3462
2819,3466
2819,3467
2819,3468
2819,3473
2819,3476
2819,3482
2819,3487
2819,3493
2822,3138
2825,3074
2825,3304
2827,3138
2829,3138
2831,3138
2833,3138
2837,3138
2838,3138
2840,2848
2840,2856
2840,2931
2840,3122
2840,3138
2840,3233
2840,3374
2840,3386
2841,2937
2841,2996
2841,3173
2841,3174
2841,3360
2841,3450
2843,3138
2844,3138
2845,3138
2846,3138
2847,3138
2848,2856
2848,2931
2848,3122
2848,3138
2848,3233
2848,3374
2849,3138
2850,3138
2852,3138
2853,3138
2856,2931
2856,2996
2856,3122
2856,3138
2856,3233
2856,3374
2856,3386
2858,3438
2871,2879
2871,3370
2871,3379
2874,2879
2874,2952
2874,3060
2874,3088
2874,3167
2874,3224
2874,3370
2874,3379
2874,3438
2878,3088
2879,2952
2879,3167
2879,3438
2881,3138
2882,3078
2882,3138
2882,3167
2883,3138
2884,3138
2886,3138
2887,3138
2888,3138
2889,3138
2891,3138
2896,3138
2898,3138
2899,2928
2900,3088
2900,3138
2900,3209
2902,3138
2904,2928
2904,2953
2904,3412
2905,3138
2906,3138
2907,3138
2910,3060
2910,3088
2914,3138
2917,3138
2920,3138
2921,3138
2923,3138
2924,3138
2925,3138
2926,3138
2927,3138
2928,2953
2928,3114
2928,3138
2928,3233
2928,3412
2930,3138
2931,2996
2931,3122
2931,3138
2931,3230
2931,3233
2931,3297
2931,3357
2931,3374
2931,3386
2931,3411
2931,3450
2935,3138
2937,2996
2937,3021
2937,3173
2937,3174
2937,3450
2938,3138
2939,2958
2939,2964
2939,2977
2939,2985
2939,3003
2939,3012
2939,3016
2939,3037
2939,3039
2939,3099
2939,3101
2939,3114
2939,3138
2939,3144
2939,3152
2939,3153
2939,3156
2939,3158
2939,3166
2939,3168
2939,3169
2939,3176
2939,3190
2939,3206
2939,3211
2939,3222
2939,3223
2939,3234
2939,3236
2939,3248
2939,3250
2939,3252
2939,3253
2939,3254
2939,3255
2939,3257
2939,3295
2939,3353
2939,3368
2939,3453
2939,3454
2939,3456
2939,3462
2939,3468
2939,3470
2940,3138
2941,3138
2942,3138
2943,3138
2944,3138
2945,3138
2949,3138
2950,3077
2952,3088
2952,3114
2952,3167
2952,3370
2953,3114
2953,3121
2953,3167
2953,3233
2953,3371
2956,3138
2957,3138
2958,2964
2958,2977
2958,2985
2958,2996
2958,3003
2958,3004
2958,3016
2958,3024
2958,3037
2958,3039
2958,3099
2958,3101
2958,3138
2958,3144
2958,3153
2958,3156
2958,3158
2958,3166
2958,3168
2958,3169
2958,3176
2958,3178
2958,3190
2958,3206
2958,3211
2958,3222
2958,3234
2958,3237
2958,3248
2958,3252
2958,3253
2958,3254
2958,3257
2958,3295
2958,3336
2958,3353
2958,3368
2958,3453
2958,3454
2958,3456
2958,3462
2958,3468
2959,3138
2960,3040
2960,3227
2962,3138
2964,2985
2964,2996
2964,3003
2964,3004
2964,3012
2964,3016
2964,3024
2964,3037
2964,3039
2964,3101
2964,3114
2964,3138
2964,3144
2964,3152
2964,3153
2964,3156
2964,3158
2964,3166
2964,3168
2964,3169
2964,3176
2964,3206
2964,3211
2964,3222
2964,3223
2964,3234
2964,3236
2964,3237
2964,3248
2964,3250
2964,3252
2964,3253
2964,3255
2964,3257
2964,3336
2964,3348
2964,3353
2964,3368
2964,3453
2964,3454
2964,3456
2964,3462
2964,3468
2964,3470
2965,3138
2966,3138
2970,3138
2975,3138
2976,3138
2977,2985
2977,3003
2977,3004
2977,3012
2977,3016
2977,3024
2977,3039
2977,3099
2977,3101
2977,3114
2977,3138
2977,3144
2977,3156
2977,3158
2977,3166
2977,3169
2977,3176
2977,3178
2977,3211
2977,3222
2977,3223
2977,3234
2977,3237
2977,3242
2977,3248
2977,3250
2977,3252
2977,3255
2977,3257
2977,3295
2977,3336
2977,3348
2977,3353
2977,3368
2977,3453
2977,3454
2977,3456
2977,3468
2977,3470
2978,3138
2979,3138
2981,3138
2982,3138
2985,2996
2985,3003
2985,3004
2985,3012
2985,3016
2985,3024
2985,3037
2985,3039
2985,3099
2985,3101
2985,3114
2985,3138
2985,3144
2985,3152
2985,3153
2985,3156
2985,3166
2985,3168
2985,3169
2985,3176
2985,3178
2985,3190
2985,3206
2985,3211
2985,3222
2985,3223
2985,3234
2985,3236
2985,3237
2985,3242
2985,3248
2985,3250
2985,3252
2985,3253
2985,3254
2985,3255
2985,3257
2985,3295
2985,3336
2985,3348
2985,3353
2985,3368
2985,3453
2985,3454
2985,3456
2985,3462
2985,3470
2986,3138
2987,3138
2988,3138
2989,3138
2993,3138
2995,3138
2996,3003
2996,3012
2996,3016
2996,3024
2996,3037
2996,3039
2996,3099
2996,3101
2996,3114
2996,3115
2996,3122
2996,3138
2996,3140
2996,3144
2996,3153
2996,3156
2996,3158
2996,3166
2996,3169
2996,3172
2996,3173
2996,3174
2996,3176
2996,3178
2996,3190
2996,3206
2996,3211
2996,3222
2996,3223
2996,3224
2996,3225
2996,3233
2996,3234
2996,3237
2996,3240
2996,3242
2996,3247
2996,3248
2996,3250
2996,3252
2996,3253
2996,3254
2996,3255
2996,3257
2996,3295
2996,3299
2996,3336
2996,3342
2996,3348
2996,3353
2996,3356
2996,3360
2996,3368
2996,3369
2996,3371
2996,3374
2996,3377
2996,3386
2996,3450
2996,3453
2996,3454
2996,3456
2996,3462
2996,3466
2996,3470
2997,3138
2998,3138
2999,3138
3000,3138
3001,3138
3002,3138
3003,3004
3003,3016
3003,3024
3003,3037
3003,3099
3003,3101
3003,3114
3003,3138
3003,3152
3003,3156
3003,3158
3003,3166
3003,3168
3003,3169
3003,3176
3003,3178
3003,3190
3003,3206
3003,3211
3003,3222
3003,3234
3003,3236
3003,3237
3003,3242
3003,3250
3003,3253
3003,3254
3003,3257
3003,3295
3003,3348
3003,3368
3003,3453
3003,3454
3003,3462
3003,3468
3003,3470
3004,3012
3004,3016
3004,3024
3004,3037
3004,3039
3004,3099
3004,3101
3004,3114
3004,3138
3004,3144
3004,3153
3004,3156
3004,3158
3004,3166
3004,3168
3004,3169
3004,3176
3004,3178
3004,3190
3004,3206
3004,3211
3004,3222
3004,3234
3004,3236
3004,3237
3004,3242
3004,3248
3004,3250
3004,3252
3004,3253
3004,3254
3004,3255
3004,3257
3004,3295
3004,3348
3004,3353
3004,3368
3004,3453
3004,3454
3004,3456
3004,3462
3004,3468
3004,3470
3005,3138
3009,3138
3010,3138
3012,3016
3012,3024
3012,3037
3012,3039
3012,3099
3012,3101
3012,3114
3012,3138
3012,3144
3012,3153
3012,3156
3012,3158
3012,3168
3012,3169
3012,3176
3012,3178
3012,3190
3012,3211
3012,3222
3012,3223
3012,3234
3012,3236
3012,3237
3012,3242
3012,3248
3012,3252
3012,3253
3012,3254
3012,3255
3012,3295
3012,3336
3012,3348
3012,3353
3012,3368
3012,3453
3012,3454
3012,3456
3012,3462
3012,3468
3012,3470
3013,3138
3014,3138
3016,3024
3016,3037
3016,3039
3016,3099
3016,3114
3016,3138
3016,3153
3016,3156
3016,3158
3016,3168
3016,3169
3016,3176
3016,3178
3016,3190
3016,3206
3016,3211
3016,3223
3016,3234
3016,3236
3016,3237
3016,3242
3016,3248
3016,3252
3016,3253
3016,3254
3016,3255
3016,3257
3016,3295
3016,3336
3016,3353
3016,3368
3016,3453
3016,3454
3016,3462
3016,3468
3016,3470
3017,3138
3018,3138
3019,3138
3021,3082
3021,3103
3021,3173
3021,3452
3021,3473
3022,3138
3023,3138
3024,3037
3024,3039
3024,3099
3024,3101
3024,3114
3024,3138
3024,3144
3024,3152
3024,3156
3024,3158
3024,3166
3024,3168
3024,3169
3024,3176
3024,3190
3024,3206
3024,3211
3024,3223
3024,3234
3024,3237
3024,3242
3024,3248
3024,3252
3024,3253
3024,3254
3024,3255
3024,3257
3024,3295
3024,3336
3024,3348
3024,3353
3024,3368
3024,3453
3024,3454
3024,3456
3024,3462
3024,3468
3025,3138
3026,3138
3027,3138
3028,3138
3029,3138
3031,3138
3033,3138
3037,3039
3037,3101
3037,3114
3037,3144
3037,3153
3037,3158
3037,3166
3037,3168
3037,3169
3037,3176
3037,3178
3037,3190
3037,3206
3037,3211
3037,3222
3037,3223
3037,3234
3037,3237
3037,3242
3037,3248
3037,3250
3037,3252
3037,3254
3037,3255
3037,3336
3037,3348
3037,3353
3037,3368
3037,3453
3037,3456
3037,3462
3037,3468
3037,3470
3038,3138
3039,3099
3039,3101
3039,3114
3039,3115
3039,3138
3039,3140
3039,3144
3039,3152
3039,3153
3039,3156
3039,3158
3039,3166
3039,3168
3039,3169
3039,3172
3039,3176
3039,3190
3039,3206
3039,3211
3039,3222
3039,3223
3039,3224
3039,3225
3039,3234
3039,3236
3039,3237
3039,3240
3039,3242
3039,3247
3039,3248
3039,3250
3039,3252
3039,3253
3039,3254
3039,3255
3039,3257
3039,3295
3039,3299
3039,3336
3039,3342
3039,3348
3039,3356
3039,3368
3039,3369
3039,3371
3039,3374
3039,3377
3039,3453
3039,3454
3039,3462
3039,3466
3039,3468
3039,3470
3040,3227
3042,3138
3043,3138
3046,3138
3048,3138
3049,3138
3051,3138
3053,3138
3054,3138
3055,3138
3057,3138
3058,3138
3059,3138
3060,3088
3060,3138
3060,3224
3060,3225
3061,3138
3062,3138
3063,3138
3065,3138
3067,3138
3068,3138
3069,3138
3070,3138
3071,3138
3072,3138
3073,3138
3074,3077
3074,3078
3074,3167
3074,3304
3074,3457
3077,3088
3077,3138
3077,3167
3077,3259
3077,3304
3077,3387
3077,3457
3077,3473
3078,3091
3078,3167
3078,3468
3078,3473
3079,3138
3080,3138
3081,3138
3082,3138
3082,3243
3082,3452
3082,3473
3083,3138
3084,3138
3086,3138
3088,3114
3088,3167
3088,3224
3088,3244
3088,3304
3088,3379
3088,3490
3089,3138
3090,3138
3091,3138
3091,3167
3091,3371
3093,3138
3094,3138
3095,3138
3096,3138
3097,3138
3098,3138
3099,3101
3099,3114
3099,3138
3099,3144
3099,3152
3099,3153
3099,3156
3099,3166
3099,3168
3099,3169
3099,3176
3099,3178
3099,3206
3099,3211
3099,3222
3099,3223
3099,3236
3099,3237
3099,3242
3099,3248
3099,3250
3099,3253
3099,3254
3099,3255
3099,3257
3099,3295
3099,3336
3099,3348
3099,3353
3099,3368
3099,3453
3099,3454
3099,3468
3099,3470
3100,3138
3101,3138
3101,3153
3101,3156
3101,3158
3101,3166
3101,3168
3101,3169
3101,3176
3101,3178
3101,3206
3101,3211
3101,3222
3101,3223
3101,3234
3101,3236
3101,3237
3101,3242
3101,3252
3101,3253
3101,3254
3101,3255
3101,3257
3101,3348
3101,3353
3101,3368
3101,3453
3101,3454
3101,3456
3101,3462
3101,3468
3102,3138
3110,3138
3112,3138
3113,3138
3114,3144
3114,3153
3114,3156
3114,3158
3114,3166
3114,3167
3114,3168
3114,3169
3114,3176
3114,3178
3114,3206
3114,3211
3114,3222
3114,3223
3114,3234
3114,3236
3114,3237
3114,3242
3114,3248
3114,3250
3114,3253
3114,3254
3114,3255
3114,3295
3114,3336
3114,3348
3114,3353
3114,3368
3114,3376
3114,3453
3114,3454
3114,3462
3114,3470
3115,3138
3115,3140
3115,3166
3115,3172
3115,3176
3115,3225
3115,3240
3115,3247
3115,3299
3115,3342
3115,3356
3115,3369
3115,3371
3115,3377
3115,3466
3115,3468
3118,3138
3119,3138
3121,3138
3121,3230
3121,3374
3121,3375
3122,3138
3122,3230
3122,3233
3122,3297
3122,3357
3122,3374
3122,3386
3122,3411
3122,3450
3123,3138
3126,3138
3127,3138
3128,3138
3133,3138
3134,3138
3135,3138
3137,3138
3138,3139
3138,3140
3138,3141
3138,3144
3138,3145
3138,3146
3138,3147
3138,3148
3138,3152
3138,3153
3138,3157
3138,3158
3138,3162
3138,3164
3138,3165
3138,3166
3138,3168
3138,3169
3138,3170
3138,3171
3138,3172
3138,3175
3138,3176
3138,3177
3138,3178
3138,3180
3138,3181
3138,3182
3138,3184
3138,3186
3138,3188
3138,3189
3138,3190
3138,3192
3138,3194
3138,3195
3138,3196
3138,3201
3138,3204
3138,3210
3138,3212
3138,3213
3138,3215
3138,3216
3138,3217
3138,3218
3138,3220
3138,3221
3138,3222
3138,3223
3138,3224
3138,3225
3138,3226
3138,3228
3138,3230
3138,3233
3138,3234
3138,3235
3138,3236
3138,3238
3138,3240
3138,3241
3138,3242
3138,3244
3138,3247
3138,3248
3138,3250
3138,3251
3138,3253
3138,3254
3138,3255
3138,3257
3138,3258
3138,3262
3138,3263
3138,3264
3138,3266
3138,3269
3138,3270
3138,3271
3138,3274
3138,3276
3138,3281
3138,3283
3138,3294
3138,3295
3138,3297
3138,3298
3138,3299
3138,3300
3138,3301
3138,3303
3138,3306
3138,3309
3138,3310
3138,3313
3138,3314
3138,3316
3138,3320
3138,3321
3138,3322
3138,3323
3138,3326
3138,3328
3138,3329
3138,3330
3138,3331
3138,3332
3138,3334
3138,3335
3138,3336
3138,3339
3138,3342
3138,3343
3138,3344
3138,3347
3138,3348
3138,3350
3138,3353
3138,3356
3138,3357
3138,3359
3138,3361
3138,3365
3138,3367
3138,3368
3138,3369
3138,3370
3138,3371
3138,3374
3138,3377
3138,3380
3138,3381
3138,3385
3138,3386
3138,3391
3138,3393
3138,3395
3138,3400
3138,3402
3138,3403
3138,3404
3138,3406
3138,3407
3138,3408
3138,3409
3138,3410
3138,3411
3138,3416
3138,3418
3138,3421
3138,3422
3138,3431
3138,3433
3138,3435
3138,3440
3138,3441
3138,3443
3138,3445
3138,3446
3138,3447
3138,3448
3138,3449
3138,3450
3138,3451
3138,3452
3138,3453
3138,3454
3138,3456
3138,3458
3138,3459
3138,3461
3138,3462
3138,3463
3138,3466
3138,3469
3138,3470
3138,3471
3140,3166
3140,3172
3140,3176
3140,3225
3140,3240
3140,3247
3140,3299
3140,3342
3140,3356
3140,3369
3140,3371
3140,3377
3140,3466
3140,3468
3144,3153
3144,3158
3144,3166
3144,3168
3144,3169
3144,3176
3144,3178
3144,3206
3144,3211
3144,3222
3144,3223
3144,3236
3144,3242
3144,3248
3144,3250
3144,3252
3144,3253
3144,3254
3144,3255
3144,3295
3144,3336
3144,3348
3144,3353
3144,3368
3144,3454
3144,3456
3144,3468
3144,3470
3152,3153
3152,3156
3152,3158
3152,3166
3152,3168
3152,3169
3152,3178
3152,3190
3152,3206
3152,3211
3152,3222
3152,3234
3152,3237
3152,3242
3152,3248
3152,3250
3152,3255
3152,3295
3152,3336
3152,3348
3152,3353
3152,3368
3152,3454
3152,3456
3152,3462
3152,3468
3153,3156
3153,3166
3153,3169
3153,3176
3153,3211
3153,3222
3153,3223
3153,3234
3153,3242
3153,3248
3153,3250
3153,3252
3153,3254
3153,3255
3153,3257
3153,3336
3153,3348
3153,3368
3153,3453
3153,3454
3153,3456
3153,3462
3153,3468
3153,3470
3156,3158
3156,3166
3156,3168
3156,3169
3156,3176
3156,3178
3156,3190
3156,3206
3156,3211
3156,3223
3156,3234
3156,3236
3156,3237
3156,3242
3156,3248
3156,3250
3156,3254
3156,3257
3156,3295
3156,3336
3156,3348
3156,3353
3156,3368
3156,3454
3156,3456
3156,3468
3156,3470
3158,3168
3158,3169
3158,3176
3158,3178
3158,3190
3158,3206
3158,3211
3158,3222
3158,3223
3158,3234
3158,3236
3158,3237
3158,3248
3158,3250
3158,3252
3158,3253
3158,3254
3158,3257
3158,3295
3158,3336
3158,3348
3158,3353
3158,3368
3158,3453
3158,3454
3158,3462
3158,3468
3158,3470
3166,3168
3166,3169
3166,3172
3166,3176
3166,3178
3166,3190
3166,3206
3166,3211
3166,3222
3166,3223
3166,3225
3166,3234
3166,3236
3166,3240
3166,3242
3166,3247
3166,3248
3166,3250
3166,3252
3166,3253
3166,3254
3166,3255
3166,3257
3166,3295
3166,3299
3166,3342
3166,3356
3166,3369
3166,3371
3166,3377
3166,3453
3166,3456
3166,3462
3166,3466
3166,3468
3166,3470
3167,3202
3167,3209
3167,3259
3167,3363
3167,3371
3167,3438
3167,3473
3167,3474
3168,3169
3168,3176
3168,3178
3168,3190
3168,3206
3168,3211
3168,3222
3168,3223
3168,3237
3168,3242
3168,3248
3168,3250
3168,3254
3168,3295
3168,3336
3168,3353
3168,3368
3168,3453
3168,3454
3168,3462
3168,3468
3169,3176
3169,3178
3169,3206
3169,3211
3169,3222
3169,3234
3169,3236
3169,3237
3169,3242
3169,3248
3169,3252
3169,3253
3169,3255
3169,3336
3169,3353
3169,3368
3169,3453
3169,3454
3169,3456
3169,3462
3169,3468
3169,3470
3172,3176
3172,3225
3172,3240
3172,3247
3172,3299
3172,3342
3172,3356
3172,3369
3172,3371
3172,3377
3172,3466
3172,3468
3173,3174
3173,3360
3173,3387
3173,3450
3174,3360
3174,3450
3176,3178
3176,3190
3176,3206
3176,3211
3176,3222
3176,3223
3176,3225
3176,3236
3176,3237
3176,3240
3176,3242
3176,3247
3176,3248
3176,3250
3176,3252
3176,3253
3176,3254
3176,3255
3176,3257
3176,3295
3176,3299
3176,3336
3176,3342
3176,3348
3176,3353
3176,3356
3176,3368
3176,3369
3176,3371
3176,3377
3176,3453
3176,3454
3176,3456
3176,3462
3176,3466
3176,3468
3176,3470
3178,3190
3178,3206
3178,3211
3178,3222
3178,3234
3178,3236
3178,3237
3178,3242
3178,3250
3178,3252
3178,3253
3178,3254
3178,3255
3178,3257
3178,3336
3178,3348
3178,3353
3178,3368
3178,3453
3178,3456
3178,3468
3178,3470
3190,3206
3190,3211
3190,3222
3190,3223
3190,3234
3190,3236
3190,3237
3190,3248
3190,3250
3190,3252
3190,3254
3190,3255
3190,3257
3190,3295
3190,3336
3190,3348
3190,3353
3190,3368
3190,3453
3190,3454
3190,3456
3190,3462
3190,3468
3190,3470
3202,3363
3202,3412
3206,3211
3206,3222
3206,3223
3206,3234
3206,3236
3206,3237
3206,3242
3206,3250
3206,3252
3206,3254
3206,3255
3206,3257
3206,3295
3206,3336
3206,3348
3206,3353
3206,3368
3206,3453
3206,3454
3206,3456
3206,3462
3206,3468
3206,3470
3211,3222
3211,3223
3211,3234
3211,3236
3211,3237
3211,3242
3211,3250
3211,3252
3211,3254
3211,3255
3211,3295
3211,3336
3211,3348
3211,3368
3211,3456
3211,3462
3211,3468
3222,3223
3222,3234
3222,3242
3222,3248
3222,3250
3222,3252
3222,3253
3222,3254
3222,3255
3222,3295
3222,3336
3222,3368
3222,3453
3222,3454
3222,3456
3222,3462
3222,3468
3222,3470
3223,3234
3223,3236
3223,3237
3223,3248
3223,3250
3223,3252
3223,3253
3223,3254
3223,3257
3223,3295
3223,3348
3223,3353
3223,3368
3223,3453
3223,3454
3223,3456
3223,3462
3223,3468
3223,3470
3224,3468
3225,3233
3225,3240
3225,3247
3225,3299
3225,3342
3225,3356
3225,3369
3225,3371
3225,3377
3225,3466
3225,3468
3230,3233
3230,3386
3233,3297
3233,3357
3233,3363
3233,3374
3233,3376
3233,3386
3233,3411
3233,3450
3234,3236
3234,3237
3234,3242
3234,3248
3234,3250
3234,3252
3234,3254
3234,3257
3234,3295
3234,3348
3234,3353
3234,3368
3234,3453
3234,3456
3234,3462
3234,3468
3234,3470
3236,3237
3236,3252
3236,3253
3236,3254
3236,3255
3236,3257
3236,3295
3236,3336
3236,3348
3236,3353
3236,3368
3236,3453
3236,3456
3236,3462
3236,3468
3236,3470
3237,3242
3237,3248
3237,3253
3237,3254
3237,3255
3237,3257
3237,3295
3237,3336
3237,3348
3237,3368
3237,3453
3237,3454
3237,3456
3237,3462
3237,3468
3237,3470
3240,3247
3240,3299
3240,3342
3240,3356
3240,3369
3240,3371
3240,3377
3240,3466
3240,3468
3242,3248
3242,3253
3242,3254
3242,3255
3242,3336
3242,3348
3242,3353
3242,3368
3242,3462
3242,3468
3242,3470
3243,3393
3243,3473
3247,3299
3247,3369
3247,3371
3247,3466
3247,3468
3248,3250
3248,3253
3248,3254
3248,3255
3248,3257
3248,3295
3248,3336
3248,3348
3248,3353
3248,3368
3248,3453
3248,3454
3248,3456
3248,3462
3248,3468
3248,3470
3250,3252
3250,3253
3250,3255
3250,3257
3250,3295
3250,3336
3250,3348
3250,3368
3250,3454
3250,3456
3250,3462
3250,3468
3252,3253
3252,3254
3252,3295
3252,3336
3252,3348
3252,3353
3252,3368
3252,3453
3252,3454
3252,3456
3252,3468
3252,3470
3253,3255
3253,3257
3253,3336
3253,3348
3253,3353
3253,3368
3253,3462
3253,3468
3253,3470
3254,3255
3254,3257
3254,3295
3254,3336
3254,3348
3254,3353
3254,3368
3254,3453
3254,3454
3254,3456
3254,3462
3254,3468
3255,3257
3255,3295
3255,3336
3255,3348
3255,3353
3255,3368
3255,3453
3255,3454
3255,3462
3255,3468
3257,3295
3257,3353
3257,3368
3257,3453
3257,3454
3257,3462
3257,3468
3257,3470
3259,3371
3280,3383
3295,3336
3295,3348
3295,3353
3295,3453
3295,3454
3295,3456
3295,3462
3295,3468
3295,3470
3297,3386
3299,3342
3299,3356
3299,3369
3299,3371
3299,3377
3299,3466
3299,3468
3304,3468
3336,3348
3336,3353
3336,3368
3336,3453
3336,3454
3336,3456
3336,3462
3336,3468
3336,3470
3342,3356
3342,3369
3342,3371
3342,3377
3342,3466
3342,3468
3348,3353
3348,3368
3348,3453
3348,3454
3348,3456
3348,3462
3348,3468
3348,3470
3353,3368
3353,3453
3353,3454
3353,3456
3353,3462
3353,3468
3353,3470
3356,3369
3356,3371
3356,3377
3356,3466
3356,3468
3357,3386
3360,3387
3363,3438
3368,3453
3368,3454
3368,3456
3368,3462
3368,3468
3368,3470
3369,3371
3369,3377
3369,3466
3369,3468
3371,3377
3371,3412
3371,3466
3371,3468
3371,3473
3374,3468
3377,3466
3377,3468
3379,3438
3383,3457
3386,3411
3386,3450
3393,3452
3393,3473
3452,3473
3453,3454
3453,3456
3453,3462
3453,3468
3453,3470
3454,3456
3454,3468
3456,3462
3456,3468
3456,3470
3457,3474
3462,3468
3462,3470
3466,3468
3468,3470
3468,3473
