drug1_id,drug2_id
0,3138
2,3138
6,3138
7,238
7,964
7,1208
7,1561
7,1906
7,2121
7,3088
8,3138
13,158
14,158
17,118
17,139
17,259
17,354
17,361
17,394
17,410
17,439
17,621
17,668
17,744
17,772
17,915
17,958
17,1065
17,1074
17,1101
17,1125
17,1240
17,1447
17,1561
17,1689
17,1698
17,1743
17,1845
17,2011
17,2017
17,2027
17,2039
17,2081
17,2115
17,2238
17,2558
17,2610
17,2621
17,2638
17,2706
17,2801
17,2996
17,3039
17,3115
17,3138
17,3140
17,3166
17,3176
17,3225
17,3240
17,3247
17,3299
17,3371
20,158
22,3138
23,2479
26,3138
33,158
37,157
37,158
37,214
37,227
37,303
37,565
37,785
37,794
37,821
37,1075
37,1906
37,1942
37,2362
37,2470
37,2874
37,3167
37,3370
37,3379
39,158
45,152
45,158
45,162
45,214
45,573
45,694
45,759
45,1008
45,1245
45,1362
45,1462
45,1561
45,1645
45,1997
45,2129
45,2130
45,2458
45,2468
45,2533
45,2809
45,2874
45,2900
45,3088
45,3114
45,3167
48,1645
57,158
58,158
65,158
70,158
72,3138
73,3138
78,158
85,109
85,214
85,303
85,668
85,873
85,1400
85,1653
85,1657
85,2197
85,2470
85,3370
86,109
86,450
86,668
86,1400
86,1653
86,2290
86,2629
86,3371
87,318
87,557
87,565
87,1115
87,1289
87,1614
87,1741
87,2039
87,2290
87,2801
87,3167
88,3138
93,3138
100,158
102,158
104,158
105,123
105,150
105,343
105,344
105,370
105,381
105,394
105,406
105,422
105,427
105,433
105,439
105,457
105,462
105,464
105,465
105,491
105,500
105,505
105,668
105,674
105,693
105,697
105,902
105,908
105,915
105,949
105,952
105,958
105,973
105,1000
105,1001
105,1004
105,1019
105,1062
105,1073
105,1090
105,1111
105,1143
105,1152
105,1171
105,1190
105,1205
105,1211
105,1221
105,1229
105,1266
105,1267
105,1275
105,1290
105,1311
105,1331
105,1340
105,1350
105,1378
105,1379
105,1412
105,1428
105,1432
105,1449
105,1553
105,1561
105,1597
105,1599
105,1621
105,1638
105,1726
105,1727
105,1736
105,1741
105,1843
105,1851
105,1862
105,1878
105,1989
105,1997
105,2006
105,2018
105,2022
105,2027
105,2030
105,2033
105,2039
105,2055
105,2065
105,2068
105,2071
105,2081
105,2111
105,2260
105,2327
105,2328
105,2335
105,2340
105,2345
105,2425
105,2535
105,2536
105,2544
105,2551
105,2579
105,2580
105,2600
105,2640
105,2651
105,2664
105,2666
105,2678
105,2692
105,2722
105,2747
105,2767
105,2772
105,2977
105,2996
105,3004
105,3024
105,3039
105,3114
105,3138
105,3144
105,3153
105,3158
105,3166
105,3169
105,3176
105,3211
105,3223
105,3234
105,3236
105,3253
105,3254
105,3255
105,3336
105,3353
105,3368
105,3456
105,3462
108,1023
108,2110
108,2383
108,3138
108,3227
109,158
109,421
109,468
109,472
109,486
109,554
109,637
109,873
109,1591
109,1621
109,1956
109,2010
109,2039
109,2197
109,2219
109,2247
109,2470
109,2516
109,2607
109,3021
109,3082
109,3138
109,3243
109,3473
113,158
115,158
115,162
115,214
115,1386
115,1462
115,1645
118,139
118,259
118,354
118,361
118,394
118,410
118,439
118,621
118,668
118,744
118,772
118,915
118,958
118,1065
118,1074
118,1101
118,1125
118,1240
118,1447
118,1561
118,1689
118,1698
118,1743
118,1845
118,2011
118,2017
118,2027
118,2039
118,2081
118,2115
118,2238
118,2558
118,2610
118,2621
118,2638
118,2706
118,2801
118,2996
118,3039
118,3115
118,3138
118,3140
118,3166
118,3176
118,3225
118,3240
118,3247
118,3299
118,3371
121,158
123,139
123,150
123,211
123,343
123,344
123,350
123,370
123,381
123,394
123,406
123,422
123,427
123,433
123,439
123,457
123,464
123,465
123,468
123,482
123,486
123,491
123,500
123,505
123,668
123,669
123,674
123,693
123,697
123,902
123,915
123,949
123,952
123,958
123,964
123,973
123,981
123,1000
123,1001
123,1004
123,1019
123,1073
123,1090
123,1111
123,1143
123,1152
123,1171
123,1174
123,1191
123,1205
123,1211
123,1217
123,1229
123,1266
123,1267
123,1275
123,1290
123,1293
123,1311
123,1331
123,1340
123,1351
123,1378
123,1379
123,1412
123,1428
123,1432
123,1442
123,1449
123,1551
123,1553
123,1561
123,1597
123,1599
123,1621
123,1638
123,1726
123,1727
123,1729
123,1736
123,1741
123,1843
123,1851
123,1862
123,1878
123,1893
123,2006
123,2010
123,2018
123,2022
123,2033
123,2039
123,2046
123,2055
123,2068
123,2081
123,2111
123,2260
123,2288
123,2328
123,2335
123,2340
123,2425
123,2535
123,2536
123,2544
123,2551
123,2579
123,2580
123,2600
123,2660
123,2664
123,2666
123,2678
123,2689
123,2690
123,2692
123,2722
123,2767
123,2772
123,2787
123,3004
123,3099
123,3101
123,3138
123,3144
123,3153
123,3158
123,3166
123,3168
123,3169
123,3176
123,3211
123,3223
123,3234
123,3236
123,3253
123,3255
123,3257
123,3336
123,3353
123,3368
123,3456
123,3470
132,158
134,3138
139,150
139,211
139,218
139,259
139,315
139,318
139,343
139,344
139,350
139,354
139,361
139,370
139,380
139,381
139,394
139,398
139,406
139,410
139,422
139,439
139,457
139,462
139,464
139,465
139,468
139,482
139,486
139,491
139,500
139,505
139,543
139,573
139,621
139,668
139,669
139,674
139,693
139,697
139,744
139,772
139,902
139,908
139,915
139,949
139,958
139,964
139,973
139,981
139,1000
139,1001
139,1004
139,1019
139,1062
139,1065
139,1073
139,1074
139,1090
139,1100
139,1101
139,1105
139,1111
139,1125
139,1143
139,1152
139,1171
139,1174
139,1190
139,1211
139,1217
139,1229
139,1240
139,1266
139,1267
139,1275
139,1285
139,1290
139,1293
139,1311
139,1318
139,1331
139,1340
139,1350
139,1351
139,1378
139,1379
139,1412
139,1442
139,1447
139,1449
139,1507
139,1551
139,1553
139,1555
139,1561
139,1563
139,1597
139,1599
139,1621
139,1638
139,1689
139,1698
139,1726
139,1727
139,1729
139,1736
139,1741
139,1743
139,1781
139,1813
139,1843
139,1845
139,1851
139,1878
139,1893
139,1906
139,1940
139,1942
139,1943
139,1947
139,1949
139,1989
139,1997
139,2006
139,2010
139,2011
139,2017
139,2018
139,2022
139,2027
139,2030
139,2033
139,2039
139,2046
139,2055
139,2065
139,2071
139,2081
139,2111
139,2115
139,2238
139,2242
139,2260
139,2288
139,2289
139,2327
139,2335
139,2340
139,2345
139,2348
139,2380
139,2408
139,2425
139,2426
139,2458
139,2480
139,2533
139,2535
139,2536
139,2544
139,2551
139,2558
139,2579
139,2580
139,2593
139,2600
139,2608
139,2610
139,2621
139,2638
139,2640
139,2651
139,2660
139,2678
139,2689
139,2690
139,2706
139,2722
139,2747
139,2769
139,2772
139,2787
139,2801
139,2848
139,2931
139,2977
139,2996
139,3004
139,3024
139,3039
139,3099
139,3101
139,3115
139,3122
139,3138
139,3140
139,3144
139,3153
139,3158
139,3166
139,3168
139,3169
139,3176
139,3211
139,3223
139,3225
139,3236
139,3240
139,3247
139,3255
139,3257
139,3299
139,3336
139,3353
139,3368
139,3371
139,3374
139,3386
139,3411
139,3456
139,3462
139,3470
140,1993
141,158
144,158
150,211
150,343
150,344
150,350
150,370
150,381
150,394
150,398
150,406
150,422
150,427
150,433
150,439
150,457
150,462
150,465
150,468
150,482
150,486
150,491
150,500
150,668
150,669
150,674
150,902
150,908
150,915
150,949
150,958
150,964
150,973
150,981
150,1000
150,1004
150,1019
150,1062
150,1073
150,1090
150,1111
150,1143
150,1171
150,1174
150,1190
150,1191
150,1205
150,1211
150,1217
150,1229
150,1266
150,1267
150,1275
150,1285
150,1290
150,1311
150,1340
150,1350
150,1351
150,1378
150,1379
150,1412
150,1432
150,1442
150,1449
150,1551
150,1553
150,1561
150,1599
150,1621
150,1638
150,1726
150,1729
150,1741
150,1862
150,1878
150,1893
150,1997
150,2006
150,2010
150,2018
150,2027
150,2030
150,2039
150,2046
150,2065
150,2068
150,2071
150,2111
150,2260
150,2288
150,2327
150,2328
150,2345
150,2380
150,2426
150,2535
150,2536
150,2544
150,2551
150,2579
150,2600
150,2640
150,2651
150,2660
150,2664
150,2666
150,2690
150,2692
150,2722
150,2747
150,2767
150,2772
150,2787
150,2996
150,3004
150,3024
150,3099
150,3101
150,3114
150,3138
150,3158
150,3166
150,3168
150,3169
150,3176
150,3211
150,3234
150,3236
150,3254
150,3255
150,3336
150,3368
150,3462
151,158
151,1645
152,303
152,328
152,491
152,573
152,694
152,759
152,829
152,964
152,1006
152,1208
152,1217
152,1237
152,1245
152,1557
152,1850
152,1927
152,1997
152,2010
152,2039
152,2121
152,2129
152,2437
152,2533
152,2649
152,2900
152,3088
152,3167
156,2479
157,175
157,214
157,227
157,303
157,785
157,794
157,807
157,819
157,821
157,1075
157,1514
157,1666
157,1810
157,1906
157,1942
157,2122
157,2362
157,2802
157,3370
158,168
158,173
158,177
158,179
158,184
158,198
158,205
158,214
158,218
158,220
158,230
158,237
158,251
158,254
158,256
158,258
158,274
158,276
158,277
158,278
158,286
158,287
158,290
158,292
158,296
158,298
158,300
158,303
158,307
158,323
158,367
158,376
158,387
158,398
158,409
158,416
158,423
158,424
158,436
158,457
158,458
158,461
158,462
158,479
158,493
158,535
158,543
158,544
158,549
158,552
158,564
158,582
158,583
158,585
158,590
158,602
158,605
158,637
158,678
158,734
158,736
158,742
158,743
158,755
158,759
158,761
158,764
158,765
158,771
158,776
158,780
158,782
158,787
158,800
158,801
158,802
158,803
158,807
158,809
158,817
158,818
158,819
158,824
158,859
158,866
158,873
158,886
158,892
158,905
158,915
158,925
158,930
158,939
158,958
158,965
158,997
158,1008
158,1042
158,1045
158,1048
158,1049
158,1051
158,1054
158,1056
158,1076
158,1086
158,1088
158,1098
158,1101
158,1109
158,1136
158,1175
158,1200
158,1208
158,1221
158,1227
158,1260
158,1262
158,1267
158,1271
158,1282
158,1314
158,1317
158,1318
158,1337
158,1338
158,1356
158,1362
158,1375
158,1390
158,1400
158,1406
158,1408
158,1412
158,1421
158,1424
158,1426
158,1432
158,1433
158,1436
158,1445
158,1451
158,1452
158,1454
158,1462
158,1473
158,1475
158,1478
158,1487
158,1513
158,1514
158,1538
158,1545
158,1565
158,1583
158,1584
158,1594
158,1612
158,1625
158,1629
158,1633
158,1641
158,1643
158,1648
158,1651
158,1660
158,1666
158,1667
158,1668
158,1676
158,1689
158,1692
158,1707
158,1726
158,1736
158,1764
158,1766
158,1778
158,1790
158,1796
158,1813
158,1815
158,1826
158,1827
158,1831
158,1832
158,1861
158,1865
158,1873
158,1884
158,1891
158,1911
158,1927
158,1955
158,1964
158,1966
158,2004
158,2010
158,2015
158,2016
158,2024
158,2045
158,2059
158,2093
158,2096
158,2105
158,2118
158,2124
158,2130
158,2133
158,2134
158,2135
158,2147
158,2157
158,2158
158,2160
158,2162
158,2175
158,2180
158,2181
158,2187
158,2197
158,2205
158,2209
158,2216
158,2240
158,2248
158,2251
158,2263
158,2282
158,2295
158,2310
158,2314
158,2328
158,2338
158,2346
158,2352
158,2362
158,2412
158,2415
158,2421
158,2437
158,2443
158,2458
158,2468
158,2476
158,2477
158,2483
158,2486
158,2499
158,2500
158,2509
158,2513
158,2542
158,2566
158,2570
158,2589
158,2626
158,2664
158,2669
158,2676
158,2694
158,2696
158,2724
158,2743
158,2748
158,2755
158,2764
158,2786
158,2810
158,2833
158,2836
158,2838
158,2848
158,2851
158,2854
158,2859
158,2865
158,2866
158,2869
158,2870
158,2873
158,2874
158,2875
158,2895
158,2901
158,2908
158,2945
158,2970
158,2977
158,2998
158,3034
158,3035
158,3053
158,3082
158,3084
158,3104
158,3113
158,3136
158,3143
158,3150
158,3166
158,3169
158,3199
158,3203
158,3231
158,3234
158,3257
158,3261
158,3264
158,3267
158,3316
158,3327
158,3370
158,3372
158,3375
158,3385
158,3421
158,3434
158,3437
158,3474
158,3483
158,3495
159,3138
162,214
162,1008
162,1462
162,1997
162,2874
162,3088
166,1645
168,191
168,573
168,785
168,1645
168,3088
175,214
175,303
175,565
175,694
175,807
175,2039
175,2130
175,2158
175,2362
175,2874
178,282
178,358
178,694
178,838
178,1006
178,1237
178,1468
178,1526
178,1563
178,1608
178,1673
178,1850
178,2039
178,2343
178,2437
178,3074
178,3383
178,3457
178,3474
191,785
196,1645
203,3138
208,3138
209,2479
210,2479
210,3138
211,303
211,311
211,328
211,343
211,344
211,350
211,381
211,394
211,398
211,406
211,427
211,439
211,457
211,462
211,464
211,465
211,468
211,486
211,491
211,500
211,505
211,573
211,668
211,669
211,672
211,674
211,693
211,694
211,697
211,902
211,908
211,915
211,949
211,952
211,958
211,964
211,981
211,1000
211,1004
211,1019
211,1062
211,1073
211,1090
211,1111
211,1143
211,1152
211,1171
211,1174
211,1190
211,1191
211,1211
211,1217
211,1221
211,1229
211,1264
211,1266
211,1267
211,1275
211,1285
211,1290
211,1293
211,1311
211,1318
211,1331
211,1340
211,1350
211,1351
211,1378
211,1379
211,1412
211,1428
211,1432
211,1442
211,1449
211,1551
211,1553
211,1561
211,1597
211,1599
211,1621
211,1726
211,1727
211,1729
211,1736
211,1741
211,1843
211,1851
211,1862
211,1878
211,1893
211,1989
211,1997
211,2006
211,2010
211,2018
211,2022
211,2027
211,2030
211,2033
211,2039
211,2046
211,2055
211,2065
211,2068
211,2071
211,2081
211,2111
211,2260
211,2288
211,2327
211,2328
211,2335
211,2340
211,2345
211,2378
211,2380
211,2426
211,2535
211,2536
211,2544
211,2551
211,2579
211,2580
211,2600
211,2608
211,2622
211,2640
211,2660
211,2666
211,2678
211,2689
211,2692
211,2722
211,2747
211,2767
211,2769
211,2772
211,2787
211,2977
211,2996
211,3004
211,3024
211,3039
211,3099
211,3101
211,3114
211,3138
211,3144
211,3153
211,3158
211,3166
211,3168
211,3169
211,3176
211,3211
211,3234
211,3236
211,3255
211,3257
211,3336
211,3353
211,3368
211,3371
211,3456
211,3470
211,3473
212,1993
213,1006
213,1245
213,1914
213,2669
213,3074
214,227
214,292
214,354
214,491
214,554
214,565
214,694
214,759
214,783
214,785
214,794
214,807
214,821
214,1008
214,1075
214,1362
214,1514
214,1561
214,1613
214,1645
214,1657
214,1666
214,1724
214,1815
214,1942
214,1967
214,1997
214,2010
214,2121
214,2122
214,2127
214,2130
214,2147
214,2158
214,2197
214,2390
214,2437
214,2470
214,2477
214,2626
214,2638
214,2715
214,2802
214,2874
214,2900
214,3060
214,3114
214,3167
214,3370
214,3379
217,3138
218,303
218,668
218,915
218,1065
218,1147
218,1217
218,1318
218,1563
218,1845
218,1940
218,1942
218,1943
218,1947
218,1949
218,2039
218,2408
218,2458
218,2996
218,3039
218,3138
218,3368
218,3374
220,468
220,591
220,964
220,1622
220,1956
220,2219
221,3138
226,472
226,1259
226,1993
226,3167
226,3371
227,303
227,785
227,821
227,1906
227,2147
227,3138
227,3370
231,3138
233,3138
237,3138
238,573
238,759
238,1208
238,1362
238,1526
238,1653
238,2129
238,2649
238,2900
238,3114
238,3490
239,3138
243,3138
254,3138
256,1645
257,3138
258,3138
259,354
259,361
259,394
259,410
259,439
259,621
259,668
259,744
259,772
259,915
259,958
259,1065
259,1074
259,1101
259,1125
259,1240
259,1447
259,1561
259,1689
259,1698
259,1743
259,1845
259,2011
259,2017
259,2027
259,2039
259,2081
259,2115
259,2238
259,2558
259,2610
259,2621
259,2638
259,2706
259,2801
259,2996
259,3039
259,3115
259,3138
259,3140
259,3166
259,3176
259,3225
259,3240
259,3247
259,3299
259,3371
261,3138
263,3138
269,3138
270,1645
273,2479
275,2479
276,3138
279,318
279,557
279,565
279,883
279,1115
279,1259
279,1515
279,1558
279,3167
281,1269
281,3121
282,358
282,573
282,829
282,838
282,962
282,1217
282,1468
282,1499
282,1927
282,2039
282,2359
282,2437
282,2669
282,3088
282,3457
283,3138
286,3138
287,3138
288,3138
289,292
289,318
289,565
289,903
289,1073
289,1115
289,1259
289,1289
289,1731
289,1993
289,2247
289,2290
289,2479
289,2638
289,2801
289,3167
289,3202
289,3363
289,3371
291,3138
292,303
292,785
292,794
292,821
292,883
292,1289
292,1906
292,2079
292,2158
292,2362
292,2390
292,2801
292,2802
292,3167
292,3370
292,3371
295,3138
297,3138
298,1645
298,3138
299,1993
300,3138
303,328
303,500
303,565
303,694
303,785
303,794
303,819
303,915
303,1065
303,1075
303,1147
303,1217
303,1264
303,1376
303,1567
303,1645
303,1666
303,1810
303,1940
303,1942
303,1943
303,1947
303,1949
303,1967
303,1997
303,2039
303,2122
303,2147
303,2158
303,2378
303,2458
303,2470
303,2622
303,2638
303,2802
303,2874
303,3039
303,3091
303,3167
303,3368
303,3370
303,3379
303,3473
304,3138
305,1645
305,3138
306,3138
308,3138
311,530
311,573
311,672
311,1376
311,1557
311,1718
311,1967
311,2079
311,2378
311,2769
311,2809
311,3074
311,3091
311,3371
311,3473
313,3138
314,3138
315,668
315,1563
315,1645
315,1845
315,1906
315,2289
315,2348
315,2533
315,2593
315,2931
315,3122
315,3138
315,3386
318,472
318,573
318,668
318,883
318,903
318,1008
318,1033
318,1100
318,1115
318,1259
318,1289
318,1386
318,1463
318,1515
318,1558
318,1563
318,1614
318,1731
318,1785
318,1813
318,1845
318,1906
318,1997
318,2039
318,2079
318,2234
318,2289
318,2348
318,2370
318,2408
318,2479
318,2533
318,2593
318,2625
318,2638
318,2801
318,2848
318,2858
318,2931
318,3060
318,3122
318,3138
318,3167
318,3225
318,3363
318,3371
318,3374
318,3386
325,1993
328,530
328,694
328,1217
328,1318
328,1376
328,1557
328,1967
328,3074
328,3091
328,3167
328,3371
328,3473
332,3138
339,3138
340,3138
342,3138
343,344
343,350
343,370
343,381
343,394
343,398
343,406
343,422
343,427
343,433
343,439
343,457
343,462
343,464
343,465
343,468
343,482
343,486
343,491
343,500
343,505
343,668
343,669
343,674
343,693
343,697
343,902
343,915
343,949
343,952
343,964
343,973
343,981
343,1001
343,1004
343,1019
343,1062
343,1073
343,1111
343,1143
343,1152
343,1171
343,1174
343,1190
343,1191
343,1205
343,1211
343,1217
343,1221
343,1266
343,1267
343,1275
343,1285
343,1290
343,1293
343,1311
343,1331
343,1340
343,1350
343,1351
343,1378
343,1379
343,1412
343,1432
343,1442
343,1551
343,1553
343,1561
343,1597
343,1599
343,1621
343,1727
343,1729
343,1736
343,1741
343,1843
343,1851
343,1862
343,1878
343,1893
343,1989
343,1997
343,2006
343,2010
343,2018
343,2022
343,2030
343,2033
343,2039
343,2065
343,2071
343,2081
343,2111
343,2260
343,2288
343,2327
343,2328
343,2335
343,2345
343,2380
343,2425
343,2426
343,2535
343,2536
343,2544
343,2551
343,2580
343,2600
343,2608
343,2640
343,2651
343,2660
343,2664
343,2666
343,2678
343,2689
343,2690
343,2692
343,2722
343,2747
343,2767
343,2977
343,2996
343,3004
343,3024
343,3039
343,3099
343,3101
343,3138
343,3144
343,3153
343,3158
343,3166
343,3168
343,3169
343,3176
343,3211
343,3223
343,3236
343,3253
343,3254
343,3255
343,3257
343,3353
343,3368
343,3456
343,3462
343,3470
344,350
344,370
344,381
344,406
344,422
344,427
344,433
344,439
344,457
344,464
344,465
344,486
344,491
344,500
344,505
344,668
344,669
344,674
344,697
344,908
344,915
344,949
344,952
344,958
344,964
344,973
344,981
344,1019
344,1062
344,1073
344,1111
344,1143
344,1171
344,1174
344,1190
344,1191
344,1211
344,1217
344,1221
344,1229
344,1266
344,1267
344,1275
344,1311
344,1331
344,1340
344,1351
344,1378
344,1379
344,1412
344,1428
344,1442
344,1449
344,1551
344,1553
344,1561
344,1599
344,1621
344,1638
344,1727
344,1729
344,1736
344,1741
344,1843
344,1851
344,1862
344,1878
344,1893
344,1989
344,1997
344,2006
344,2010
344,2022
344,2027
344,2030
344,2033
344,2039
344,2068
344,2081
344,2111
344,2260
344,2288
344,2327
344,2328
344,2335
344,2340
344,2345
344,2380
344,2425
344,2426
344,2535
344,2536
344,2544
344,2551
344,2579
344,2580
344,2600
344,2608
344,2640
344,2651
344,2664
344,2666
344,2678
344,2689
344,2692
344,2722
344,2747
344,2767
344,2787
344,2977
344,3004
344,3024
344,3101
344,3114
344,3144
344,3169
344,3176
344,3223
344,3236
344,3253
344,3254
344,3255
344,3257
344,3336
344,3368
344,3456
348,3138
350,370
350,381
350,394
350,398
350,406
350,422
350,427
350,433
350,457
350,462
350,465
350,468
350,482
350,486
350,491
350,500
350,505
350,668
350,674
350,693
350,915
350,949
350,952
350,958
350,964
350,981
350,1000
350,1001
350,1004
350,1019
350,1062
350,1073
350,1090
350,1111
350,1143
350,1152
350,1171
350,1174
350,1190
350,1191
350,1205
350,1211
350,1217
350,1221
350,1229
350,1266
350,1275
350,1285
350,1311
350,1331
350,1340
350,1350
350,1351
350,1378
350,1379
350,1412
350,1428
350,1432
350,1442
350,1449
350,1551
350,1553
350,1561
350,1599
350,1638
350,1726
350,1741
350,1851
350,1862
350,1878
350,1893
350,1989
350,1997
350,2006
350,2010
350,2018
350,2022
350,2027
350,2030
350,2033
350,2046
350,2055
350,2065
350,2068
350,2071
350,2081
350,2111
350,2260
350,2288
350,2327
350,2328
350,2335
350,2345
350,2380
350,2425
350,2426
350,2479
350,2535
350,2536
350,2544
350,2551
350,2579
350,2580
350,2608
350,2651
350,2664
350,2678
350,2689
350,2690
350,2692
350,2722
350,2747
350,2772
350,2787
350,2977
350,2996
350,3024
350,3099
350,3101
350,3114
350,3138
350,3144
350,3153
350,3158
350,3168
350,3176
350,3211
350,3223
350,3234
350,3236
350,3253
350,3254
350,3255
350,3257
350,3336
350,3353
350,3368
350,3456
350,3462
350,3470
352,3138
354,361
354,394
354,410
354,439
354,468
354,471
354,486
354,621
354,668
354,744
354,772
354,873
354,915
354,958
354,1065
354,1074
354,1101
354,1125
354,1174
354,1217
354,1240
354,1377
354,1400
354,1447
354,1561
354,1573
354,1591
354,1622
354,1653
354,1657
354,1689
354,1698
354,1741
354,1743
354,1845
354,2010
354,2011
354,2017
354,2027
354,2039
354,2044
354,2081
354,2115
354,2122
354,2219
354,2238
354,2470
354,2516
354,2558
354,2610
354,2621
354,2638
354,2675
354,2706
354,2757
354,2801
354,2996
354,3039
354,3115
354,3138
354,3140
354,3166
354,3173
354,3174
354,3176
354,3225
354,3240
354,3247
354,3299
354,3371
358,573
358,838
358,962
358,1006
358,1468
358,1477
358,1499
358,1563
358,1608
358,1673
358,1821
358,2039
358,2533
358,2669
358,3383
360,3138
361,394
361,410
361,439
361,621
361,668
361,744
361,772
361,915
361,958
361,1065
361,1074
361,1101
361,1125
361,1240
361,1447
361,1561
361,1689
361,1698
361,1743
361,1845
361,2011
361,2017
361,2027
361,2039
361,2081
361,2115
361,2237
361,2238
361,2558
361,2610
361,2621
361,2638
361,2706
361,2801
361,2996
361,3039
361,3115
361,3138
361,3140
361,3166
361,3176
361,3225
361,3240
361,3247
361,3299
361,3371
368,2479
370,381
370,394
370,398
370,406
370,422
370,427
370,433
370,439
370,457
370,462
370,464
370,465
370,468
370,482
370,486
370,491
370,500
370,505
370,669
370,674
370,693
370,697
370,902
370,908
370,915
370,949
370,952
370,964
370,973
370,981
370,1000
370,1001
370,1004
370,1019
370,1062
370,1073
370,1090
370,1111
370,1143
370,1152
370,1174
370,1190
370,1191
370,1205
370,1211
370,1217
370,1221
370,1229
370,1266
370,1267
370,1275
370,1285
370,1290
370,1293
370,1311
370,1331
370,1340
370,1350
370,1351
370,1378
370,1379
370,1412
370,1428
370,1432
370,1442
370,1449
370,1551
370,1553
370,1597
370,1599
370,1621
370,1638
370,1727
370,1729
370,1736
370,1741
370,1843
370,1851
370,1862
370,1878
370,1893
370,1989
370,1997
370,2006
370,2010
370,2018
370,2022
370,2027
370,2030
370,2033
370,2046
370,2055
370,2065
370,2068
370,2071
370,2081
370,2111
370,2260
370,2288
370,2328
370,2335
370,2340
370,2345
370,2380
370,2425
370,2426
370,2535
370,2536
370,2544
370,2579
370,2580
370,2600
370,2608
370,2640
370,2651
370,2660
370,2664
370,2666
370,2678
370,2689
370,2690
370,2692
370,2722
370,2747
370,2767
370,2772
370,2787
370,2977
370,2996
370,3004
370,3024
370,3039
370,3099
370,3101
370,3114
370,3138
370,3144
370,3153
370,3158
370,3166
370,3168
370,3169
370,3176
370,3211
370,3223
370,3234
370,3236
370,3253
370,3254
370,3255
370,3257
370,3336
370,3353
370,3456
370,3462
370,3470
371,3138
374,1993
377,3138
380,662
380,668
380,1400
380,1463
380,1563
380,1845
380,1906
380,2289
380,2348
380,2533
380,2593
380,2650
380,2931
380,3122
380,3138
380,3376
380,3386
381,394
381,398
381,406
381,422
381,427
381,433
381,439
381,457
381,462
381,464
381,465
381,468
381,486
381,491
381,500
381,668
381,669
381,674
381,693
381,697
381,902
381,908
381,915
381,952
381,958
381,964
381,981
381,1000
381,1001
381,1004
381,1019
381,1062
381,1073
381,1090
381,1143
381,1152
381,1171
381,1174
381,1190
381,1191
381,1205
381,1211
381,1217
381,1221
381,1229
381,1266
381,1267
381,1275
381,1293
381,1311
381,1340
381,1350
381,1351
381,1378
381,1428
381,1432
381,1442
381,1449
381,1551
381,1553
381,1561
381,1597
381,1599
381,1621
381,1638
381,1726
381,1727
381,1729
381,1736
381,1741
381,1843
381,1862
381,1878
381,1893
381,1989
381,1997
381,2006
381,2010
381,2018
381,2022
381,2027
381,2039
381,2055
381,2068
381,2081
381,2327
381,2328
381,2335
381,2340
381,2345
381,2380
381,2425
381,2535
381,2536
381,2544
381,2551
381,2579
381,2580
381,2600
381,2608
381,2640
381,2660
381,2666
381,2678
381,2689
381,2690
381,2692
381,2722
381,2747
381,2767
381,2772
381,2787
381,2996
381,3004
381,3024
381,3039
381,3099
381,3101
381,3114
381,3138
381,3144
381,3153
381,3158
381,3166
381,3168
381,3169
381,3176
381,3211
381,3234
381,3236
381,3253
381,3254
381,3255
381,3257
381,3336
381,3353
381,3456
381,3462
381,3470
382,3138
383,3138
386,2479
393,3138
394,398
394,406
394,410
394,422
394,427
394,433
394,439
394,457
394,462
394,464
394,468
394,482
394,486
394,491
394,500
394,505
394,621
394,668
394,669
394,693
394,697
394,744
394,772
394,902
394,908
394,915
394,949
394,952
394,958
394,964
394,981
394,1001
394,1004
394,1019
394,1062
394,1065
394,1073
394,1074
394,1101
394,1111
394,1125
394,1143
394,1152
394,1171
394,1174
394,1190
394,1191
394,1205
394,1211
394,1217
394,1221
394,1229
394,1240
394,1266
394,1267
394,1275
394,1290
394,1293
394,1311
394,1331
394,1340
394,1350
394,1351
394,1378
394,1379
394,1428
394,1432
394,1442
394,1447
394,1449
394,1551
394,1553
394,1561
394,1597
394,1599
394,1621
394,1638
394,1689
394,1698
394,1726
394,1727
394,1729
394,1736
394,1741
394,1743
394,1845
394,1851
394,1862
394,1878
394,1893
394,1989
394,1997
394,2006
394,2010
394,2011
394,2017
394,2018
394,2027
394,2033
394,2039
394,2046
394,2055
394,2065
394,2068
394,2071
394,2081
394,2111
394,2115
394,2260
394,2327
394,2328
394,2335
394,2340
394,2345
394,2425
394,2426
394,2535
394,2536
394,2544
394,2551
394,2558
394,2580
394,2600
394,2608
394,2610
394,2621
394,2638
394,2640
394,2651
394,2660
394,2664
394,2678
394,2689
394,2690
394,2692
394,2706
394,2747
394,2767
394,2772
394,2787
394,2801
394,2977
394,2996
394,3004
394,3024
394,3039
394,3099
394,3101
394,3114
394,3115
394,3138
394,3140
394,3153
394,3158
394,3166
394,3168
394,3169
394,3176
394,3211
394,3223
394,3225
394,3236
394,3240
394,3247
394,3253
394,3254
394,3255
394,3299
394,3353
394,3368
394,3371
394,3456
394,3462
394,3470
398,406
398,427
398,433
398,439
398,457
398,465
398,468
398,482
398,486
398,491
398,500
398,505
398,668
398,669
398,674
398,693
398,697
398,902
398,908
398,915
398,949
398,958
398,973
398,981
398,1004
398,1019
398,1062
398,1073
398,1111
398,1152
398,1171
398,1174
398,1190
398,1191
398,1211
398,1217
398,1221
398,1229
398,1266
398,1275
398,1285
398,1290
398,1293
398,1311
398,1331
398,1340
398,1351
398,1378
398,1379
398,1428
398,1432
398,1442
398,1551
398,1553
398,1561
398,1599
398,1638
398,1726
398,1727
398,1729
398,1736
398,1741
398,1851
398,1862
398,1878
398,1893
398,2006
398,2010
398,2018
398,2022
398,2027
398,2033
398,2046
398,2055
398,2068
398,2071
398,2081
398,2111
398,2260
398,2288
398,2327
398,2328
398,2335
398,2340
398,2425
398,2426
398,2535
398,2536
398,2544
398,2551
398,2580
398,2600
398,2608
398,2651
398,2660
398,2664
398,2666
398,2678
398,2689
398,2690
398,2747
398,2767
398,2772
398,2787
398,2996
398,3024
398,3039
398,3099
398,3101
398,3114
398,3138
398,3144
398,3153
398,3166
398,3169
398,3176
398,3211
398,3223
398,3234
398,3236
398,3253
398,3254
398,3257
398,3336
398,3353
398,3368
398,3456
398,3462
398,3470
402,3138
406,422
406,427
406,433
406,457
406,462
406,464
406,465
406,468
406,482
406,491
406,500
406,505
406,668
406,674
406,693
406,697
406,902
406,908
406,915
406,949
406,952
406,958
406,964
406,973
406,981
406,1001
406,1004
406,1019
406,1062
406,1073
406,1090
406,1111
406,1143
406,1152
406,1171
406,1174
406,1190
406,1191
406,1205
406,1211
406,1217
406,1229
406,1266
406,1267
406,1275
406,1285
406,1290
406,1293
406,1331
406,1340
406,1351
406,1378
406,1379
406,1412
406,1428
406,1432
406,1442
406,1449
406,1551
406,1561
406,1597
406,1599
406,1621
406,1638
406,1726
406,1727
406,1729
406,1736
406,1741
406,1851
406,1862
406,1878
406,1893
406,1989
406,1997
406,2006
406,2010
406,2018
406,2022
406,2027
406,2030
406,2033
406,2039
406,2046
406,2065
406,2068
406,2071
406,2081
406,2111
406,2260
406,2288
406,2327
406,2328
406,2335
406,2340
406,2345
406,2426
406,2535
406,2536
406,2551
406,2579
406,2600
406,2608
406,2660
406,2664
406,2666
406,2678
406,2689
406,2692
406,2722
406,2747
406,2767
406,2772
406,2787
406,2977
406,2996
406,3004
406,3024
406,3101
406,3114
406,3138
406,3144
406,3153
406,3158
406,3168
406,3169
406,3176
406,3223
406,3234
406,3253
406,3254
406,3255
406,3257
406,3336
406,3368
406,3456
406,3462
406,3470
407,3138
410,439
410,621
410,668
410,744
410,772
410,915
410,958
410,1065
410,1074
410,1101
410,1125
410,1240
410,1447
410,1561
410,1689
410,1698
410,1743
410,1845
410,2011
410,2017
410,2027
410,2039
410,2081
410,2115
410,2238
410,2558
410,2610
410,2621
410,2638
410,2706
410,2801
410,2996
410,3039
410,3115
410,3138
410,3140
410,3166
410,3176
410,3225
410,3240
410,3247
410,3299
410,3371
411,3138
413,3138
414,3138
415,468
415,472
415,964
415,1622
415,1956
415,2010
415,2219
415,2607
420,3138
421,468
421,472
421,554
421,636
421,637
421,873
421,964
421,1025
421,1069
421,1377
421,1591
421,1621
421,1746
421,2044
421,2048
421,2219
421,2275
421,2607
421,3021
421,3082
421,3227
421,3489
422,427
422,433
422,439
422,457
422,462
422,464
422,468
422,482
422,486
422,491
422,500
422,505
422,668
422,674
422,693
422,697
422,902
422,908
422,915
422,949
422,952
422,958
422,964
422,973
422,1000
422,1004
422,1019
422,1062
422,1073
422,1090
422,1111
422,1143
422,1171
422,1190
422,1191
422,1205
422,1211
422,1217
422,1221
422,1229
422,1266
422,1267
422,1290
422,1311
422,1331
422,1350
422,1351
422,1378
422,1379
422,1428
422,1432
422,1442
422,1449
422,1551
422,1553
422,1561
422,1597
422,1599
422,1621
422,1638
422,1727
422,1736
422,1843
422,1851
422,1862
422,1878
422,1893
422,1989
422,2006
422,2010
422,2018
422,2022
422,2030
422,2033
422,2039
422,2046
422,2055
422,2068
422,2071
422,2081
422,2111
422,2260
422,2288
422,2327
422,2328
422,2335
422,2340
422,2380
422,2425
422,2535
422,2536
422,2551
422,2579
422,2580
422,2600
422,2608
422,2640
422,2651
422,2660
422,2664
422,2666
422,2689
422,2690
422,2692
422,2747
422,2767
422,2772
422,2977
422,2996
422,3004
422,3024
422,3039
422,3099
422,3101
422,3114
422,3138
422,3153
422,3168
422,3169
422,3176
422,3223
422,3234
422,3236
422,3253
422,3336
422,3353
422,3368
422,3456
422,3462
422,3470
423,3138
425,3138
426,2479
427,433
427,439
427,464
427,465
427,468
427,482
427,486
427,491
427,500
427,505
427,668
427,674
427,697
427,902
427,908
427,915
427,949
427,952
427,958
427,964
427,973
427,981
427,1001
427,1004
427,1019
427,1062
427,1073
427,1090
427,1111
427,1152
427,1171
427,1174
427,1190
427,1191
427,1205
427,1217
427,1229
427,1266
427,1267
427,1275
427,1285
427,1290
427,1293
427,1311
427,1331
427,1340
427,1378
427,1379
427,1442
427,1449
427,1551
427,1553
427,1561
427,1597
427,1599
427,1621
427,1638
427,1726
427,1727
427,1729
427,1736
427,1741
427,1843
427,1851
427,1862
427,1878
427,1893
427,1989
427,1997
427,2006
427,2010
427,2018
427,2022
427,2030
427,2033
427,2039
427,2055
427,2068
427,2071
427,2081
427,2111
427,2260
427,2288
427,2327
427,2328
427,2340
427,2345
427,2380
427,2425
427,2426
427,2535
427,2536
427,2579
427,2580
427,2600
427,2608
427,2651
427,2660
427,2666
427,2678
427,2689
427,2690
427,2692
427,2722
427,2767
427,2772
427,2787
427,2996
427,3024
427,3099
427,3101
427,3114
427,3138
427,3144
427,3153
427,3158
427,3166
427,3168
427,3169
427,3176
427,3211
427,3223
427,3234
427,3236
427,3255
427,3353
427,3368
427,3462
427,3470
430,3138
431,3138
432,3138
433,439
433,457
433,462
433,464
433,468
433,482
433,491
433,500
433,505
433,668
433,669
433,674
433,693
433,697
433,908
433,915
433,949
433,952
433,958
433,973
433,981
433,1000
433,1004
433,1019
433,1062
433,1073
433,1090
433,1111
433,1143
433,1152
433,1171
433,1190
433,1191
433,1205
433,1211
433,1217
433,1221
433,1229
433,1266
433,1267
433,1275
433,1285
433,1290
433,1293
433,1331
433,1340
433,1350
433,1351
433,1378
433,1379
433,1412
433,1428
433,1442
433,1449
433,1551
433,1553
433,1561
433,1599
433,1621
433,1726
433,1727
433,1729
433,1736
433,1741
433,1851
433,1862
433,1878
433,1893
433,1989
433,1997
433,2006
433,2010
433,2022
433,2027
433,2030
433,2039
433,2046
433,2055
433,2065
433,2081
433,2111
433,2260
433,2288
433,2327
433,2328
433,2335
433,2340
433,2380
433,2425
433,2426
433,2535
433,2536
433,2544
433,2551
433,2600
433,2608
433,2640
433,2651
433,2660
433,2664
433,2666
433,2678
433,2689
433,2690
433,2722
433,2747
433,2767
433,2787
433,2977
433,2996
433,3004
433,3024
433,3039
433,3099
433,3101
433,3114
433,3138
433,3144
433,3153
433,3158
433,3166
433,3168
433,3169
433,3176
433,3211
433,3223
433,3234
433,3253
433,3255
433,3257
433,3336
433,3353
433,3368
433,3456
433,3462
433,3470
439,457
439,462
439,465
439,482
439,486
439,491
439,500
439,621
439,668
439,669
439,674
439,693
439,744
439,772
439,902
439,908
439,915
439,949
439,952
439,958
439,964
439,973
439,981
439,1000
439,1001
439,1019
439,1065
439,1073
439,1074
439,1090
439,1101
439,1111
439,1125
439,1143
439,1171
439,1174
439,1190
439,1191
439,1205
439,1211
439,1217
439,1221
439,1229
439,1240
439,1266
439,1267
439,1275
439,1285
439,1290
439,1293
439,1311
439,1331
439,1340
439,1351
439,1378
439,1379
439,1428
439,1442
439,1447
439,1449
439,1551
439,1561
439,1597
439,1599
439,1621
439,1689
439,1698
439,1726
439,1727
439,1729
439,1736
439,1741
439,1743
439,1843
439,1845
439,1851
439,1862
439,1878
439,1893
439,1989
439,1997
439,2006
439,2010
439,2011
439,2017
439,2018
439,2022
439,2027
439,2033
439,2039
439,2046
439,2055
439,2065
439,2068
439,2071
439,2081
439,2111
439,2115
439,2260
439,2288
439,2328
439,2335
439,2345
439,2380
439,2425
439,2535
439,2536
439,2544
439,2551
439,2558
439,2579
439,2580
439,2608
439,2610
439,2621
439,2638
439,2640
439,2651
439,2660
439,2664
439,2666
439,2706
439,2722
439,2747
439,2767
439,2787
439,2801
439,2977
439,2996
439,3004
439,3039
439,3099
439,3101
439,3114
439,3115
439,3138
439,3140
439,3144
439,3158
439,3166
439,3168
439,3169
439,3176
439,3211
439,3223
439,3225
439,3234
439,3240
439,3247
439,3253
439,3254
439,3257
439,3299
439,3336
439,3368
439,3371
439,3462
439,3470
440,3138
442,3138
443,3138
445,2479
450,3371
453,3138
457,462
457,464
457,465
457,468
457,482
457,486
457,491
457,500
457,505
457,668
457,669
457,674
457,693
457,697
457,902
457,908
457,915
457,949
457,952
457,958
457,964
457,973
457,981
457,1000
457,1001
457,1004
457,1019
457,1062
457,1073
457,1090
457,1111
457,1143
457,1152
457,1174
457,1190
457,1191
457,1205
457,1217
457,1221
457,1266
457,1275
457,1285
457,1290
457,1293
457,1311
457,1331
457,1340
457,1350
457,1379
457,1412
457,1428
457,1432
457,1442
457,1449
457,1551
457,1553
457,1561
457,1597
457,1599
457,1638
457,1726
457,1727
457,1729
457,1736
457,1741
457,1843
457,1851
457,1862
457,1878
457,1893
457,1989
457,1993
457,1997
457,2006
457,2010
457,2022
457,2027
457,2030
457,2033
457,2039
457,2055
457,2068
457,2071
457,2081
457,2111
457,2260
457,2288
457,2327
457,2335
457,2340
457,2345
457,2380
457,2426
457,2535
457,2536
457,2544
457,2551
457,2579
457,2600
457,2608
457,2640
457,2664
457,2666
457,2689
457,2690
457,2692
457,2722
457,2747
457,2767
457,2772
457,2996
457,3004
457,3024
457,3039
457,3101
457,3114
457,3138
457,3144
457,3153
457,3158
457,3166
457,3168
457,3169
457,3176
457,3211
457,3234
457,3236
457,3253
457,3254
457,3255
457,3257
457,3336
457,3353
457,3368
457,3456
457,3462
457,3470
460,3138
461,3138
462,464
462,465
462,468
462,482
462,491
462,500
462,505
462,669
462,693
462,697
462,902
462,908
462,915
462,949
462,952
462,958
462,964
462,981
462,1000
462,1001
462,1004
462,1019
462,1062
462,1073
462,1090
462,1111
462,1143
462,1152
462,1171
462,1190
462,1191
462,1211
462,1217
462,1221
462,1229
462,1266
462,1267
462,1275
462,1311
462,1331
462,1340
462,1351
462,1378
462,1379
462,1412
462,1428
462,1432
462,1442
462,1449
462,1551
462,1553
462,1561
462,1599
462,1621
462,1638
462,1726
462,1727
462,1736
462,1741
462,1843
462,1851
462,1878
462,1893
462,1989
462,1997
462,2006
462,2010
462,2027
462,2030
462,2033
462,2039
462,2046
462,2055
462,2065
462,2071
462,2081
462,2111
462,2260
462,2328
462,2335
462,2345
462,2380
462,2425
462,2426
462,2535
462,2544
462,2551
462,2580
462,2600
462,2608
462,2640
462,2651
462,2660
462,2689
462,2690
462,2692
462,2722
462,2767
462,2772
462,2787
462,2977
462,3004
462,3024
462,3039
462,3099
462,3101
462,3114
462,3138
462,3144
462,3153
462,3158
462,3166
462,3168
462,3169
462,3176
462,3211
462,3223
462,3236
462,3253
462,3254
462,3255
462,3257
462,3336
462,3368
462,3456
462,3462
462,3470
464,465
464,482
464,486
464,491
464,500
464,505
464,668
464,669
464,674
464,693
464,697
464,902
464,908
464,915
464,949
464,952
464,958
464,964
464,973
464,981
464,1001
464,1004
464,1019
464,1062
464,1073
464,1090
464,1143
464,1171
464,1174
464,1191
464,1205
464,1217
464,1221
464,1229
464,1266
464,1267
464,1275
464,1285
464,1290
464,1293
464,1311
464,1331
464,1340
464,1350
464,1351
464,1378
464,1412
464,1428
464,1432
464,1442
464,1449
464,1551
464,1553
464,1561
464,1597
464,1599
464,1621
464,1726
464,1727
464,1729
464,1736
464,1741
464,1843
464,1851
464,1878
464,1893
464,1989
464,1997
464,2010
464,2018
464,2022
464,2027
464,2030
464,2033
464,2039
464,2046
464,2055
464,2065
464,2068
464,2071
464,2081
464,2111
464,2260
464,2288
464,2327
464,2328
464,2335
464,2340
464,2345
464,2380
464,2425
464,2535
464,2536
464,2551
464,2579
464,2580
464,2600
464,2608
464,2651
464,2660
464,2666
464,2678
464,2689
464,2690
464,2722
464,2747
464,2767
464,2772
464,2787
464,2977
464,2996
464,3024
464,3099
464,3101
464,3144
464,3158
464,3166
464,3168
464,3169
464,3176
464,3211
464,3223
464,3236
464,3253
464,3254
464,3257
464,3336
464,3353
464,3368
464,3456
464,3462
464,3470
465,468
465,486
465,491
465,500
465,505
465,668
465,669
465,674
465,697
465,908
465,915
465,949
465,958
465,964
465,973
465,1000
465,1001
465,1004
465,1019
465,1062
465,1073
465,1090
465,1111
465,1143
465,1152
465,1171
465,1190
465,1191
465,1205
465,1211
465,1217
465,1221
465,1229
465,1266
465,1267
465,1275
465,1285
465,1290
465,1311
465,1331
465,1340
465,1351
465,1378
465,1379
465,1412
465,1428
465,1442
465,1449
465,1551
465,1553
465,1561
465,1597
465,1599
465,1621
465,1638
465,1726
465,1727
465,1736
465,1741
465,1843
465,1851
465,1862
465,1878
465,1893
465,1997
465,2006
465,2010
465,2027
465,2030
465,2033
465,2039
465,2046
465,2055
465,2065
465,2068
465,2071
465,2081
465,2111
465,2260
465,2288
465,2327
465,2328
465,2340
465,2380
465,2425
465,2426
465,2535
465,2536
465,2551
465,2579
465,2608
465,2651
465,2660
465,2664
465,2666
465,2678
465,2692
465,2722
465,2772
465,2787
465,2977
465,2996
465,3004
465,3039
465,3099
465,3101
465,3114
465,3138
465,3153
465,3158
465,3168
465,3176
465,3211
465,3223
465,3234
465,3236
465,3253
465,3254
465,3255
465,3257
465,3336
465,3368
465,3470
468,471
468,472
468,482
468,486
468,491
468,500
468,505
468,509
468,554
468,591
468,636
468,637
468,668
468,669
468,674
468,693
468,697
468,873
468,891
468,892
468,902
468,908
468,915
468,925
468,949
468,958
468,964
468,973
468,981
468,1000
468,1004
468,1019
468,1062
468,1073
468,1090
468,1111
468,1143
468,1152
468,1171
468,1178
468,1191
468,1200
468,1205
468,1211
468,1217
468,1221
468,1223
468,1229
468,1266
468,1267
468,1271
468,1275
468,1279
468,1285
468,1290
468,1311
468,1331
468,1340
468,1350
468,1351
468,1377
468,1378
468,1379
468,1381
468,1412
468,1427
468,1428
468,1442
468,1449
468,1551
468,1553
468,1561
468,1591
468,1597
468,1621
468,1622
468,1638
468,1726
468,1727
468,1729
468,1732
468,1736
468,1741
468,1843
468,1862
468,1870
468,1876
468,1878
468,1888
468,1893
468,1956
468,1985
468,1997
468,2006
468,2010
468,2018
468,2022
468,2027
468,2030
468,2033
468,2039
468,2044
468,2048
468,2055
468,2065
468,2068
468,2071
468,2081
468,2111
468,2219
468,2225
468,2226
468,2247
468,2260
468,2275
468,2288
468,2313
468,2327
468,2335
468,2345
468,2380
468,2404
468,2412
468,2425
468,2426
468,2535
468,2536
468,2544
468,2551
468,2579
468,2580
468,2600
468,2607
468,2608
468,2635
468,2640
468,2651
468,2660
468,2664
468,2666
468,2675
468,2678
468,2689
468,2690
468,2692
468,2722
468,2747
468,2757
468,2767
468,2772
468,2787
468,2977
468,2996
468,3004
468,3021
468,3024
468,3039
468,3044
468,3082
468,3083
468,3099
468,3101
468,3114
468,3138
468,3144
468,3153
468,3158
468,3166
468,3168
468,3176
468,3211
468,3223
468,3234
468,3236
468,3243
468,3249
468,3253
468,3254
468,3255
468,3257
468,3336
468,3353
468,3368
468,3376
468,3456
468,3462
468,3470
468,3473
471,486
471,654
471,964
471,1053
471,1150
471,1174
471,1189
471,1363
471,1377
471,1591
471,1741
471,2010
471,2020
471,2036
471,2044
471,2219
471,2694
471,2750
471,2757
471,2841
471,3125
471,3173
471,3312
471,3363
472,486
472,509
472,554
472,636
472,637
472,668
472,856
472,873
472,891
472,892
472,925
472,964
472,979
472,1018
472,1174
472,1178
472,1189
472,1193
472,1223
472,1259
472,1279
472,1289
472,1341
472,1377
472,1381
472,1427
472,1558
472,1573
472,1591
472,1621
472,1622
472,1731
472,1732
472,1843
472,1870
472,1888
472,1956
472,1985
472,2010
472,2039
472,2044
472,2048
472,2095
472,2219
472,2234
472,2247
472,2275
472,2290
472,2324
472,2327
472,2404
472,2407
472,2412
472,2479
472,2607
472,2638
472,2675
472,2694
472,2757
472,2801
472,2841
472,2858
472,2937
472,3021
472,3082
472,3083
472,3167
472,3173
472,3174
472,3223
472,3243
472,3363
472,3470
478,3138
479,3138
480,3138
482,486
482,491
482,500
482,505
482,668
482,669
482,674
482,693
482,697
482,902
482,908
482,915
482,949
482,952
482,973
482,981
482,1000
482,1001
482,1004
482,1019
482,1062
482,1073
482,1090
482,1111
482,1143
482,1152
482,1171
482,1174
482,1190
482,1205
482,1211
482,1217
482,1221
482,1229
482,1267
482,1275
482,1285
482,1290
482,1293
482,1311
482,1331
482,1340
482,1350
482,1351
482,1378
482,1379
482,1412
482,1449
482,1551
482,1553
482,1561
482,1599
482,1621
482,1638
482,1726
482,1727
482,1729
482,1736
482,1741
482,1843
482,1851
482,1862
482,1878
482,1893
482,1989
482,1997
482,2006
482,2010
482,2018
482,2027
482,2030
482,2033
482,2039
482,2046
482,2055
482,2065
482,2068
482,2081
482,2111
482,2260
482,2288
482,2327
482,2328
482,2335
482,2340
482,2380
482,2425
482,2426
482,2535
482,2536
482,2544
482,2551
482,2579
482,2580
482,2600
482,2640
482,2651
482,2660
482,2664
482,2666
482,2678
482,2689
482,2690
482,2692
482,2722
482,2747
482,2767
482,2772
482,2787
482,2996
482,3004
482,3039
482,3099
482,3101
482,3114
482,3144
482,3153
482,3158
482,3166
482,3168
482,3169
482,3176
482,3211
482,3223
482,3234
482,3236
482,3253
482,3255
482,3336
482,3353
482,3368
482,3456
482,3462
482,3470
485,2479
485,3138
486,491
486,500
486,505
486,591
486,637
486,668
486,669
486,674
486,693
486,697
486,873
486,902
486,908
486,915
486,949
486,952
486,958
486,964
486,973
486,981
486,1000
486,1001
486,1004
486,1018
486,1019
486,1062
486,1073
486,1090
486,1143
486,1150
486,1152
486,1171
486,1174
486,1189
486,1190
486,1191
486,1205
486,1217
486,1221
486,1229
486,1266
486,1267
486,1271
486,1275
486,1285
486,1290
486,1293
486,1311
486,1340
486,1341
486,1350
486,1351
486,1378
486,1379
486,1412
486,1428
486,1432
486,1553
486,1561
486,1591
486,1597
486,1599
486,1621
486,1622
486,1638
486,1726
486,1727
486,1729
486,1736
486,1741
486,1843
486,1851
486,1862
486,1893
486,1956
486,1997
486,2006
486,2010
486,2018
486,2022
486,2027
486,2030
486,2039
486,2044
486,2046
486,2048
486,2065
486,2071
486,2081
486,2111
486,2219
486,2247
486,2260
486,2288
486,2327
486,2328
486,2335
486,2340
486,2380
486,2425
486,2426
486,2535
486,2536
486,2580
486,2600
486,2607
486,2608
486,2640
486,2651
486,2660
486,2664
486,2666
486,2678
486,2689
486,2690
486,2692
486,2694
486,2722
486,2747
486,2757
486,2767
486,2772
486,2787
486,2841
486,2937
486,2977
486,2996
486,3021
486,3024
486,3039
486,3082
486,3083
486,3092
486,3099
486,3101
486,3114
486,3138
486,3144
486,3158
486,3166
486,3168
486,3169
486,3173
486,3174
486,3176
486,3211
486,3223
486,3236
486,3243
486,3254
486,3255
486,3257
486,3336
486,3353
486,3455
486,3456
486,3470
491,500
491,505
491,668
491,669
491,674
491,693
491,697
491,759
491,902
491,908
491,949
491,952
491,958
491,964
491,973
491,981
491,1000
491,1001
491,1004
491,1062
491,1073
491,1111
491,1143
491,1152
491,1174
491,1191
491,1205
491,1211
491,1217
491,1221
491,1229
491,1266
491,1267
491,1285
491,1290
491,1293
491,1311
491,1331
491,1340
491,1350
491,1378
491,1379
491,1412
491,1432
491,1442
491,1449
491,1463
491,1551
491,1553
491,1561
491,1597
491,1621
491,1638
491,1724
491,1726
491,1727
491,1729
491,1843
491,1851
491,1862
491,1893
491,1906
491,1989
491,1997
491,2018
491,2027
491,2033
491,2039
491,2046
491,2055
491,2065
491,2068
491,2081
491,2111
491,2288
491,2327
491,2328
491,2335
491,2340
491,2380
491,2425
491,2426
491,2458
491,2468
491,2532
491,2533
491,2544
491,2551
491,2579
491,2580
491,2600
491,2608
491,2640
491,2651
491,2660
491,2666
491,2678
491,2689
491,2690
491,2692
491,2722
491,2747
491,2767
491,2772
491,2787
491,2977
491,2996
491,3004
491,3024
491,3039
491,3088
491,3099
491,3101
491,3114
491,3138
491,3144
491,3153
491,3158
491,3166
491,3167
491,3168
491,3169
491,3211
491,3223
491,3236
491,3253
491,3255
491,3257
491,3368
491,3456
491,3462
491,3470
493,3138
494,1993
495,3138
498,3138
500,505
500,668
500,669
500,674
500,693
500,697
500,902
500,908
500,915
500,949
500,952
500,958
500,964
500,973
500,981
500,1000
500,1001
500,1004
500,1019
500,1062
500,1073
500,1090
500,1111
500,1143
500,1152
500,1171
500,1174
500,1190
500,1191
500,1205
500,1211
500,1217
500,1221
500,1229
500,1266
500,1267
500,1275
500,1285
500,1290
500,1293
500,1311
500,1331
500,1340
500,1350
500,1351
500,1378
500,1379
500,1412
500,1428
500,1442
500,1449
500,1551
500,1553
500,1561
500,1597
500,1599
500,1621
500,1638
500,1726
500,1727
500,1729
500,1736
500,1741
500,1843
500,1862
500,1878
500,1893
500,1989
500,1997
500,2006
500,2010
500,2018
500,2022
500,2027
500,2030
500,2033
500,2039
500,2046
500,2055
500,2065
500,2068
500,2071
500,2081
500,2111
500,2260
500,2288
500,2327
500,2328
500,2335
500,2340
500,2345
500,2380
500,2425
500,2426
500,2535
500,2536
500,2544
500,2551
500,2579
500,2580
500,2600
500,2608
500,2640
500,2651
500,2660
500,2664
500,2666
500,2678
500,2690
500,2692
500,2722
500,2747
500,2767
500,2772
500,2787
500,2977
500,2996
500,3004
500,3024
500,3039
500,3099
500,3101
500,3138
500,3144
500,3153
500,3158
500,3166
500,3168
500,3169
500,3176
500,3211
500,3223
500,3234
500,3236
500,3253
500,3254
500,3255
500,3257
500,3336
500,3353
500,3368
500,3456
500,3462
500,3470
501,3138
503,3138
505,668
505,669
505,674
505,693
505,697
505,902
505,915
505,949
505,952
505,958
505,973
505,981
505,1000
505,1001
505,1004
505,1019
505,1062
505,1073
505,1090
505,1111
505,1143
505,1152
505,1171
505,1174
505,1191
505,1205
505,1211
505,1217
505,1221
505,1229
505,1266
505,1267
505,1275
505,1285
505,1293
505,1311
505,1331
505,1340
505,1350
505,1351
505,1378
505,1379
505,1412
505,1432
505,1442
505,1449
505,1551
505,1553
505,1561
505,1597
505,1599
505,1621
505,1638
505,1726
505,1727
505,1729
505,1736
505,1741
505,1843
505,1851
505,1862
505,1878
505,1893
505,1997
505,2006
505,2010
505,2018
505,2022
505,2027
505,2030
505,2033
505,2039
505,2046
505,2065
505,2068
505,2071
505,2081
505,2111
505,2260
505,2288
505,2327
505,2328
505,2335
505,2345
505,2380
505,2425
505,2535
505,2536
505,2544
505,2551
505,2579
505,2580
505,2600
505,2608
505,2640
505,2651
505,2660
505,2664
505,2666
505,2678
505,2689
505,2690
505,2692
505,2722
505,2747
505,2767
505,2772
505,2787
505,2977
505,2996
505,3004
505,3039
505,3101
505,3114
505,3138
505,3144
505,3153
505,3158
505,3166
505,3168
505,3169
505,3176
505,3223
505,3234
505,3236
505,3253
505,3254
505,3255
505,3336
505,3368
505,3456
505,3462
505,3470
506,3138
508,3138
509,591
509,964
509,1621
509,1956
509,2219
509,2607
509,3138
511,3138
514,3138
518,1993
519,3138
521,3138
522,3138
530,672
530,1217
530,1718
530,1967
530,1997
530,2378
530,2622
530,2809
530,3074
530,3078
530,3473
532,1645
533,3138
535,3138
543,668
543,1563
543,1645
543,1845
543,1906
543,2289
543,2348
543,2533
543,2593
543,2931
543,3122
543,3138
543,3386
548,1993
548,2479
548,3138
549,3138
554,637
554,873
554,891
554,964
554,1279
554,1591
554,1621
554,1622
554,1942
554,2010
554,2039
554,2044
554,2048
554,2247
554,2275
554,2607
554,2757
554,3021
554,3082
554,3138
554,3167
554,3243
555,3138
556,3138
557,962
557,1033
557,1289
557,1477
557,2079
557,2359
557,2801
557,2858
557,3202
561,3138
564,3138
565,694
565,783
565,785
565,807
565,819
565,883
565,903
565,1115
565,1259
565,1514
565,1666
565,1810
565,1906
565,1942
565,2039
565,2079
565,2130
565,2158
565,2362
565,2390
565,2470
565,2801
565,2802
565,2858
565,3202
565,3363
565,3379
567,3138
573,662
573,694
573,785
573,829
573,903
573,979
573,1006
573,1100
573,1208
573,1217
573,1237
573,1245
573,1264
573,1362
573,1376
573,1398
573,1400
573,1468
573,1499
573,1526
573,1557
573,1561
573,1607
573,1608
573,1653
573,1673
573,1718
573,1724
573,1813
573,1850
573,1906
573,1914
573,1927
573,1967
573,1997
573,2039
573,2129
573,2130
573,2289
573,2343
573,2348
573,2359
573,2378
573,2408
573,2437
573,2458
573,2532
573,2533
573,2669
573,2715
573,2769
573,2848
573,2900
573,2931
573,3074
573,3078
573,3114
573,3122
573,3138
573,3167
573,3371
573,3374
573,3383
573,3474
573,3490
575,3138
576,3138
581,3138
582,3138
585,1645
585,3138
588,3138
589,3138
591,891
591,893
591,1018
591,1174
591,1178
591,1193
591,1341
591,1381
591,1443
591,1573
591,1591
591,1622
591,1843
591,1870
591,1876
591,1956
591,1985
591,2010
591,2044
591,2095
591,2225
591,2226
591,2313
591,2404
591,2412
591,2479
591,2675
591,2694
591,2757
591,2841
591,2937
591,3161
591,3173
591,3223
591,3470
596,1645
597,3138
598,1645
599,1993
601,1993
602,3138
612,1956
617,3138
618,1956
618,2010
618,2044
618,2219
618,2607
619,3138
621,668
621,744
621,772
621,915
621,958
621,1065
621,1074
621,1101
621,1125
621,1240
621,1447
621,1561
621,1689
621,1698
621,1743
621,1845
621,2011
621,2017
621,2027
621,2039
621,2081
621,2115
621,2238
621,2558
621,2610
621,2621
621,2638
621,2706
621,2801
621,2996
621,3039
621,3115
621,3138
621,3140
621,3166
621,3176
621,3225
621,3240
621,3247
621,3299
621,3371
626,3138
629,3138
630,3138
631,3138
632,3138
634,3138
636,964
636,1956
636,2010
636,2607
637,873
637,1279
637,1377
637,1591
637,1621
637,1956
637,2039
637,2044
637,2048
637,2275
637,2607
637,3021
637,3082
637,3243
637,3473
642,1956
642,2479
642,3138
647,2479
649,2479
649,3138
650,3138
651,3138
655,3138
657,3138
660,3138
662,842
662,2290
662,2479
662,2668
662,3138
664,3138
668,669
668,674
668,693
668,697
668,744
668,772
668,873
668,891
668,902
668,908
668,915
668,949
668,952
668,958
668,964
668,981
668,1000
668,1001
668,1004
668,1019
668,1062
668,1065
668,1073
668,1074
668,1090
668,1100
668,1101
668,1111
668,1125
668,1143
668,1147
668,1152
668,1171
668,1174
668,1190
668,1191
668,1205
668,1211
668,1217
668,1221
668,1223
668,1229
668,1240
668,1266
668,1267
668,1275
668,1285
668,1290
668,1293
668,1311
668,1318
668,1331
668,1340
668,1350
668,1351
668,1378
668,1379
668,1412
668,1428
668,1432
668,1442
668,1447
668,1449
668,1507
668,1551
668,1553
668,1561
668,1563
668,1597
668,1599
668,1621
668,1622
668,1638
668,1645
668,1657
668,1689
668,1698
668,1724
668,1726
668,1727
668,1729
668,1736
668,1741
668,1743
668,1781
668,1843
668,1845
668,1851
668,1862
668,1878
668,1893
668,1906
668,1940
668,1942
668,1943
668,1947
668,1949
668,1989
668,1997
668,2006
668,2010
668,2011
668,2017
668,2018
668,2022
668,2027
668,2030
668,2033
668,2039
668,2046
668,2055
668,2065
668,2068
668,2071
668,2079
668,2081
668,2111
668,2115
668,2238
668,2242
668,2260
668,2288
668,2289
668,2327
668,2340
668,2345
668,2348
668,2380
668,2408
668,2426
668,2458
668,2480
668,2533
668,2535
668,2536
668,2544
668,2551
668,2558
668,2579
668,2580
668,2593
668,2600
668,2608
668,2610
668,2621
668,2638
668,2640
668,2651
668,2660
668,2664
668,2666
668,2675
668,2678
668,2689
668,2690
668,2692
668,2706
668,2722
668,2747
668,2757
668,2767
668,2769
668,2772
668,2787
668,2801
668,2931
668,2977
668,2996
668,3004
668,3024
668,3039
668,3099
668,3101
668,3114
668,3115
668,3122
668,3138
668,3140
668,3144
668,3153
668,3158
668,3166
668,3168
668,3169
668,3176
668,3211
668,3223
668,3225
668,3234
668,3236
668,3240
668,3247
668,3253
668,3254
668,3255
668,3257
668,3299
668,3336
668,3353
668,3368
668,3370
668,3371
668,3374
668,3386
668,3411
668,3456
668,3462
668,3470
669,674
669,697
669,902
669,908
669,915
669,949
669,958
669,964
669,973
669,981
669,1000
669,1004
669,1019
669,1062
669,1073
669,1090
669,1111
669,1143
669,1152
669,1171
669,1190
669,1191
669,1205
669,1211
669,1217
669,1221
669,1229
669,1266
669,1267
669,1275
669,1285
669,1290
669,1331
669,1340
669,1350
669,1351
669,1378
669,1428
669,1449
669,1551
669,1553
669,1561
669,1597
669,1621
669,1726
669,1727
669,1729
669,1736
669,1741
669,1843
669,1851
669,1862
669,1878
669,1893
669,1989
669,2006
669,2010
669,2018
669,2022
669,2027
669,2030
669,2046
669,2055
669,2065
669,2068
669,2081
669,2111
669,2260
669,2288
669,2327
669,2328
669,2335
669,2340
669,2380
669,2425
669,2426
669,2535
669,2536
669,2544
669,2551
669,2579
669,2580
669,2600
669,2608
669,2640
669,2651
669,2660
669,2664
669,2678
669,2689
669,2690
669,2692
669,2722
669,2747
669,2767
669,2772
669,2787
669,2977
669,2996
669,3004
669,3024
669,3039
669,3099
669,3101
669,3114
669,3138
669,3153
669,3158
669,3166
669,3168
669,3169
669,3176
669,3223
669,3234
669,3236
669,3253
669,3254
669,3255
669,3336
669,3353
669,3368
669,3462
669,3470
672,1217
672,3138
674,693
674,902
674,908
674,915
674,949
674,952
674,958
674,964
674,973
674,981
674,1001
674,1004
674,1019
674,1062
674,1073
674,1111
674,1143
674,1152
674,1171
674,1190
674,1191
674,1205
674,1211
674,1217
674,1221
674,1266
674,1275
674,1285
674,1290
674,1293
674,1340
674,1350
674,1378
674,1379
674,1428
674,1432
674,1442
674,1449
674,1551
674,1553
674,1561
674,1597
674,1599
674,1621
674,1638
674,1727
674,1729
674,1736
674,1741
674,1843
674,1851
674,1862
674,1878
674,1989
674,1997
674,2006
674,2010
674,2022
674,2027
674,2030
674,2033
674,2046
674,2055
674,2065
674,2068
674,2081
674,2111
674,2260
674,2328
674,2335
674,2340
674,2345
674,2380
674,2425
674,2535
674,2536
674,2551
674,2579
674,2600
674,2608
674,2640
674,2651
674,2660
674,2666
674,2678
674,2689
674,2690
674,2692
674,2722
674,2747
674,2767
674,2787
674,2996
674,3004
674,3024
674,3039
674,3099
674,3114
674,3138
674,3144
674,3158
674,3168
674,3176
674,3211
674,3223
674,3234
674,3236
674,3254
674,3255
674,3336
674,3353
674,3368
674,3456
674,3462
674,3470
679,1993
680,3138
686,3138
687,3138
690,1993
690,3138
691,3138
693,697
693,902
693,915
693,949
693,952
693,964
693,973
693,1000
693,1001
693,1019
693,1062
693,1073
693,1090
693,1111
693,1152
693,1171
693,1174
693,1191
693,1217
693,1221
693,1229
693,1267
693,1275
693,1290
693,1293
693,1311
693,1331
693,1340
693,1350
693,1351
693,1378
693,1379
693,1412
693,1428
693,1432
693,1442
693,1551
693,1553
693,1561
693,1597
693,1599
693,1621
693,1638
693,1726
693,1727
693,1736
693,1741
693,1843
693,1851
693,1878
693,1989
693,1997
693,2006
693,2010
693,2018
693,2027
693,2030
693,2033
693,2039
693,2046
693,2065
693,2068
693,2071
693,2081
693,2111
693,2260
693,2288
693,2327
693,2335
693,2340
693,2345
693,2380
693,2425
693,2426
693,2535
693,2536
693,2544
693,2551
693,2580
693,2608
693,2651
693,2660
693,2664
693,2666
693,2690
693,2692
693,2747
693,2977
693,2996
693,3004
693,3024
693,3039
693,3099
693,3101
693,3114
693,3153
693,3158
693,3166
693,3168
693,3176
693,3211
693,3223
693,3234
693,3253
693,3257
693,3353
693,3368
693,3462
693,3470
694,785
694,794
694,807
694,819
694,821
694,829
694,838
694,883
694,1034
694,1217
694,1245
694,1318
694,1376
694,1468
694,1499
694,1526
694,1563
694,1645
694,1666
694,1779
694,1821
694,1906
694,1927
694,1942
694,1967
694,1997
694,2378
694,2437
694,2533
694,2669
694,2802
694,3074
694,3078
694,3088
694,3167
694,3371
694,3457
694,3473
694,3474
695,3138
697,902
697,908
697,915
697,949
697,952
697,958
697,964
697,981
697,1000
697,1001
697,1019
697,1062
697,1073
697,1111
697,1143
697,1152
697,1171
697,1174
697,1190
697,1191
697,1205
697,1217
697,1229
697,1266
697,1267
697,1275
697,1290
697,1311
697,1331
697,1340
697,1378
697,1379
697,1412
697,1432
697,1442
697,1449
697,1551
697,1553
697,1561
697,1599
697,1621
697,1638
697,1726
697,1729
697,1736
697,1741
697,1843
697,1851
697,1878
697,1997
697,2006
697,2010
697,2030
697,2039
697,2055
697,2065
697,2068
697,2071
697,2081
697,2111
697,2260
697,2288
697,2327
697,2328
697,2335
697,2345
697,2380
697,2425
697,2426
697,2544
697,2551
697,2600
697,2608
697,2651
697,2666
697,2678
697,2689
697,2722
697,2747
697,2767
697,2772
697,2787
697,2977
697,2996
697,3004
697,3024
697,3039
697,3099
697,3114
697,3144
697,3153
697,3158
697,3166
697,3168
697,3169
697,3176
697,3211
697,3223
697,3234
697,3236
697,3253
697,3254
697,3255
697,3257
697,3353
697,3456
697,3462
697,3470
700,3138
712,1269
712,3121
718,3138
720,1645
727,3138
731,1993
733,3138
737,1645
744,772
744,915
744,958
744,1065
744,1074
744,1101
744,1125
744,1240
744,1447
744,1561
744,1689
744,1698
744,1743
744,1845
744,2011
744,2017
744,2027
744,2039
744,2081
744,2115
744,2238
744,2558
744,2610
744,2621
744,2638
744,2706
744,2801
744,2996
744,3039
744,3115
744,3138
744,3140
744,3166
744,3176
744,3225
744,3240
744,3247
744,3299
744,3371
752,1645
756,1645
756,2802
759,1034
759,1362
759,1386
759,1462
759,1526
759,1645
759,1967
759,2121
759,2129
759,2130
759,2458
759,2715
759,2874
759,3060
759,3088
759,3114
759,3167
761,1400
761,1645
761,2626
765,1208
765,1561
765,1997
765,2649
772,915
772,958
772,1065
772,1074
772,1101
772,1125
772,1240
772,1447
772,1561
772,1689
772,1698
772,1743
772,1845
772,2011
772,2017
772,2027
772,2039
772,2081
772,2115
772,2238
772,2558
772,2610
772,2621
772,2638
772,2706
772,2801
772,2996
772,3039
772,3115
772,3138
772,3140
772,3166
772,3176
772,3225
772,3240
772,3247
772,3299
772,3371
783,794
783,807
783,1942
783,2130
783,2158
783,2362
783,2390
783,2470
783,2874
785,794
785,807
785,819
785,821
785,1034
785,1557
785,1645
785,1666
785,1906
785,1942
785,2122
785,2130
785,2147
785,2158
785,2390
785,2638
785,2874
785,3370
785,3379
794,821
794,883
794,1075
794,1666
794,1810
794,1906
794,1942
794,2122
794,2130
794,2147
794,2158
794,2362
794,2470
794,2638
794,2874
794,3167
794,3370
807,1514
807,1666
807,1724
807,1810
807,1906
807,2147
807,2197
807,2362
807,2516
807,2638
807,2802
807,2874
807,3370
819,821
819,2362
819,2470
819,2874
821,1075
821,1666
821,1810
821,1906
821,2130
821,2147
821,2158
821,2802
821,2874
821,3370
821,3379
824,1645
829,1217
829,1237
829,1468
829,1673
829,1850
829,2437
829,2533
829,3074
829,3474
834,1645
838,1217
838,1237
838,1499
838,1563
838,1673
838,1850
838,1927
838,2437
838,2533
838,2669
839,1645
842,1463
843,3138
849,979
849,1058
849,1463
849,2370
855,1993
856,891
856,1223
856,1622
856,2044
856,2675
857,3138
858,2479
858,3138
859,3138
862,1993
866,3138
869,1993
871,3138
873,1279
873,1377
873,1591
873,1956
873,2010
873,2044
873,2048
873,2079
873,2197
873,2275
873,2516
873,2607
873,3021
873,3082
873,3370
873,3371
879,3138
881,3138
883,903
883,1289
883,2130
883,2158
883,2874
883,3138
885,2479
887,3138
888,3138
889,2479
890,3138
891,964
891,1271
891,1622
891,1956
891,1993
891,2010
891,2219
891,2607
891,3083
892,964
892,1956
892,2010
892,2219
892,2607
893,964
893,1956
893,2010
893,2044
893,2219
893,2607
900,3138
902,908
902,915
902,949
902,952
902,958
902,973
902,981
902,1000
902,1004
902,1019
902,1073
902,1111
902,1143
902,1152
902,1171
902,1174
902,1190
902,1191
902,1205
902,1211
902,1217
902,1266
902,1267
902,1275
902,1285
902,1290
902,1293
902,1311
902,1331
902,1340
902,1350
902,1351
902,1378
902,1379
902,1432
902,1442
902,1449
902,1551
902,1553
902,1561
902,1597
902,1599
902,1621
902,1638
902,1727
902,1729
902,1736
902,1741
902,1843
902,1851
902,1862
902,1878
902,1893
902,1997
902,2006
902,2010
902,2018
902,2022
902,2027
902,2030
902,2033
902,2039
902,2046
902,2065
902,2068
902,2071
902,2081
902,2111
902,2260
902,2288
902,2327
902,2328
902,2335
902,2345
902,2425
902,2426
902,2535
902,2536
902,2544
902,2551
902,2579
902,2580
902,2608
902,2660
902,2664
902,2678
902,2689
902,2722
902,2747
902,2767
902,2772
902,2787
902,2977
902,2996
902,3004
902,3039
902,3099
902,3101
902,3114
902,3138
902,3144
902,3153
902,3158
902,3166
902,3168
902,3169
902,3176
902,3223
902,3234
902,3236
902,3253
902,3254
902,3255
902,3257
902,3336
902,3353
902,3368
902,3456
902,3470
903,964
903,979
903,1058
903,1259
903,1289
903,1463
903,1614
903,1653
903,2247
903,2290
903,2468
903,2479
903,2650
903,2858
903,3167
907,3138
908,915
908,949
908,952
908,958
908,964
908,973
908,981
908,1000
908,1001
908,1004
908,1019
908,1062
908,1073
908,1090
908,1111
908,1143
908,1152
908,1171
908,1174
908,1191
908,1205
908,1211
908,1217
908,1221
908,1266
908,1267
908,1275
908,1285
908,1290
908,1331
908,1351
908,1378
908,1379
908,1428
908,1432
908,1442
908,1449
908,1551
908,1553
908,1561
908,1597
908,1599
908,1621
908,1638
908,1726
908,1727
908,1729
908,1736
908,1741
908,1843
908,1851
908,1862
908,1997
908,2006
908,2010
908,2018
908,2022
908,2027
908,2030
908,2039
908,2055
908,2065
908,2068
908,2071
908,2081
908,2111
908,2260
908,2288
908,2327
908,2328
908,2335
908,2345
908,2380
908,2425
908,2426
908,2535
908,2536
908,2544
908,2551
908,2579
908,2580
908,2600
908,2608
908,2651
908,2678
908,2689
908,2690
908,2692
908,2722
908,2747
908,2767
908,2787
908,2977
908,2996
908,3004
908,3024
908,3039
908,3099
908,3114
908,3138
908,3144
908,3158
908,3166
908,3168
908,3169
908,3176
908,3211
908,3223
908,3236
908,3253
908,3254
908,3255
908,3257
908,3336
908,3368
908,3456
908,3462
908,3470
910,3138
911,3138
912,3138
913,3138
915,949
915,952
915,958
915,964
915,973
915,981
915,1000
915,1001
915,1004
915,1019
915,1062
915,1065
915,1073
915,1074
915,1090
915,1101
915,1111
915,1125
915,1143
915,1152
915,1171
915,1174
915,1190
915,1191
915,1205
915,1211
915,1217
915,1221
915,1229
915,1240
915,1266
915,1267
915,1275
915,1285
915,1293
915,1311
915,1318
915,1331
915,1340
915,1350
915,1351
915,1378
915,1379
915,1412
915,1428
915,1432
915,1442
915,1447
915,1449
915,1551
915,1553
915,1561
915,1597
915,1599
915,1621
915,1638
915,1689
915,1698
915,1726
915,1727
915,1729
915,1741
915,1743
915,1843
915,1845
915,1851
915,1862
915,1878
915,1893
915,1940
915,1942
915,1943
915,1947
915,1949
915,1989
915,1997
915,2006
915,2010
915,2011
915,2017
915,2018
915,2022
915,2027
915,2030
915,2033
915,2039
915,2046
915,2055
915,2065
915,2068
915,2071
915,2081
915,2111
915,2115
915,2238
915,2260
915,2288
915,2327
915,2328
915,2335
915,2340
915,2345
915,2380
915,2425
915,2426
915,2458
915,2535
915,2536
915,2544
915,2551
915,2558
915,2579
915,2580
915,2600
915,2608
915,2610
915,2621
915,2638
915,2640
915,2651
915,2660
915,2666
915,2678
915,2689
915,2690
915,2692
915,2706
915,2722
915,2747
915,2767
915,2772
915,2787
915,2801
915,2977
915,2996
915,3004
915,3024
915,3039
915,3099
915,3101
915,3114
915,3115
915,3138
915,3140
915,3144
915,3153
915,3158
915,3166
915,3168
915,3169
915,3176
915,3211
915,3223
915,3225
915,3234
915,3236
915,3240
915,3247
915,3253
915,3254
915,3255
915,3257
915,3299
915,3336
915,3353
915,3368
915,3371
915,3456
915,3462
915,3470
921,3138
925,964
925,1622
925,1956
925,2010
925,2219
925,2607
925,3138
927,3138
940,3138
941,2479
944,3138
945,2479
945,3138
948,1993
949,952
949,958
949,964
949,973
949,981
949,1000
949,1001
949,1004
949,1019
949,1062
949,1073
949,1090
949,1111
949,1143
949,1152
949,1171
949,1174
949,1190
949,1191
949,1205
949,1211
949,1217
949,1221
949,1229
949,1266
949,1267
949,1275
949,1285
949,1290
949,1293
949,1311
949,1331
949,1340
949,1350
949,1351
949,1378
949,1379
949,1412
949,1428
949,1432
949,1442
949,1449
949,1551
949,1553
949,1597
949,1599
949,1621
949,1638
949,1726
949,1727
949,1729
949,1736
949,1741
949,1843
949,1851
949,1862
949,1878
949,1893
949,1989
949,1997
949,2006
949,2010
949,2018
949,2022
949,2027
949,2030
949,2033
949,2039
949,2055
949,2065
949,2068
949,2071
949,2081
949,2111
949,2260
949,2288
949,2327
949,2328
949,2340
949,2345
949,2380
949,2425
949,2426
949,2535
949,2536
949,2544
949,2551
949,2579
949,2640
949,2651
949,2660
949,2664
949,2666
949,2678
949,2689
949,2690
949,2692
949,2722
949,2747
949,2767
949,2772
949,2787
949,2977
949,2996
949,3004
949,3024
949,3039
949,3099
949,3101
949,3114
949,3138
949,3144
949,3153
949,3166
949,3168
949,3169
949,3176
949,3223
949,3234
949,3236
949,3253
949,3254
949,3255
949,3257
949,3336
949,3353
949,3456
949,3462
949,3470
952,958
952,964
952,973
952,981
952,1000
952,1001
952,1004
952,1019
952,1073
952,1090
952,1111
952,1143
952,1152
952,1171
952,1174
952,1191
952,1205
952,1211
952,1217
952,1229
952,1266
952,1267
952,1275
952,1285
952,1290
952,1331
952,1340
952,1350
952,1351
952,1378
952,1379
952,1412
952,1428
952,1432
952,1449
952,1551
952,1553
952,1561
952,1597
952,1599
952,1621
952,1726
952,1727
952,1729
952,1736
952,1741
952,1843
952,1851
952,1862
952,1878
952,1893
952,1989
952,1997
952,2006
952,2010
952,2022
952,2027
952,2030
952,2055
952,2068
952,2071
952,2111
952,2260
952,2288
952,2328
952,2335
952,2340
952,2345
952,2380
952,2425
952,2426
952,2535
952,2536
952,2544
952,2551
952,2579
952,2640
952,2651
952,2660
952,2666
952,2678
952,2689
952,2690
952,2692
952,2722
952,2767
952,2772
952,2977
952,2996
952,3004
952,3024
952,3039
952,3099
952,3101
952,3114
952,3138
952,3144
952,3153
952,3158
952,3166
952,3168
952,3169
952,3176
952,3211
952,3223
952,3234
952,3236
952,3253
952,3254
952,3257
952,3336
952,3353
952,3368
952,3456
952,3470
958,964
958,973
958,981
958,1000
958,1001
958,1004
958,1019
958,1062
958,1065
958,1073
958,1074
958,1101
958,1111
958,1125
958,1143
958,1152
958,1171
958,1174
958,1190
958,1191
958,1205
958,1211
958,1221
958,1229
958,1240
958,1266
958,1267
958,1275
958,1285
958,1290
958,1293
958,1311
958,1331
958,1340
958,1350
958,1351
958,1378
958,1379
958,1412
958,1428
958,1432
958,1442
958,1447
958,1449
958,1551
958,1553
958,1561
958,1597
958,1599
958,1621
958,1638
958,1689
958,1698
958,1726
958,1727
958,1729
958,1736
958,1741
958,1743
958,1843
958,1845
958,1862
958,1878
958,1893
958,1989
958,1997
958,2006
958,2010
958,2011
958,2017
958,2018
958,2022
958,2027
958,2030
958,2033
958,2039
958,2046
958,2055
958,2065
958,2068
958,2071
958,2081
958,2115
958,2260
958,2327
958,2335
958,2340
958,2345
958,2380
958,2425
958,2426
958,2535
958,2536
958,2544
958,2558
958,2580
958,2600
958,2610
958,2621
958,2638
958,2640
958,2651
958,2660
958,2664
958,2666
958,2678
958,2689
958,2690
958,2692
958,2706
958,2722
958,2747
958,2767
958,2772
958,2787
958,2801
958,2996
958,3004
958,3024
958,3039
958,3099
958,3114
958,3115
958,3138
958,3140
958,3144
958,3153
958,3158
958,3166
958,3168
958,3169
958,3176
958,3211
958,3223
958,3225
958,3234
958,3236
958,3240
958,3247
958,3253
958,3254
958,3255
958,3257
958,3299
958,3336
958,3353
958,3371
958,3456
958,3462
961,3138
962,1217
962,1237
962,1477
962,1499
962,1563
962,1673
962,1850
962,2066
962,2437
962,2533
962,2669
963,3138
964,973
964,979
964,1000
964,1001
964,1004
964,1019
964,1062
964,1069
964,1073
964,1076
964,1090
964,1111
964,1143
964,1152
964,1171
964,1174
964,1178
964,1190
964,1191
964,1193
964,1200
964,1205
964,1208
964,1211
964,1217
964,1221
964,1223
964,1229
964,1245
964,1266
964,1267
964,1275
964,1285
964,1290
964,1293
964,1311
964,1331
964,1340
964,1377
964,1378
964,1379
964,1381
964,1412
964,1427
964,1428
964,1432
964,1442
964,1449
964,1551
964,1553
964,1561
964,1591
964,1597
964,1599
964,1621
964,1638
964,1653
964,1726
964,1727
964,1736
964,1741
964,1746
964,1838
964,1843
964,1851
964,1862
964,1870
964,1876
964,1878
964,1888
964,1893
964,1956
964,1985
964,1989
964,1997
964,2006
964,2010
964,2018
964,2022
964,2033
964,2039
964,2044
964,2046
964,2048
964,2055
964,2065
964,2068
964,2071
964,2081
964,2095
964,2111
964,2129
964,2130
964,2219
964,2225
964,2226
964,2260
964,2275
964,2288
964,2327
964,2328
964,2335
964,2340
964,2380
964,2404
964,2407
964,2412
964,2425
964,2535
964,2544
964,2579
964,2580
964,2600
964,2607
964,2640
964,2651
964,2660
964,2664
964,2666
964,2675
964,2678
964,2689
964,2722
964,2747
964,2757
964,2767
964,2772
964,2787
964,2977
964,2996
964,3004
964,3021
964,3024
964,3039
964,3099
964,3114
964,3138
964,3144
964,3161
964,3166
964,3168
964,3169
964,3176
964,3211
964,3223
964,3236
964,3243
964,3249
964,3253
964,3254
964,3257
964,3336
964,3353
964,3368
964,3376
964,3456
964,3462
964,3470
964,3473
964,3489
965,3138
968,3138
969,3138
970,3138
973,981
973,1000
973,1001
973,1004
973,1019
973,1062
973,1073
973,1090
973,1111
973,1143
973,1152
973,1171
973,1174
973,1190
973,1191
973,1205
973,1211
973,1217
973,1221
973,1229
973,1266
973,1267
973,1275
973,1285
973,1290
973,1293
973,1311
973,1331
973,1350
973,1351
973,1378
973,1379
973,1412
973,1428
973,1432
973,1442
973,1449
973,1551
973,1553
973,1561
973,1597
973,1599
973,1726
973,1729
973,1736
973,1741
973,1843
973,1851
973,1862
973,1878
973,1893
973,1997
973,2006
973,2010
973,2018
973,2022
973,2030
973,2033
973,2039
973,2046
973,2055
973,2065
973,2068
973,2071
973,2081
973,2111
973,2260
973,2327
973,2328
973,2335
973,2340
973,2345
973,2380
973,2425
973,2426
973,2535
973,2536
973,2544
973,2551
973,2579
973,2580
973,2600
973,2608
973,2640
973,2651
973,2664
973,2678
973,2689
973,2690
973,2692
973,2722
973,2747
973,2772
973,2787
973,2977
973,2996
973,3004
973,3039
973,3099
973,3101
973,3114
973,3138
973,3144
973,3153
973,3158
973,3166
973,3168
973,3169
973,3176
973,3211
973,3223
973,3234
973,3236
973,3253
973,3254
973,3255
973,3257
973,3336
973,3353
973,3368
973,3462
973,3470
974,1741
976,3138
978,3138
979,1463
979,1526
979,1622
979,1653
979,2044
979,2247
979,2290
979,2445
979,2468
979,2533
979,2668
979,3138
979,3167
981,1004
981,1019
981,1062
981,1073
981,1111
981,1171
981,1190
981,1191
981,1205
981,1211
981,1217
981,1221
981,1229
981,1266
981,1267
981,1275
981,1285
981,1290
981,1293
981,1311
981,1331
981,1340
981,1351
981,1378
981,1379
981,1428
981,1432
981,1449
981,1551
981,1553
981,1561
981,1597
981,1621
981,1638
981,1727
981,1729
981,1736
981,1741
981,1851
981,1862
981,1878
981,1893
981,1989
981,2006
981,2010
981,2018
981,2022
981,2027
981,2033
981,2039
981,2046
981,2055
981,2065
981,2068
981,2071
981,2081
981,2111
981,2288
981,2327
981,2328
981,2335
981,2340
981,2345
981,2380
981,2425
981,2426
981,2535
981,2536
981,2544
981,2551
981,2579
981,2580
981,2600
981,2608
981,2651
981,2660
981,2664
981,2666
981,2678
981,2692
981,2722
981,2747
981,2767
981,2772
981,2787
981,2977
981,2996
981,3004
981,3024
981,3039
981,3099
981,3101
981,3114
981,3138
981,3153
981,3158
981,3169
981,3176
981,3223
981,3234
981,3253
981,3254
981,3257
981,3336
981,3368
981,3462
981,3470
982,3138
983,3138
985,3138
986,3138
988,3138
990,3138
993,3138
994,3138
997,3138
999,3138
1000,1001
1000,1004
1000,1019
1000,1073
1000,1090
1000,1111
1000,1143
1000,1152
1000,1171
1000,1190
1000,1191
1000,1205
1000,1211
1000,1221
1000,1266
1000,1267
1000,1275
1000,1290
1000,1293
1000,1311
1000,1340
1000,1351
1000,1378
1000,1379
1000,1412
1000,1428
1000,1432
1000,1442
1000,1553
1000,1561
1000,1597
1000,1621
1000,1638
1000,1726
1000,1727
1000,1729
1000,1736
1000,1741
1000,1843
1000,1851
1000,1862
1000,1878
1000,1893
1000,1989
1000,1997
1000,2006
1000,2010
1000,2018
1000,2022
1000,2027
1000,2030
1000,2033
1000,2039
1000,2046
1000,2055
1000,2065
1000,2068
1000,2071
1000,2081
1000,2111
1000,2260
1000,2288
1000,2328
1000,2335
1000,2340
1000,2345
1000,2380
1000,2425
1000,2426
1000,2535
1000,2536
1000,2544
1000,2551
1000,2580
1000,2600
1000,2608
1000,2640
1000,2651
1000,2664
1000,2689
1000,2722
1000,2747
1000,2767
1000,2772
1000,2787
1000,2977
1000,3004
1000,3039
1000,3099
1000,3101
1000,3114
1000,3138
1000,3144
1000,3153
1000,3158
1000,3168
1000,3169
1000,3176
1000,3211
1000,3223
1000,3234
1000,3236
1000,3254
1000,3257
1000,3336
1000,3353
1000,3368
1000,3462
1000,3470
1001,1004
1001,1019
1001,1062
1001,1073
1001,1090
1001,1111
1001,1143
1001,1152
1001,1174
1001,1190
1001,1205
1001,1217
1001,1221
1001,1229
1001,1266
1001,1267
1001,1275
1001,1290
1001,1293
1001,1311
1001,1331
1001,1350
1001,1351
1001,1378
1001,1412
1001,1428
1001,1432
1001,1551
1001,1561
1001,1597
1001,1599
1001,1621
1001,1638
1001,1726
1001,1727
1001,1736
1001,1741
1001,1851
1001,1862
1001,1878
1001,1989
1001,1997
1001,2006
1001,2010
1001,2018
1001,2022
1001,2030
1001,2033
1001,2039
1001,2046
1001,2055
1001,2065
1001,2071
1001,2081
1001,2111
1001,2260
1001,2288
1001,2327
1001,2328
1001,2335
1001,2340
1001,2345
1001,2380
1001,2425
1001,2426
1001,2479
1001,2535
1001,2536
1001,2544
1001,2551
1001,2580
1001,2600
1001,2608
1001,2640
1001,2651
1001,2660
1001,2664
1001,2666
1001,2678
1001,2689
1001,2690
1001,2692
1001,2722
1001,2767
1001,2772
1001,2787
1001,2977
1001,2996
1001,3004
1001,3024
1001,3039
1001,3099
1001,3101
1001,3138
1001,3144
1001,3153
1001,3158
1001,3166
1001,3168
1001,3169
1001,3176
1001,3211
1001,3223
1001,3234
1001,3236
1001,3253
1001,3255
1001,3257
1001,3336
1001,3368
1001,3456
1001,3470
1004,1019
1004,1062
1004,1073
1004,1111
1004,1143
1004,1152
1004,1171
1004,1174
1004,1190
1004,1191
1004,1211
1004,1217
1004,1221
1004,1267
1004,1275
1004,1285
1004,1290
1004,1293
1004,1311
1004,1331
1004,1340
1004,1350
1004,1378
1004,1432
1004,1442
1004,1449
1004,1551
1004,1553
1004,1561
1004,1597
1004,1599
1004,1621
1004,1638
1004,1726
1004,1727
1004,1729
1004,1736
1004,1741
1004,1843
1004,1851
1004,1878
1004,1893
1004,1989
1004,1997
1004,2006
1004,2010
1004,2018
1004,2027
1004,2030
1004,2033
1004,2039
1004,2055
1004,2065
1004,2071
1004,2081
1004,2111
1004,2260
1004,2327
1004,2328
1004,2335
1004,2340
1004,2345
1004,2380
1004,2425
1004,2426
1004,2535
1004,2536
1004,2551
1004,2579
1004,2580
1004,2600
1004,2608
1004,2651
1004,2660
1004,2664
1004,2666
1004,2689
1004,2690
1004,2747
1004,2767
1004,2772
1004,2787
1004,2977
1004,2996
1004,3004
1004,3099
1004,3101
1004,3138
1004,3153
1004,3158
1004,3166
1004,3168
1004,3169
1004,3176
1004,3211
1004,3223
1004,3234
1004,3236
1004,3253
1004,3254
1004,3255
1004,3257
1004,3336
1004,3368
1004,3456
1004,3462
1004,3470
1006,1217
1006,1526
1006,1563
1006,1997
1006,2039
1006,2533
1006,2669
1006,2825
1006,3074
1006,3088
1006,3383
1008,1386
1008,1967
1008,1997
1008,2370
1008,2437
1008,2874
1008,3060
1008,3088
1008,3138
1010,3138
1011,3138
1012,2479
1012,3138
1015,3138
1018,1150
1018,1174
1018,1189
1018,1341
1018,1443
1018,1573
1018,1591
1018,1741
1018,1956
1018,2010
1018,2044
1018,2219
1018,2841
1018,3173
1019,1062
1019,1073
1019,1090
1019,1111
1019,1143
1019,1152
1019,1171
1019,1174
1019,1190
1019,1191
1019,1205
1019,1211
1019,1217
1019,1221
1019,1229
1019,1266
1019,1267
1019,1275
1019,1285
1019,1290
1019,1293
1019,1311
1019,1331
1019,1340
1019,1350
1019,1351
1019,1378
1019,1379
1019,1412
1019,1428
1019,1432
1019,1442
1019,1449
1019,1551
1019,1553
1019,1561
1019,1597
1019,1599
1019,1621
1019,1638
1019,1726
1019,1727
1019,1729
1019,1736
1019,1741
1019,1843
1019,1851
1019,1862
1019,1878
1019,1893
1019,1989
1019,1997
1019,2006
1019,2010
1019,2018
1019,2022
1019,2027
1019,2030
1019,2033
1019,2039
1019,2046
1019,2055
1019,2065
1019,2068
1019,2071
1019,2081
1019,2111
1019,2260
1019,2288
1019,2327
1019,2328
1019,2335
1019,2340
1019,2345
1019,2380
1019,2426
1019,2479
1019,2535
1019,2536
1019,2544
1019,2551
1019,2579
1019,2580
1019,2600
1019,2608
1019,2640
1019,2651
1019,2660
1019,2664
1019,2666
1019,2678
1019,2689
1019,2690
1019,2692
1019,2722
1019,2747
1019,2767
1019,2772
1019,2787
1019,2977
1019,2996
1019,3004
1019,3024
1019,3039
1019,3099
1019,3101
1019,3114
1019,3138
1019,3144
1019,3153
1019,3158
1019,3166
1019,3168
1019,3169
1019,3176
1019,3211
1019,3223
1019,3234
1019,3236
1019,3253
1019,3254
1019,3255
1019,3257
1019,3336
1019,3353
1019,3368
1019,3456
1019,3462
1019,3470
1023,1374
1023,2110
1023,3138
1023,3227
1026,3138
1028,3138
1030,3138
1033,1463
1033,1713
1033,2468
1033,2629
1034,1454
1034,1657
1034,2468
1034,2638
1034,2874
1038,2479
1042,3138
1044,3138
1049,1993
1053,3138
1055,3138
1058,1115
1058,1398
1058,1463
1058,2079
1058,2290
1058,2445
1058,2468
1058,3376
1059,3138
1062,1073
1062,1090
1062,1143
1062,1152
1062,1171
1062,1174
1062,1190
1062,1191
1062,1205
1062,1211
1062,1217
1062,1221
1062,1229
1062,1267
1062,1275
1062,1285
1062,1293
1062,1311
1062,1331
1062,1340
1062,1351
1062,1378
1062,1379
1062,1412
1062,1428
1062,1432
1062,1442
1062,1449
1062,1551
1062,1553
1062,1561
1062,1597
1062,1599
1062,1621
1062,1638
1062,1726
1062,1727
1062,1741
1062,1851
1062,1878
1062,1893
1062,1997
1062,2006
1062,2010
1062,2018
1062,2027
1062,2033
1062,2039
1062,2055
1062,2065
1062,2068
1062,2071
1062,2081
1062,2111
1062,2260
1062,2327
1062,2335
1062,2340
1062,2345
1062,2380
1062,2425
1062,2535
1062,2536
1062,2544
1062,2579
1062,2580
1062,2608
1062,2640
1062,2651
1062,2660
1062,2664
1062,2678
1062,2689
1062,2690
1062,2692
1062,2767
1062,2772
1062,2787
1062,2996
1062,3004
1062,3024
1062,3039
1062,3099
1062,3101
1062,3114
1062,3138
1062,3144
1062,3153
1062,3158
1062,3168
1062,3169
1062,3176
1062,3211
1062,3223
1062,3234
1062,3253
1062,3254
1062,3255
1062,3257
1062,3336
1062,3353
1062,3368
1062,3462
1062,3470
1065,1074
1065,1101
1065,1125
1065,1240
1065,1318
1065,1447
1065,1561
1065,1689
1065,1698
1065,1743
1065,1845
1065,1940
1065,1942
1065,1943
1065,1947
1065,1949
1065,2011
1065,2017
1065,2027
1065,2039
1065,2081
1065,2115
1065,2238
1065,2458
1065,2558
1065,2610
1065,2621
1065,2638
1065,2706
1065,2801
1065,2996
1065,3039
1065,3115
1065,3138
1065,3140
1065,3166
1065,3176
1065,3225
1065,3240
1065,3247
1065,3299
1065,3371
1069,2010
1071,3138
1072,3138
1073,1090
1073,1111
1073,1115
1073,1143
1073,1152
1073,1171
1073,1174
1073,1190
1073,1191
1073,1205
1073,1211
1073,1217
1073,1221
1073,1229
1073,1266
1073,1267
1073,1275
1073,1285
1073,1289
1073,1290
1073,1293
1073,1311
1073,1331
1073,1340
1073,1350
1073,1378
1073,1379
1073,1412
1073,1428
1073,1432
1073,1442
1073,1449
1073,1551
1073,1553
1073,1561
1073,1597
1073,1599
1073,1621
1073,1638
1073,1645
1073,1726
1073,1729
1073,1736
1073,1741
1073,1843
1073,1851
1073,1862
1073,1878
1073,1893
1073,1989
1073,1997
1073,2006
1073,2010
1073,2018
1073,2022
1073,2027
1073,2030
1073,2033
1073,2046
1073,2055
1073,2065
1073,2068
1073,2071
1073,2081
1073,2111
1073,2234
1073,2260
1073,2288
1073,2290
1073,2324
1073,2327
1073,2328
1073,2335
1073,2340
1073,2345
1073,2380
1073,2425
1073,2426
1073,2535
1073,2536
1073,2544
1073,2579
1073,2580
1073,2600
1073,2608
1073,2640
1073,2660
1073,2664
1073,2666
1073,2678
1073,2689
1073,2690
1073,2692
1073,2722
1073,2747
1073,2767
1073,2772
1073,2787
1073,2977
1073,2996
1073,3004
1073,3024
1073,3099
1073,3101
1073,3114
1073,3138
1073,3153
1073,3158
1073,3166
1073,3167
1073,3168
1073,3169
1073,3176
1073,3211
1073,3223
1073,3234
1073,3236
1073,3253
1073,3254
1073,3255
1073,3257
1073,3336
1073,3353
1073,3368
1073,3456
1073,3462
1073,3470
1074,1101
1074,1125
1074,1240
1074,1447
1074,1561
1074,1689
1074,1698
1074,1743
1074,1845
1074,2011
1074,2017
1074,2027
1074,2039
1074,2081
1074,2115
1074,2238
1074,2558
1074,2610
1074,2621
1074,2638
1074,2706
1074,2801
1074,2996
1074,3039
1074,3115
1074,3138
1074,3140
1074,3166
1074,3176
1074,3225
1074,3240
1074,3247
1074,3299
1074,3371
1075,1942
1075,1993
1075,3138
1076,1208
1076,1398
1076,1526
1076,2533
1076,2649
1076,2650
1076,3138
1081,3138
1084,3138
1085,3138
1088,1645
1088,3138
1089,3138
1090,1111
1090,1143
1090,1152
1090,1171
1090,1190
1090,1191
1090,1205
1090,1211
1090,1217
1090,1221
1090,1266
1090,1267
1090,1275
1090,1285
1090,1290
1090,1293
1090,1331
1090,1378
1090,1379
1090,1412
1090,1428
1090,1432
1090,1449
1090,1551
1090,1553
1090,1561
1090,1597
1090,1599
1090,1621
1090,1638
1090,1726
1090,1727
1090,1729
1090,1736
1090,1741
1090,1843
1090,1851
1090,1878
1090,1989
1090,2006
1090,2010
1090,2018
1090,2022
1090,2027
1090,2030
1090,2033
1090,2039
1090,2065
1090,2071
1090,2081
1090,2111
1090,2260
1090,2288
1090,2327
1090,2328
1090,2335
1090,2380
1090,2425
1090,2426
1090,2535
1090,2536
1090,2544
1090,2551
1090,2579
1090,2600
1090,2608
1090,2640
1090,2651
1090,2660
1090,2678
1090,2692
1090,2722
1090,2747
1090,2767
1090,2772
1090,2977
1090,2996
1090,3004
1090,3024
1090,3039
1090,3099
1090,3101
1090,3138
1090,3144
1090,3153
1090,3158
1090,3166
1090,3168
1090,3169
1090,3176
1090,3223
1090,3234
1090,3236
1090,3253
1090,3254
1090,3255
1090,3257
1090,3353
1090,3368
1090,3456
1090,3462
1090,3470
1091,3138
1092,3138
1094,3138
1097,3138
1099,3138
1100,1563
1100,1813
1100,1845
1100,1906
1100,2289
1100,2348
1100,2408
1100,2533
1100,2593
1100,2848
1100,2931
1100,3122
1100,3138
1100,3374
1100,3386
1101,1125
1101,1240
1101,1447
1101,1561
1101,1689
1101,1698
1101,1743
1101,1845
1101,2011
1101,2017
1101,2027
1101,2039
1101,2081
1101,2115
1101,2238
1101,2558
1101,2610
1101,2621
1101,2638
1101,2706
1101,2801
1101,2996
1101,3039
1101,3115
1101,3138
1101,3140
1101,3166
1101,3176
1101,3225
1101,3240
1101,3247
1101,3299
1101,3371
1103,2479
1104,3138
1105,1318
1105,1555
1105,1563
1105,1813
1105,1845
1105,2289
1105,2408
1105,2533
1105,2996
1105,3122
1106,3138
1111,1143
1111,1152
1111,1171
1111,1174
1111,1190
1111,1191
1111,1211
1111,1217
1111,1221
1111,1229
1111,1267
1111,1275
1111,1285
1111,1290
1111,1293
1111,1311
1111,1331
1111,1350
1111,1378
1111,1379
1111,1412
1111,1432
1111,1442
1111,1449
1111,1551
1111,1553
1111,1561
1111,1597
1111,1621
1111,1638
1111,1727
1111,1729
1111,1736
1111,1741
1111,1843
1111,1851
1111,1862
1111,1878
1111,1989
1111,1997
1111,2006
1111,2010
1111,2018
1111,2022
1111,2027
1111,2039
1111,2046
1111,2055
1111,2065
1111,2068
1111,2081
1111,2111
1111,2260
1111,2288
1111,2327
1111,2328
1111,2335
1111,2340
1111,2345
1111,2380
1111,2425
1111,2426
1111,2535
1111,2536
1111,2544
1111,2551
1111,2579
1111,2580
1111,2600
1111,2608
1111,2640
1111,2660
1111,2664
1111,2666
1111,2678
1111,2689
1111,2690
1111,2722
1111,2747
1111,2767
1111,2772
1111,2787
1111,2977
1111,2996
1111,3004
1111,3024
1111,3099
1111,3101
1111,3138
1111,3144
1111,3158
1111,3166
1111,3168
1111,3169
1111,3176
1111,3211
1111,3223
1111,3234
1111,3253
1111,3254
1111,3255
1111,3257
1111,3336
1111,3353
1111,3368
1111,3456
1111,3462
1114,3138
1115,1259
1115,1289
1115,1463
1115,1477
1115,1608
1115,1614
1115,1731
1115,1785
1115,2079
1115,2234
1115,2247
1115,2290
1115,2324
1115,2359
1115,2638
1115,2650
1115,2801
1115,3202
1117,1993
1125,1240
1125,1447
1125,1561
1125,1689
1125,1698
1125,1743
1125,1845
1125,2011
1125,2017
1125,2027
1125,2039
1125,2081
1125,2115
1125,2238
1125,2558
1125,2610
1125,2621
1125,2638
1125,2706
1125,2801
1125,2996
1125,3039
1125,3115
1125,3138
1125,3140
1125,3166
1125,3176
1125,3225
1125,3240
1125,3247
1125,3299
1125,3371
1126,3138
1128,3138
1133,3138
1134,3138
1135,2479
1136,1645
1138,3138
1143,1171
1143,1174
1143,1190
1143,1191
1143,1211
1143,1217
1143,1221
1143,1229
1143,1275
1143,1285
1143,1290
1143,1293
1143,1311
1143,1331
1143,1350
1143,1351
1143,1412
1143,1428
1143,1442
1143,1449
1143,1551
1143,1561
1143,1599
1143,1621
1143,1638
1143,1726
1143,1727
1143,1736
1143,1741
1143,1843
1143,1851
1143,1862
1143,1878
1143,1893
1143,1989
1143,1997
1143,2006
1143,2010
1143,2018
1143,2022
1143,2027
1143,2039
1143,2055
1143,2065
1143,2081
1143,2111
1143,2260
1143,2327
1143,2328
1143,2335
1143,2340
1143,2345
1143,2425
1143,2535
1143,2544
1143,2551
1143,2579
1143,2580
1143,2600
1143,2608
1143,2640
1143,2651
1143,2660
1143,2666
1143,2678
1143,2689
1143,2690
1143,2692
1143,2722
1143,2767
1143,2787
1143,2977
1143,2996
1143,3004
1143,3039
1143,3099
1143,3101
1143,3114
1143,3138
1143,3144
1143,3153
1143,3158
1143,3166
1143,3169
1143,3176
1143,3211
1143,3223
1143,3234
1143,3236
1143,3253
1143,3254
1143,3255
1143,3336
1143,3353
1143,3368
1143,3456
1143,3462
1144,3138
1147,1318
1147,1741
1147,1845
1147,1940
1147,1942
1147,1943
1147,1947
1147,1949
1147,2458
1147,2996
1147,3039
1147,3138
1150,1174
1150,1189
1150,1341
1150,1443
1150,1591
1150,2010
1150,2044
1150,2757
1150,2841
1150,2937
1150,2996
1150,3021
1150,3173
1150,3174
1152,1171
1152,1190
1152,1191
1152,1211
1152,1217
1152,1221
1152,1229
1152,1266
1152,1275
1152,1290
1152,1340
1152,1350
1152,1351
1152,1412
1152,1428
1152,1432
1152,1442
1152,1551
1152,1561
1152,1597
1152,1599
1152,1621
1152,1638
1152,1726
1152,1727
1152,1729
1152,1736
1152,1741
1152,1843
1152,1851
1152,1862
1152,1878
1152,1893
1152,1989
1152,2006
1152,2010
1152,2018
1152,2027
1152,2030
1152,2039
1152,2046
1152,2055
1152,2065
1152,2068
1152,2071
1152,2081
1152,2111
1152,2260
1152,2288
1152,2327
1152,2328
1152,2335
1152,2340
1152,2345
1152,2380
1152,2425
1152,2426
1152,2535
1152,2536
1152,2544
1152,2551
1152,2579
1152,2580
1152,2600
1152,2608
1152,2640
1152,2651
1152,2660
1152,2664
1152,2666
1152,2689
1152,2690
1152,2722
1152,2747
1152,2767
1152,2772
1152,2787
1152,2977
1152,3004
1152,3024
1152,3039
1152,3099
1152,3101
1152,3114
1152,3138
1152,3144
1152,3153
1152,3158
1152,3168
1152,3169
1152,3176
1152,3211
1152,3223
1152,3253
1152,3254
1152,3255
1152,3257
1152,3353
1152,3368
1152,3462
1152,3470
1158,3138
1160,3138
1162,2479
1162,3138
1164,3138
1165,3138
1166,3138
1171,1174
1171,1190
1171,1205
1171,1211
1171,1217
1171,1221
1171,1229
1171,1266
1171,1267
1171,1275
1171,1285
1171,1290
1171,1293
1171,1311
1171,1331
1171,1340
1171,1350
1171,1351
1171,1378
1171,1379
1171,1412
1171,1428
1171,1432
1171,1442
1171,1449
1171,1551
1171,1553
1171,1561
1171,1597
1171,1599
1171,1621
1171,1638
1171,1726
1171,1729
1171,1736
1171,1741
1171,1843
1171,1851
1171,1862
1171,1878
1171,1893
1171,1989
1171,1997
1171,2006
1171,2010
1171,2018
1171,2022
1171,2027
1171,2030
1171,2033
1171,2039
1171,2046
1171,2055
1171,2065
1171,2068
1171,2071
1171,2081
1171,2111
1171,2260
1171,2288
1171,2327
1171,2328
1171,2335
1171,2340
1171,2345
1171,2380
1171,2425
1171,2426
1171,2535
1171,2536
1171,2544
1171,2551
1171,2579
1171,2580
1171,2600
1171,2608
1171,2640
1171,2651
1171,2660
1171,2664
1171,2666
1171,2678
1171,2689
1171,2690
1171,2692
1171,2722
1171,2747
1171,2767
1171,2772
1171,2787
1171,2977
1171,2996
1171,3004
1171,3024
1171,3039
1171,3099
1171,3101
1171,3114
1171,3138
1171,3144
1171,3153
1171,3158
1171,3166
1171,3168
1171,3169
1171,3176
1171,3211
1171,3223
1171,3234
1171,3236
1171,3253
1171,3254
1171,3255
1171,3257
1171,3336
1171,3353
1171,3368
1171,3456
1171,3462
1171,3470
1174,1189
1174,1190
1174,1191
1174,1205
1174,1217
1174,1221
1174,1229
1174,1266
1174,1267
1174,1275
1174,1285
1174,1290
1174,1311
1174,1340
1174,1341
1174,1350
1174,1351
1174,1378
1174,1412
1174,1428
1174,1432
1174,1442
1174,1443
1174,1449
1174,1561
1174,1573
1174,1591
1174,1597
1174,1599
1174,1621
1174,1622
1174,1638
1174,1726
1174,1727
1174,1736
1174,1741
1174,1843
1174,1851
1174,1862
1174,1878
1174,1956
1174,1989
1174,2006
1174,2010
1174,2022
1174,2027
1174,2030
1174,2039
1174,2044
1174,2055
1174,2068
1174,2081
1174,2111
1174,2260
1174,2288
1174,2327
1174,2328
1174,2345
1174,2380
1174,2425
1174,2426
1174,2535
1174,2536
1174,2544
1174,2551
1174,2580
1174,2600
1174,2608
1174,2640
1174,2651
1174,2664
1174,2666
1174,2678
1174,2689
1174,2690
1174,2692
1174,2694
1174,2722
1174,2767
1174,2772
1174,2787
1174,2937
1174,2977
1174,2996
1174,3004
1174,3021
1174,3024
1174,3099
1174,3138
1174,3144
1174,3153
1174,3158
1174,3166
1174,3168
1174,3169
1174,3173
1174,3174
1174,3176
1174,3223
1174,3234
1174,3236
1174,3253
1174,3255
1174,3257
1174,3336
1174,3353
1174,3368
1174,3462
1174,3470
1175,3138
1178,1622
1178,2010
1178,2044
1178,2219
1179,3138
1182,2479
1182,3138
1186,2479
1186,3138
1187,3138
1188,3138
1189,1341
1189,1443
1189,1591
1189,1622
1189,1741
1189,1956
1189,2010
1189,2044
1189,2757
1189,2937
1189,2996
1189,3021
1189,3173
1190,1191
1190,1205
1190,1211
1190,1221
1190,1229
1190,1267
1190,1275
1190,1290
1190,1293
1190,1311
1190,1340
1190,1350
1190,1351
1190,1378
1190,1379
1190,1412
1190,1442
1190,1449
1190,1551
1190,1553
1190,1561
1190,1597
1190,1599
1190,1621
1190,1638
1190,1726
1190,1727
1190,1729
1190,1736
1190,1741
1190,1843
1190,1851
1190,1862
1190,1878
1190,1893
1190,1989
1190,1997
1190,2006
1190,2010
1190,2018
1190,2022
1190,2027
1190,2030
1190,2033
1190,2039
1190,2046
1190,2055
1190,2065
1190,2071
1190,2081
1190,2111
1190,2260
1190,2327
1190,2328
1190,2335
1190,2340
1190,2345
1190,2380
1190,2425
1190,2535
1190,2544
1190,2580
1190,2600
1190,2608
1190,2640
1190,2651
1190,2664
1190,2666
1190,2678
1190,2689
1190,2692
1190,2767
1190,2772
1190,2787
1190,2977
1190,3004
1190,3024
1190,3039
1190,3099
1190,3101
1190,3114
1190,3138
1190,3153
1190,3158
1190,3166
1190,3168
1190,3169
1190,3176
1190,3211
1190,3223
1190,3234
1190,3236
1190,3254
1190,3255
1190,3257
1190,3336
1190,3353
1190,3456
1190,3462
1190,3470
1191,1205
1191,1211
1191,1217
1191,1221
1191,1229
1191,1266
1191,1267
1191,1275
1191,1285
1191,1290
1191,1293
1191,1311
1191,1331
1191,1340
1191,1350
1191,1351
1191,1378
1191,1379
1191,1412
1191,1428
1191,1432
1191,1442
1191,1449
1191,1551
1191,1553
1191,1561
1191,1597
1191,1599
1191,1621
1191,1638
1191,1726
1191,1727
1191,1729
1191,1736
1191,1741
1191,1843
1191,1851
1191,1862
1191,1878
1191,1893
1191,1989
1191,1997
1191,2006
1191,2010
1191,2018
1191,2022
1191,2027
1191,2030
1191,2033
1191,2039
1191,2046
1191,2055
1191,2065
1191,2068
1191,2071
1191,2081
1191,2111
1191,2260
1191,2288
1191,2327
1191,2328
1191,2335
1191,2340
1191,2345
1191,2380
1191,2425
1191,2426
1191,2535
1191,2536
1191,2544
1191,2551
1191,2579
1191,2580
1191,2600
1191,2608
1191,2640
1191,2651
1191,2660
1191,2664
1191,2666
1191,2678
1191,2689
1191,2690
1191,2692
1191,2722
1191,2747
1191,2772
1191,2787
1191,2996
1191,3004
1191,3024
1191,3039
1191,3101
1191,3114
1191,3138
1191,3144
1191,3153
1191,3158
1191,3166
1191,3168
1191,3169
1191,3176
1191,3211
1191,3223
1191,3234
1191,3236
1191,3253
1191,3254
1191,3255
1191,3257
1191,3336
1191,3368
1191,3456
1191,3462
1191,3470
1193,1956
1193,2010
1193,2044
1194,2479
1196,3138
1200,1956
1200,2010
1200,2044
1200,2219
1205,1211
1205,1217
1205,1221
1205,1229
1205,1266
1205,1267
1205,1275
1205,1285
1205,1293
1205,1311
1205,1351
1205,1378
1205,1412
1205,1428
1205,1432
1205,1551
1205,1553
1205,1561
1205,1597
1205,1599
1205,1621
1205,1638
1205,1727
1205,1729
1205,1741
1205,1843
1205,1851
1205,1862
1205,1878
1205,1893
1205,1997
1205,2006
1205,2010
1205,2018
1205,2022
1205,2030
1205,2033
1205,2039
1205,2046
1205,2055
1205,2071
1205,2081
1205,2111
1205,2260
1205,2288
1205,2327
1205,2328
1205,2335
1205,2345
1205,2380
1205,2425
1205,2426
1205,2535
1205,2536
1205,2544
1205,2551
1205,2579
1205,2580
1205,2640
1205,2664
1205,2666
1205,2689
1205,2690
1205,2692
1205,2722
1205,2772
1205,2787
1205,2977
1205,2996
1205,3024
1205,3039
1205,3099
1205,3101
1205,3144
1205,3153
1205,3158
1205,3166
1205,3168
1205,3176
1205,3211
1205,3223
1205,3234
1205,3236
1205,3254
1205,3255
1205,3257
1205,3336
1205,3368
1205,3456
1205,3462
1205,3470
1207,3138
1208,1362
1208,1526
1208,1653
1208,1724
1208,1906
1208,2290
1208,2533
1208,2715
1208,3376
1208,3490
1211,1217
1211,1221
1211,1229
1211,1266
1211,1267
1211,1275
1211,1285
1211,1293
1211,1311
1211,1331
1211,1340
1211,1350
1211,1351
1211,1412
1211,1428
1211,1432
1211,1442
1211,1449
1211,1551
1211,1553
1211,1597
1211,1599
1211,1621
1211,1726
1211,1727
1211,1729
1211,1736
1211,1741
1211,1843
1211,1851
1211,1862
1211,1878
1211,1893
1211,1989
1211,1997
1211,2006
1211,2010
1211,2018
1211,2022
1211,2027
1211,2033
1211,2039
1211,2046
1211,2055
1211,2065
1211,2068
1211,2081
1211,2111
1211,2260
1211,2288
1211,2327
1211,2328
1211,2335
1211,2340
1211,2345
1211,2380
1211,2425
1211,2426
1211,2535
1211,2536
1211,2544
1211,2551
1211,2600
1211,2608
1211,2651
1211,2660
1211,2664
1211,2666
1211,2678
1211,2689
1211,2690
1211,2692
1211,2722
1211,2747
1211,2767
1211,2772
1211,2977
1211,2996
1211,3004
1211,3024
1211,3039
1211,3101
1211,3114
1211,3153
1211,3158
1211,3166
1211,3168
1211,3169
1211,3176
1211,3211
1211,3223
1211,3234
1211,3236
1211,3253
1211,3254
1211,3255
1211,3257
1211,3336
1211,3353
1211,3368
1211,3456
1211,3470
1212,3138
1214,3138
1217,1221
1217,1229
1217,1245
1217,1264
1217,1266
1217,1267
1217,1275
1217,1285
1217,1289
1217,1290
1217,1293
1217,1311
1217,1318
1217,1331
1217,1340
1217,1350
1217,1351
1217,1376
1217,1378
1217,1379
1217,1400
1217,1412
1217,1428
1217,1432
1217,1442
1217,1449
1217,1551
1217,1553
1217,1561
1217,1597
1217,1599
1217,1608
1217,1621
1217,1638
1217,1645
1217,1653
1217,1673
1217,1718
1217,1726
1217,1729
1217,1736
1217,1741
1217,1744
1217,1779
1217,1821
1217,1843
1217,1845
1217,1851
1217,1862
1217,1878
1217,1893
1217,1927
1217,1940
1217,1942
1217,1943
1217,1947
1217,1949
1217,1989
1217,1997
1217,2006
1217,2010
1217,2018
1217,2022
1217,2027
1217,2030
1217,2033
1217,2039
1217,2046
1217,2055
1217,2065
1217,2068
1217,2071
1217,2079
1217,2081
1217,2111
1217,2260
1217,2288
1217,2290
1217,2327
1217,2328
1217,2335
1217,2340
1217,2343
1217,2345
1217,2359
1217,2380
1217,2425
1217,2426
1217,2458
1217,2533
1217,2535
1217,2536
1217,2544
1217,2551
1217,2579
1217,2580
1217,2600
1217,2608
1217,2622
1217,2640
1217,2660
1217,2664
1217,2666
1217,2678
1217,2689
1217,2690
1217,2692
1217,2722
1217,2747
1217,2769
1217,2772
1217,2787
1217,2801
1217,2977
1217,2996
1217,3004
1217,3024
1217,3039
1217,3074
1217,3078
1217,3088
1217,3091
1217,3099
1217,3101
1217,3114
1217,3138
1217,3144
1217,3153
1217,3158
1217,3166
1217,3167
1217,3168
1217,3169
1217,3176
1217,3211
1217,3223
1217,3225
1217,3234
1217,3236
1217,3253
1217,3254
1217,3255
1217,3257
1217,3336
1217,3353
1217,3368
1217,3371
1217,3383
1217,3456
1217,3457
1217,3462
1217,3470
1217,3473
1217,3474
1221,1266
1221,1267
1221,1275
1221,1285
1221,1290
1221,1293
1221,1311
1221,1340
1221,1350
1221,1351
1221,1412
1221,1432
1221,1449
1221,1551
1221,1553
1221,1561
1221,1597
1221,1599
1221,1621
1221,1638
1221,1726
1221,1727
1221,1729
1221,1736
1221,1741
1221,1843
1221,1851
1221,1862
1221,1878
1221,1989
1221,1997
1221,2006
1221,2022
1221,2027
1221,2030
1221,2039
1221,2046
1221,2055
1221,2065
1221,2071
1221,2081
1221,2111
1221,2260
1221,2288
1221,2327
1221,2328
1221,2335
1221,2345
1221,2380
1221,2426
1221,2535
1221,2536
1221,2551
1221,2579
1221,2580
1221,2600
1221,2608
1221,2640
1221,2651
1221,2660
1221,2664
1221,2666
1221,2678
1221,2689
1221,2692
1221,2722
1221,2767
1221,2772
1221,2787
1221,2996
1221,3004
1221,3024
1221,3039
1221,3099
1221,3101
1221,3114
1221,3144
1221,3153
1221,3158
1221,3166
1221,3168
1221,3169
1221,3176
1221,3211
1221,3223
1221,3253
1221,3254
1221,3255
1221,3257
1221,3353
1221,3368
1221,3462
1221,3470
1222,3138
1223,1271
1223,1622
1223,1956
1223,2010
1223,2219
1223,2247
1223,2479
1223,2607
1223,3083
1223,3455
1227,3138
1229,1266
1229,1267
1229,1275
1229,1285
1229,1290
1229,1293
1229,1311
1229,1331
1229,1340
1229,1350
1229,1351
1229,1378
1229,1379
1229,1428
1229,1432
1229,1449
1229,1551
1229,1553
1229,1561
1229,1597
1229,1599
1229,1621
1229,1638
1229,1726
1229,1727
1229,1736
1229,1741
1229,1843
1229,1851
1229,1862
1229,1878
1229,1893
1229,1989
1229,1993
1229,1997
1229,2006
1229,2010
1229,2018
1229,2022
1229,2027
1229,2033
1229,2039
1229,2046
1229,2055
1229,2065
1229,2068
1229,2071
1229,2081
1229,2260
1229,2327
1229,2328
1229,2335
1229,2340
1229,2345
1229,2425
1229,2426
1229,2535
1229,2536
1229,2551
1229,2579
1229,2580
1229,2608
1229,2640
1229,2651
1229,2660
1229,2664
1229,2666
1229,2678
1229,2689
1229,2690
1229,2692
1229,2722
1229,2747
1229,2767
1229,2772
1229,2787
1229,2996
1229,3004
1229,3024
1229,3039
1229,3101
1229,3138
1229,3153
1229,3158
1229,3166
1229,3168
1229,3169
1229,3176
1229,3211
1229,3236
1229,3253
1229,3254
1229,3255
1229,3257
1229,3336
1229,3353
1229,3368
1229,3456
1229,3462
1230,3138
1231,1741
1231,1956
1231,3138
1232,3138
1233,3138
1234,3138
1235,1993
1237,1526
1237,1563
1237,1673
1237,1850
1237,1927
1237,1997
1237,2039
1237,2079
1237,2359
1238,3138
1240,1447
1240,1561
1240,1689
1240,1698
1240,1743
1240,1845
1240,2011
1240,2017
1240,2027
1240,2039
1240,2081
1240,2115
1240,2238
1240,2558
1240,2610
1240,2621
1240,2638
1240,2706
1240,2801
1240,2996
1240,3039
1240,3115
1240,3138
1240,3140
1240,3166
1240,3176
1240,3225
1240,3240
1240,3247
1240,3299
1240,3371
1243,3138
1245,1362
1245,1526
1245,1561
1245,1653
1245,1997
1245,2010
1245,2458
1245,2825
1245,3074
1245,3114
1245,3167
1246,3138
1252,3138
1254,1993
1254,3138
1256,3138
1259,1289
1259,1515
1259,1614
1259,1731
1259,1785
1259,2039
1259,2079
1259,2234
1259,2290
1259,2324
1259,2638
1259,2801
1259,2858
1259,3202
1261,2479
1261,3138
1262,3138
1264,1376
1264,1997
1264,2079
1264,2378
1264,2769
1264,2809
1264,3074
1264,3078
1264,3167
1265,3138
1266,1267
1266,1275
1266,1293
1266,1311
1266,1331
1266,1340
1266,1351
1266,1412
1266,1432
1266,1442
1266,1449
1266,1553
1266,1561
1266,1597
1266,1599
1266,1621
1266,1726
1266,1727
1266,1729
1266,1736
1266,1741
1266,1851
1266,1862
1266,1893
1266,1989
1266,2006
1266,2010
1266,2018
1266,2022
1266,2030
1266,2039
1266,2046
1266,2055
1266,2068
1266,2071
1266,2081
1266,2111
1266,2260
1266,2288
1266,2328
1266,2340
1266,2380
1266,2425
1266,2426
1266,2479
1266,2535
1266,2536
1266,2544
1266,2551
1266,2579
1266,2600
1266,2608
1266,2640
1266,2651
1266,2660
1266,2664
1266,2666
1266,2678
1266,2689
1266,2690
1266,2692
1266,2722
1266,2747
1266,2767
1266,2772
1266,2787
1266,2977
1266,2996
1266,3004
1266,3024
1266,3039
1266,3099
1266,3101
1266,3114
1266,3138
1266,3144
1266,3153
1266,3158
1266,3168
1266,3169
1266,3176
1266,3211
1266,3223
1266,3234
1266,3236
1266,3253
1266,3255
1266,3257
1266,3336
1266,3353
1266,3368
1266,3456
1266,3462
1266,3470
1267,1275
1267,1285
1267,1290
1267,1293
1267,1311
1267,1340
1267,1350
1267,1378
1267,1379
1267,1412
1267,1428
1267,1432
1267,1442
1267,1449
1267,1551
1267,1553
1267,1561
1267,1597
1267,1599
1267,1638
1267,1726
1267,1727
1267,1729
1267,1736
1267,1741
1267,1843
1267,1851
1267,1862
1267,1878
1267,1893
1267,1989
1267,1997
1267,2006
1267,2022
1267,2027
1267,2030
1267,2033
1267,2039
1267,2046
1267,2055
1267,2065
1267,2068
1267,2081
1267,2111
1267,2260
1267,2327
1267,2328
1267,2335
1267,2340
1267,2345
1267,2380
1267,2425
1267,2426
1267,2535
1267,2536
1267,2551
1267,2579
1267,2580
1267,2600
1267,2608
1267,2640
1267,2651
1267,2660
1267,2664
1267,2666
1267,2678
1267,2689
1267,2690
1267,2722
1267,2747
1267,2767
1267,2772
1267,2787
1267,2977
1267,2996
1267,3004
1267,3024
1267,3099
1267,3101
1267,3114
1267,3138
1267,3144
1267,3153
1267,3158
1267,3168
1267,3169
1267,3176
1267,3211
1267,3223
1267,3234
1267,3236
1267,3253
1267,3254
1267,3257
1267,3336
1267,3353
1267,3368
1267,3456
1267,3462
1267,3470
1269,2472
1269,2801
1269,3374
1269,3375
1270,3138
1271,1622
1271,1645
1271,2010
1271,2675
1271,2757
1272,3138
1275,1285
1275,1290
1275,1293
1275,1311
1275,1340
1275,1350
1275,1351
1275,1378
1275,1379
1275,1412
1275,1428
1275,1432
1275,1449
1275,1551
1275,1553
1275,1561
1275,1597
1275,1599
1275,1621
1275,1638
1275,1726
1275,1727
1275,1729
1275,1736
1275,1741
1275,1843
1275,1862
1275,1878
1275,1893
1275,1989
1275,1997
1275,2006
1275,2010
1275,2018
1275,2022
1275,2027
1275,2030
1275,2033
1275,2046
1275,2065
1275,2068
1275,2071
1275,2111
1275,2260
1275,2288
1275,2327
1275,2328
1275,2335
1275,2340
1275,2345
1275,2380
1275,2425
1275,2426
1275,2535
1275,2536
1275,2544
1275,2551
1275,2579
1275,2580
1275,2600
1275,2608
1275,2640
1275,2651
1275,2660
1275,2664
1275,2666
1275,2678
1275,2689
1275,2690
1275,2692
1275,2722
1275,2747
1275,2767
1275,2772
1275,2787
1275,2977
1275,2996
1275,3004
1275,3024
1275,3039
1275,3099
1275,3101
1275,3114
1275,3138
1275,3144
1275,3153
1275,3158
1275,3166
1275,3168
1275,3169
1275,3176
1275,3211
1275,3223
1275,3234
1275,3236
1275,3253
1275,3255
1275,3257
1275,3336
1275,3353
1275,3368
1275,3456
1275,3462
1275,3470
1279,1377
1279,1591
1279,1621
1279,1956
1279,2039
1279,2048
1279,2219
1279,2275
1279,2607
1279,3021
1279,3082
1279,3243
1279,3473
1284,3138
1285,1293
1285,1311
1285,1331
1285,1340
1285,1350
1285,1351
1285,1378
1285,1379
1285,1428
1285,1432
1285,1442
1285,1449
1285,1551
1285,1561
1285,1597
1285,1599
1285,1621
1285,1638
1285,1726
1285,1727
1285,1729
1285,1741
1285,1843
1285,1851
1285,1862
1285,1878
1285,1893
1285,1997
1285,2006
1285,2010
1285,2018
1285,2027
1285,2030
1285,2033
1285,2039
1285,2046
1285,2055
1285,2065
1285,2068
1285,2071
1285,2081
1285,2111
1285,2260
1285,2327
1285,2328
1285,2335
1285,2340
1285,2345
1285,2380
1285,2425
1285,2426
1285,2535
1285,2536
1285,2551
1285,2579
1285,2580
1285,2600
1285,2608
1285,2651
1285,2660
1285,2664
1285,2666
1285,2678
1285,2689
1285,2692
1285,2747
1285,2767
1285,2787
1285,2977
1285,2996
1285,3004
1285,3024
1285,3039
1285,3099
1285,3101
1285,3114
1285,3138
1285,3153
1285,3158
1285,3166
1285,3168
1285,3169
1285,3176
1285,3211
1285,3234
1285,3253
1285,3254
1285,3255
1285,3257
1285,3336
1285,3353
1285,3368
1285,3462
1285,3470
1289,1614
1289,1731
1289,1993
1289,2234
1289,2247
1289,2290
1289,2324
1289,2638
1289,3167
1289,3371
1290,1293
1290,1311
1290,1340
1290,1351
1290,1378
1290,1379
1290,1412
1290,1432
1290,1442
1290,1449
1290,1551
1290,1561
1290,1597
1290,1599
1290,1621
1290,1638
1290,1727
1290,1729
1290,1736
1290,1741
1290,1843
1290,1851
1290,1989
1290,2006
1290,2010
1290,2018
1290,2022
1290,2030
1290,2033
1290,2039
1290,2055
1290,2065
1290,2068
1290,2071
1290,2081
1290,2111
1290,2260
1290,2288
1290,2327
1290,2328
1290,2335
1290,2340
1290,2425
1290,2426
1290,2536
1290,2544
1290,2551
1290,2608
1290,2640
1290,2651
1290,2664
1290,2666
1290,2678
1290,2689
1290,2690
1290,2692
1290,2767
1290,2772
1290,2787
1290,2977
1290,2996
1290,3004
1290,3024
1290,3099
1290,3101
1290,3114
1290,3138
1290,3144
1290,3153
1290,3158
1290,3166
1290,3168
1290,3169
1290,3176
1290,3211
1290,3223
1290,3234
1290,3236
1290,3253
1290,3255
1290,3257
1290,3336
1290,3353
1290,3368
1290,3456
1290,3462
1291,3138
1293,1311
1293,1331
1293,1340
1293,1351
1293,1378
1293,1379
1293,1412
1293,1432
1293,1442
1293,1449
1293,1551
1293,1553
1293,1561
1293,1597
1293,1599
1293,1621
1293,1638
1293,1726
1293,1727
1293,1729
1293,1736
1293,1741
1293,1843
1293,1851
1293,1878
1293,1893
1293,1989
1293,2006
1293,2010
1293,2018
1293,2022
1293,2030
1293,2033
1293,2039
1293,2046
1293,2055
1293,2065
1293,2068
1293,2071
1293,2081
1293,2111
1293,2260
1293,2288
1293,2327
1293,2328
1293,2335
1293,2340
1293,2380
1293,2425
1293,2426
1293,2535
1293,2536
1293,2551
1293,2579
1293,2608
1293,2640
1293,2651
1293,2660
1293,2664
1293,2666
1293,2692
1293,2722
1293,2747
1293,2767
1293,2772
1293,2787
1293,2996
1293,3004
1293,3024
1293,3039
1293,3099
1293,3101
1293,3114
1293,3138
1293,3153
1293,3166
1293,3168
1293,3176
1293,3211
1293,3234
1293,3236
1293,3253
1293,3254
1293,3255
1293,3257
1293,3336
1293,3368
1293,3456
1293,3470
1294,3138
1299,3138
1300,3138
1310,3138
1311,1340
1311,1350
1311,1351
1311,1378
1311,1379
1311,1428
1311,1442
1311,1449
1311,1553
1311,1561
1311,1597
1311,1599
1311,1621
1311,1638
1311,1726
1311,1727
1311,1736
1311,1741
1311,1843
1311,1851
1311,1862
1311,1878
1311,1893
1311,1989
1311,1997
1311,2006
1311,2010
1311,2018
1311,2022
1311,2027
1311,2030
1311,2039
1311,2046
1311,2055
1311,2065
1311,2068
1311,2071
1311,2081
1311,2111
1311,2260
1311,2288
1311,2328
1311,2340
1311,2345
1311,2380
1311,2425
1311,2426
1311,2535
1311,2536
1311,2544
1311,2551
1311,2579
1311,2580
1311,2640
1311,2651
1311,2660
1311,2664
1311,2666
1311,2678
1311,2689
1311,2690
1311,2692
1311,2722
1311,2747
1311,2772
1311,2787
1311,2996
1311,3004
1311,3024
1311,3039
1311,3099
1311,3101
1311,3138
1311,3144
1311,3153
1311,3158
1311,3166
1311,3168
1311,3169
1311,3176
1311,3223
1311,3234
1311,3236
1311,3253
1311,3254
1311,3255
1311,3336
1311,3353
1311,3368
1311,3456
1311,3462
1311,3470
1314,3138
1317,3138
1318,1376
1318,1555
1318,1557
1318,1563
1318,1718
1318,1813
1318,1845
1318,1940
1318,1942
1318,1943
1318,1947
1318,1949
1318,2039
1318,2289
1318,2378
1318,2408
1318,2458
1318,2533
1318,2622
1318,2996
1318,3039
1318,3074
1318,3078
1318,3122
1318,3138
1318,3368
1318,3371
1318,3374
1318,3473
1321,3138
1322,3138
1323,3138
1324,3138
1326,3138
1327,3138
1331,1340
1331,1351
1331,1378
1331,1379
1331,1412
1331,1432
1331,1442
1331,1449
1331,1553
1331,1561
1331,1599
1331,1621
1331,1638
1331,1726
1331,1727
1331,1729
1331,1736
1331,1741
1331,1851
1331,1862
1331,1878
1331,1893
1331,1989
1331,2006
1331,2010
1331,2018
1331,2022
1331,2030
1331,2039
1331,2046
1331,2055
1331,2068
1331,2071
1331,2081
1331,2111
1331,2260
1331,2288
1331,2327
1331,2328
1331,2335
1331,2345
1331,2380
1331,2425
1331,2535
1331,2536
1331,2544
1331,2579
1331,2580
1331,2608
1331,2651
1331,2678
1331,2689
1331,2690
1331,2692
1331,2747
1331,2767
1331,2787
1331,2977
1331,2996
1331,3004
1331,3024
1331,3039
1331,3101
1331,3114
1331,3138
1331,3144
1331,3153
1331,3158
1331,3168
1331,3169
1331,3176
1331,3211
1331,3223
1331,3234
1331,3253
1331,3255
1331,3257
1331,3336
1331,3353
1331,3368
1331,3456
1331,3462
1331,3470
1335,3138
1338,3138
1339,3138
1340,1350
1340,1351
1340,1379
1340,1412
1340,1442
1340,1449
1340,1551
1340,1553
1340,1561
1340,1597
1340,1599
1340,1621
1340,1638
1340,1726
1340,1727
1340,1729
1340,1736
1340,1741
1340,1851
1340,1862
1340,1878
1340,1893
1340,1989
1340,1997
1340,2006
1340,2010
1340,2018
1340,2022
1340,2027
1340,2030
1340,2033
1340,2039
1340,2046
1340,2055
1340,2065
1340,2068
1340,2071
1340,2081
1340,2111
1340,2260
1340,2327
1340,2328
1340,2345
1340,2425
1340,2535
1340,2536
1340,2544
1340,2551
1340,2579
1340,2580
1340,2600
1340,2608
1340,2651
1340,2660
1340,2664
1340,2666
1340,2678
1340,2689
1340,2692
1340,2722
1340,2747
1340,2767
1340,2772
1340,2787
1340,2977
1340,2996
1340,3004
1340,3024
1340,3039
1340,3101
1340,3114
1340,3138
1340,3158
1340,3166
1340,3168
1340,3169
1340,3176
1340,3211
1340,3223
1340,3253
1340,3254
1340,3255
1340,3336
1340,3353
1340,3368
1340,3456
1340,3470
1341,1591
1341,1741
1341,2010
1341,2044
1341,2694
1341,2841
1341,2937
1341,2996
1341,3021
1341,3174
1345,3138
1346,1993
1350,1351
1350,1379
1350,1412
1350,1432
1350,1442
1350,1449
1350,1551
1350,1553
1350,1561
1350,1597
1350,1599
1350,1621
1350,1638
1350,1726
1350,1727
1350,1729
1350,1736
1350,1741
1350,1843
1350,1851
1350,1862
1350,1878
1350,1893
1350,2006
1350,2010
1350,2022
1350,2027
1350,2039
1350,2046
1350,2055
1350,2068
1350,2071
1350,2081
1350,2111
1350,2260
1350,2288
1350,2327
1350,2328
1350,2335
1350,2340
1350,2345
1350,2380
1350,2425
1350,2426
1350,2479
1350,2535
1350,2536
1350,2544
1350,2579
1350,2580
1350,2640
1350,2651
1350,2660
1350,2664
1350,2666
1350,2678
1350,2689
1350,2692
1350,2722
1350,2747
1350,2767
1350,2772
1350,2977
1350,2996
1350,3004
1350,3039
1350,3099
1350,3101
1350,3114
1350,3138
1350,3153
1350,3158
1350,3166
1350,3168
1350,3169
1350,3176
1350,3223
1350,3234
1350,3236
1350,3253
1350,3254
1350,3255
1350,3336
1350,3353
1350,3368
1350,3456
1350,3462
1350,3470
1351,1378
1351,1379
1351,1412
1351,1428
1351,1449
1351,1553
1351,1561
1351,1597
1351,1599
1351,1621
1351,1638
1351,1726
1351,1727
1351,1729
1351,1736
1351,1741
1351,1843
1351,1851
1351,1878
1351,1893
1351,1989
1351,1997
1351,2006
1351,2010
1351,2018
1351,2022
1351,2027
1351,2030
1351,2033
1351,2039
1351,2046
1351,2068
1351,2071
1351,2081
1351,2111
1351,2260
1351,2288
1351,2327
1351,2328
1351,2335
1351,2340
1351,2345
1351,2380
1351,2425
1351,2535
1351,2536
1351,2544
1351,2551
1351,2579
1351,2580
1351,2600
1351,2608
1351,2640
1351,2651
1351,2660
1351,2664
1351,2666
1351,2678
1351,2689
1351,2690
1351,2692
1351,2747
1351,2767
1351,2977
1351,2996
1351,3004
1351,3024
1351,3039
1351,3099
1351,3101
1351,3114
1351,3138
1351,3144
1351,3153
1351,3158
1351,3166
1351,3168
1351,3169
1351,3176
1351,3211
1351,3236
1351,3254
1351,3255
1351,3336
1351,3353
1351,3368
1351,3456
1351,3462
1351,3470
1353,3138
1356,3138
1360,1645
1361,1645
1361,3138
1362,1526
1362,1653
1362,2121
1362,2129
1362,2130
1362,2468
1362,2649
1362,2715
1362,3114
1362,3138
1362,3167
1365,1993
1367,3138
1369,3138
1374,3227
1376,1557
1376,1967
1376,1997
1376,2809
1376,3074
1376,3091
1376,3371
1377,1591
1377,1622
1377,1741
1377,1956
1377,2010
1377,2044
1377,2048
1377,2219
1377,2247
1377,2275
1377,2607
1377,2694
1377,3021
1377,3173
1377,3174
1377,3243
1377,3473
1378,1379
1378,1412
1378,1428
1378,1432
1378,1442
1378,1449
1378,1551
1378,1553
1378,1561
1378,1597
1378,1599
1378,1621
1378,1638
1378,1726
1378,1727
1378,1729
1378,1736
1378,1741
1378,1851
1378,1862
1378,1878
1378,1893
1378,1997
1378,2006
1378,2010
1378,2018
1378,2022
1378,2027
1378,2030
1378,2033
1378,2039
1378,2046
1378,2055
1378,2065
1378,2068
1378,2071
1378,2081
1378,2111
1378,2260
1378,2327
1378,2328
1378,2335
1378,2340
1378,2380
1378,2425
1378,2426
1378,2535
1378,2536
1378,2544
1378,2551
1378,2579
1378,2580
1378,2600
1378,2608
1378,2640
1378,2651
1378,2664
1378,2666
1378,2678
1378,2690
1378,2692
1378,2722
1378,2747
1378,2767
1378,2772
1378,2787
1378,2977
1378,2996
1378,3099
1378,3101
1378,3114
1378,3138
1378,3144
1378,3158
1378,3166
1378,3168
1378,3169
1378,3176
1378,3211
1378,3234
1378,3236
1378,3253
1378,3254
1378,3257
1378,3336
1378,3353
1378,3368
1378,3456
1378,3462
1378,3470
1379,1432
1379,1442
1379,1449
1379,1551
1379,1553
1379,1561
1379,1597
1379,1621
1379,1638
1379,1726
1379,1736
1379,1741
1379,1851
1379,1862
1379,1878
1379,1893
1379,1989
1379,1997
1379,2006
1379,2010
1379,2018
1379,2022
1379,2027
1379,2030
1379,2033
1379,2039
1379,2046
1379,2055
1379,2065
1379,2068
1379,2081
1379,2111
1379,2260
1379,2288
1379,2328
1379,2335
1379,2340
1379,2345
1379,2380
1379,2425
1379,2426
1379,2535
1379,2536
1379,2544
1379,2551
1379,2579
1379,2580
1379,2600
1379,2608
1379,2640
1379,2651
1379,2660
1379,2664
1379,2666
1379,2689
1379,2690
1379,2692
1379,2722
1379,2747
1379,2767
1379,2977
1379,2996
1379,3004
1379,3024
1379,3039
1379,3099
1379,3101
1379,3138
1379,3144
1379,3166
1379,3168
1379,3176
1379,3211
1379,3223
1379,3234
1379,3236
1379,3253
1379,3254
1379,3255
1379,3257
1379,3336
1379,3353
1379,3368
1379,3456
1379,3462
1379,3470
1381,1622
1381,1956
1381,2010
1383,3138
1386,1462
1386,1463
1386,1967
1386,2874
1386,3225
1392,3138
1393,3138
1396,2479
1398,1463
1398,1561
1398,1997
1398,2010
1398,2445
1398,2650
1398,3167
1398,3376
1399,3138
1400,1526
1400,1645
1400,1653
1400,1724
1400,1779
1400,2079
1400,2122
1400,2197
1400,2468
1400,2516
1400,2532
1400,2533
1400,2622
1400,3060
1400,3114
1400,3167
1400,3225
1400,3376
1403,3138
1404,3138
1405,1477
1405,2479
1405,3138
1407,3138
1411,3138
1412,1428
1412,1432
1412,1442
1412,1449
1412,1551
1412,1553
1412,1561
1412,1597
1412,1599
1412,1621
1412,1726
1412,1727
1412,1729
1412,1736
1412,1741
1412,1843
1412,1851
1412,1862
1412,1878
1412,1893
1412,1989
1412,1997
1412,2006
1412,2010
1412,2018
1412,2022
1412,2027
1412,2030
1412,2033
1412,2039
1412,2046
1412,2055
1412,2065
1412,2068
1412,2081
1412,2111
1412,2260
1412,2327
1412,2328
1412,2335
1412,2340
1412,2345
1412,2380
1412,2425
1412,2426
1412,2535
1412,2536
1412,2544
1412,2551
1412,2579
1412,2580
1412,2600
1412,2608
1412,2640
1412,2651
1412,2664
1412,2666
1412,2678
1412,2689
1412,2690
1412,2722
1412,2747
1412,2767
1412,2772
1412,2787
1412,2977
1412,2996
1412,3004
1412,3024
1412,3039
1412,3099
1412,3101
1412,3114
1412,3138
1412,3144
1412,3153
1412,3158
1412,3166
1412,3168
1412,3169
1412,3176
1412,3211
1412,3234
1412,3236
1412,3253
1412,3254
1412,3255
1412,3257
1412,3336
1412,3353
1412,3368
1412,3456
1412,3470
1413,3138
1414,3138
1418,3138
1419,3138
1420,3138
1423,2479
1425,2479
1425,3138
1427,1956
1427,2219
1427,2607
1428,1432
1428,1442
1428,1449
1428,1551
1428,1553
1428,1561
1428,1597
1428,1599
1428,1621
1428,1726
1428,1727
1428,1729
1428,1736
1428,1741
1428,1843
1428,1851
1428,1862
1428,1878
1428,1893
1428,1989
1428,2006
1428,2010
1428,2018
1428,2022
1428,2027
1428,2030
1428,2033
1428,2039
1428,2046
1428,2055
1428,2065
1428,2068
1428,2071
1428,2081
1428,2111
1428,2260
1428,2288
1428,2327
1428,2328
1428,2335
1428,2340
1428,2345
1428,2380
1428,2425
1428,2426
1428,2535
1428,2536
1428,2544
1428,2551
1428,2579
1428,2580
1428,2608
1428,2640
1428,2651
1428,2664
1428,2666
1428,2678
1428,2689
1428,2690
1428,2692
1428,2722
1428,2747
1428,2767
1428,2772
1428,2787
1428,3004
1428,3024
1428,3099
1428,3114
1428,3138
1428,3158
1428,3166
1428,3168
1428,3176
1428,3211
1428,3236
1428,3254
1428,3255
1428,3257
1428,3336
1428,3353
1428,3368
1428,3456
1428,3462
1428,3470
1432,1442
1432,1449
1432,1551
1432,1553
1432,1561
1432,1597
1432,1599
1432,1621
1432,1726
1432,1736
1432,1741
1432,1843
1432,1851
1432,1878
1432,1893
1432,1997
1432,2006
1432,2010
1432,2018
1432,2022
1432,2027
1432,2030
1432,2033
1432,2039
1432,2046
1432,2055
1432,2065
1432,2068
1432,2071
1432,2081
1432,2111
1432,2260
1432,2288
1432,2328
1432,2335
1432,2345
1432,2425
1432,2426
1432,2535
1432,2551
1432,2580
1432,2600
1432,2608
1432,2640
1432,2651
1432,2660
1432,2664
1432,2666
1432,2678
1432,2689
1432,2692
1432,2747
1432,2767
1432,2977
1432,2996
1432,3004
1432,3024
1432,3099
1432,3138
1432,3144
1432,3153
1432,3158
1432,3166
1432,3168
1432,3169
1432,3176
1432,3223
1432,3234
1432,3254
1432,3255
1432,3257
1432,3336
1432,3353
1432,3368
1432,3456
1432,3462
1436,3138
1437,3138
1438,3138
1442,1449
1442,1551
1442,1553
1442,1599
1442,1621
1442,1638
1442,1727
1442,1729
1442,1741
1442,1843
1442,1851
1442,1862
1442,1878
1442,1893
1442,1989
1442,1997
1442,2006
1442,2010
1442,2018
1442,2022
1442,2027
1442,2030
1442,2033
1442,2039
1442,2046
1442,2055
1442,2065
1442,2071
1442,2081
1442,2111
1442,2260
1442,2328
1442,2335
1442,2340
1442,2345
1442,2380
1442,2425
1442,2535
1442,2536
1442,2544
1442,2551
1442,2579
1442,2580
1442,2600
1442,2640
1442,2651
1442,2660
1442,2666
1442,2678
1442,2689
1442,2690
1442,2692
1442,2722
1442,2747
1442,2767
1442,2977
1442,3004
1442,3024
1442,3039
1442,3101
1442,3114
1442,3138
1442,3144
1442,3153
1442,3158
1442,3166
1442,3169
1442,3176
1442,3211
1442,3223
1442,3236
1442,3257
1442,3336
1442,3368
1442,3456
1442,3462
1442,3470
1443,1591
1443,1956
1443,2219
1443,2694
1443,2757
1443,2841
1443,2996
1443,3021
1443,3174
1447,1561
1447,1689
1447,1698
1447,1743
1447,1845
1447,2011
1447,2017
1447,2027
1447,2039
1447,2081
1447,2115
1447,2238
1447,2558
1447,2610
1447,2621
1447,2638
1447,2706
1447,2801
1447,2996
1447,3039
1447,3115
1447,3138
1447,3140
1447,3166
1447,3176
1447,3225
1447,3240
1447,3247
1447,3299
1447,3371
1448,3138
1449,1551
1449,1561
1449,1597
1449,1599
1449,1621
1449,1638
1449,1726
1449,1727
1449,1736
1449,1741
1449,1843
1449,1851
1449,1862
1449,1878
1449,1893
1449,1989
1449,1997
1449,2006
1449,2010
1449,2018
1449,2022
1449,2030
1449,2033
1449,2039
1449,2055
1449,2065
1449,2068
1449,2071
1449,2081
1449,2111
1449,2260
1449,2288
1449,2328
1449,2335
1449,2340
1449,2345
1449,2380
1449,2425
1449,2426
1449,2535
1449,2536
1449,2544
1449,2551
1449,2580
1449,2600
1449,2608
1449,2640
1449,2651
1449,2664
1449,2666
1449,2678
1449,2690
1449,2692
1449,2722
1449,2747
1449,2767
1449,2772
1449,2787
1449,2977
1449,2996
1449,3004
1449,3024
1449,3039
1449,3099
1449,3101
1449,3114
1449,3138
1449,3144
1449,3158
1449,3166
1449,3168
1449,3169
1449,3176
1449,3211
1449,3234
1449,3236
1449,3253
1449,3254
1449,3255
1449,3257
1449,3336
1449,3353
1449,3368
1449,3456
1449,3462
1449,3470
1454,3088
1454,3138
1455,3138
1458,3138
1462,1645
1462,1997
1462,2626
1463,1526
1463,1744
1463,2290
1463,2445
1463,2479
1463,2593
1463,3060
1463,3114
1463,3167
1463,3225
1464,1645
1468,1526
1468,1563
1468,1673
1468,1821
1468,1850
1468,1927
1468,1997
1468,2359
1468,2437
1468,2669
1468,3088
1468,3457
1477,1608
1477,1673
1477,1850
1477,2039
1477,2066
1477,2437
1477,2533
1481,1645
1488,3138
1489,3138
1499,1563
1499,1927
1499,2039
1499,2343
1499,2437
1499,2533
1499,3074
1499,3088
1499,3383
1499,3474
1500,2479
1502,3138
1504,1993
1507,1563
1507,1845
1507,1906
1507,2289
1507,2348
1507,2533
1507,2593
1507,2931
1507,3122
1507,3138
1507,3386
1508,1993
1513,3138
1514,1645
1514,1666
1514,1810
1514,2039
1514,2158
1514,2362
1514,2802
1514,2874
1514,3138
1515,1558
1515,1993
1515,2801
1526,1561
1526,1563
1526,1608
1526,1653
1526,1724
1526,1821
1526,1906
1526,1927
1526,1997
1526,2129
1526,2668
1526,2669
1526,3088
1526,3114
1526,3167
1526,3376
1536,3138
1538,3138
1539,2479
1540,1741
1540,1956
1546,3138
1547,3138
1548,3138
1551,1561
1551,1597
1551,1599
1551,1621
1551,1638
1551,1726
1551,1727
1551,1736
1551,1741
1551,1843
1551,1851
1551,1878
1551,1989
1551,1997
1551,2006
1551,2010
1551,2022
1551,2027
1551,2030
1551,2039
1551,2046
1551,2055
1551,2065
1551,2081
1551,2111
1551,2288
1551,2327
1551,2328
1551,2335
1551,2340
1551,2425
1551,2426
1551,2535
1551,2536
1551,2544
1551,2551
1551,2579
1551,2600
1551,2608
1551,2651
1551,2660
1551,2664
1551,2666
1551,2678
1551,2689
1551,2690
1551,2722
1551,2747
1551,2767
1551,2772
1551,2787
1551,2977
1551,3004
1551,3024
1551,3039
1551,3099
1551,3101
1551,3138
1551,3144
1551,3153
1551,3158
1551,3168
1551,3176
1551,3211
1551,3223
1551,3234
1551,3236
1551,3253
1551,3254
1551,3255
1551,3336
1551,3368
1551,3456
1551,3462
1551,3470
1553,1561
1553,1597
1553,1599
1553,1621
1553,1727
1553,1729
1553,1736
1553,1741
1553,1843
1553,1851
1553,1862
1553,1878
1553,1893
1553,1989
1553,1997
1553,2006
1553,2010
1553,2018
1553,2022
1553,2027
1553,2033
1553,2039
1553,2046
1553,2055
1553,2065
1553,2068
1553,2071
1553,2081
1553,2111
1553,2260
1553,2327
1553,2328
1553,2340
1553,2345
1553,2380
1553,2425
1553,2426
1553,2535
1553,2536
1553,2544
1553,2551
1553,2580
1553,2600
1553,2608
1553,2640
1553,2651
1553,2660
1553,2664
1553,2666
1553,2678
1553,2689
1553,2690
1553,2692
1553,2747
1553,2767
1553,2772
1553,2787
1553,2977
1553,2996
1553,3004
1553,3024
1553,3039
1553,3099
1553,3101
1553,3114
1553,3138
1553,3144
1553,3153
1553,3158
1553,3166
1553,3168
1553,3169
1553,3176
1553,3223
1553,3234
1553,3236
1553,3253
1553,3254
1553,3255
1553,3257
1553,3336
1553,3353
1553,3456
1554,3138
1555,1563
1555,1813
1555,1845
1555,2289
1555,2408
1555,2533
1555,2996
1555,3122
1557,1967
1557,1997
1557,2147
1557,2158
1557,2362
1557,2378
1557,2809
1557,2874
1557,3078
1557,3091
1557,3167
1557,3371
1557,3473
1558,2079
1558,3138
1561,1597
1561,1599
1561,1621
1561,1638
1561,1653
1561,1689
1561,1698
1561,1726
1561,1727
1561,1729
1561,1736
1561,1741
1561,1743
1561,1843
1561,1845
1561,1851
1561,1862
1561,1878
1561,1893
1561,1989
1561,1997
1561,2006
1561,2010
1561,2011
1561,2017
1561,2018
1561,2022
1561,2027
1561,2030
1561,2033
1561,2039
1561,2046
1561,2055
1561,2065
1561,2068
1561,2071
1561,2081
1561,2111
1561,2115
1561,2121
1561,2260
1561,2288
1561,2327
1561,2335
1561,2340
1561,2345
1561,2380
1561,2425
1561,2426
1561,2458
1561,2468
1561,2532
1561,2536
1561,2544
1561,2551
1561,2558
1561,2579
1561,2580
1561,2600
1561,2608
1561,2610
1561,2621
1561,2638
1561,2640
1561,2651
1561,2660
1561,2664
1561,2666
1561,2678
1561,2689
1561,2690
1561,2692
1561,2706
1561,2715
1561,2722
1561,2747
1561,2767
1561,2772
1561,2787
1561,2801
1561,2977
1561,2996
1561,3004
1561,3024
1561,3039
1561,3099
1561,3101
1561,3114
1561,3115
1561,3138
1561,3140
1561,3144
1561,3153
1561,3158
1561,3166
1561,3167
1561,3168
1561,3169
1561,3176
1561,3211
1561,3223
1561,3225
1561,3234
1561,3236
1561,3240
1561,3247
1561,3253
1561,3254
1561,3255
1561,3257
1561,3299
1561,3336
1561,3353
1561,3371
1561,3376
1561,3456
1561,3462
1561,3470
1563,1608
1563,1645
1563,1673
1563,1781
1563,1813
1563,1845
1563,1906
1563,1927
1563,1940
1563,1942
1563,1943
1563,1947
1563,1949
1563,2242
1563,2289
1563,2343
1563,2348
1563,2408
1563,2458
1563,2480
1563,2533
1563,2593
1563,2669
1563,2769
1563,2931
1563,2996
1563,3039
1563,3122
1563,3138
1563,3383
1563,3386
1563,3411
1563,3457
1563,3474
1565,3138
1566,2479
1566,3138
1567,3138
1568,2479
1568,3138
1570,2479
1573,1591
1573,1622
1573,1741
1573,1956
1573,2010
1573,2219
1573,2757
1573,2937
1573,2996
1573,3173
1573,3174
1577,3138
1578,3138
1579,3138
1581,3138
1583,3138
1584,3138
1585,3138
1587,3138
1589,3138
1591,1621
1591,1622
1591,1741
1591,1956
1591,2010
1591,2039
1591,2044
1591,2048
1591,2219
1591,2247
1591,2275
1591,2607
1591,2757
1591,2841
1591,2937
1591,2996
1591,3021
1591,3082
1591,3174
1591,3243
1591,3473
1592,3138
1593,3138
1595,3138
1597,1599
1597,1621
1597,1727
1597,1729
1597,1736
1597,1741
1597,1843
1597,1851
1597,1862
1597,1878
1597,1989
1597,1997
1597,2006
1597,2010
1597,2022
1597,2027
1597,2033
1597,2039
1597,2046
1597,2065
1597,2071
1597,2081
1597,2111
1597,2260
1597,2288
1597,2327
1597,2328
1597,2345
1597,2425
1597,2426
1597,2535
1597,2536
1597,2544
1597,2580
1597,2600
1597,2608
1597,2640
1597,2651
1597,2660
1597,2664
1597,2666
1597,2678
1597,2689
1597,2690
1597,2692
1597,2722
1597,2747
1597,2767
1597,2787
1597,2996
1597,3004
1597,3039
1597,3099
1597,3101
1597,3114
1597,3138
1597,3153
1597,3158
1597,3166
1597,3168
1597,3169
1597,3176
1597,3211
1597,3223
1597,3234
1597,3236
1597,3253
1597,3254
1597,3257
1597,3353
1597,3368
1597,3462
1597,3470
1599,1621
1599,1638
1599,1726
1599,1727
1599,1729
1599,1736
1599,1843
1599,1851
1599,1862
1599,1878
1599,1893
1599,1989
1599,1997
1599,2006
1599,2010
1599,2018
1599,2022
1599,2027
1599,2030
1599,2033
1599,2039
1599,2046
1599,2055
1599,2065
1599,2068
1599,2071
1599,2081
1599,2111
1599,2260
1599,2288
1599,2327
1599,2335
1599,2340
1599,2345
1599,2380
1599,2425
1599,2426
1599,2535
1599,2544
1599,2551
1599,2579
1599,2580
1599,2600
1599,2640
1599,2651
1599,2660
1599,2664
1599,2666
1599,2678
1599,2689
1599,2690
1599,2692
1599,2722
1599,2747
1599,2767
1599,2772
1599,2787
1599,2977
1599,2996
1599,3004
1599,3024
1599,3039
1599,3099
1599,3101
1599,3114
1599,3138
1599,3144
1599,3153
1599,3158
1599,3166
1599,3168
1599,3169
1599,3176
1599,3211
1599,3223
1599,3234
1599,3236
1599,3253
1599,3254
1599,3255
1599,3257
1599,3336
1599,3353
1599,3368
1599,3456
1599,3462
1599,3470
1601,3138
1602,3138
1603,3138
1607,1993
1607,2079
1607,2825
1607,3358
1608,1993
1608,1997
1608,2039
1608,2079
1608,2533
1608,2669
1608,2825
1608,3074
1608,3358
1609,3138
1610,1993
1612,3138
1614,3202
1617,3138
1619,3138
1621,1638
1621,1726
1621,1727
1621,1729
1621,1736
1621,1741
1621,1843
1621,1862
1621,1870
1621,1878
1621,1888
1621,1893
1621,1989
1621,1993
1621,1997
1621,2006
1621,2010
1621,2018
1621,2022
1621,2027
1621,2030
1621,2033
1621,2039
1621,2044
1621,2046
1621,2048
1621,2055
1621,2065
1621,2068
1621,2071
1621,2081
1621,2111
1621,2219
1621,2260
1621,2275
1621,2288
1621,2327
1621,2328
1621,2335
1621,2340
1621,2345
1621,2380
1621,2425
1621,2426
1621,2535
1621,2536
1621,2544
1621,2551
1621,2579
1621,2580
1621,2600
1621,2607
1621,2608
1621,2640
1621,2651
1621,2660
1621,2664
1621,2666
1621,2675
1621,2678
1621,2689
1621,2690
1621,2722
1621,2757
1621,2767
1621,2772
1621,2787
1621,2977
1621,2996
1621,3004
1621,3021
1621,3024
1621,3039
1621,3082
1621,3083
1621,3099
1621,3101
1621,3114
1621,3138
1621,3144
1621,3153
1621,3158
1621,3166
1621,3168
1621,3169
1621,3176
1621,3223
1621,3234
1621,3236
1621,3253
1621,3254
1621,3255
1621,3257
1621,3336
1621,3353
1621,3368
1621,3456
1621,3462
1621,3470
1622,1838
1622,1870
1622,1876
1622,1956
1622,2010
1622,2044
1622,2219
1622,2225
1622,2226
1622,2247
1622,2313
1622,2675
1622,2694
1622,2757
1622,2996
1622,3021
1622,3083
1622,3161
1622,3223
1622,3376
1622,3455
1622,3470
1625,1993
1625,3138
1627,3138
1633,3138
1638,1726
1638,1727
1638,1729
1638,1736
1638,1741
1638,1843
1638,1851
1638,1862
1638,1878
1638,1893
1638,1989
1638,2006
1638,2010
1638,2018
1638,2022
1638,2027
1638,2030
1638,2033
1638,2046
1638,2055
1638,2081
1638,2111
1638,2260
1638,2288
1638,2327
1638,2328
1638,2335
1638,2345
1638,2380
1638,2425
1638,2426
1638,2535
1638,2536
1638,2544
1638,2551
1638,2579
1638,2580
1638,2600
1638,2608
1638,2640
1638,2651
1638,2660
1638,2664
1638,2666
1638,2689
1638,2690
1638,2722
1638,2747
1638,2767
1638,2977
1638,2996
1638,3004
1638,3024
1638,3039
1638,3099
1638,3114
1638,3138
1638,3144
1638,3158
1638,3166
1638,3168
1638,3169
1638,3176
1638,3223
1638,3234
1638,3236
1638,3253
1638,3255
1638,3257
1638,3353
1638,3368
1638,3456
1638,3470
1642,2479
1643,3138
1645,1651
1645,1666
1645,1750
1645,1779
1645,1780
1645,1906
1645,2039
1645,2079
1645,2167
1645,2171
1645,2181
1645,2187
1645,2325
1645,2386
1645,2486
1645,2494
1645,2502
1645,2509
1645,2558
1645,2570
1645,2626
1645,2638
1645,2694
1645,2743
1645,2802
1645,2833
1645,2873
1645,2874
1645,2889
1645,2974
1645,3082
1645,3083
1645,3091
1645,3138
1645,3196
1645,3225
1645,3316
1645,3371
1645,3404
1645,3490
1651,3138
1653,1906
1653,2122
1653,2130
1653,2290
1653,2470
1653,2533
1653,2649
1653,2650
1653,2715
1653,2900
1653,3114
1653,3138
1653,3167
1653,3370
1653,3371
1654,3138
1656,3138
1657,1724
1657,2122
1657,2129
1657,2516
1657,3088
1657,3138
1658,3138
1661,3138
1663,3138
1666,1906
1666,2147
1666,2158
1666,2362
1666,2638
1666,2802
1666,2874
1666,3138
1666,3167
1666,3370
1667,1993
1671,3138
1672,3138
1673,1821
1673,1997
1673,2039
1673,2359
1673,2533
1673,3074
1673,3383
1675,3138
1682,3138
1685,3138
1689,1698
1689,1743
1689,1845
1689,2011
1689,2017
1689,2027
1689,2039
1689,2081
1689,2115
1689,2238
1689,2558
1689,2610
1689,2621
1689,2638
1689,2706
1689,2801
1689,2996
1689,3039
1689,3115
1689,3138
1689,3140
1689,3166
1689,3176
1689,3225
1689,3240
1689,3247
1689,3299
1689,3371
1691,2479
1692,3138
1695,3138
1698,1743
1698,1845
1698,2011
1698,2017
1698,2027
1698,2039
1698,2081
1698,2115
1698,2238
1698,2558
1698,2610
1698,2621
1698,2638
1698,2706
1698,2801
1698,2996
1698,3039
1698,3115
1698,3138
1698,3140
1698,3166
1698,3176
1698,3225
1698,3240
1698,3247
1698,3299
1698,3371
1704,1993
1707,3138
1712,3138
1714,3138
1715,2479
1717,3138
1718,1997
1718,2378
1718,2769
1718,2809
1718,3167
1718,3371
1721,1993
1722,3138
1724,1906
1724,2010
1724,2121
1724,2122
1724,2129
1724,2130
1724,2458
1724,2668
1724,2900
1724,3088
1724,3114
1724,3167
1724,3370
1726,1727
1726,1736
1726,1741
1726,1843
1726,1851
1726,1878
1726,1893
1726,1989
1726,1997
1726,2006
1726,2010
1726,2022
1726,2027
1726,2030
1726,2033
1726,2039
1726,2046
1726,2055
1726,2065
1726,2068
1726,2071
1726,2081
1726,2111
1726,2260
1726,2288
1726,2327
1726,2328
1726,2335
1726,2340
1726,2345
1726,2380
1726,2425
1726,2426
1726,2535
1726,2536
1726,2551
1726,2579
1726,2580
1726,2600
1726,2608
1726,2640
1726,2651
1726,2660
1726,2664
1726,2666
1726,2678
1726,2689
1726,2692
1726,2722
1726,2747
1726,2767
1726,2787
1726,2996
1726,3004
1726,3024
1726,3039
1726,3114
1726,3138
1726,3144
1726,3153
1726,3168
1726,3169
1726,3176
1726,3211
1726,3223
1726,3236
1726,3253
1726,3254
1726,3255
1726,3257
1726,3336
1726,3368
1726,3456
1726,3462
1726,3470
1727,1729
1727,1736
1727,1741
1727,1843
1727,1851
1727,1862
1727,1878
1727,1893
1727,1989
1727,1997
1727,2006
1727,2010
1727,2018
1727,2022
1727,2027
1727,2030
1727,2033
1727,2055
1727,2065
1727,2068
1727,2071
1727,2081
1727,2260
1727,2288
1727,2327
1727,2328
1727,2335
1727,2340
1727,2345
1727,2425
1727,2426
1727,2535
1727,2536
1727,2544
1727,2551
1727,2579
1727,2580
1727,2600
1727,2640
1727,2660
1727,2664
1727,2666
1727,2689
1727,2690
1727,2692
1727,2722
1727,2747
1727,2767
1727,2772
1727,2787
1727,2977
1727,2996
1727,3004
1727,3024
1727,3039
1727,3099
1727,3101
1727,3114
1727,3138
1727,3144
1727,3153
1727,3158
1727,3168
1727,3176
1727,3211
1727,3223
1727,3234
1727,3236
1727,3253
1727,3254
1727,3255
1727,3257
1727,3336
1727,3368
1727,3456
1727,3462
1727,3470
1728,3138
1729,1736
1729,1741
1729,1843
1729,1851
1729,1862
1729,1878
1729,1997
1729,2006
1729,2010
1729,2018
1729,2022
1729,2027
1729,2033
1729,2039
1729,2046
1729,2055
1729,2065
1729,2068
1729,2071
1729,2081
1729,2111
1729,2260
1729,2288
1729,2327
1729,2328
1729,2335
1729,2340
1729,2345
1729,2380
1729,2425
1729,2426
1729,2535
1729,2536
1729,2544
1729,2551
1729,2579
1729,2580
1729,2600
1729,2608
1729,2640
1729,2651
1729,2660
1729,2664
1729,2666
1729,2692
1729,2722
1729,2747
1729,2767
1729,2772
1729,2787
1729,2977
1729,3004
1729,3024
1729,3099
1729,3101
1729,3138
1729,3144
1729,3153
1729,3166
1729,3169
1729,3176
1729,3223
1729,3234
1729,3253
1729,3254
1729,3255
1729,3336
1729,3368
1729,3456
1729,3462
1730,2479
1730,3138
1731,2801
1732,1956
1732,2044
1732,2219
1732,2607
1733,3138
1736,1741
1736,1843
1736,1851
1736,1862
1736,1878
1736,1893
1736,1989
1736,1997
1736,2006
1736,2010
1736,2018
1736,2022
1736,2027
1736,2030
1736,2033
1736,2039
1736,2046
1736,2055
1736,2065
1736,2068
1736,2071
1736,2081
1736,2111
1736,2260
1736,2288
1736,2327
1736,2328
1736,2340
1736,2345
1736,2425
1736,2426
1736,2535
1736,2536
1736,2544
1736,2579
1736,2580
1736,2600
1736,2608
1736,2640
1736,2651
1736,2660
1736,2664
1736,2666
1736,2678
1736,2689
1736,2690
1736,2692
1736,2722
1736,2747
1736,2767
1736,2772
1736,2996
1736,3004
1736,3024
1736,3039
1736,3099
1736,3101
1736,3114
1736,3138
1736,3144
1736,3153
1736,3166
1736,3168
1736,3169
1736,3176
1736,3211
1736,3223
1736,3236
1736,3253
1736,3254
1736,3255
1736,3257
1736,3336
1736,3353
1736,3368
1736,3456
1736,3462
1737,3138
1741,1843
1741,1851
1741,1862
1741,1878
1741,1893
1741,1956
1741,1989
1741,1997
1741,2006
1741,2010
1741,2018
1741,2022
1741,2027
1741,2030
1741,2033
1741,2039
1741,2044
1741,2046
1741,2047
1741,2055
1741,2065
1741,2068
1741,2071
1741,2081
1741,2090
1741,2111
1741,2219
1741,2260
1741,2288
1741,2327
1741,2328
1741,2335
1741,2340
1741,2345
1741,2380
1741,2425
1741,2426
1741,2535
1741,2536
1741,2544
1741,2551
1741,2579
1741,2580
1741,2600
1741,2608
1741,2640
1741,2651
1741,2660
1741,2664
1741,2666
1741,2678
1741,2689
1741,2690
1741,2692
1741,2694
1741,2722
1741,2747
1741,2767
1741,2772
1741,2787
1741,2841
1741,2937
1741,2977
1741,2996
1741,3004
1741,3021
1741,3024
1741,3039
1741,3099
1741,3101
1741,3114
1741,3135
1741,3138
1741,3144
1741,3153
1741,3158
1741,3166
1741,3168
1741,3169
1741,3173
1741,3174
1741,3211
1741,3223
1741,3231
1741,3234
1741,3236
1741,3253
1741,3254
1741,3255
1741,3257
1741,3336
1741,3353
1741,3368
1741,3456
1741,3462
1741,3470
1743,1845
1743,2011
1743,2017
1743,2027
1743,2039
1743,2081
1743,2115
1743,2238
1743,2558
1743,2610
1743,2621
1743,2638
1743,2706
1743,2801
1743,2996
1743,3039
1743,3115
1743,3138
1743,3140
1743,3166
1743,3176
1743,3225
1743,3240
1743,3247
1743,3299
1743,3371
1744,2370
1746,2010
1747,3138
1748,2370
1748,3225
1749,3138
1750,3138
1755,3138
1761,3138
1765,3138
1767,1993
1768,3138
1771,3138
1772,3138
1776,1993
1777,3138
1780,3138
1781,1845
1781,1906
1781,2289
1781,2348
1781,2533
1781,2593
1781,2931
1781,3122
1781,3138
1781,3386
1785,2079
1785,3202
1785,3363
1785,3371
1789,1993
1790,3138
1792,3138
1794,3138
1798,3138
1801,3138
1802,3138
1804,3138
1809,3138
1810,1906
1810,2158
1810,2362
1810,2390
1810,3138
1812,1993
1813,1845
1813,2289
1813,2348
1813,2408
1813,2533
1813,2848
1813,2931
1813,2996
1813,3122
1813,3138
1813,3374
1814,3138
1816,1993
1821,1997
1821,2039
1821,2669
1821,3138
1826,3138
1827,3138
1830,2290
1831,3138
1836,3138
1838,1956
1838,2010
1838,2044
1838,3138
1840,2479
1841,3138
1843,1851
1843,1862
1843,1878
1843,1893
1843,1989
1843,2006
1843,2010
1843,2018
1843,2022
1843,2027
1843,2030
1843,2033
1843,2039
1843,2044
1843,2046
1843,2055
1843,2065
1843,2068
1843,2071
1843,2081
1843,2111
1843,2219
1843,2260
1843,2288
1843,2327
1843,2328
1843,2335
1843,2340
1843,2345
1843,2380
1843,2425
1843,2426
1843,2535
1843,2536
1843,2544
1843,2551
1843,2579
1843,2580
1843,2608
1843,2640
1843,2651
1843,2660
1843,2664
1843,2666
1843,2678
1843,2689
1843,2690
1843,2692
1843,2767
1843,2772
1843,2787
1843,2977
1843,2996
1843,3004
1843,3024
1843,3099
1843,3101
1843,3138
1843,3153
1843,3158
1843,3168
1843,3169
1843,3176
1843,3211
1843,3223
1843,3236
1843,3255
1843,3257
1843,3336
1843,3353
1843,3368
1843,3456
1843,3462
1843,3470
1845,1906
1845,1940
1845,1942
1845,1943
1845,1947
1845,1949
1845,2011
1845,2017
1845,2027
1845,2039
1845,2081
1845,2115
1845,2238
1845,2242
1845,2289
1845,2348
1845,2408
1845,2458
1845,2480
1845,2533
1845,2558
1845,2593
1845,2610
1845,2621
1845,2638
1845,2706
1845,2769
1845,2801
1845,2931
1845,2996
1845,3039
1845,3115
1845,3122
1845,3138
1845,3140
1845,3166
1845,3176
1845,3225
1845,3240
1845,3247
1845,3299
1845,3368
1845,3371
1845,3374
1845,3386
1845,3411
1847,2479
1850,1927
1850,2039
1850,2343
1850,2359
1850,2669
1850,3088
1850,3383
1850,3474
1851,1862
1851,1878
1851,1893
1851,1989
1851,1997
1851,2018
1851,2022
1851,2027
1851,2030
1851,2033
1851,2039
1851,2046
1851,2055
1851,2065
1851,2068
1851,2071
1851,2081
1851,2111
1851,2260
1851,2288
1851,2327
1851,2328
1851,2335
1851,2340
1851,2345
1851,2425
1851,2426
1851,2535
1851,2536
1851,2544
1851,2551
1851,2579
1851,2580
1851,2600
1851,2608
1851,2640
1851,2651
1851,2660
1851,2664
1851,2666
1851,2678
1851,2689
1851,2690
1851,2692
1851,2722
1851,2747
1851,2767
1851,2772
1851,2787
1851,2977
1851,2996
1851,3004
1851,3024
1851,3039
1851,3099
1851,3101
1851,3114
1851,3138
1851,3144
1851,3153
1851,3158
1851,3166
1851,3168
1851,3169
1851,3176
1851,3211
1851,3223
1851,3234
1851,3236
1851,3253
1851,3254
1851,3255
1851,3257
1851,3336
1851,3353
1851,3456
1851,3462
1851,3470
1860,3138
1862,1878
1862,1893
1862,1989
1862,1997
1862,2006
1862,2010
1862,2022
1862,2030
1862,2033
1862,2039
1862,2046
1862,2055
1862,2065
1862,2071
1862,2081
1862,2111
1862,2260
1862,2288
1862,2327
1862,2328
1862,2335
1862,2345
1862,2380
1862,2425
1862,2426
1862,2479
1862,2535
1862,2536
1862,2544
1862,2551
1862,2579
1862,2580
1862,2600
1862,2608
1862,2640
1862,2651
1862,2660
1862,2664
1862,2666
1862,2678
1862,2690
1862,2692
1862,2722
1862,2747
1862,2767
1862,2772
1862,2977
1862,2996
1862,3004
1862,3024
1862,3039
1862,3099
1862,3101
1862,3114
1862,3138
1862,3153
1862,3158
1862,3166
1862,3169
1862,3176
1862,3211
1862,3223
1862,3236
1862,3253
1862,3254
1862,3255
1862,3257
1862,3353
1862,3368
1862,3456
1862,3470
1863,3138
1869,3138
1870,1956
1870,2010
1870,2219
1873,3138
1874,3138
1876,1956
1876,2219
1876,2607
1878,1893
1878,1989
1878,1997
1878,2006
1878,2010
1878,2018
1878,2022
1878,2027
1878,2030
1878,2033
1878,2039
1878,2046
1878,2055
1878,2065
1878,2068
1878,2071
1878,2081
1878,2111
1878,2260
1878,2288
1878,2327
1878,2328
1878,2335
1878,2345
1878,2380
1878,2425
1878,2426
1878,2535
1878,2536
1878,2544
1878,2551
1878,2579
1878,2580
1878,2600
1878,2608
1878,2640
1878,2651
1878,2660
1878,2664
1878,2666
1878,2678
1878,2689
1878,2690
1878,2692
1878,2747
1878,2767
1878,2772
1878,2787
1878,2977
1878,2996
1878,3004
1878,3024
1878,3039
1878,3099
1878,3101
1878,3114
1878,3138
1878,3144
1878,3153
1878,3158
1878,3166
1878,3169
1878,3176
1878,3211
1878,3223
1878,3234
1878,3236
1878,3253
1878,3254
1878,3255
1878,3257
1878,3336
1878,3353
1878,3368
1878,3456
1878,3462
1878,3470
1879,3138
1882,3138
1885,3138
1887,3138
1888,1956
1888,2044
1888,2219
1888,2607
1893,1989
1893,2006
1893,2010
1893,2018
1893,2022
1893,2027
1893,2030
1893,2033
1893,2039
1893,2046
1893,2065
1893,2071
1893,2081
1893,2111
1893,2260
1893,2327
1893,2328
1893,2340
1893,2345
1893,2380
1893,2425
1893,2535
1893,2551
1893,2579
1893,2580
1893,2600
1893,2608
1893,2640
1893,2651
1893,2660
1893,2664
1893,2666
1893,2678
1893,2689
1893,2690
1893,2692
1893,2747
1893,2767
1893,2772
1893,2787
1893,2977
1893,2996
1893,3024
1893,3101
1893,3138
1893,3144
1893,3153
1893,3158
1893,3166
1893,3168
1893,3169
1893,3176
1893,3211
1893,3223
1893,3234
1893,3253
1893,3255
1893,3257
1893,3336
1893,3353
1893,3368
1893,3456
1893,3462
1898,3138
1899,3138
1900,3138
1906,2121
1906,2130
1906,2158
1906,2242
1906,2289
1906,2348
1906,2458
1906,2470
1906,2480
1906,2533
1906,2593
1906,2638
1906,2715
1906,2769
1906,2874
1906,2900
1906,2931
1906,2996
1906,3122
1906,3138
1906,3386
1906,3411
1907,1993
1909,3138
1911,3138
1912,3138
1913,3138
1914,2825
1914,3088
1914,3138
1915,3138
1917,3138
1918,3138
1923,3138
1927,1997
1927,2039
1927,2437
1927,2533
1927,3074
1927,3088
1927,3138
1927,3383
1927,3474
1931,3138
1935,3138
1940,1942
1940,1943
1940,1947
1940,1949
1940,2039
1940,2408
1940,2458
1940,2996
1940,3039
1940,3138
1940,3368
1940,3374
1942,1943
1942,1947
1942,1949
1942,2039
1942,2122
1942,2147
1942,2362
1942,2408
1942,2458
1942,2470
1942,2638
1942,2802
1942,2996
1942,3039
1942,3138
1942,3368
1942,3374
1942,3379
1943,1947
1943,1949
1943,2039
1943,2408
1943,2458
1943,2996
1943,3039
1943,3138
1943,3368
1943,3374
1947,1949
1947,2039
1947,2408
1947,2458
1947,2996
1947,3039
1947,3138
1947,3368
1947,3374
1949,2039
1949,2408
1949,2458
1949,2996
1949,3039
1949,3138
1949,3368
1949,3374
1951,1993
1952,3138
1954,3138
1956,1985
1956,2010
1956,2044
1956,2048
1956,2090
1956,2095
1956,2219
1956,2225
1956,2226
1956,2247
1956,2313
1956,2327
1956,2404
1956,2407
1956,2412
1956,2607
1956,2653
1956,2675
1956,2757
1956,2841
1956,2937
1956,2996
1956,3021
1956,3082
1956,3092
1956,3161
1956,3173
1956,3174
1956,3223
1956,3231
1956,3243
1956,3249
1956,3470
1956,3473
1965,1993
1967,1997
1967,2122
1967,2437
1967,2809
1967,3060
1967,3074
1967,3078
1967,3138
1967,3167
1967,3371
1968,3138
1969,2801
1969,3138
1973,3138
1974,3138
1980,3138
1981,3138
1985,2010
1985,2219
1985,2607
1987,3138
1989,1997
1989,2006
1989,2010
1989,2018
1989,2027
1989,2030
1989,2039
1989,2046
1989,2055
1989,2065
1989,2068
1989,2081
1989,2111
1989,2288
1989,2327
1989,2335
1989,2345
1989,2380
1989,2425
1989,2426
1989,2535
1989,2536
1989,2551
1989,2579
1989,2580
1989,2600
1989,2608
1989,2651
1989,2660
1989,2664
1989,2666
1989,2689
1989,2690
1989,2692
1989,2722
1989,2747
1989,2767
1989,2772
1989,2787
1989,2977
1989,2996
1989,3004
1989,3024
1989,3099
1989,3138
1989,3144
1989,3158
1989,3166
1989,3168
1989,3169
1989,3176
1989,3211
1989,3223
1989,3234
1989,3253
1989,3254
1989,3255
1989,3336
1989,3353
1989,3368
1989,3456
1989,3462
1989,3470
1990,3138
1993,1994
1993,2005
1993,2048
1993,2073
1993,2079
1993,2117
1993,2211
1993,2214
1993,2215
1993,2287
1993,2364
1993,2366
1993,2370
1993,2549
1993,2566
1993,2637
1993,2704
1993,2711
1993,2770
1993,2772
1993,2796
1993,3015
1993,3105
1993,3108
1993,3278
1993,3279
1993,3302
1993,3303
1993,3308
1993,3318
1993,3363
1993,3407
1993,3408
1993,3417
1997,2006
1997,2010
1997,2027
1997,2030
1997,2033
1997,2046
1997,2055
1997,2065
1997,2068
1997,2071
1997,2081
1997,2111
1997,2260
1997,2288
1997,2327
1997,2328
1997,2335
1997,2345
1997,2370
1997,2378
1997,2380
1997,2425
1997,2437
1997,2533
1997,2535
1997,2536
1997,2544
1997,2551
1997,2579
1997,2580
1997,2600
1997,2608
1997,2651
1997,2660
1997,2664
1997,2666
1997,2678
1997,2689
1997,2690
1997,2722
1997,2747
1997,2767
1997,2772
1997,2787
1997,2874
1997,2900
1997,2977
1997,2996
1997,3039
1997,3074
1997,3078
1997,3088
1997,3099
1997,3101
1997,3114
1997,3138
1997,3144
1997,3153
1997,3158
1997,3166
1997,3167
1997,3168
1997,3169
1997,3176
1997,3223
1997,3236
1997,3253
1997,3254
1997,3255
1997,3257
1997,3353
1997,3371
1997,3383
1997,3456
1997,3470
1997,3473
2005,2479
2006,2010
2006,2018
2006,2022
2006,2027
2006,2030
2006,2033
2006,2039
2006,2046
2006,2065
2006,2068
2006,2071
2006,2081
2006,2111
2006,2260
2006,2288
2006,2327
2006,2328
2006,2335
2006,2340
2006,2345
2006,2380
2006,2426
2006,2535
2006,2536
2006,2544
2006,2551
2006,2579
2006,2580
2006,2600
2006,2608
2006,2640
2006,2651
2006,2664
2006,2666
2006,2689
2006,2690
2006,2692
2006,2722
2006,2747
2006,2767
2006,2772
2006,2787
2006,2977
2006,2996
2006,3004
2006,3024
2006,3039
2006,3099
2006,3101
2006,3114
2006,3138
2006,3153
2006,3158
2006,3166
2006,3168
2006,3169
2006,3176
2006,3211
2006,3223
2006,3234
2006,3236
2006,3253
2006,3254
2006,3255
2006,3257
2006,3336
2006,3353
2006,3368
2006,3456
2006,3462
2006,3470
2007,3138
2010,2018
2010,2022
2010,2027
2010,2030
2010,2033
2010,2039
2010,2044
2010,2046
2010,2048
2010,2055
2010,2065
2010,2068
2010,2071
2010,2081
2010,2095
2010,2111
2010,2129
2010,2219
2010,2225
2010,2226
2010,2247
2010,2260
2010,2275
2010,2288
2010,2313
2010,2327
2010,2335
2010,2340
2010,2345
2010,2380
2010,2425
2010,2426
2010,2535
2010,2536
2010,2544
2010,2551
2010,2579
2010,2580
2010,2600
2010,2607
2010,2608
2010,2635
2010,2640
2010,2649
2010,2650
2010,2651
2010,2660
2010,2664
2010,2666
2010,2668
2010,2675
2010,2678
2010,2689
2010,2690
2010,2692
2010,2694
2010,2722
2010,2747
2010,2757
2010,2767
2010,2772
2010,2787
2010,2851
2010,2900
2010,2937
2010,2977
2010,2996
2010,3004
2010,3021
2010,3024
2010,3039
2010,3083
2010,3088
2010,3099
2010,3101
2010,3114
2010,3138
2010,3144
2010,3153
2010,3158
2010,3166
2010,3167
2010,3168
2010,3169
2010,3173
2010,3174
2010,3176
2010,3211
2010,3223
2010,3234
2010,3236
2010,3243
2010,3249
2010,3253
2010,3254
2010,3255
2010,3257
2010,3336
2010,3353
2010,3368
2010,3455
2010,3456
2010,3462
2010,3470
2010,3473
2010,3489
2011,2017
2011,2027
2011,2039
2011,2081
2011,2115
2011,2238
2011,2558
2011,2610
2011,2621
2011,2638
2011,2706
2011,2801
2011,2996
2011,3039
2011,3115
2011,3138
2011,3140
2011,3166
2011,3176
2011,3225
2011,3240
2011,3247
2011,3299
2011,3371
2012,3138
2014,3138
2015,3138
2017,2027
2017,2039
2017,2081
2017,2115
2017,2238
2017,2558
2017,2610
2017,2621
2017,2638
2017,2706
2017,2801
2017,2996
2017,3039
2017,3115
2017,3138
2017,3140
2017,3166
2017,3176
2017,3225
2017,3240
2017,3247
2017,3299
2017,3371
2018,2022
2018,2027
2018,2030
2018,2033
2018,2039
2018,2046
2018,2055
2018,2068
2018,2071
2018,2081
2018,2111
2018,2260
2018,2288
2018,2327
2018,2328
2018,2335
2018,2340
2018,2345
2018,2380
2018,2425
2018,2426
2018,2535
2018,2544
2018,2551
2018,2579
2018,2580
2018,2600
2018,2608
2018,2640
2018,2651
2018,2664
2018,2666
2018,2689
2018,2690
2018,2692
2018,2722
2018,2747
2018,2767
2018,2772
2018,2787
2018,2977
2018,2996
2018,3004
2018,3024
2018,3039
2018,3099
2018,3101
2018,3114
2018,3138
2018,3144
2018,3153
2018,3166
2018,3168
2018,3169
2018,3176
2018,3211
2018,3223
2018,3234
2018,3236
2018,3253
2018,3254
2018,3255
2018,3257
2018,3336
2018,3353
2018,3368
2018,3456
2018,3462
2018,3470
2020,3138
2021,3138
2022,2027
2022,2030
2022,2033
2022,2039
2022,2065
2022,2081
2022,2111
2022,2260
2022,2288
2022,2328
2022,2335
2022,2340
2022,2345
2022,2380
2022,2425
2022,2426
2022,2535
2022,2536
2022,2544
2022,2551
2022,2579
2022,2600
2022,2608
2022,2651
2022,2660
2022,2664
2022,2678
2022,2689
2022,2690
2022,2692
2022,2722
2022,2747
2022,2767
2022,2772
2022,2977
2022,2996
2022,3039
2022,3101
2022,3114
2022,3138
2022,3153
2022,3158
2022,3166
2022,3168
2022,3169
2022,3176
2022,3211
2022,3223
2022,3234
2022,3236
2022,3253
2022,3257
2022,3336
2022,3353
2022,3368
2022,3456
2022,3462
2022,3470
2024,3138
2025,3138
2026,3138
2027,2030
2027,2033
2027,2039
2027,2046
2027,2055
2027,2065
2027,2068
2027,2081
2027,2111
2027,2115
2027,2260
2027,2288
2027,2327
2027,2340
2027,2345
2027,2380
2027,2426
2027,2535
2027,2536
2027,2551
2027,2558
2027,2579
2027,2580
2027,2608
2027,2610
2027,2621
2027,2638
2027,2651
2027,2664
2027,2666
2027,2689
2027,2690
2027,2692
2027,2706
2027,2722
2027,2747
2027,2767
2027,2772
2027,2801
2027,2996
2027,3004
2027,3024
2027,3039
2027,3099
2027,3101
2027,3114
2027,3115
2027,3138
2027,3140
2027,3144
2027,3153
2027,3158
2027,3166
2027,3168
2027,3176
2027,3223
2027,3225
2027,3234
2027,3236
2027,3240
2027,3247
2027,3253
2027,3254
2027,3255
2027,3299
2027,3336
2027,3353
2027,3368
2027,3371
2027,3456
2027,3462
2027,3470
2030,2033
2030,2039
2030,2046
2030,2055
2030,2065
2030,2071
2030,2081
2030,2111
2030,2260
2030,2288
2030,2327
2030,2328
2030,2335
2030,2340
2030,2345
2030,2380
2030,2425
2030,2426
2030,2535
2030,2536
2030,2551
2030,2580
2030,2608
2030,2640
2030,2651
2030,2660
2030,2664
2030,2666
2030,2678
2030,2689
2030,2690
2030,2692
2030,2722
2030,2747
2030,2767
2030,2772
2030,2787
2030,2977
2030,3004
2030,3024
2030,3101
2030,3114
2030,3138
2030,3144
2030,3153
2030,3158
2030,3166
2030,3168
2030,3169
2030,3176
2030,3211
2030,3234
2030,3236
2030,3253
2030,3254
2030,3255
2030,3257
2030,3336
2030,3353
2030,3368
2030,3462
2030,3470
2031,3138
2032,3138
2033,2039
2033,2046
2033,2068
2033,2071
2033,2081
2033,2260
2033,2288
2033,2328
2033,2335
2033,2340
2033,2345
2033,2380
2033,2425
2033,2426
2033,2536
2033,2551
2033,2579
2033,2580
2033,2640
2033,2651
2033,2660
2033,2664
2033,2666
2033,2678
2033,2689
2033,2690
2033,2747
2033,2767
2033,2772
2033,2977
2033,2996
2033,3039
2033,3101
2033,3114
2033,3138
2033,3144
2033,3153
2033,3158
2033,3166
2033,3169
2033,3176
2033,3211
2033,3223
2033,3234
2033,3236
2033,3253
2033,3255
2033,3257
2033,3353
2033,3368
2033,3456
2033,3462
2035,3138
2039,2044
2039,2046
2039,2048
2039,2055
2039,2065
2039,2068
2039,2071
2039,2081
2039,2111
2039,2115
2039,2158
2039,2260
2039,2275
2039,2288
2039,2327
2039,2328
2039,2335
2039,2340
2039,2343
2039,2345
2039,2380
2039,2425
2039,2426
2039,2437
2039,2458
2039,2533
2039,2535
2039,2536
2039,2544
2039,2551
2039,2558
2039,2579
2039,2580
2039,2600
2039,2607
2039,2608
2039,2610
2039,2621
2039,2638
2039,2640
2039,2660
2039,2664
2039,2666
2039,2678
2039,2689
2039,2690
2039,2692
2039,2706
2039,2722
2039,2747
2039,2772
2039,2787
2039,2801
2039,2802
2039,2858
2039,2874
2039,2977
2039,2996
2039,3024
2039,3039
2039,3082
2039,3088
2039,3099
2039,3101
2039,3114
2039,3115
2039,3138
2039,3140
2039,3144
2039,3153
2039,3158
2039,3166
2039,3168
2039,3169
2039,3176
2039,3211
2039,3223
2039,3225
2039,3234
2039,3240
2039,3243
2039,3247
2039,3253
2039,3255
2039,3257
2039,3299
2039,3336
2039,3353
2039,3368
2039,3371
2039,3399
2039,3456
2039,3457
2039,3462
2039,3470
2039,3473
2039,3474
2044,2048
2044,2095
2044,2226
2044,2247
2044,2275
2044,2313
2044,2404
2044,2479
2044,2607
2044,2675
2044,2694
2044,2757
2044,2841
2044,2937
2044,3021
2044,3082
2044,3083
2044,3173
2044,3174
2044,3455
2044,3470
2044,3473
2046,2065
2046,2068
2046,2071
2046,2081
2046,2111
2046,2260
2046,2288
2046,2327
2046,2335
2046,2345
2046,2380
2046,2425
2046,2535
2046,2536
2046,2551
2046,2579
2046,2580
2046,2600
2046,2608
2046,2640
2046,2651
2046,2660
2046,2664
2046,2666
2046,2678
2046,2689
2046,2692
2046,2722
2046,2747
2046,2767
2046,2772
2046,2787
2046,2977
2046,2996
2046,3004
2046,3024
2046,3039
2046,3099
2046,3101
2046,3114
2046,3138
2046,3144
2046,3153
2046,3158
2046,3166
2046,3168
2046,3169
2046,3176
2046,3223
2046,3234
2046,3236
2046,3253
2046,3255
2046,3257
2046,3336
2046,3353
2046,3368
2046,3462
2046,3470
2047,3138
2048,2219
2048,2247
2048,2275
2048,2607
2048,3021
2048,3082
2048,3243
2048,3473
2055,2065
2055,2068
2055,2071
2055,2081
2055,2111
2055,2260
2055,2327
2055,2328
2055,2335
2055,2340
2055,2345
2055,2425
2055,2535
2055,2536
2055,2544
2055,2551
2055,2579
2055,2580
2055,2608
2055,2640
2055,2651
2055,2660
2055,2664
2055,2666
2055,2678
2055,2692
2055,2722
2055,2747
2055,2767
2055,2772
2055,2787
2055,2996
2055,3004
2055,3024
2055,3039
2055,3099
2055,3101
2055,3114
2055,3138
2055,3144
2055,3153
2055,3158
2055,3166
2055,3168
2055,3169
2055,3176
2055,3223
2055,3234
2055,3236
2055,3253
2055,3254
2055,3255
2055,3336
2055,3353
2055,3368
2055,3456
2055,3462
2055,3470
2061,2479
2061,3138
2065,2068
2065,2071
2065,2111
2065,2288
2065,2327
2065,2328
2065,2345
2065,2425
2065,2426
2065,2535
2065,2536
2065,2544
2065,2551
2065,2579
2065,2600
2065,2608
2065,2640
2065,2651
2065,2660
2065,2666
2065,2678
2065,2689
2065,2690
2065,2692
2065,2722
2065,2767
2065,2772
2065,2787
2065,2996
2065,3024
2065,3099
2065,3101
2065,3114
2065,3138
2065,3144
2065,3153
2065,3166
2065,3168
2065,3169
2065,3176
2065,3211
2065,3234
2065,3236
2065,3253
2065,3254
2065,3255
2065,3257
2065,3336
2065,3368
2065,3456
2065,3462
2065,3470
2066,2343
2068,2081
2068,2111
2068,2260
2068,2328
2068,2335
2068,2340
2068,2345
2068,2380
2068,2425
2068,2426
2068,2535
2068,2536
2068,2551
2068,2579
2068,2580
2068,2600
2068,2608
2068,2640
2068,2664
2068,2666
2068,2689
2068,2690
2068,2692
2068,2722
2068,2747
2068,2767
2068,2772
2068,2787
2068,2977
2068,2996
2068,3004
2068,3024
2068,3039
2068,3099
2068,3101
2068,3114
2068,3138
2068,3144
2068,3153
2068,3158
2068,3166
2068,3168
2068,3169
2068,3176
2068,3211
2068,3223
2068,3234
2068,3236
2068,3253
2068,3254
2068,3255
2068,3257
2068,3336
2068,3353
2068,3368
2068,3456
2068,3462
2071,2081
2071,2111
2071,2260
2071,2288
2071,2327
2071,2328
2071,2335
2071,2380
2071,2425
2071,2426
2071,2535
2071,2536
2071,2551
2071,2579
2071,2580
2071,2600
2071,2608
2071,2651
2071,2660
2071,2664
2071,2666
2071,2678
2071,2689
2071,2690
2071,2722
2071,2747
2071,2767
2071,2787
2071,2996
2071,3004
2071,3039
2071,3101
2071,3114
2071,3138
2071,3166
2071,3168
2071,3169
2071,3176
2071,3211
2071,3223
2071,3234
2071,3236
2071,3253
2071,3255
2071,3336
2071,3353
2071,3368
2071,3456
2071,3462
2071,3470
2079,2234
2079,2247
2079,2290
2079,2638
2079,2801
2079,2809
2079,2950
2079,3074
2079,3167
2079,3202
2079,3337
2079,3371
2079,3399
2081,2111
2081,2115
2081,2260
2081,2288
2081,2327
2081,2328
2081,2335
2081,2340
2081,2345
2081,2380
2081,2425
2081,2426
2081,2535
2081,2536
2081,2544
2081,2558
2081,2579
2081,2580
2081,2600
2081,2608
2081,2610
2081,2621
2081,2638
2081,2640
2081,2660
2081,2666
2081,2678
2081,2689
2081,2690
2081,2692
2081,2706
2081,2722
2081,2747
2081,2772
2081,2787
2081,2801
2081,2977
2081,2996
2081,3004
2081,3024
2081,3039
2081,3099
2081,3101
2081,3114
2081,3115
2081,3138
2081,3140
2081,3153
2081,3158
2081,3166
2081,3168
2081,3169
2081,3176
2081,3211
2081,3223
2081,3225
2081,3234
2081,3236
2081,3240
2081,3247
2081,3253
2081,3254
2081,3255
2081,3257
2081,3299
2081,3336
2081,3353
2081,3368
2081,3371
2081,3456
2081,3462
2081,3470
2083,3138
2087,3138
2090,2479
2090,3138
2093,3138
2094,3138
2095,2219
2095,2607
2096,3138
2098,2479
2098,3138
2101,3138
2102,3138
2105,3138
2106,3138
2107,3138
2110,2383
2110,3138
2110,3227
2111,2260
2111,2288
2111,2327
2111,2328
2111,2335
2111,2340
2111,2380
2111,2425
2111,2426
2111,2535
2111,2536
2111,2544
2111,2551
2111,2579
2111,2580
2111,2600
2111,2608
2111,2640
2111,2651
2111,2660
2111,2666
2111,2678
2111,2690
2111,2692
2111,2722
2111,2747
2111,2772
2111,2787
2111,2977
2111,2996
2111,3004
2111,3024
2111,3039
2111,3099
2111,3101
2111,3114
2111,3138
2111,3144
2111,3153
2111,3158
2111,3166
2111,3168
2111,3169
2111,3176
2111,3211
2111,3223
2111,3234
2111,3236
2111,3253
2111,3255
2111,3257
2111,3336
2111,3353
2111,3368
2111,3456
2111,3462
2113,3138
2114,3138
2115,2238
2115,2558
2115,2610
2115,2621
2115,2638
2115,2706
2115,2801
2115,2996
2115,3039
2115,3115
2115,3138
2115,3140
2115,3166
2115,3176
2115,3225
2115,3240
2115,3247
2115,3299
2115,3371
2121,2130
2121,2458
2121,2468
2121,2900
2121,3088
2122,2802
2122,3167
2129,2458
2129,2468
2129,2470
2129,2532
2129,2900
2129,3088
2129,3114
2130,2362
2130,2390
2130,2468
2130,2470
2130,2649
2130,2874
2130,3088
2130,3167
2147,2158
2147,2470
2147,2638
2147,2802
2147,2874
2147,3379
2152,2479
2158,2470
2158,2638
2158,2802
2158,2874
2158,3379
2216,3138
2219,2225
2219,2226
2219,2275
2219,2313
2219,2327
2219,2404
2219,2407
2219,2607
2219,2675
2219,2757
2219,3021
2219,3082
2219,3161
2219,3174
2219,3243
2219,3249
2219,3470
2219,3473
2221,3138
2225,2607
2226,2607
2233,3138
2234,3202
2234,3363
2234,3371
2238,2558
2238,2610
2238,2621
2238,2638
2238,2706
2238,2801
2238,3115
2238,3140
2238,3225
2238,3240
2238,3247
2238,3299
2238,3371
2240,3138
2242,2289
2242,2348
2242,2533
2242,2593
2242,2931
2242,3122
2242,3138
2242,3386
2246,3138
2247,2275
2247,2607
2247,2675
2247,2757
2247,3082
2247,3167
2247,3243
2247,3376
2247,3473
2250,3138
2252,3138
2258,3138
2260,2288
2260,2327
2260,2328
2260,2335
2260,2340
2260,2345
2260,2380
2260,2425
2260,2535
2260,2544
2260,2551
2260,2579
2260,2580
2260,2600
2260,2608
2260,2640
2260,2651
2260,2660
2260,2666
2260,2678
2260,2689
2260,2692
2260,2722
2260,2747
2260,2767
2260,2772
2260,2787
2260,2977
2260,2996
2260,3004
2260,3024
2260,3039
2260,3099
2260,3101
2260,3114
2260,3138
2260,3144
2260,3153
2260,3158
2260,3166
2260,3168
2260,3169
2260,3176
2260,3211
2260,3223
2260,3234
2260,3236
2260,3253
2260,3254
2260,3255
2260,3257
2260,3353
2260,3368
2260,3462
2260,3470
2262,3138
2264,2479
2265,3138
2266,3138
2275,2607
2275,3021
2275,3138
2275,3243
2275,3473
2278,3138
2285,3138
2287,2479
2287,3138
2288,2327
2288,2328
2288,2335
2288,2340
2288,2345
2288,2380
2288,2425
2288,2426
2288,2535
2288,2536
2288,2544
2288,2551
2288,2579
2288,2580
2288,2651
2288,2660
2288,2664
2288,2689
2288,2690
2288,2692
2288,2722
2288,2747
2288,2767
2288,2787
2288,2977
2288,3004
2288,3024
2288,3039
2288,3099
2288,3101
2288,3114
2288,3138
2288,3144
2288,3166
2288,3169
2288,3176
2288,3211
2288,3223
2288,3234
2288,3236
2288,3254
2288,3255
2288,3257
2288,3336
2288,3353
2288,3368
2288,3456
2288,3462
2289,2348
2289,2408
2289,2480
2289,2533
2289,2593
2289,2769
2289,2848
2289,2931
2289,2996
2289,3122
2289,3138
2289,3374
2289,3386
2289,3411
2290,2370
2290,2801
2290,2858
2290,3202
2290,3225
2290,3363
2290,3371
2299,3138
2308,3138
2313,2607
2314,3138
2315,3138
2319,3138
2320,3138
2321,3138
2324,2801
2324,3363
2327,2335
2327,2340
2327,2345
2327,2380
2327,2425
2327,2535
2327,2536
2327,2544
2327,2551
2327,2579
2327,2580
2327,2600
2327,2607
2327,2608
2327,2651
2327,2660
2327,2664
2327,2678
2327,2689
2327,2690
2327,2722
2327,2747
2327,2767
2327,2772
2327,2977
2327,3039
2327,3101
2327,3114
2327,3138
2327,3144
2327,3153
2327,3158
2327,3166
2327,3168
2327,3176
2327,3211
2327,3223
2327,3234
2327,3236
2327,3253
2327,3254
2327,3255
2327,3257
2327,3336
2327,3353
2327,3456
2327,3462
2328,2335
2328,2345
2328,2380
2328,2425
2328,2426
2328,2535
2328,2536
2328,2544
2328,2551
2328,2579
2328,2580
2328,2600
2328,2608
2328,2640
2328,2651
2328,2660
2328,2664
2328,2666
2328,2678
2328,2689
2328,2690
2328,2692
2328,2722
2328,2767
2328,2772
2328,2787
2328,2977
2328,2996
2328,3004
2328,3024
2328,3039
2328,3099
2328,3101
2328,3138
2328,3144
2328,3166
2328,3168
2328,3169
2328,3176
2328,3211
2328,3223
2328,3234
2328,3236
2328,3253
2328,3254
2328,3255
2328,3336
2328,3353
2328,3368
2328,3456
2328,3462
2328,3470
2335,2340
2335,2380
2335,2425
2335,2426
2335,2535
2335,2536
2335,2544
2335,2551
2335,2600
2335,2608
2335,2640
2335,2651
2335,2660
2335,2666
2335,2678
2335,2689
2335,2690
2335,2692
2335,2747
2335,2767
2335,2772
2335,3024
2335,3039
2335,3099
2335,3101
2335,3114
2335,3138
2335,3144
2335,3153
2335,3166
2335,3168
2335,3176
2335,3211
2335,3223
2335,3234
2335,3236
2335,3253
2335,3254
2335,3255
2335,3257
2335,3336
2335,3353
2335,3368
2335,3456
2335,3462
2335,3470
2338,3138
2339,3138
2340,2345
2340,2380
2340,2425
2340,2426
2340,2535
2340,2536
2340,2544
2340,2551
2340,2600
2340,2608
2340,2640
2340,2651
2340,2660
2340,2666
2340,2678
2340,2689
2340,2690
2340,2767
2340,2772
2340,2977
2340,2996
2340,3004
2340,3039
2340,3099
2340,3101
2340,3114
2340,3138
2340,3144
2340,3153
2340,3158
2340,3176
2340,3211
2340,3234
2340,3236
2340,3254
2340,3255
2340,3257
2340,3336
2340,3353
2340,3368
2340,3456
2340,3462
2340,3470
2341,3138
2343,2359
2343,2437
2343,2479
2343,2533
2343,3457
2345,2380
2345,2425
2345,2426
2345,2535
2345,2536
2345,2544
2345,2551
2345,2579
2345,2580
2345,2600
2345,2640
2345,2651
2345,2660
2345,2664
2345,2666
2345,2689
2345,2690
2345,2692
2345,2722
2345,2747
2345,2767
2345,2772
2345,2787
2345,2977
2345,3099
2345,3101
2345,3114
2345,3138
2345,3144
2345,3153
2345,3166
2345,3168
2345,3169
2345,3176
2345,3211
2345,3236
2345,3253
2345,3254
2345,3255
2345,3257
2345,3368
2345,3456
2345,3462
2345,3470
2346,3138
2348,2408
2348,2480
2348,2533
2348,2593
2348,2769
2348,2848
2348,2931
2348,2996
2348,3122
2348,3138
2348,3374
2348,3386
2348,3411
2350,3138
2352,3138
2356,3138
2357,3138
2359,2437
2359,2533
2359,3074
2360,3138
2362,2802
2362,3379
2363,3138
2365,3138
2370,2593
2370,3225
2372,3138
2376,3138
2378,2622
2378,2809
2378,3091
2378,3138
2378,3167
2378,3371
2378,3473
2380,2425
2380,2426
2380,2535
2380,2536
2380,2544
2380,2551
2380,2580
2380,2600
2380,2651
2380,2660
2380,2664
2380,2666
2380,2689
2380,2690
2380,2722
2380,2747
2380,2767
2380,2772
2380,2977
2380,2996
2380,3004
2380,3024
2380,3101
2380,3138
2380,3144
2380,3153
2380,3158
2380,3166
2380,3169
2380,3176
2380,3211
2380,3223
2380,3234
2380,3236
2380,3253
2380,3255
2380,3368
2380,3470
2383,3227
2386,3138
2388,3138
2390,2802
2390,2874
2393,3138
2404,2607
2408,2458
2408,2533
2408,2848
2408,2931
2408,2996
2408,3039
2408,3122
2408,3138
2408,3374
2411,3138
2412,2607
2412,3138
2414,3138
2415,3138
2417,3138
2419,3138
2422,3138
2423,2479
2424,3138
2425,2426
2425,2535
2425,2536
2425,2544
2425,2551
2425,2580
2425,2600
2425,2608
2425,2640
2425,2651
2425,2660
2425,2664
2425,2666
2425,2678
2425,2689
2425,2690
2425,2692
2425,2722
2425,2747
2425,2772
2425,2787
2425,2977
2425,2996
2425,3004
2425,3024
2425,3039
2425,3099
2425,3101
2425,3114
2425,3138
2425,3144
2425,3153
2425,3158
2425,3166
2425,3168
2425,3169
2425,3176
2425,3211
2425,3223
2425,3234
2425,3236
2425,3253
2425,3254
2425,3257
2425,3336
2425,3353
2425,3368
2425,3456
2425,3462
2425,3470
2426,2535
2426,2536
2426,2544
2426,2551
2426,2579
2426,2580
2426,2608
2426,2640
2426,2651
2426,2666
2426,2689
2426,2690
2426,2692
2426,2722
2426,2747
2426,2767
2426,2772
2426,2787
2426,2977
2426,3024
2426,3101
2426,3114
2426,3138
2426,3153
2426,3158
2426,3166
2426,3169
2426,3176
2426,3223
2426,3234
2426,3253
2426,3254
2426,3255
2426,3257
2426,3336
2426,3353
2426,3368
2426,3462
2426,3470
2430,2479
2434,3138
2435,3138
2436,3138
2437,3088
2437,3138
2437,3474
2443,3138
2445,2650
2446,3138
2447,2479
2448,3138
2452,3138
2457,3138
2458,2468
2458,2649
2458,2668
2458,2715
2458,2900
2458,2996
2458,3039
2458,3114
2458,3138
2458,3167
2458,3368
2458,3374
2458,3474
2459,3138
2465,3138
2468,3088
2468,3114
2468,3138
2468,3167
2469,3138
2470,3138
2472,3121
2473,3138
2477,3167
2479,2492
2479,2531
2479,2567
2479,2590
2479,2622
2479,2627
2479,2631
2479,2652
2479,2761
2479,2796
2479,2820
2479,2823
2479,2926
2479,2936
2479,2976
2479,2990
2479,3036
2479,3042
2479,3067
2479,3139
2479,3140
2479,3151
2479,3193
2479,3202
2479,3240
2479,3251
2479,3301
2479,3302
2479,3303
2479,3308
2479,3337
2479,3353
2479,3368
2479,3371
2479,3374
2479,3382
2479,3436
2479,3465
2479,3473
2479,3475
2480,2533
2480,2593
2480,2931
2480,3122
2480,3138
2480,3386
2483,3138
2486,3138
2490,3138
2493,3138
2500,3138
2501,3138
2504,3138
2505,3138
2509,3138
2511,3138
2515,3138
2516,3138
2516,3370
2516,3371
2518,3138
2519,3138
2521,3138
2528,3138
2531,3138
2532,3167
2533,2593
2533,2769
2533,2848
2533,2931
2533,2996
2533,3114
2533,3122
2533,3138
2533,3167
2533,3374
2533,3383
2533,3386
2533,3411
2533,3474
2534,3138
2535,2544
2535,2551
2535,2579
2535,2580
2535,2600
2535,2608
2535,2640
2535,2651
2535,2660
2535,2664
2535,2666
2535,2678
2535,2690
2535,2692
2535,2722
2535,2747
2535,2767
2535,2772
2535,2787
2535,2977
2535,2996
2535,3004
2535,3024
2535,3039
2535,3099
2535,3101
2535,3114
2535,3138
2535,3144
2535,3153
2535,3158
2535,3166
2535,3168
2535,3169
2535,3176
2535,3211
2535,3223
2535,3234
2535,3236
2535,3253
2535,3254
2535,3255
2535,3257
2535,3336
2535,3353
2535,3368
2535,3456
2535,3462
2535,3470
2536,2544
2536,2551
2536,2580
2536,2600
2536,2608
2536,2651
2536,2660
2536,2664
2536,2666
2536,2678
2536,2689
2536,2690
2536,2692
2536,2722
2536,2747
2536,2767
2536,2772
2536,2787
2536,2977
2536,3004
2536,3024
2536,3039
2536,3099
2536,3101
2536,3114
2536,3138
2536,3144
2536,3158
2536,3166
2536,3168
2536,3176
2536,3211
2536,3223
2536,3236
2536,3253
2536,3254
2536,3255
2536,3257
2536,3336
2536,3353
2536,3368
2536,3456
2536,3462
2536,3470
2544,2551
2544,2579
2544,2580
2544,2600
2544,2608
2544,2640
2544,2651
2544,2660
2544,2664
2544,2689
2544,2690
2544,2692
2544,2722
2544,2747
2544,2767
2544,2772
2544,2787
2544,2977
2544,2996
2544,3024
2544,3039
2544,3099
2544,3101
2544,3138
2544,3144
2544,3153
2544,3158
2544,3166
2544,3168
2544,3176
2544,3211
2544,3223
2544,3234
2544,3236
2544,3253
2544,3254
2544,3255
2544,3257
2544,3336
2544,3353
2544,3368
2544,3456
2544,3470
2546,3138
2548,3138
2551,2579
2551,2580
2551,2600
2551,2608
2551,2640
2551,2651
2551,2660
2551,2664
2551,2666
2551,2678
2551,2689
2551,2690
2551,2692
2551,2722
2551,2747
2551,2767
2551,2772
2551,2977
2551,2996
2551,3004
2551,3039
2551,3099
2551,3101
2551,3114
2551,3138
2551,3144
2551,3153
2551,3158
2551,3168
2551,3169
2551,3176
2551,3211
2551,3223
2551,3234
2551,3236
2551,3253
2551,3254
2551,3255
2551,3257
2551,3336
2551,3353
2551,3368
2551,3456
2551,3462
2551,3470
2556,3138
2558,2610
2558,2621
2558,2638
2558,2706
2558,2801
2558,2996
2558,3039
2558,3115
2558,3138
2558,3140
2558,3166
2558,3176
2558,3225
2558,3240
2558,3247
2558,3299
2558,3371
2559,3138
2576,3138
2577,3138
2579,2580
2579,2600
2579,2608
2579,2640
2579,2651
2579,2660
2579,2664
2579,2666
2579,2678
2579,2690
2579,2722
2579,2767
2579,2787
2579,2977
2579,2996
2579,3004
2579,3024
2579,3039
2579,3099
2579,3101
2579,3114
2579,3144
2579,3153
2579,3158
2579,3168
2579,3169
2579,3176
2579,3211
2579,3223
2579,3234
2579,3236
2579,3253
2579,3254
2579,3255
2579,3257
2579,3336
2579,3353
2579,3368
2579,3456
2579,3462
2580,2600
2580,2608
2580,2651
2580,2660
2580,2664
2580,2666
2580,2689
2580,2692
2580,2722
2580,2747
2580,2767
2580,2772
2580,2787
2580,2977
2580,2996
2580,3004
2580,3024
2580,3039
2580,3099
2580,3101
2580,3114
2580,3138
2580,3153
2580,3158
2580,3166
2580,3168
2580,3169
2580,3176
2580,3211
2580,3234
2580,3236
2580,3253
2580,3254
2580,3255
2580,3257
2580,3336
2580,3368
2580,3456
2580,3470
2581,3138
2582,3138
2583,3138
2584,3138
2585,3138
2588,3138
2591,3138
2593,2769
2593,2931
2593,2996
2593,3122
2593,3138
2593,3225
2593,3386
2593,3411
2594,3138
2600,2608
2600,2640
2600,2660
2600,2664
2600,2666
2600,2678
2600,2689
2600,2690
2600,2692
2600,2722
2600,2767
2600,2772
2600,2787
2600,2977
2600,2996
2600,3004
2600,3039
2600,3099
2600,3114
2600,3144
2600,3153
2600,3158
2600,3166
2600,3168
2600,3176
2600,3211
2600,3223
2600,3234
2600,3236
2600,3253
2600,3254
2600,3257
2600,3336
2600,3368
2600,3456
2600,3470
2603,3138
2606,3138
2607,2675
2607,2757
2607,3021
2607,3082
2607,3161
2607,3223
2607,3243
2607,3249
2607,3376
2607,3470
2607,3473
2608,2651
2608,2660
2608,2664
2608,2666
2608,2678
2608,2689
2608,2690
2608,2692
2608,2722
2608,2747
2608,2767
2608,2787
2608,2977
2608,2996
2608,3004
2608,3024
2608,3039
2608,3099
2608,3101
2608,3114
2608,3138
2608,3144
2608,3153
2608,3168
2608,3169
2608,3176
2608,3223
2608,3234
2608,3236
2608,3253
2608,3255
2608,3336
2608,3353
2608,3368
2608,3462
2608,3470
2609,3138
2610,2621
2610,2638
2610,2706
2610,2801
2610,2996
2610,3039
2610,3115
2610,3138
2610,3140
2610,3166
2610,3176
2610,3225
2610,3240
2610,3247
2610,3299
2610,3371
2613,3138
2614,3138
2615,3138
2616,3138
2618,3138
2621,2638
2621,2706
2621,2801
2621,2996
2621,3039
2621,3115
2621,3138
2621,3140
2621,3166
2621,3176
2621,3225
2621,3240
2621,3247
2621,3299
2621,3371
2622,2625
2622,2769
2622,3074
2622,3078
2622,3091
2622,3167
2625,3225
2626,2874
2627,3138
2628,3138
2629,3371
2631,3138
2638,2706
2638,2801
2638,2874
2638,2996
2638,3039
2638,3115
2638,3138
2638,3140
2638,3166
2638,3167
2638,3176
2638,3225
2638,3240
2638,3247
2638,3299
2638,3371
2640,2651
2640,2660
2640,2666
2640,2689
2640,2690
2640,2692
2640,2747
2640,2767
2640,2772
2640,2787
2640,2977
2640,2996
2640,3004
2640,3101
2640,3114
2640,3138
2640,3144
2640,3158
2640,3166
2640,3169
2640,3176
2640,3234
2640,3236
2640,3253
2640,3254
2640,3257
2640,3336
2640,3368
2640,3456
2640,3470
2641,3138
2643,3138
2645,3138
2649,2668
2649,2900
2649,3088
2649,3114
2649,3167
2650,2668
2650,3114
2650,3167
2651,2660
2651,2664
2651,2666
2651,2678
2651,2689
2651,2690
2651,2692
2651,2722
2651,2747
2651,2767
2651,2772
2651,2787
2651,2977
2651,2996
2651,3004
2651,3024
2651,3039
2651,3099
2651,3114
2651,3138
2651,3153
2651,3158
2651,3166
2651,3168
2651,3169
2651,3176
2651,3211
2651,3223
2651,3234
2651,3236
2651,3253
2651,3254
2651,3255
2651,3336
2651,3353
2651,3368
2651,3456
2651,3462
2651,3470
2653,3138
2655,3138
2657,3138
2658,3489
2660,2678
2660,2690
2660,2692
2660,2722
2660,2747
2660,2767
2660,2787
2660,2977
2660,2996
2660,3004
2660,3024
2660,3039
2660,3099
2660,3101
2660,3114
2660,3138
2660,3144
2660,3153
2660,3166
2660,3169
2660,3176
2660,3211
2660,3223
2660,3234
2660,3236
2660,3254
2660,3255
2660,3257
2660,3336
2660,3353
2660,3368
2660,3456
2660,3462
2660,3470
2662,3138
2664,2666
2664,2678
2664,2690
2664,2722
2664,2747
2664,2767
2664,2772
2664,2787
2664,2996
2664,3004
2664,3024
2664,3099
2664,3101
2664,3114
2664,3138
2664,3144
2664,3158
2664,3168
2664,3169
2664,3176
2664,3223
2664,3234
2664,3236
2664,3253
2664,3254
2664,3255
2664,3257
2664,3336
2664,3368
2664,3456
2664,3462
2665,3138
2666,2678
2666,2689
2666,2690
2666,2747
2666,2767
2666,2977
2666,3004
2666,3024
2666,3039
2666,3101
2666,3114
2666,3138
2666,3144
2666,3153
2666,3166
2666,3168
2666,3169
2666,3176
2666,3211
2666,3223
2666,3234
2666,3236
2666,3254
2666,3255
2666,3336
2666,3353
2666,3368
2666,3462
2666,3470
2668,2715
2668,3114
2668,3490
2669,2825
2669,3074
2669,3138
2669,3383
2670,3138
2671,3138
2674,3138
2675,3455
2677,3138
2678,2690
2678,2747
2678,2767
2678,2772
2678,2787
2678,2977
2678,2996
2678,3004
2678,3024
2678,3039
2678,3099
2678,3114
2678,3138
2678,3153
2678,3158
2678,3166
2678,3168
2678,3169
2678,3176
2678,3211
2678,3234
2678,3236
2678,3254
2678,3257
2678,3353
2678,3368
2678,3456
2678,3462
2678,3470
2683,3138
2684,3138
2689,2690
2689,2692
2689,2722
2689,2747
2689,2767
2689,2772
2689,2787
2689,2977
2689,2996
2689,3004
2689,3039
2689,3099
2689,3101
2689,3114
2689,3138
2689,3144
2689,3158
2689,3166
2689,3168
2689,3169
2689,3176
2689,3223
2689,3234
2689,3236
2689,3253
2689,3254
2689,3255
2689,3257
2689,3336
2689,3353
2689,3368
2689,3456
2689,3462
2690,2692
2690,2722
2690,2747
2690,2767
2690,2772
2690,2787
2690,2977
2690,2996
2690,3004
2690,3024
2690,3039
2690,3099
2690,3101
2690,3144
2690,3158
2690,3166
2690,3168
2690,3176
2690,3211
2690,3223
2690,3253
2690,3254
2690,3255
2690,3257
2690,3336
2690,3353
2690,3368
2690,3456
2690,3462
2690,3470
2692,2722
2692,2747
2692,2767
2692,2772
2692,2977
2692,3004
2692,3024
2692,3039
2692,3099
2692,3101
2692,3138
2692,3144
2692,3153
2692,3158
2692,3166
2692,3168
2692,3169
2692,3176
2692,3211
2692,3223
2692,3234
2692,3236
2692,3254
2692,3336
2692,3353
2692,3368
2692,3456
2692,3462
2692,3470
2693,3138
2694,2996
2694,3173
2703,3138
2706,2801
2706,2996
2706,3039
2706,3115
2706,3138
2706,3140
2706,3166
2706,3176
2706,3225
2706,3240
2706,3247
2706,3299
2706,3371
2715,2900
2715,3088
2715,3138
2718,3138
2719,3138
2721,3138
2722,2767
2722,2772
2722,2787
2722,3004
2722,3024
2722,3099
2722,3101
2722,3114
2722,3144
2722,3153
2722,3158
2722,3169
2722,3211
2722,3236
2722,3257
2722,3336
2722,3368
2722,3456
2722,3462
2723,3138
2724,3138
2725,3138
2732,3138
2737,3138
2743,3138
2746,3138
2747,2767
2747,2772
2747,2977
2747,2996
2747,3004
2747,3039
2747,3101
2747,3114
2747,3138
2747,3144
2747,3153
2747,3158
2747,3166
2747,3169
2747,3176
2747,3211
2747,3223
2747,3234
2747,3236
2747,3253
2747,3255
2747,3257
2747,3336
2747,3353
2747,3368
2747,3456
2747,3462
2747,3470
2748,3138
2750,3138
2755,3138
2757,2937
2757,2996
2757,3083
2757,3138
2757,3455
2760,3138
2761,3138
2762,3138
2767,2772
2767,2787
2767,2977
2767,2996
2767,3004
2767,3024
2767,3039
2767,3099
2767,3101
2767,3114
2767,3138
2767,3144
2767,3153
2767,3158
2767,3166
2767,3168
2767,3169
2767,3176
2767,3211
2767,3223
2767,3234
2767,3236
2767,3253
2767,3254
2767,3255
2767,3257
2767,3336
2767,3353
2767,3368
2767,3456
2767,3462
2767,3470
2768,3138
2769,2931
2769,3078
2769,3122
2769,3138
2769,3386
2769,3473
2772,2787
2772,2977
2772,2996
2772,3004
2772,3039
2772,3099
2772,3101
2772,3138
2772,3144
2772,3153
2772,3168
2772,3169
2772,3176
2772,3234
2772,3236
2772,3253
2772,3254
2772,3255
2772,3257
2772,3336
2772,3353
2772,3368
2772,3456
2772,3462
2772,3470
2776,3138
2777,3138
2783,3138
2787,2977
2787,2996
2787,3004
2787,3024
2787,3039
2787,3099
2787,3101
2787,3114
2787,3138
2787,3144
2787,3153
2787,3158
2787,3166
2787,3169
2787,3176
2787,3223
2787,3234
2787,3254
2787,3257
2787,3336
2787,3368
2787,3456
2787,3470
2799,3138
2801,2996
2801,3039
2801,3115
2801,3121
2801,3138
2801,3140
2801,3166
2801,3167
2801,3176
2801,3225
2801,3240
2801,3247
2801,3299
2801,3371
2802,2874
2802,3083
2802,3167
2808,3138
2809,3074
2809,3078
2809,3167
2809,3473
2810,3138
2811,3138
2815,3138
2818,3138
2825,3074
2827,3138
2829,3138
2833,3138
2837,3138
2838,3138
2841,2937
2841,2996
2841,3173
2841,3174
2843,3138
2844,3138
2848,2931
2848,3122
2848,3138
2848,3374
2849,3138
2852,3138
2874,3060
2874,3088
2874,3167
2874,3370
2874,3379
2881,3138
2884,3138
2886,3138
2888,3138
2889,3138
2891,3138
2898,3138
2900,3088
2900,3138
2905,3138
2907,3138
2914,3138
2920,3138
2923,3138
2924,3138
2926,3138
2931,2996
2931,3122
2931,3138
2931,3374
2931,3386
2931,3411
2937,2996
2937,3021
2937,3173
2937,3174
2938,3138
2940,3138
2941,3138
2943,3138
2944,3138
2945,3138
2949,3138
2957,3138
2970,3138
2976,3138
2977,3004
2977,3024
2977,3039
2977,3099
2977,3101
2977,3114
2977,3138
2977,3144
2977,3158
2977,3166
2977,3169
2977,3176
2977,3211
2977,3223
2977,3234
2977,3255
2977,3257
2977,3336
2977,3353
2977,3368
2977,3456
2977,3470
2979,3138
2981,3138
2982,3138
2986,3138
2987,3138
2988,3138
2989,3138
2996,3024
2996,3039
2996,3099
2996,3101
2996,3114
2996,3115
2996,3122
2996,3138
2996,3140
2996,3144
2996,3153
2996,3158
2996,3166
2996,3169
2996,3173
2996,3174
2996,3176
2996,3211
2996,3223
2996,3225
2996,3234
2996,3240
2996,3247
2996,3253
2996,3254
2996,3255
2996,3257
2996,3299
2996,3336
2996,3353
2996,3368
2996,3371
2996,3374
2996,3386
2996,3456
2996,3462
2996,3470
2998,3138
3002,3138
3004,3024
3004,3039
3004,3099
3004,3101
3004,3114
3004,3138
3004,3144
3004,3153
3004,3158
3004,3166
3004,3168
3004,3169
3004,3176
3004,3211
3004,3234
3004,3236
3004,3253
3004,3254
3004,3255
3004,3257
3004,3353
3004,3368
3004,3456
3004,3462
3004,3470
3009,3138
3014,3138
3018,3138
3019,3138
3021,3082
3021,3173
3021,3473
3023,3138
3024,3039
3024,3099
3024,3101
3024,3114
3024,3138
3024,3144
3024,3158
3024,3166
3024,3168
3024,3169
3024,3176
3024,3211
3024,3223
3024,3234
3024,3253
3024,3254
3024,3255
3024,3257
3024,3336
3024,3353
3024,3368
3024,3456
3024,3462
3025,3138
3027,3138
3028,3138
3031,3138
3033,3138
3039,3099
3039,3101
3039,3114
3039,3115
3039,3138
3039,3140
3039,3144
3039,3153
3039,3158
3039,3166
3039,3168
3039,3169
3039,3176
3039,3211
3039,3223
3039,3225
3039,3234
3039,3236
3039,3240
3039,3247
3039,3253
3039,3254
3039,3255
3039,3257
3039,3299
3039,3336
3039,3368
3039,3371
3039,3374
3039,3462
3039,3470
3042,3138
3043,3138
3046,3138
3049,3138
3053,3138
3054,3138
3058,3138
3060,3088
3060,3138
3060,3225
3061,3138
3063,3138
3065,3138
3067,3138
3069,3138
3072,3138
3074,3078
3074,3167
3074,3457
3078,3091
3078,3167
3078,3473
3079,3138
3082,3138
3082,3243
3082,3473
3083,3138
3084,3138
3086,3138
3088,3114
3088,3167
3088,3379
3088,3490
3089,3138
3090,3138
3091,3138
3091,3167
3091,3371
3093,3138
3098,3138
3099,3101
3099,3114
3099,3138
3099,3144
3099,3153
3099,3166
3099,3168
3099,3169
3099,3176
3099,3211
3099,3223
3099,3236
3099,3253
3099,3254
3099,3255
3099,3257
3099,3336
3099,3353
3099,3368
3099,3470
3101,3138
3101,3153
3101,3158
3101,3166
3101,3168
3101,3169
3101,3176
3101,3211
3101,3223
3101,3234
3101,3236
3101,3253
3101,3254
3101,3255
3101,3257
3101,3353
3101,3368
3101,3456
3101,3462
3102,3138
3110,3138
3113,3138
3114,3144
3114,3153
3114,3158
3114,3166
3114,3167
3114,3168
3114,3169
3114,3176
3114,3211
3114,3223
3114,3234
3114,3236
3114,3253
3114,3254
3114,3255
3114,3336
3114,3353
3114,3368
3114,3376
3114,3462
3114,3470
3115,3138
3115,3140
3115,3166
3115,3176
3115,3225
3115,3240
3115,3247
3115,3299
3115,3371
3118,3138
3121,3138
3121,3374
3121,3375
3122,3138
3122,3374
3122,3386
3122,3411
3123,3138
3126,3138
3128,3138
3133,3138
3134,3138
3135,3138
3138,3139
3138,3140
3138,3144
3138,3145
3138,3147
3138,3148
3138,3153
3138,3157
3138,3158
3138,3162
3138,3164
3138,3166
3138,3168
3138,3169
3138,3170
3138,3171
3138,3175
3138,3176
3138,3177
3138,3180
3138,3181
3138,3186
3138,3188
3138,3189
3138,3194
3138,3196
3138,3201
3138,3212
3138,3213
3138,3216
3138,3217
3138,3218
3138,3220
3138,3221
3138,3223
3138,3225
3138,3228
3138,3234
3138,3235
3138,3236
3138,3240
3138,3241
3138,3247
3138,3251
3138,3253
3138,3254
3138,3255
3138,3257
3138,3258
3138,3262
3138,3264
3138,3269
3138,3274
3138,3276
3138,3281
3138,3283
3138,3298
3138,3299
3138,3300
3138,3301
3138,3303
3138,3306
3138,3309
3138,3314
3138,3316
3138,3323
3138,3329
3138,3331
3138,3334
3138,3335
3138,3336
3138,3339
3138,3343
3138,3344
3138,3353
3138,3359
3138,3361
3138,3367
3138,3368
3138,3370
3138,3371
3138,3374
3138,3380
3138,3381
3138,3385
3138,3386
3138,3404
3138,3407
3138,3408
3138,3410
3138,3411
3138,3416
3138,3418
3138,3421
3138,3422
3138,3431
3138,3433
3138,3435
3138,3443
3138,3445
3138,3446
3138,3447
3138,3448
3138,3449
3138,3456
3138,3458
3138,3459
3138,3462
3138,3470
3140,3166
3140,3176
3140,3225
3140,3240
3140,3247
3140,3299
3140,3371
3144,3153
3144,3158
3144,3166
3144,3168
3144,3169
3144,3176
3144,3211
3144,3223
3144,3236
3144,3253
3144,3254
3144,3255
3144,3336
3144,3353
3144,3368
3144,3456
3144,3470
3153,3166
3153,3169
3153,3176
3153,3211
3153,3223
3153,3234
3153,3254
3153,3255
3153,3257
3153,3336
3153,3368
3153,3456
3153,3462
3153,3470
3158,3168
3158,3169
3158,3176
3158,3211
3158,3223
3158,3234
3158,3236
3158,3253
3158,3254
3158,3257
3158,3336
3158,3353
3158,3368
3158,3462
3158,3470
3166,3168
3166,3169
3166,3176
3166,3211
3166,3223
3166,3225
3166,3234
3166,3236
3166,3240
3166,3247
3166,3253
3166,3254
3166,3255
3166,3257
3166,3299
3166,3371
3166,3456
3166,3462
3166,3470
3167,3202
3167,3363
3167,3371
3167,3473
3167,3474
3168,3169
3168,3176
3168,3211
3168,3223
3168,3254
3168,3336
3168,3353
3168,3368
3168,3462
3169,3176
3169,3211
3169,3234
3169,3236
3169,3253
3169,3255
3169,3336
3169,3353
3169,3368
3169,3456
3169,3462
3169,3470
3173,3174
3176,3211
3176,3223
3176,3225
3176,3236
3176,3240
3176,3247
3176,3253
3176,3254
3176,3255
3176,3257
3176,3299
3176,3336
3176,3353
3176,3368
3176,3371
3176,3456
3176,3462
3176,3470
3202,3363
3211,3223
3211,3234
3211,3236
3211,3254
3211,3255
3211,3336
3211,3368
3211,3456
3211,3462
3223,3234
3223,3236
3223,3253
3223,3254
3223,3257
3223,3353
3223,3368
3223,3456
3223,3462
3223,3470
3225,3240
3225,3247
3225,3299
3225,3371
3234,3236
3234,3254
3234,3257
3234,3353
3234,3368
3234,3456
3234,3462
3234,3470
3236,3253
3236,3254
3236,3255
3236,3257
3236,3336
3236,3353
3236,3368
3236,3456
3236,3462
3236,3470
3240,3247
3240,3299
3240,3371
3243,3473
3247,3299
3247,3371
3253,3255
3253,3257
3253,3336
3253,3353
3253,3368
3253,3462
3253,3470
3254,3255
3254,3257
3254,3336
3254,3353
3254,3368
3254,3456
3254,3462
3255,3257
3255,3336
3255,3353
3255,3368
3255,3462
3257,3353
3257,3368
3257,3462
3257,3470
3299,3371
3336,3353
3336,3368
3336,3456
3336,3462
3336,3470
3353,3368
3353,3456
3353,3462
3353,3470
3368,3456
3368,3462
3368,3470
3371,3473
3383,3457
3386,3411
3456,3462
3456,3470
3457,3474
3462,3470
