head,relation,tail
CID100094,combination,CID11347535
CID10027278,combination,CID11347535
CID10029385,combination,CID11347535
CID10047612,combination,CID6135
CID10052040,combination,CID11347535
CID10056071,combination,CID11347535
CID10074640,combination,CID11347535
CID10077147,combination,CID24821094
CID10090485,combination,CID11977753
CID10090485,combination,CID16654980
CID10090485,combination,CID176870
CID10090485,combination,CID208908
CID10090485,combination,CID23725625
CID10090485,combination,CID24821094
CID10090485,combination,CID24964624
CID10090485,combination,CID24978538
CID10090485,combination,CID3062316
CID10090485,combination,CID51001932
CID10090485,combination,CID5330286
CID10090485,combination,CID53340771
CID10090485,combination,CID60838
CID10090485,combination,CID90241673
CID10090485,combination,CID9887053
CID10090750,combination,CID10339178
CID10090750,combination,CID11243969
CID10090750,combination,CID11876263
CID10090750,combination,CID122108
CID10090750,combination,CID130881
CID10090750,combination,CID130904
CID10090750,combination,CID13109
CID10090750,combination,CID135398740
CID10090750,combination,CID135413536
CID10090750,combination,CID135415564
CID10090750,combination,CID1461
CID10090750,combination,CID150311
CID10090750,combination,CID157920
CID10090750,combination,CID165580
CID10090750,combination,CID16667669
CID10090750,combination,CID1935
CID10090750,combination,CID1989
CID10090750,combination,CID2082
CID10090750,combination,CID208898
CID10090750,combination,CID2130
CID10090750,combination,CID2170
CID10090750,combination,CID219078
CID10090750,combination,CID2284
CID10090750,combination,CID2578
CID10090750,combination,CID3019
CID10090750,combination,CID3034034
CID10090750,combination,CID3038
CID10090750,combination,CID3055
CID10090750,combination,CID3117
CID10090750,combination,CID3331
CID10090750,combination,CID3373
CID10090750,combination,CID3397
CID10090750,combination,CID3406
CID10090750,combination,CID3519
CID10090750,combination,CID37393
CID10090750,combination,CID3883
CID10090750,combination,CID3955
CID10090750,combination,CID4032
CID10090750,combination,CID4037
CID10090750,combination,CID4054
CID10090750,combination,CID41684
CID10090750,combination,CID4173
CID10090750,combination,CID4212
CID10090750,combination,CID439693
CID10090750,combination,CID445643
CID10090750,combination,CID446987
CID10090750,combination,CID4477
CID10090750,combination,CID449381
CID10090750,combination,CID4513
CID10090750,combination,CID4674
CID10090750,combination,CID5284583
CID10090750,combination,CID5291
CID10090750,combination,CID5310966
CID10090750,combination,CID5311
CID10090750,combination,CID5329102
CID10090750,combination,CID5342
CID10090750,combination,CID5358
CID10090750,combination,CID5360515
CID10090750,combination,CID5426
CID10090750,combination,CID5430
CID10090750,combination,CID5462501
CID10090750,combination,CID54675769
CID10090750,combination,CID54680692
CID10090750,combination,CID5493444
CID10090750,combination,CID5546
CID10090750,combination,CID5831
CID10090750,combination,CID5833
CID10090750,combination,CID5991
CID10090750,combination,CID6013
CID10090750,combination,CID6018
CID10090750,combination,CID60648
CID10090750,combination,CID60753
CID10090750,combination,CID60838
CID10090750,combination,CID6100
CID10090750,combination,CID6321424
CID10090750,combination,CID6337614
CID10090750,combination,CID64139
CID10090750,combination,CID656583
CID10090750,combination,CID68617
CID10090750,combination,CID6914273
CID10090750,combination,CID6918296
CID10090750,combination,CID7550
CID10090750,combination,CID91649
CID10090750,combination,CID92722
CID10090750,combination,CID9811704
CID10090750,combination,CID9930913
CID10095659,combination,CID11347535
CID101043861,combination,CID11347535
CID10133,combination,CID11347535
CID10173277,combination,CID24821094
CID10173277,combination,CID285033
CID10173277,combination,CID3005572
CID10173277,combination,CID358177
CID10173277,combination,CID492405
CID10173277,combination,CID5281078
CID10173277,combination,CID60974
CID10173277,combination,CID6167
CID10173277,combination,CID6456015
CID10177,combination,CID11347535
CID10184653,combination,CID11488320
CID10184653,combination,CID117817422
CID10184653,combination,CID11957503
CID10184653,combination,CID135421197
CID10184653,combination,CID16654980
CID10184653,combination,CID208908
CID10184653,combination,CID23725625
CID10184653,combination,CID24360
CID10184653,combination,CID24785538
CID10184653,combination,CID24964624
CID10184653,combination,CID24978538
CID10184653,combination,CID44462760
CID10184653,combination,CID449171
CID10184653,combination,CID51001932
CID10184653,combination,CID5311
CID10184653,combination,CID5311497
CID10184653,combination,CID5330286
CID10184653,combination,CID60160561
CID10184653,combination,CID6914657
CID10184653,combination,CID71543365
CID10184653,combination,CID71664305
CID10184653,combination,CID9858940
CID10184653,combination,CID9887053
CID10202642,combination,CID11347535
CID10219,combination,CID107771
CID10219,combination,CID11057
CID10219,combination,CID11347535
CID10219,combination,CID11538455
CID10219,combination,CID122262
CID10219,combination,CID17134
CID10219,combination,CID23582824
CID10219,combination,CID25167777
CID10219,combination,CID29112
CID10219,combination,CID37393
CID10219,combination,CID44469321
CID10219,combination,CID447077
CID10219,combination,CID53494972
CID10219,combination,CID57336745
CID10219,combination,CID63224
CID10219,combination,CID6917864
CID10219,combination,CID9852573
CID10226546,combination,CID11347535
CID10226546,combination,CID24821094
CID10228,combination,CID107771
CID10228,combination,CID122262
CID10228,combination,CID44469321
CID10228,combination,CID53494972
CID10228,combination,CID6917864
CID10235,combination,CID107969
CID10235,combination,CID107970
CID10235,combination,CID11524144
CID10235,combination,CID16667669
CID10235,combination,CID2733525
CID10235,combination,CID3062316
CID10235,combination,CID38911
CID10235,combination,CID4477
CID10235,combination,CID5330286
CID10235,combination,CID68546
CID10275789,combination,CID11347535
CID10297043,combination,CID11347535
CID10297043,combination,CID11442891
CID10297043,combination,CID24978538
CID10297043,combination,CID446378
CID10297043,combination,CID60060499
CID10297043,combination,CID6917864
CID10297043,combination,CID73265223
CID10297043,combination,CID73265233
CID10302451,combination,CID24821094
CID10331844,combination,CID11347535
CID10339178,combination,CID104741
CID10339178,combination,CID11243969
CID10339178,combination,CID11520894
CID10339178,combination,CID11525740
CID10339178,combination,CID11876263
CID10339178,combination,CID11977753
CID10339178,combination,CID122108
CID10339178,combination,CID123608
CID10339178,combination,CID130881
CID10339178,combination,CID130904
CID10339178,combination,CID13109
CID10339178,combination,CID132971
CID10339178,combination,CID135398740
CID10339178,combination,CID135401907
CID10339178,combination,CID135410875
CID10339178,combination,CID135413536
CID10339178,combination,CID135415564
CID10339178,combination,CID13988706
CID10339178,combination,CID1461
CID10339178,combination,CID148121
CID10339178,combination,CID150311
CID10339178,combination,CID157920
CID10339178,combination,CID165580
CID10339178,combination,CID176870
CID10339178,combination,CID176871
CID10339178,combination,CID1935
CID10339178,combination,CID1989
CID10339178,combination,CID2082
CID10339178,combination,CID208898
CID10339178,combination,CID208908
CID10339178,combination,CID2130
CID10339178,combination,CID2141
CID10339178,combination,CID216454
CID10339178,combination,CID2170
CID10339178,combination,CID219078
CID10339178,combination,CID22475
CID10339178,combination,CID2249
CID10339178,combination,CID2284
CID10339178,combination,CID24197464
CID10339178,combination,CID24748204
CID10339178,combination,CID24776445
CID10339178,combination,CID2478
CID10339178,combination,CID24964624
CID10339178,combination,CID2578
CID10339178,combination,CID2662
CID10339178,combination,CID26879
CID10339178,combination,CID2733525
CID10339178,combination,CID2907
CID10339178,combination,CID29327
CID10339178,combination,CID3019
CID10339178,combination,CID3034034
CID10339178,combination,CID3038
CID10339178,combination,CID3055
CID10339178,combination,CID3062316
CID10339178,combination,CID3117
CID10339178,combination,CID3331
CID10339178,combination,CID3373
CID10339178,combination,CID3397
CID10339178,combination,CID3406
CID10339178,combination,CID3519
CID10339178,combination,CID356653
CID10339178,combination,CID3690
CID10339178,combination,CID37393
CID10339178,combination,CID3883
CID10339178,combination,CID3955
CID10339178,combination,CID4032
CID10339178,combination,CID4037
CID10339178,combination,CID4054
CID10339178,combination,CID4114
CID10339178,combination,CID41684
CID10339178,combination,CID4173
CID10339178,combination,CID4212
CID10339178,combination,CID439693
CID10339178,combination,CID443939
CID10339178,combination,CID44403842
CID10339178,combination,CID444795
CID10339178,combination,CID445643
CID10339178,combination,CID446987
CID10339178,combination,CID4477
CID10339178,combination,CID449381
CID10339178,combination,CID4513
CID10339178,combination,CID46239015
CID10339178,combination,CID4674
CID10339178,combination,CID5284583
CID10339178,combination,CID5291
CID10339178,combination,CID5310966
CID10339178,combination,CID5311
CID10339178,combination,CID5311068
CID10339178,combination,CID5323714
CID10339178,combination,CID5329102
CID10339178,combination,CID5342
CID10339178,combination,CID5358
CID10339178,combination,CID5360373
CID10339178,combination,CID5360515
CID10339178,combination,CID5388983
CID10339178,combination,CID5426
CID10339178,combination,CID5430
CID10339178,combination,CID5462501
CID10339178,combination,CID54675769
CID10339178,combination,CID54680692
CID10339178,combination,CID54684141
CID10339178,combination,CID5493444
CID10339178,combination,CID5530
CID10339178,combination,CID5546
CID10339178,combination,CID5831
CID10339178,combination,CID5833
CID10339178,combination,CID59691338
CID10339178,combination,CID5991
CID10339178,combination,CID6013
CID10339178,combination,CID6018
CID10339178,combination,CID60198
CID10339178,combination,CID60648
CID10339178,combination,CID60699
CID10339178,combination,CID60753
CID10339178,combination,CID60795
CID10339178,combination,CID60838
CID10339178,combination,CID6100
CID10339178,combination,CID6321424
CID10339178,combination,CID6337614
CID10339178,combination,CID636362
CID10339178,combination,CID64139
CID10339178,combination,CID656583
CID10339178,combination,CID68617
CID10339178,combination,CID68740
CID10339178,combination,CID6914273
CID10339178,combination,CID6918296
CID10339178,combination,CID71384
CID10339178,combination,CID7550
CID10339178,combination,CID91649
CID10339178,combination,CID92722
CID10339178,combination,CID9811704
CID10339178,combination,CID9930913
CID10341154,combination,CID11347535
CID10367662,combination,CID11347535
CID10437018,combination,CID11347535
CID10458325,combination,CID11347535
CID10461508,combination,CID24821094
CID104741,combination,CID11525740
CID104741,combination,CID123608
CID104741,combination,CID132971
CID104741,combination,CID135401907
CID104741,combination,CID135410875
CID104741,combination,CID13988706
CID104741,combination,CID148121
CID104741,combination,CID176870
CID104741,combination,CID176871
CID104741,combination,CID208908
CID104741,combination,CID2141
CID104741,combination,CID24197464
CID104741,combination,CID24776445
CID104741,combination,CID2478
CID104741,combination,CID2578
CID104741,combination,CID2662
CID104741,combination,CID2733525
CID104741,combination,CID2907
CID104741,combination,CID29327
CID104741,combination,CID2942
CID104741,combination,CID3062316
CID104741,combination,CID356653
CID104741,combination,CID3690
CID104741,combination,CID4114
CID104741,combination,CID4212
CID104741,combination,CID443939
CID104741,combination,CID44403842
CID104741,combination,CID444795
CID104741,combination,CID5291
CID104741,combination,CID5311
CID104741,combination,CID5329102
CID104741,combination,CID5360373
CID104741,combination,CID5388983
CID104741,combination,CID5426
CID104741,combination,CID60198
CID104741,combination,CID60699
CID104741,combination,CID636362
CID104741,combination,CID68740
CID104741,combination,CID71384
CID104741,combination,CID9854073
CID10475633,combination,CID11957577
CID10475633,combination,CID2377
CID10475633,combination,CID29112
CID10475633,combination,CID3034034
CID10475633,combination,CID4055
CID10475633,combination,CID443390
CID10475633,combination,CID44469321
CID10475633,combination,CID448013
CID10475633,combination,CID49777740
CID10475633,combination,CID4993
CID10475633,combination,CID53494972
CID10475633,combination,CID5564
CID10475633,combination,CID6321424
CID10475633,combination,CID63224
CID10475633,combination,CID72188603
CID10475633,combination,CID8980
CID10475633,combination,CID92727
CID10475633,combination,CID969516
CID10475633,combination,CID9914412
CID104794,combination,CID11347535
CID107706,combination,CID11347535
CID107751,combination,CID11347535
CID107771,combination,CID11538455
CID107771,combination,CID163751
CID107771,combination,CID17134
CID107771,combination,CID23582824
CID107771,combination,CID25167777
CID107771,combination,CID3114
CID107771,combination,CID34312
CID107771,combination,CID37393
CID107771,combination,CID3784
CID107771,combination,CID39186
CID107771,combination,CID3932
CID107771,combination,CID4008
CID107771,combination,CID41022
CID107771,combination,CID441325
CID107771,combination,CID443390
CID107771,combination,CID44469321
CID107771,combination,CID448013
CID107771,combination,CID4746
CID107771,combination,CID4993
CID107771,combination,CID5311
CID107771,combination,CID53248764
CID107771,combination,CID53494972
CID107771,combination,CID6321424
CID107771,combination,CID63224
CID107771,combination,CID644274
CID107771,combination,CID6917864
CID107771,combination,CID6918446
CID107771,combination,CID72092
CID107771,combination,CID92178
CID107778,combination,CID11347535
CID107935,combination,CID24821094
CID107969,combination,CID11347535
CID107969,combination,CID24785538
CID107969,combination,CID3062316
CID107969,combination,CID446378
CID107969,combination,CID4477
CID107969,combination,CID68546
CID107970,combination,CID11524144
CID107970,combination,CID16667669
CID107970,combination,CID24785538
CID107970,combination,CID24978538
CID107970,combination,CID2733525
CID107970,combination,CID3062316
CID107970,combination,CID38911
CID107970,combination,CID446378
CID107970,combination,CID4477
CID107970,combination,CID57519554
CID107970,combination,CID6604870
CID107985,combination,CID11347535
CID107985,combination,CID135564985
CID107985,combination,CID24821094
CID107985,combination,CID3062316
CID107985,combination,CID3330
CID107985,combination,CID446378
CID107985,combination,CID46220502
CID107985,combination,CID52947716
CID107985,combination,CID9852573
CID107985,combination,CID9949641
CID108150,combination,CID11347535
CID108187,combination,CID11347535
CID11057,combination,CID11347535
CID11057,combination,CID11538455
CID11057,combination,CID122262
CID11057,combination,CID17134
CID11057,combination,CID23582824
CID11057,combination,CID25167777
CID11057,combination,CID29112
CID11057,combination,CID37393
CID11057,combination,CID44469321
CID11057,combination,CID447077
CID11057,combination,CID53494972
CID11057,combination,CID63224
CID11057,combination,CID6917864
CID11057,combination,CID9852573
CID11092,combination,CID11347535
CID11092,combination,CID16667669
CID11092,combination,CID22833280
CID11092,combination,CID24785538
CID11092,combination,CID446378
CID11092,combination,CID54900
CID11092,combination,CID6604870
CID11092,combination,CID73265318
CID11159621,combination,CID11347535
CID11159621,combination,CID24821094
CID11201705,combination,CID24821094
CID11222830,combination,CID24821094
CID11228183,combination,CID11347535
CID11242315,combination,CID11347535
CID11243536,combination,CID11347535
CID11243969,combination,CID11876263
CID11243969,combination,CID122108
CID11243969,combination,CID130904
CID11243969,combination,CID13109
CID11243969,combination,CID135398740
CID11243969,combination,CID135401907
CID11243969,combination,CID135413536
CID11243969,combination,CID135415564
CID11243969,combination,CID150311
CID11243969,combination,CID157920
CID11243969,combination,CID16667669
CID11243969,combination,CID1935
CID11243969,combination,CID1989
CID11243969,combination,CID2082
CID11243969,combination,CID208898
CID11243969,combination,CID2130
CID11243969,combination,CID2170
CID11243969,combination,CID219078
CID11243969,combination,CID22475
CID11243969,combination,CID2249
CID11243969,combination,CID2284
CID11243969,combination,CID2478
CID11243969,combination,CID2578
CID11243969,combination,CID3019
CID11243969,combination,CID3038
CID11243969,combination,CID3055
CID11243969,combination,CID3117
CID11243969,combination,CID3331
CID11243969,combination,CID3397
CID11243969,combination,CID3406
CID11243969,combination,CID3519
CID11243969,combination,CID37393
CID11243969,combination,CID3883
CID11243969,combination,CID3955
CID11243969,combination,CID4032
CID11243969,combination,CID4037
CID11243969,combination,CID41684
CID11243969,combination,CID4212
CID11243969,combination,CID439693
CID11243969,combination,CID445643
CID11243969,combination,CID4477
CID11243969,combination,CID449381
CID11243969,combination,CID4513
CID11243969,combination,CID4674
CID11243969,combination,CID4912
CID11243969,combination,CID517546
CID11243969,combination,CID5284583
CID11243969,combination,CID5291
CID11243969,combination,CID5311
CID11243969,combination,CID5323714
CID11243969,combination,CID5329102
CID11243969,combination,CID5342
CID11243969,combination,CID5358
CID11243969,combination,CID5360515
CID11243969,combination,CID5426
CID11243969,combination,CID5430
CID11243969,combination,CID5462501
CID11243969,combination,CID54675769
CID11243969,combination,CID54680692
CID11243969,combination,CID54684141
CID11243969,combination,CID5493444
CID11243969,combination,CID5530
CID11243969,combination,CID5831
CID11243969,combination,CID5833
CID11243969,combination,CID6013
CID11243969,combination,CID6018
CID11243969,combination,CID60753
CID11243969,combination,CID60795
CID11243969,combination,CID60838
CID11243969,combination,CID6100
CID11243969,combination,CID6321424
CID11243969,combination,CID6337614
CID11243969,combination,CID64139
CID11243969,combination,CID656583
CID11243969,combination,CID68617
CID11243969,combination,CID6918296
CID11243969,combination,CID7550
CID11243969,combination,CID92722
CID11243969,combination,CID9811704
CID11271909,combination,CID24821094
CID11273,combination,CID11347535
CID11273,combination,CID24821094
CID11285001,combination,CID11347535
CID11314340,combination,CID11347535
CID11347535,combination,CID11387605
CID11347535,combination,CID11398092
CID11347535,combination,CID11399764
CID11347535,combination,CID11485656
CID11347535,combination,CID11488110
CID11347535,combination,CID11488320
CID11347535,combination,CID11491176
CID11347535,combination,CID11497983
CID11347535,combination,CID11501591
CID11347535,combination,CID11519397
CID11347535,combination,CID11520894
CID11347535,combination,CID11538455
CID11347535,combination,CID11556427
CID11347535,combination,CID11617559
CID11347535,combination,CID11634725
CID11347535,combination,CID11671467
CID11347535,combination,CID11676786
CID11347535,combination,CID11685945
CID11347535,combination,CID117072549
CID11347535,combination,CID11717001
CID11347535,combination,CID11719003
CID11347535,combination,CID11749858
CID11347535,combination,CID11754200
CID11347535,combination,CID117636625
CID11347535,combination,CID117817422
CID11347535,combination,CID11784504
CID11347535,combination,CID118025540
CID11347535,combination,CID118196485
CID11347535,combination,CID118598754
CID11347535,combination,CID118693658
CID11347535,combination,CID118957930
CID11347535,combination,CID118986645
CID11347535,combination,CID119192
CID11347535,combination,CID11950170
CID11347535,combination,CID11955716
CID11347535,combination,CID11963194
CID11347535,combination,CID11973736
CID11347535,combination,CID11983295
CID11347535,combination,CID11984561
CID11347535,combination,CID121232405
CID11347535,combination,CID121271792
CID11347535,combination,CID121473004
CID11347535,combination,CID121487936
CID11347535,combination,CID121513855
CID11347535,combination,CID122197581
CID11347535,combination,CID12387471
CID11347535,combination,CID123964
CID11347535,combination,CID12620
CID11347535,combination,CID1271002
CID11347535,combination,CID129010078
CID11347535,combination,CID129869
CID11347535,combination,CID131955127
CID11347535,combination,CID133053818
CID11347535,combination,CID134828256
CID11347535,combination,CID135398495
CID11347535,combination,CID135398499
CID11347535,combination,CID135399748
CID11347535,combination,CID135410875
CID11347535,combination,CID135413536
CID11347535,combination,CID135413539
CID11347535,combination,CID135415564
CID11347535,combination,CID135418940
CID11347535,combination,CID135421442
CID11347535,combination,CID135564749
CID11347535,combination,CID135564985
CID11347535,combination,CID135565596
CID11347535,combination,CID135565635
CID11347535,combination,CID135565674
CID11347535,combination,CID135565981
CID11347535,combination,CID135567102
CID11347535,combination,CID1357397
CID11347535,combination,CID1361334
CID11347535,combination,CID1383884
CID11347535,combination,CID14240392
CID11347535,combination,CID148177
CID11347535,combination,CID148195
CID11347535,combination,CID150311
CID11347535,combination,CID151118
CID11347535,combination,CID151194
CID11347535,combination,CID153270
CID11347535,combination,CID1548943
CID11347535,combination,CID155815
CID11347535,combination,CID156422
CID11347535,combination,CID158797
CID11347535,combination,CID159269
CID11347535,combination,CID15951529
CID11347535,combination,CID15953870
CID11347535,combination,CID160254
CID11347535,combination,CID16038120
CID11347535,combination,CID16038374
CID11347535,combination,CID16041424
CID11347535,combination,CID16049404
CID11347535,combination,CID16052038
CID11347535,combination,CID16086114
CID11347535,combination,CID16095342
CID11347535,combination,CID16118392
CID11347535,combination,CID16123056
CID11347535,combination,CID164676
CID11347535,combination,CID16533
CID11347535,combination,CID16654980
CID11347535,combination,CID16667669
CID11347535,combination,CID16681698
CID11347535,combination,CID16736529
CID11347535,combination,CID16736978
CID11347535,combination,CID16739650
CID11347535,combination,CID16742063
CID11347535,combination,CID17134
CID11347535,combination,CID177865
CID11347535,combination,CID188914
CID11347535,combination,CID19212
CID11347535,combination,CID196970
CID11347535,combination,CID198693
CID11347535,combination,CID20058
CID11347535,combination,CID20279
CID11347535,combination,CID20635522
CID11347535,combination,CID208908
CID11347535,combination,CID213040
CID11347535,combination,CID216468
CID11347535,combination,CID2179
CID11347535,combination,CID22291652
CID11347535,combination,CID22508903
CID11347535,combination,CID229455
CID11347535,combination,CID23009
CID11347535,combination,CID23063810
CID11347535,combination,CID23116321
CID11347535,combination,CID23662354
CID11347535,combination,CID23711819
CID11347535,combination,CID24360
CID11347535,combination,CID24756910
CID11347535,combination,CID24770514
CID11347535,combination,CID24771867
CID11347535,combination,CID24772860
CID11347535,combination,CID24775005
CID11347535,combination,CID24776050
CID11347535,combination,CID24779724
CID11347535,combination,CID24779775
CID11347535,combination,CID2478
CID11347535,combination,CID24780598
CID11347535,combination,CID24785538
CID11347535,combination,CID24800541
CID11347535,combination,CID24812758
CID11347535,combination,CID24826799
CID11347535,combination,CID24853505
CID11347535,combination,CID24857286
CID11347535,combination,CID24857323
CID11347535,combination,CID24879368
CID11347535,combination,CID24889392
CID11347535,combination,CID24906275
CID11347535,combination,CID24951314
CID11347535,combination,CID24967599
CID11347535,combination,CID24978538
CID11347535,combination,CID24995524
CID11347535,combination,CID25019940
CID11347535,combination,CID25023738
CID11347535,combination,CID25027363
CID11347535,combination,CID25050
CID11347535,combination,CID25062766
CID11347535,combination,CID25073775
CID11347535,combination,CID25109292
CID11347535,combination,CID25109985
CID11347535,combination,CID25114442
CID11347535,combination,CID25124816
CID11347535,combination,CID25127713
CID11347535,combination,CID25134521
CID11347535,combination,CID25141092
CID11347535,combination,CID25151352
CID11347535,combination,CID25167017
CID11347535,combination,CID25167777
CID11347535,combination,CID25199517
CID11347535,combination,CID25207689
CID11347535,combination,CID25227847
CID11347535,combination,CID25262792
CID11347535,combination,CID2536
CID11347535,combination,CID2577
CID11347535,combination,CID259846
CID11347535,combination,CID265237
CID11347535,combination,CID2725002
CID11347535,combination,CID2746
CID11347535,combination,CID2828334
CID11347535,combination,CID29243
CID11347535,combination,CID2950007
CID11347535,combination,CID3009355
CID11347535,combination,CID3025986
CID11347535,combination,CID3037209
CID11347535,combination,CID3038517
CID11347535,combination,CID3038525
CID11347535,combination,CID3062316
CID11347535,combination,CID31553
CID11347535,combination,CID3324
CID11347535,combination,CID3330
CID11347535,combination,CID358177
CID11347535,combination,CID37392
CID11347535,combination,CID37393
CID11347535,combination,CID3883
CID11347535,combination,CID405012
CID11347535,combination,CID4114
CID11347535,combination,CID4170
CID11347535,combination,CID4212
CID11347535,combination,CID4216
CID11347535,combination,CID4248455
CID11347535,combination,CID4259181
CID11347535,combination,CID42628503
CID11347535,combination,CID439280
CID11347535,combination,CID439533
CID11347535,combination,CID439647
CID11347535,combination,CID439693
CID11347535,combination,CID44156921
CID11347535,combination,CID44182398
CID11347535,combination,CID44237094
CID11347535,combination,CID44240850
CID11347535,combination,CID442514
CID11347535,combination,CID44251605
CID11347535,combination,CID443354
CID11347535,combination,CID44462758
CID11347535,combination,CID444679
CID11347535,combination,CID44475014
CID11347535,combination,CID444795
CID11347535,combination,CID44480399
CID11347535,combination,CID44543605
CID11347535,combination,CID44545852
CID11347535,combination,CID44603533
CID11347535,combination,CID44607530
CID11347535,combination,CID446378
CID11347535,combination,CID4477
CID11347535,combination,CID447865
CID11347535,combination,CID447905
CID11347535,combination,CID448013
CID11347535,combination,CID44814409
CID11347535,combination,CID448545
CID11347535,combination,CID448601
CID11347535,combination,CID449054
CID11347535,combination,CID4566
CID11347535,combination,CID459617
CID11347535,combination,CID460612
CID11347535,combination,CID46184986
CID11347535,combination,CID46213929
CID11347535,combination,CID46216556
CID11347535,combination,CID46216796
CID11347535,combination,CID46220502
CID11347535,combination,CID46224516
CID11347535,combination,CID46241268
CID11347535,combination,CID46245047
CID11347535,combination,CID46742353
CID11347535,combination,CID4679
CID11347535,combination,CID46832368
CID11347535,combination,CID46843772
CID11347535,combination,CID46843906
CID11347535,combination,CID46866705
CID11347535,combination,CID46870258
CID11347535,combination,CID46885626
CID11347535,combination,CID46909588
CID11347535,combination,CID46911228
CID11347535,combination,CID46911863
CID11347535,combination,CID46927888
CID11347535,combination,CID46930992
CID11347535,combination,CID46943432
CID11347535,combination,CID476861
CID11347535,combination,CID479503
CID11347535,combination,CID4823
CID11347535,combination,CID483477
CID11347535,combination,CID4912
CID11347535,combination,CID4922
CID11347535,combination,CID49841217
CID11347535,combination,CID49843531
CID11347535,combination,CID49855250
CID11347535,combination,CID50905713
CID11347535,combination,CID50922675
CID11347535,combination,CID51001932
CID11347535,combination,CID51003603
CID11347535,combination,CID51033720
CID11347535,combination,CID51346455
CID11347535,combination,CID51358113
CID11347535,combination,CID5163
CID11347535,combination,CID5277135
CID11347535,combination,CID5280360
CID11347535,combination,CID5280373
CID11347535,combination,CID5280723
CID11347535,combination,CID5280863
CID11347535,combination,CID5281033
CID11347535,combination,CID5281304
CID11347535,combination,CID5281613
CID11347535,combination,CID5281884
CID11347535,combination,CID5281915
CID11347535,combination,CID5282230
CID11347535,combination,CID5283820
CID11347535,combination,CID5284329
CID11347535,combination,CID5284447
CID11347535,combination,CID52912222
CID11347535,combination,CID52938427
CID11347535,combination,CID5311
CID11347535,combination,CID5321010
CID11347535,combination,CID5321018
CID11347535,combination,CID5327916
CID11347535,combination,CID5329098
CID11347535,combination,CID5329099
CID11347535,combination,CID53315868
CID11347535,combination,CID53315882
CID11347535,combination,CID53322923
CID11347535,combination,CID53340426
CID11347535,combination,CID53340666
CID11347535,combination,CID53344620
CID11347535,combination,CID53355503
CID11347535,combination,CID53396311
CID11347535,combination,CID53469059
CID11347535,combination,CID53469448
CID11347535,combination,CID5353852
CID11347535,combination,CID5426
CID11347535,combination,CID54576693
CID11347535,combination,CID54675783
CID11347535,combination,CID54677946
CID11347535,combination,CID54678924
CID11347535,combination,CID54682876
CID11347535,combination,CID54684141
CID11347535,combination,CID54685215
CID11347535,combination,CID54704426
CID11347535,combination,CID5478883
CID11347535,combination,CID5478927
CID11347535,combination,CID56645961
CID11347535,combination,CID5684
CID11347535,combination,CID56843850
CID11347535,combination,CID56844015
CID11347535,combination,CID56846691
CID11347535,combination,CID56846693
CID11347535,combination,CID56965901
CID11347535,combination,CID56968072
CID11347535,combination,CID56973724
CID11347535,combination,CID57030
CID11347535,combination,CID5730
CID11347535,combination,CID57336745
CID11347535,combination,CID57345410
CID11347535,combination,CID57345941
CID11347535,combination,CID57379345
CID11347535,combination,CID57381425
CID11347535,combination,CID57519505
CID11347535,combination,CID57519544
CID11347535,combination,CID57519550
CID11347535,combination,CID57519748
CID11347535,combination,CID5754
CID11347535,combination,CID58298318
CID11347535,combination,CID58299817
CID11347535,combination,CID58507717
CID11347535,combination,CID5924208
CID11347535,combination,CID59422203
CID11347535,combination,CID59437537
CID11347535,combination,CID59604787
CID11347535,combination,CID59634741
CID11347535,combination,CID60147023
CID11347535,combination,CID60164
CID11347535,combination,CID60167849
CID11347535,combination,CID60198
CID11347535,combination,CID60202647
CID11347535,combination,CID6032
CID11347535,combination,CID60652
CID11347535,combination,CID60795
CID11347535,combination,CID60803
CID11347535,combination,CID60825
CID11347535,combination,CID636362
CID11347535,combination,CID636375
CID11347535,combination,CID6436208
CID11347535,combination,CID6445533
CID11347535,combination,CID6450819
CID11347535,combination,CID64713
CID11347535,combination,CID64945
CID11347535,combination,CID65014
CID11347535,combination,CID6505803
CID11347535,combination,CID65411
CID11347535,combination,CID656954
CID11347535,combination,CID6604561
CID11347535,combination,CID66577038
CID11347535,combination,CID66598080
CID11347535,combination,CID67469084
CID11347535,combination,CID6758
CID11347535,combination,CID68107965
CID11347535,combination,CID6918132
CID11347535,combination,CID6918182
CID11347535,combination,CID6918289
CID11347535,combination,CID6918296
CID11347535,combination,CID6918446
CID11347535,combination,CID6918493
CID11347535,combination,CID6918638
CID11347535,combination,CID6918788
CID11347535,combination,CID6918848
CID11347535,combination,CID70004430
CID11347535,combination,CID70676303
CID11347535,combination,CID70679466
CID11347535,combination,CID70687193
CID11347535,combination,CID70798655
CID11347535,combination,CID70983932
CID11347535,combination,CID70983934
CID11347535,combination,CID71291068
CID11347535,combination,CID71478
CID11347535,combination,CID71481097
CID11347535,combination,CID71494949
CID11347535,combination,CID71496458
CID11347535,combination,CID71587153
CID11347535,combination,CID71599640
CID11347535,combination,CID71600087
CID11347535,combination,CID71604307
CID11347535,combination,CID71721540
CID11347535,combination,CID71731823
CID11347535,combination,CID71811910
CID11347535,combination,CID72200024
CID11347535,combination,CID72271
CID11347535,combination,CID72435
CID11347535,combination,CID72547474
CID11347535,combination,CID72709209
CID11347535,combination,CID72734520
CID11347535,combination,CID73265200
CID11347535,combination,CID73265205
CID11347535,combination,CID73265227
CID11347535,combination,CID73265273
CID11347535,combination,CID73265283
CID11347535,combination,CID73265308
CID11347535,combination,CID73265342
CID11347535,combination,CID73265358
CID11347535,combination,CID73265372
CID11347535,combination,CID73659
CID11347535,combination,CID73670548
CID11347535,combination,CID7638
CID11347535,combination,CID76685059
CID11347535,combination,CID78000
CID11347535,combination,CID78243717
CID11347535,combination,CID78320750
CID11347535,combination,CID78357763
CID11347535,combination,CID78357807
CID11347535,combination,CID8582409
CID11347535,combination,CID8617
CID11347535,combination,CID86287635
CID11347535,combination,CID86345880
CID11347535,combination,CID86763204
CID11347535,combination,CID89683805
CID11347535,combination,CID90116945
CID11347535,combination,CID91430
CID11347535,combination,CID91617630
CID11347535,combination,CID91623361
CID11347535,combination,CID91667931
CID11347535,combination,CID91885438
CID11347535,combination,CID91885617
CID11347535,combination,CID91933867
CID11347535,combination,CID92044376
CID11347535,combination,CID92577
CID11347535,combination,CID9796068
CID11347535,combination,CID9798973
CID11347535,combination,CID9799888
CID11347535,combination,CID9800555
CID11347535,combination,CID9803932
CID11347535,combination,CID9807431
CID11347535,combination,CID9810709
CID11347535,combination,CID9819927
CID11347535,combination,CID9828911
CID11347535,combination,CID9843900
CID11347535,combination,CID9847557
CID11347535,combination,CID9852573
CID11347535,combination,CID9858940
CID11347535,combination,CID9865515
CID11347535,combination,CID9867340
CID11347535,combination,CID9882793
CID11347535,combination,CID9884807
CID11347535,combination,CID9887712
CID11347535,combination,CID9914412
CID11347535,combination,CID9933475
CID11347535,combination,CID9934283
CID11347535,combination,CID9938203
CID11347535,combination,CID9943465
CID11347535,combination,CID9952884
CID11347535,combination,CID9956637
CID11354606,combination,CID443939
CID11354606,combination,CID636362
CID11442891,combination,CID11494412
CID11442891,combination,CID11717641
CID11442891,combination,CID11978790
CID11442891,combination,CID126565
CID11442891,combination,CID135564985
CID11442891,combination,CID148121
CID11442891,combination,CID16654980
CID11442891,combination,CID24360
CID11442891,combination,CID24964624
CID11442891,combination,CID24978538
CID11442891,combination,CID446378
CID11442891,combination,CID46944259
CID11442891,combination,CID57336745
CID11442891,combination,CID57441923
CID11442891,combination,CID5944
CID11442891,combination,CID60060499
CID11442891,combination,CID66646767
CID11442891,combination,CID6917864
CID11442891,combination,CID6918405
CID11442891,combination,CID73265223
CID11442891,combination,CID73265233
CID11442891,combination,CID73265377
CID11442891,combination,CID73461
CID11442891,combination,CID9918559
CID11454028,combination,CID24821094
CID11455910,combination,CID24821094
CID11485656,combination,CID24821094
CID11488320,combination,CID156422
CID11488320,combination,CID16095342
CID11488320,combination,CID208908
CID11488320,combination,CID23725625
CID11488320,combination,CID24360
CID11488320,combination,CID24771867
CID11488320,combination,CID24785538
CID11488320,combination,CID24964624
CID11488320,combination,CID24978538
CID11488320,combination,CID44462760
CID11488320,combination,CID51001932
CID11488320,combination,CID51042438
CID11488320,combination,CID5311
CID11488320,combination,CID5311497
CID11488320,combination,CID5330286
CID11488320,combination,CID56649450
CID11488320,combination,CID9858940
CID11488320,combination,CID9887053
CID11488320,combination,CID9914412
CID11493841,combination,CID24821094
CID11494412,combination,CID16654980
CID11494412,combination,CID24978538
CID11494412,combination,CID265237
CID11494412,combination,CID446378
CID11494412,combination,CID6914657
CID11494412,combination,CID72435
CID11494412,combination,CID9823820
CID11520894,combination,CID11977753
CID11520894,combination,CID176870
CID11520894,combination,CID208908
CID11520894,combination,CID216454
CID11520894,combination,CID24748204
CID11520894,combination,CID24964624
CID11520894,combination,CID2907
CID11520894,combination,CID3062316
CID11520894,combination,CID46239015
CID11520894,combination,CID5311
CID11520894,combination,CID5311497
CID11520894,combination,CID5329102
CID11520894,combination,CID59691338
CID11520894,combination,CID9887053
CID11524144,combination,CID11671467
CID11524144,combination,CID11977753
CID11524144,combination,CID16667669
CID11524144,combination,CID16755649
CID11524144,combination,CID24756910
CID11524144,combination,CID24771867
CID11524144,combination,CID24785538
CID11524144,combination,CID24978538
CID11524144,combination,CID2733525
CID11524144,combination,CID3062316
CID11524144,combination,CID38911
CID11524144,combination,CID4477
CID11524144,combination,CID5321010
CID11524144,combination,CID5330286
CID11524144,combination,CID54900
CID11524144,combination,CID6914657
CID11525740,combination,CID123608
CID11525740,combination,CID132971
CID11525740,combination,CID135401907
CID11525740,combination,CID135410875
CID11525740,combination,CID13988706
CID11525740,combination,CID148121
CID11525740,combination,CID176870
CID11525740,combination,CID176871
CID11525740,combination,CID208908
CID11525740,combination,CID2141
CID11525740,combination,CID24197464
CID11525740,combination,CID24776445
CID11525740,combination,CID2478
CID11525740,combination,CID2578
CID11525740,combination,CID2662
CID11525740,combination,CID2733525
CID11525740,combination,CID2907
CID11525740,combination,CID29327
CID11525740,combination,CID2942
CID11525740,combination,CID3062316
CID11525740,combination,CID356653
CID11525740,combination,CID3690
CID11525740,combination,CID4114
CID11525740,combination,CID4212
CID11525740,combination,CID443939
CID11525740,combination,CID44403842
CID11525740,combination,CID444795
CID11525740,combination,CID5291
CID11525740,combination,CID5311
CID11525740,combination,CID5329102
CID11525740,combination,CID5360373
CID11525740,combination,CID5388983
CID11525740,combination,CID5426
CID11525740,combination,CID60198
CID11525740,combination,CID60699
CID11525740,combination,CID636362
CID11525740,combination,CID68740
CID11525740,combination,CID71384
CID11525740,combination,CID9854073
CID11530459,combination,CID24821094
CID11538455,combination,CID122262
CID11538455,combination,CID17134
CID11538455,combination,CID23582824
CID11538455,combination,CID29112
CID11538455,combination,CID37393
CID11538455,combination,CID44469321
CID11538455,combination,CID447077
CID11538455,combination,CID53494972
CID11538455,combination,CID57336745
CID11538455,combination,CID6917864
CID11577725,combination,CID24821094
CID11595431,combination,CID24821094
CID11609586,combination,CID24821094
CID11625818,combination,CID24821094
CID11634725,combination,CID24821094
CID11667893,combination,CID24821094
CID11671467,combination,CID22833280
CID11671467,combination,CID24756910
CID11671467,combination,CID24771867
CID11671467,combination,CID24785538
CID11671467,combination,CID24978538
CID11671467,combination,CID38911
CID11671467,combination,CID446378
CID11671467,combination,CID4477
CID11671467,combination,CID54900
CID11671467,combination,CID57519554
CID11671467,combination,CID5944
CID11671467,combination,CID6604870
CID11671467,combination,CID68546
CID11671467,combination,CID72686
CID11671467,combination,CID73265318
CID11671467,combination,CID73265389
CID11676786,combination,CID24821094
CID11717001,combination,CID24821094
CID11717641,combination,CID16654980
CID11717641,combination,CID53396328
CID11717641,combination,CID72435
CID11717641,combination,CID73265223
CID11717641,combination,CID73265233
CID11740218,combination,CID11978790
CID11740218,combination,CID24964624
CID11740218,combination,CID24978538
CID11740218,combination,CID57441923
CID11740218,combination,CID73265233
CID11740218,combination,CID73461
CID11740218,combination,CID9823820
CID11740218,combination,CID9918559
CID117817422,combination,CID11977753
CID117817422,combination,CID16654980
CID117817422,combination,CID16718576
CID117817422,combination,CID24785538
CID117817422,combination,CID449171
CID117817422,combination,CID46188928
CID117817422,combination,CID5330286
CID117817422,combination,CID53340426
CID11876263,combination,CID122108
CID11876263,combination,CID13109
CID11876263,combination,CID135401907
CID11876263,combination,CID135413536
CID11876263,combination,CID1461
CID11876263,combination,CID150311
CID11876263,combination,CID157920
CID11876263,combination,CID165580
CID11876263,combination,CID16667669
CID11876263,combination,CID1935
CID11876263,combination,CID1989
CID11876263,combination,CID2082
CID11876263,combination,CID208898
CID11876263,combination,CID219078
CID11876263,combination,CID22475
CID11876263,combination,CID2249
CID11876263,combination,CID2284
CID11876263,combination,CID2478
CID11876263,combination,CID2578
CID11876263,combination,CID3019
CID11876263,combination,CID3034034
CID11876263,combination,CID3038
CID11876263,combination,CID3055
CID11876263,combination,CID3117
CID11876263,combination,CID3373
CID11876263,combination,CID3397
CID11876263,combination,CID3406
CID11876263,combination,CID3519
CID11876263,combination,CID37393
CID11876263,combination,CID3883
CID11876263,combination,CID3955
CID11876263,combination,CID4037
CID11876263,combination,CID4054
CID11876263,combination,CID41684
CID11876263,combination,CID4173
CID11876263,combination,CID4212
CID11876263,combination,CID445643
CID11876263,combination,CID446987
CID11876263,combination,CID4477
CID11876263,combination,CID449381
CID11876263,combination,CID4513
CID11876263,combination,CID517546
CID11876263,combination,CID5291
CID11876263,combination,CID5311
CID11876263,combination,CID5323714
CID11876263,combination,CID5329102
CID11876263,combination,CID5342
CID11876263,combination,CID5358
CID11876263,combination,CID5360515
CID11876263,combination,CID5426
CID11876263,combination,CID5430
CID11876263,combination,CID5462501
CID11876263,combination,CID54675769
CID11876263,combination,CID54680692
CID11876263,combination,CID54684141
CID11876263,combination,CID5493444
CID11876263,combination,CID5530
CID11876263,combination,CID5546
CID11876263,combination,CID5831
CID11876263,combination,CID5833
CID11876263,combination,CID6013
CID11876263,combination,CID6018
CID11876263,combination,CID60648
CID11876263,combination,CID60795
CID11876263,combination,CID60838
CID11876263,combination,CID6100
CID11876263,combination,CID6321424
CID11876263,combination,CID6337614
CID11876263,combination,CID656583
CID11876263,combination,CID68617
CID11876263,combination,CID6914273
CID11876263,combination,CID6918296
CID11876263,combination,CID7550
CID11876263,combination,CID91649
CID11876263,combination,CID92722
CID11876263,combination,CID9811704
CID11876263,combination,CID9930913
CID119192,combination,CID24821094
CID11957503,combination,CID11977753
CID11957503,combination,CID135421197
CID11957503,combination,CID16654980
CID11957503,combination,CID16718576
CID11957503,combination,CID441361
CID11957503,combination,CID449171
CID11957503,combination,CID46188928
CID11957503,combination,CID5330286
CID11957503,combination,CID60160561
CID11964036,combination,CID16654980
CID11964036,combination,CID24821094
CID11964036,combination,CID24826799
CID11977753,combination,CID135421197
CID11977753,combination,CID16222096
CID11977753,combination,CID16222097
CID11977753,combination,CID16718576
CID11977753,combination,CID16736529
CID11977753,combination,CID176870
CID11977753,combination,CID208908
CID11977753,combination,CID216454
CID11977753,combination,CID23725625
CID11977753,combination,CID24748204
CID11977753,combination,CID24756910
CID11977753,combination,CID24771867
CID11977753,combination,CID24779775
CID11977753,combination,CID24785538
CID11977753,combination,CID24821094
CID11977753,combination,CID24964624
CID11977753,combination,CID24978538
CID11977753,combination,CID2907
CID11977753,combination,CID3062316
CID11977753,combination,CID31411
CID11977753,combination,CID38911
CID11977753,combination,CID446378
CID11977753,combination,CID449171
CID11977753,combination,CID46188928
CID11977753,combination,CID46239015
CID11977753,combination,CID51001932
CID11977753,combination,CID5311
CID11977753,combination,CID5311497
CID11977753,combination,CID5321010
CID11977753,combination,CID5329102
CID11977753,combination,CID5330286
CID11977753,combination,CID53340426
CID11977753,combination,CID54900
CID11977753,combination,CID57519554
CID11977753,combination,CID59691338
CID11977753,combination,CID60838
CID11977753,combination,CID6746983
CID11977753,combination,CID68546
CID11977753,combination,CID6914657
CID11977753,combination,CID72686
CID11977753,combination,CID73265318
CID11977753,combination,CID73265389
CID11977753,combination,CID73461
CID11977753,combination,CID9800555
CID11977753,combination,CID9887053
CID11978790,combination,CID135564985
CID11978790,combination,CID148121
CID11978790,combination,CID15558393
CID11978790,combination,CID16222097
CID11978790,combination,CID16654980
CID11978790,combination,CID24360
CID11978790,combination,CID24826799
CID11978790,combination,CID24964624
CID11978790,combination,CID24978538
CID11978790,combination,CID3117
CID11978790,combination,CID446378
CID11978790,combination,CID53396328
CID11978790,combination,CID57441923
CID11978790,combination,CID657237
CID11978790,combination,CID66646767
CID11978790,combination,CID73265223
CID11978790,combination,CID73265233
CID11978790,combination,CID73265377
CID11978790,combination,CID73461
CID11978790,combination,CID9918559
CID11983295,combination,CID24821094
CID11987888,combination,CID24821094
CID122108,combination,CID130881
CID122108,combination,CID130904
CID122108,combination,CID13109
CID122108,combination,CID135398740
CID122108,combination,CID135401907
CID122108,combination,CID135413536
CID122108,combination,CID135415564
CID122108,combination,CID1461
CID122108,combination,CID150311
CID122108,combination,CID157920
CID122108,combination,CID165580
CID122108,combination,CID16667669
CID122108,combination,CID1935
CID122108,combination,CID1989
CID122108,combination,CID2082
CID122108,combination,CID208898
CID122108,combination,CID2170
CID122108,combination,CID219078
CID122108,combination,CID22475
CID122108,combination,CID2249
CID122108,combination,CID2284
CID122108,combination,CID2478
CID122108,combination,CID2578
CID122108,combination,CID3019
CID122108,combination,CID3034034
CID122108,combination,CID3117
CID122108,combination,CID3331
CID122108,combination,CID3373
CID122108,combination,CID3397
CID122108,combination,CID3406
CID122108,combination,CID3519
CID122108,combination,CID37393
CID122108,combination,CID3883
CID122108,combination,CID4032
CID122108,combination,CID4037
CID122108,combination,CID4054
CID122108,combination,CID41684
CID122108,combination,CID4173
CID122108,combination,CID4212
CID122108,combination,CID445643
CID122108,combination,CID446987
CID122108,combination,CID4477
CID122108,combination,CID4674
CID122108,combination,CID4912
CID122108,combination,CID517546
CID122108,combination,CID5284583
CID122108,combination,CID5291
CID122108,combination,CID5310966
CID122108,combination,CID5311
CID122108,combination,CID5311068
CID122108,combination,CID5323714
CID122108,combination,CID5342
CID122108,combination,CID5358
CID122108,combination,CID5360515
CID122108,combination,CID5430
CID122108,combination,CID54675769
CID122108,combination,CID54680692
CID122108,combination,CID54684141
CID122108,combination,CID5493444
CID122108,combination,CID5530
CID122108,combination,CID5546
CID122108,combination,CID5831
CID122108,combination,CID5991
CID122108,combination,CID6013
CID122108,combination,CID60648
CID122108,combination,CID60753
CID122108,combination,CID60795
CID122108,combination,CID60838
CID122108,combination,CID6100
CID122108,combination,CID6321424
CID122108,combination,CID6337614
CID122108,combination,CID64139
CID122108,combination,CID68617
CID122108,combination,CID6914273
CID122108,combination,CID6918296
CID122108,combination,CID7550
CID122108,combination,CID91649
CID122108,combination,CID92722
CID122108,combination,CID9930913
CID122197581,combination,CID24779775
CID122197581,combination,CID53340426
CID122262,combination,CID158797
CID122262,combination,CID17134
CID122262,combination,CID23582824
CID122262,combination,CID25167777
CID122262,combination,CID29112
CID122262,combination,CID3396
CID122262,combination,CID34312
CID122262,combination,CID34633
CID122262,combination,CID36708
CID122262,combination,CID37393
CID122262,combination,CID3784
CID122262,combination,CID3932
CID122262,combination,CID4008
CID122262,combination,CID41022
CID122262,combination,CID441325
CID122262,combination,CID44469321
CID122262,combination,CID447077
CID122262,combination,CID4474
CID122262,combination,CID4746
CID122262,combination,CID53494972
CID122262,combination,CID60810
CID122262,combination,CID60934
CID122262,combination,CID63224
CID122262,combination,CID644274
CID122262,combination,CID66064
CID122262,combination,CID6917864
CID122262,combination,CID6918446
CID122262,combination,CID9852573
CID122262,combination,CID9882793
CID123608,combination,CID132971
CID123608,combination,CID135401907
CID123608,combination,CID135410875
CID123608,combination,CID13988706
CID123608,combination,CID148121
CID123608,combination,CID176871
CID123608,combination,CID208908
CID123608,combination,CID2141
CID123608,combination,CID24197464
CID123608,combination,CID24776445
CID123608,combination,CID2478
CID123608,combination,CID2578
CID123608,combination,CID2662
CID123608,combination,CID2733525
CID123608,combination,CID2907
CID123608,combination,CID29327
CID123608,combination,CID3062316
CID123608,combination,CID356653
CID123608,combination,CID3690
CID123608,combination,CID4114
CID123608,combination,CID4212
CID123608,combination,CID443939
CID123608,combination,CID44403842
CID123608,combination,CID444795
CID123608,combination,CID5291
CID123608,combination,CID5311
CID123608,combination,CID5329102
CID123608,combination,CID5360373
CID123608,combination,CID5388983
CID123608,combination,CID5426
CID123608,combination,CID60198
CID123608,combination,CID60699
CID123608,combination,CID636362
CID123608,combination,CID68740
CID123608,combination,CID71384
CID126565,combination,CID16654980
CID126565,combination,CID24360
CID126565,combination,CID24821094
CID126565,combination,CID44156902
CID126565,combination,CID46944259
CID126565,combination,CID57336745
CID126565,combination,CID6914657
CID126565,combination,CID9918559
CID126758,combination,CID24821094
CID129010078,combination,CID135564985
CID129010078,combination,CID24821094
CID129010078,combination,CID3062316
CID129010078,combination,CID3330
CID129010078,combination,CID446378
CID129010078,combination,CID46220502
CID129010078,combination,CID52947716
CID129010078,combination,CID9852573
CID129010078,combination,CID9949641
CID12947,combination,CID24821094
CID130881,combination,CID13109
CID130881,combination,CID135398740
CID130881,combination,CID135401907
CID130881,combination,CID135413536
CID130881,combination,CID135415564
CID130881,combination,CID1461
CID130881,combination,CID150311
CID130881,combination,CID157920
CID130881,combination,CID165580
CID130881,combination,CID16667669
CID130881,combination,CID1989
CID130881,combination,CID2082
CID130881,combination,CID208898
CID130881,combination,CID2170
CID130881,combination,CID219078
CID130881,combination,CID22475
CID130881,combination,CID2249
CID130881,combination,CID2284
CID130881,combination,CID2478
CID130881,combination,CID2578
CID130881,combination,CID3019
CID130881,combination,CID3034034
CID130881,combination,CID3038
CID130881,combination,CID3055
CID130881,combination,CID3117
CID130881,combination,CID3331
CID130881,combination,CID3373
CID130881,combination,CID3397
CID130881,combination,CID3406
CID130881,combination,CID3519
CID130881,combination,CID37393
CID130881,combination,CID3883
CID130881,combination,CID3955
CID130881,combination,CID4032
CID130881,combination,CID4037
CID130881,combination,CID4054
CID130881,combination,CID41684
CID130881,combination,CID4173
CID130881,combination,CID439693
CID130881,combination,CID445643
CID130881,combination,CID446987
CID130881,combination,CID4477
CID130881,combination,CID4513
CID130881,combination,CID4674
CID130881,combination,CID4912
CID130881,combination,CID517546
CID130881,combination,CID5291
CID130881,combination,CID5311
CID130881,combination,CID5311068
CID130881,combination,CID5323714
CID130881,combination,CID5342
CID130881,combination,CID5358
CID130881,combination,CID5360515
CID130881,combination,CID5426
CID130881,combination,CID5430
CID130881,combination,CID5462501
CID130881,combination,CID54675769
CID130881,combination,CID54684141
CID130881,combination,CID5493444
CID130881,combination,CID5530
CID130881,combination,CID5546
CID130881,combination,CID5831
CID130881,combination,CID5833
CID130881,combination,CID5991
CID130881,combination,CID6013
CID130881,combination,CID6018
CID130881,combination,CID60648
CID130881,combination,CID60753
CID130881,combination,CID60795
CID130881,combination,CID60838
CID130881,combination,CID6100
CID130881,combination,CID6321424
CID130881,combination,CID6337614
CID130881,combination,CID64139
CID130881,combination,CID656583
CID130881,combination,CID6914273
CID130881,combination,CID91649
CID130881,combination,CID92722
CID130881,combination,CID9811704
CID130881,combination,CID9930913
CID130904,combination,CID13109
CID130904,combination,CID135401907
CID130904,combination,CID135413536
CID130904,combination,CID135415564
CID130904,combination,CID1461
CID130904,combination,CID150311
CID130904,combination,CID165580
CID130904,combination,CID16667669
CID130904,combination,CID1935
CID130904,combination,CID1989
CID130904,combination,CID2082
CID130904,combination,CID2130
CID130904,combination,CID219078
CID130904,combination,CID22475
CID130904,combination,CID2249
CID130904,combination,CID2478
CID130904,combination,CID2578
CID130904,combination,CID3019
CID130904,combination,CID3034034
CID130904,combination,CID3038
CID130904,combination,CID3055
CID130904,combination,CID3117
CID130904,combination,CID3331
CID130904,combination,CID3373
CID130904,combination,CID3397
CID130904,combination,CID3406
CID130904,combination,CID3519
CID130904,combination,CID37393
CID130904,combination,CID3883
CID130904,combination,CID3955
CID130904,combination,CID4032
CID130904,combination,CID4037
CID130904,combination,CID4054
CID130904,combination,CID41684
CID130904,combination,CID4173
CID130904,combination,CID4212
CID130904,combination,CID439693
CID130904,combination,CID4477
CID130904,combination,CID449381
CID130904,combination,CID4513
CID130904,combination,CID4674
CID130904,combination,CID4912
CID130904,combination,CID517546
CID130904,combination,CID5291
CID130904,combination,CID5310966
CID130904,combination,CID5311
CID130904,combination,CID5311068
CID130904,combination,CID5323714
CID130904,combination,CID5329102
CID130904,combination,CID5342
CID130904,combination,CID5360515
CID130904,combination,CID5426
CID130904,combination,CID5462501
CID130904,combination,CID54675769
CID130904,combination,CID54680692
CID130904,combination,CID54684141
CID130904,combination,CID5493444
CID130904,combination,CID5530
CID130904,combination,CID5831
CID130904,combination,CID5833
CID130904,combination,CID5991
CID130904,combination,CID6018
CID130904,combination,CID60753
CID130904,combination,CID60795
CID130904,combination,CID60838
CID130904,combination,CID6100
CID130904,combination,CID6321424
CID130904,combination,CID6337614
CID130904,combination,CID64139
CID130904,combination,CID68617
CID130904,combination,CID6914273
CID130904,combination,CID7550
CID130904,combination,CID91649
CID130904,combination,CID9811704
CID130904,combination,CID9930913
CID13109,combination,CID135398740
CID13109,combination,CID135401907
CID13109,combination,CID135413536
CID13109,combination,CID135415564
CID13109,combination,CID150311
CID13109,combination,CID157920
CID13109,combination,CID165580
CID13109,combination,CID16667669
CID13109,combination,CID1935
CID13109,combination,CID1989
CID13109,combination,CID2082
CID13109,combination,CID208898
CID13109,combination,CID2130
CID13109,combination,CID2170
CID13109,combination,CID22475
CID13109,combination,CID2249
CID13109,combination,CID2284
CID13109,combination,CID2478
CID13109,combination,CID2578
CID13109,combination,CID3019
CID13109,combination,CID3034034
CID13109,combination,CID3038
CID13109,combination,CID3055
CID13109,combination,CID3117
CID13109,combination,CID3331
CID13109,combination,CID3373
CID13109,combination,CID3397
CID13109,combination,CID3406
CID13109,combination,CID3519
CID13109,combination,CID37393
CID13109,combination,CID3883
CID13109,combination,CID3955
CID13109,combination,CID4037
CID13109,combination,CID41684
CID13109,combination,CID4173
CID13109,combination,CID4212
CID13109,combination,CID439693
CID13109,combination,CID445643
CID13109,combination,CID446987
CID13109,combination,CID4477
CID13109,combination,CID449381
CID13109,combination,CID4513
CID13109,combination,CID4674
CID13109,combination,CID4912
CID13109,combination,CID517546
CID13109,combination,CID5291
CID13109,combination,CID5311
CID13109,combination,CID5311068
CID13109,combination,CID5323714
CID13109,combination,CID5329102
CID13109,combination,CID5358
CID13109,combination,CID5360515
CID13109,combination,CID5426
CID13109,combination,CID5430
CID13109,combination,CID5462501
CID13109,combination,CID54675769
CID13109,combination,CID54680692
CID13109,combination,CID54684141
CID13109,combination,CID5493444
CID13109,combination,CID5530
CID13109,combination,CID5546
CID13109,combination,CID5831
CID13109,combination,CID6013
CID13109,combination,CID6018
CID13109,combination,CID60648
CID13109,combination,CID60838
CID13109,combination,CID6100
CID13109,combination,CID6321424
CID13109,combination,CID6337614
CID13109,combination,CID64139
CID13109,combination,CID656583
CID13109,combination,CID6914273
CID13109,combination,CID6918296
CID13109,combination,CID7550
CID13109,combination,CID91649
CID13109,combination,CID9930913
CID132971,combination,CID135401907
CID132971,combination,CID135410875
CID132971,combination,CID13988706
CID132971,combination,CID148121
CID132971,combination,CID176870
CID132971,combination,CID176871
CID132971,combination,CID208908
CID132971,combination,CID2141
CID132971,combination,CID24197464
CID132971,combination,CID24776445
CID132971,combination,CID2478
CID132971,combination,CID2578
CID132971,combination,CID2662
CID132971,combination,CID2733525
CID132971,combination,CID2907
CID132971,combination,CID29327
CID132971,combination,CID2942
CID132971,combination,CID3062316
CID132971,combination,CID356653
CID132971,combination,CID3690
CID132971,combination,CID4114
CID132971,combination,CID4212
CID132971,combination,CID443939
CID132971,combination,CID44403842
CID132971,combination,CID444795
CID132971,combination,CID5291
CID132971,combination,CID5311
CID132971,combination,CID5329102
CID132971,combination,CID53494972
CID132971,combination,CID5360373
CID132971,combination,CID5388983
CID132971,combination,CID5426
CID132971,combination,CID60198
CID132971,combination,CID60699
CID132971,combination,CID6321424
CID132971,combination,CID636362
CID132971,combination,CID68740
CID132971,combination,CID71384
CID132971,combination,CID9854073
CID133021,combination,CID24821094
CID1345,combination,CID24821094
CID135398491,combination,CID24821094
CID135398740,combination,CID135415564
CID135398740,combination,CID1461
CID135398740,combination,CID150311
CID135398740,combination,CID157920
CID135398740,combination,CID165580
CID135398740,combination,CID16667669
CID135398740,combination,CID1935
CID135398740,combination,CID1989
CID135398740,combination,CID2082
CID135398740,combination,CID208898
CID135398740,combination,CID2170
CID135398740,combination,CID22475
CID135398740,combination,CID2249
CID135398740,combination,CID2284
CID135398740,combination,CID2578
CID135398740,combination,CID26879
CID135398740,combination,CID3019
CID135398740,combination,CID3034034
CID135398740,combination,CID3038
CID135398740,combination,CID3055
CID135398740,combination,CID3117
CID135398740,combination,CID3373
CID135398740,combination,CID3397
CID135398740,combination,CID3406
CID135398740,combination,CID3519
CID135398740,combination,CID37393
CID135398740,combination,CID3883
CID135398740,combination,CID3955
CID135398740,combination,CID4032
CID135398740,combination,CID4037
CID135398740,combination,CID4054
CID135398740,combination,CID41684
CID135398740,combination,CID4173
CID135398740,combination,CID4212
CID135398740,combination,CID439693
CID135398740,combination,CID445643
CID135398740,combination,CID446987
CID135398740,combination,CID4477
CID135398740,combination,CID449381
CID135398740,combination,CID4513
CID135398740,combination,CID4674
CID135398740,combination,CID4912
CID135398740,combination,CID517546
CID135398740,combination,CID5284583
CID135398740,combination,CID5291
CID135398740,combination,CID5310966
CID135398740,combination,CID5311
CID135398740,combination,CID5311068
CID135398740,combination,CID5323714
CID135398740,combination,CID5329102
CID135398740,combination,CID5342
CID135398740,combination,CID5358
CID135398740,combination,CID5360515
CID135398740,combination,CID5426
CID135398740,combination,CID5430
CID135398740,combination,CID54675769
CID135398740,combination,CID54680692
CID135398740,combination,CID54684141
CID135398740,combination,CID5493444
CID135398740,combination,CID5530
CID135398740,combination,CID5546
CID135398740,combination,CID5831
CID135398740,combination,CID5991
CID135398740,combination,CID6013
CID135398740,combination,CID6018
CID135398740,combination,CID60648
CID135398740,combination,CID60753
CID135398740,combination,CID60795
CID135398740,combination,CID60838
CID135398740,combination,CID6100
CID135398740,combination,CID6321424
CID135398740,combination,CID6337614
CID135398740,combination,CID64139
CID135398740,combination,CID656583
CID135398740,combination,CID68617
CID135398740,combination,CID6914273
CID135398740,combination,CID6918296
CID135398740,combination,CID7550
CID135398740,combination,CID91649
CID135398740,combination,CID92722
CID135398740,combination,CID9811704
CID135398740,combination,CID9930913
CID135400182,combination,CID24821094
CID135401907,combination,CID135410875
CID135401907,combination,CID135413536
CID135401907,combination,CID135415564
CID135401907,combination,CID13988706
CID135401907,combination,CID1461
CID135401907,combination,CID148121
CID135401907,combination,CID150311
CID135401907,combination,CID157920
CID135401907,combination,CID165580
CID135401907,combination,CID16667669
CID135401907,combination,CID176870
CID135401907,combination,CID176871
CID135401907,combination,CID1935
CID135401907,combination,CID1989
CID135401907,combination,CID2082
CID135401907,combination,CID208898
CID135401907,combination,CID208908
CID135401907,combination,CID2130
CID135401907,combination,CID2141
CID135401907,combination,CID219078
CID135401907,combination,CID22475
CID135401907,combination,CID2284
CID135401907,combination,CID24197464
CID135401907,combination,CID24776445
CID135401907,combination,CID2478
CID135401907,combination,CID2578
CID135401907,combination,CID2662
CID135401907,combination,CID26879
CID135401907,combination,CID2733525
CID135401907,combination,CID2907
CID135401907,combination,CID29327
CID135401907,combination,CID2942
CID135401907,combination,CID3019
CID135401907,combination,CID3034034
CID135401907,combination,CID3055
CID135401907,combination,CID3062316
CID135401907,combination,CID3117
CID135401907,combination,CID3373
CID135401907,combination,CID3397
CID135401907,combination,CID3406
CID135401907,combination,CID3519
CID135401907,combination,CID356653
CID135401907,combination,CID3690
CID135401907,combination,CID37393
CID135401907,combination,CID3955
CID135401907,combination,CID4032
CID135401907,combination,CID4037
CID135401907,combination,CID4054
CID135401907,combination,CID4114
CID135401907,combination,CID41684
CID135401907,combination,CID4173
CID135401907,combination,CID4212
CID135401907,combination,CID439693
CID135401907,combination,CID443939
CID135401907,combination,CID44403842
CID135401907,combination,CID444795
CID135401907,combination,CID445643
CID135401907,combination,CID446987
CID135401907,combination,CID4477
CID135401907,combination,CID449381
CID135401907,combination,CID4513
CID135401907,combination,CID4674
CID135401907,combination,CID4912
CID135401907,combination,CID517546
CID135401907,combination,CID5291
CID135401907,combination,CID5310966
CID135401907,combination,CID5311
CID135401907,combination,CID5323714
CID135401907,combination,CID5329102
CID135401907,combination,CID5342
CID135401907,combination,CID5358
CID135401907,combination,CID5360373
CID135401907,combination,CID5388983
CID135401907,combination,CID5426
CID135401907,combination,CID5462501
CID135401907,combination,CID54675769
CID135401907,combination,CID54680692
CID135401907,combination,CID54684141
CID135401907,combination,CID5493444
CID135401907,combination,CID5530
CID135401907,combination,CID5546
CID135401907,combination,CID5991
CID135401907,combination,CID6018
CID135401907,combination,CID60198
CID135401907,combination,CID60648
CID135401907,combination,CID60699
CID135401907,combination,CID60753
CID135401907,combination,CID60795
CID135401907,combination,CID60838
CID135401907,combination,CID6321424
CID135401907,combination,CID6337614
CID135401907,combination,CID636362
CID135401907,combination,CID64139
CID135401907,combination,CID68617
CID135401907,combination,CID68740
CID135401907,combination,CID6914273
CID135401907,combination,CID6918296
CID135401907,combination,CID71384
CID135401907,combination,CID7550
CID135401907,combination,CID91649
CID135401907,combination,CID92722
CID135401907,combination,CID9811704
CID135401907,combination,CID9854073
CID135401907,combination,CID9930913
CID135403620,combination,CID24821094
CID135409400,combination,CID24821094
CID135410875,combination,CID13988706
CID135410875,combination,CID148121
CID135410875,combination,CID176870
CID135410875,combination,CID176871
CID135410875,combination,CID208908
CID135410875,combination,CID2141
CID135410875,combination,CID24197464
CID135410875,combination,CID24776445
CID135410875,combination,CID2478
CID135410875,combination,CID24821094
CID135410875,combination,CID2578
CID135410875,combination,CID2662
CID135410875,combination,CID2733525
CID135410875,combination,CID2907
CID135410875,combination,CID29327
CID135410875,combination,CID2942
CID135410875,combination,CID3062316
CID135410875,combination,CID356653
CID135410875,combination,CID3690
CID135410875,combination,CID4114
CID135410875,combination,CID4212
CID135410875,combination,CID443939
CID135410875,combination,CID44403842
CID135410875,combination,CID444795
CID135410875,combination,CID5291
CID135410875,combination,CID5311
CID135410875,combination,CID5329102
CID135410875,combination,CID5360373
CID135410875,combination,CID5388983
CID135410875,combination,CID5426
CID135410875,combination,CID60198
CID135410875,combination,CID60699
CID135410875,combination,CID636362
CID135410875,combination,CID68740
CID135410875,combination,CID71384
CID135410875,combination,CID9854073
CID135413536,combination,CID135415564
CID135413536,combination,CID1461
CID135413536,combination,CID150311
CID135413536,combination,CID157920
CID135413536,combination,CID165580
CID135413536,combination,CID16667669
CID135413536,combination,CID1989
CID135413536,combination,CID2082
CID135413536,combination,CID208898
CID135413536,combination,CID2130
CID135413536,combination,CID22475
CID135413536,combination,CID2249
CID135413536,combination,CID2284
CID135413536,combination,CID2478
CID135413536,combination,CID2578
CID135413536,combination,CID26879
CID135413536,combination,CID3019
CID135413536,combination,CID3034034
CID135413536,combination,CID3038
CID135413536,combination,CID3055
CID135413536,combination,CID3117
CID135413536,combination,CID3331
CID135413536,combination,CID3373
CID135413536,combination,CID3397
CID135413536,combination,CID3406
CID135413536,combination,CID3519
CID135413536,combination,CID3883
CID135413536,combination,CID3955
CID135413536,combination,CID4032
CID135413536,combination,CID4037
CID135413536,combination,CID4173
CID135413536,combination,CID4212
CID135413536,combination,CID439693
CID135413536,combination,CID445643
CID135413536,combination,CID446987
CID135413536,combination,CID4477
CID135413536,combination,CID449381
CID135413536,combination,CID4513
CID135413536,combination,CID4674
CID135413536,combination,CID4912
CID135413536,combination,CID517546
CID135413536,combination,CID5284583
CID135413536,combination,CID5291
CID135413536,combination,CID5310966
CID135413536,combination,CID5311068
CID135413536,combination,CID5323714
CID135413536,combination,CID5329102
CID135413536,combination,CID5342
CID135413536,combination,CID5358
CID135413536,combination,CID5360515
CID135413536,combination,CID5426
CID135413536,combination,CID5430
CID135413536,combination,CID5462501
CID135413536,combination,CID54675769
CID135413536,combination,CID54680692
CID135413536,combination,CID54684141
CID135413536,combination,CID5493444
CID135413536,combination,CID5530
CID135413536,combination,CID5546
CID135413536,combination,CID5831
CID135413536,combination,CID5833
CID135413536,combination,CID5991
CID135413536,combination,CID6013
CID135413536,combination,CID6018
CID135413536,combination,CID60648
CID135413536,combination,CID60753
CID135413536,combination,CID60795
CID135413536,combination,CID60838
CID135413536,combination,CID6100
CID135413536,combination,CID6321424
CID135413536,combination,CID6337614
CID135413536,combination,CID64139
CID135413536,combination,CID656583
CID135413536,combination,CID68617
CID135413536,combination,CID6914273
CID135413536,combination,CID7550
CID135413536,combination,CID91649
CID135413536,combination,CID92722
CID135413536,combination,CID9811704
CID135413536,combination,CID9930913
CID135415564,combination,CID1461
CID135415564,combination,CID150311
CID135415564,combination,CID157920
CID135415564,combination,CID165580
CID135415564,combination,CID16667669
CID135415564,combination,CID1935
CID135415564,combination,CID2082
CID135415564,combination,CID208898
CID135415564,combination,CID2130
CID135415564,combination,CID2170
CID135415564,combination,CID219078
CID135415564,combination,CID22475
CID135415564,combination,CID2249
CID135415564,combination,CID2284
CID135415564,combination,CID2478
CID135415564,combination,CID2578
CID135415564,combination,CID26879
CID135415564,combination,CID3019
CID135415564,combination,CID3034034
CID135415564,combination,CID3055
CID135415564,combination,CID3117
CID135415564,combination,CID3373
CID135415564,combination,CID3397
CID135415564,combination,CID3406
CID135415564,combination,CID3519
CID135415564,combination,CID37393
CID135415564,combination,CID3883
CID135415564,combination,CID3955
CID135415564,combination,CID4032
CID135415564,combination,CID4037
CID135415564,combination,CID4054
CID135415564,combination,CID41684
CID135415564,combination,CID4173
CID135415564,combination,CID4212
CID135415564,combination,CID439693
CID135415564,combination,CID445643
CID135415564,combination,CID4477
CID135415564,combination,CID449381
CID135415564,combination,CID4513
CID135415564,combination,CID4674
CID135415564,combination,CID4912
CID135415564,combination,CID517546
CID135415564,combination,CID5284583
CID135415564,combination,CID5291
CID135415564,combination,CID5310966
CID135415564,combination,CID5311
CID135415564,combination,CID5311068
CID135415564,combination,CID5323714
CID135415564,combination,CID5329102
CID135415564,combination,CID5342
CID135415564,combination,CID5360515
CID135415564,combination,CID5430
CID135415564,combination,CID54675769
CID135415564,combination,CID54684141
CID135415564,combination,CID5493444
CID135415564,combination,CID5530
CID135415564,combination,CID5546
CID135415564,combination,CID5833
CID135415564,combination,CID6013
CID135415564,combination,CID6018
CID135415564,combination,CID60753
CID135415564,combination,CID60795
CID135415564,combination,CID60838
CID135415564,combination,CID6321424
CID135415564,combination,CID6337614
CID135415564,combination,CID64139
CID135415564,combination,CID656583
CID135415564,combination,CID6914273
CID135415564,combination,CID6918296
CID135415564,combination,CID7550
CID135415564,combination,CID92722
CID135415564,combination,CID9930913
CID135418940,combination,CID24821094
CID135421197,combination,CID16654980
CID135421197,combination,CID16718576
CID135421197,combination,CID16736529
CID135421197,combination,CID20279
CID135421197,combination,CID24785538
CID135421197,combination,CID24964624
CID135421197,combination,CID24978538
CID135421197,combination,CID25167777
CID135421197,combination,CID31411
CID135421197,combination,CID441361
CID135421197,combination,CID449171
CID135421197,combination,CID53340771
CID135421197,combination,CID6914657
CID135421197,combination,CID71543365
CID135421197,combination,CID71664305
CID135564787,combination,CID24821094
CID135564985,combination,CID176870
CID135564985,combination,CID24360
CID135564985,combination,CID24785538
CID135564985,combination,CID265237
CID135564985,combination,CID3330
CID135564985,combination,CID44156902
CID135564985,combination,CID446378
CID135564985,combination,CID46220502
CID135564985,combination,CID52947716
CID135564985,combination,CID53396328
CID135564985,combination,CID57336745
CID135564985,combination,CID57441923
CID135564985,combination,CID60060499
CID135564985,combination,CID6758
CID135564985,combination,CID6914657
CID135564985,combination,CID6917864
CID135564985,combination,CID73265233
CID135565596,combination,CID24821094
CID138403267,combination,CID24821094
CID13988706,combination,CID148121
CID13988706,combination,CID176871
CID13988706,combination,CID208908
CID13988706,combination,CID2141
CID13988706,combination,CID24197464
CID13988706,combination,CID24776445
CID13988706,combination,CID2478
CID13988706,combination,CID2578
CID13988706,combination,CID2662
CID13988706,combination,CID2733525
CID13988706,combination,CID2907
CID13988706,combination,CID29327
CID13988706,combination,CID3062316
CID13988706,combination,CID356653
CID13988706,combination,CID3690
CID13988706,combination,CID4114
CID13988706,combination,CID4212
CID13988706,combination,CID443939
CID13988706,combination,CID44403842
CID13988706,combination,CID444795
CID13988706,combination,CID5291
CID13988706,combination,CID5311
CID13988706,combination,CID5329102
CID13988706,combination,CID5360373
CID13988706,combination,CID5388983
CID13988706,combination,CID5426
CID13988706,combination,CID60198
CID13988706,combination,CID60699
CID13988706,combination,CID636362
CID13988706,combination,CID68740
CID13988706,combination,CID71384
CID1461,combination,CID157920
CID1461,combination,CID165580
CID1461,combination,CID1935
CID1461,combination,CID2082
CID1461,combination,CID208898
CID1461,combination,CID2170
CID1461,combination,CID219078
CID1461,combination,CID22475
CID1461,combination,CID2249
CID1461,combination,CID2478
CID1461,combination,CID2578
CID1461,combination,CID26879
CID1461,combination,CID3019
CID1461,combination,CID3034034
CID1461,combination,CID3038
CID1461,combination,CID3055
CID1461,combination,CID3117
CID1461,combination,CID3331
CID1461,combination,CID3373
CID1461,combination,CID3397
CID1461,combination,CID3519
CID1461,combination,CID37393
CID1461,combination,CID3883
CID1461,combination,CID4032
CID1461,combination,CID4037
CID1461,combination,CID4054
CID1461,combination,CID41684
CID1461,combination,CID4173
CID1461,combination,CID4212
CID1461,combination,CID445643
CID1461,combination,CID4477
CID1461,combination,CID4513
CID1461,combination,CID4674
CID1461,combination,CID517546
CID1461,combination,CID5291
CID1461,combination,CID5311
CID1461,combination,CID5311068
CID1461,combination,CID5323714
CID1461,combination,CID5329102
CID1461,combination,CID5358
CID1461,combination,CID5426
CID1461,combination,CID5430
CID1461,combination,CID5462501
CID1461,combination,CID54680692
CID1461,combination,CID54684141
CID1461,combination,CID5493444
CID1461,combination,CID5530
CID1461,combination,CID5546
CID1461,combination,CID5831
CID1461,combination,CID5833
CID1461,combination,CID6013
CID1461,combination,CID6018
CID1461,combination,CID60648
CID1461,combination,CID60753
CID1461,combination,CID60795
CID1461,combination,CID60838
CID1461,combination,CID6321424
CID1461,combination,CID6337614
CID1461,combination,CID64139
CID1461,combination,CID656583
CID1461,combination,CID6914273
CID1461,combination,CID7550
CID1461,combination,CID91649
CID1461,combination,CID92722
CID1461,combination,CID9811704
CID1461,combination,CID9930913
CID148121,combination,CID16222097
CID148121,combination,CID176870
CID148121,combination,CID176871
CID148121,combination,CID208908
CID148121,combination,CID2141
CID148121,combination,CID24197464
CID148121,combination,CID24360
CID148121,combination,CID24776445
CID148121,combination,CID2478
CID148121,combination,CID24821094
CID148121,combination,CID24978538
CID148121,combination,CID2578
CID148121,combination,CID265237
CID148121,combination,CID2662
CID148121,combination,CID2733525
CID148121,combination,CID2907
CID148121,combination,CID29327
CID148121,combination,CID2942
CID148121,combination,CID3062316
CID148121,combination,CID3117
CID148121,combination,CID356653
CID148121,combination,CID3690
CID148121,combination,CID4114
CID148121,combination,CID4212
CID148121,combination,CID443939
CID148121,combination,CID44403842
CID148121,combination,CID444795
CID148121,combination,CID446378
CID148121,combination,CID5291
CID148121,combination,CID5311
CID148121,combination,CID5329102
CID148121,combination,CID53396328
CID148121,combination,CID5360373
CID148121,combination,CID5388983
CID148121,combination,CID5426
CID148121,combination,CID57336745
CID148121,combination,CID57441923
CID148121,combination,CID60060499
CID148121,combination,CID60198
CID148121,combination,CID60699
CID148121,combination,CID636362
CID148121,combination,CID68740
CID148121,combination,CID6914657
CID148121,combination,CID6917864
CID148121,combination,CID71384
CID148121,combination,CID73265233
CID148121,combination,CID73265377
CID148121,combination,CID9854073
CID148177,combination,CID24821094
CID150311,combination,CID157920
CID150311,combination,CID165580
CID150311,combination,CID16667669
CID150311,combination,CID1935
CID150311,combination,CID2082
CID150311,combination,CID208898
CID150311,combination,CID219078
CID150311,combination,CID22475
CID150311,combination,CID2249
CID150311,combination,CID2284
CID150311,combination,CID2578
CID150311,combination,CID3019
CID150311,combination,CID3038
CID150311,combination,CID3055
CID150311,combination,CID3117
CID150311,combination,CID3331
CID150311,combination,CID3373
CID150311,combination,CID3406
CID150311,combination,CID3519
CID150311,combination,CID37393
CID150311,combination,CID3883
CID150311,combination,CID3955
CID150311,combination,CID4032
CID150311,combination,CID4037
CID150311,combination,CID41684
CID150311,combination,CID4212
CID150311,combination,CID439693
CID150311,combination,CID445643
CID150311,combination,CID446987
CID150311,combination,CID4477
CID150311,combination,CID449381
CID150311,combination,CID4513
CID150311,combination,CID4674
CID150311,combination,CID4912
CID150311,combination,CID517546
CID150311,combination,CID5291
CID150311,combination,CID5310966
CID150311,combination,CID5311
CID150311,combination,CID5311068
CID150311,combination,CID5323714
CID150311,combination,CID5329102
CID150311,combination,CID5342
CID150311,combination,CID5358
CID150311,combination,CID5360515
CID150311,combination,CID5426
CID150311,combination,CID5430
CID150311,combination,CID5462501
CID150311,combination,CID54675769
CID150311,combination,CID54680692
CID150311,combination,CID54684141
CID150311,combination,CID5493444
CID150311,combination,CID5530
CID150311,combination,CID5546
CID150311,combination,CID5991
CID150311,combination,CID6013
CID150311,combination,CID6018
CID150311,combination,CID60648
CID150311,combination,CID60753
CID150311,combination,CID60795
CID150311,combination,CID60838
CID150311,combination,CID6100
CID150311,combination,CID6321424
CID150311,combination,CID6337614
CID150311,combination,CID656583
CID150311,combination,CID68617
CID150311,combination,CID6914273
CID150311,combination,CID6918296
CID150311,combination,CID7550
CID150311,combination,CID91649
CID150311,combination,CID9811704
CID150311,combination,CID9930913
CID151194,combination,CID24821094
CID154257,combination,CID24821094
CID154257,combination,CID53494972
CID1548972,combination,CID24821094
CID15547703,combination,CID24821094
CID15558393,combination,CID24978538
CID15558393,combination,CID446378
CID15558393,combination,CID5321010
CID15558393,combination,CID73265233
CID15558393,combination,CID73461
CID156414,combination,CID24821094
CID156422,combination,CID208908
CID156422,combination,CID23725625
CID156422,combination,CID24964624
CID156422,combination,CID24978538
CID156422,combination,CID51001932
CID156422,combination,CID5311
CID156422,combination,CID5330286
CID157920,combination,CID165580
CID157920,combination,CID16667669
CID157920,combination,CID1935
CID157920,combination,CID2082
CID157920,combination,CID208898
CID157920,combination,CID2130
CID157920,combination,CID2170
CID157920,combination,CID22475
CID157920,combination,CID2249
CID157920,combination,CID2284
CID157920,combination,CID2478
CID157920,combination,CID2578
CID157920,combination,CID26879
CID157920,combination,CID3019
CID157920,combination,CID3034034
CID157920,combination,CID3038
CID157920,combination,CID3055
CID157920,combination,CID3117
CID157920,combination,CID3331
CID157920,combination,CID3373
CID157920,combination,CID3397
CID157920,combination,CID3406
CID157920,combination,CID3519
CID157920,combination,CID37393
CID157920,combination,CID3883
CID157920,combination,CID3955
CID157920,combination,CID4032
CID157920,combination,CID4037
CID157920,combination,CID4054
CID157920,combination,CID41684
CID157920,combination,CID4173
CID157920,combination,CID4212
CID157920,combination,CID439693
CID157920,combination,CID446987
CID157920,combination,CID4477
CID157920,combination,CID449381
CID157920,combination,CID4513
CID157920,combination,CID4674
CID157920,combination,CID4912
CID157920,combination,CID517546
CID157920,combination,CID5291
CID157920,combination,CID5310966
CID157920,combination,CID5311
CID157920,combination,CID5311068
CID157920,combination,CID5323714
CID157920,combination,CID5329102
CID157920,combination,CID5342
CID157920,combination,CID5358
CID157920,combination,CID5360515
CID157920,combination,CID5430
CID157920,combination,CID5462501
CID157920,combination,CID54675769
CID157920,combination,CID54680692
CID157920,combination,CID54684141
CID157920,combination,CID5493444
CID157920,combination,CID5831
CID157920,combination,CID5833
CID157920,combination,CID5991
CID157920,combination,CID6013
CID157920,combination,CID6018
CID157920,combination,CID60648
CID157920,combination,CID60753
CID157920,combination,CID60795
CID157920,combination,CID60838
CID157920,combination,CID6100
CID157920,combination,CID6321424
CID157920,combination,CID6337614
CID157920,combination,CID64139
CID157920,combination,CID68617
CID157920,combination,CID6918296
CID157920,combination,CID7550
CID157920,combination,CID92722
CID157920,combination,CID9811704
CID157920,combination,CID9930913
CID158797,combination,CID37392
CID158797,combination,CID44469321
CID159324,combination,CID24821094
CID16095342,combination,CID208908
CID16095342,combination,CID23725625
CID16095342,combination,CID24964624
CID16095342,combination,CID24978538
CID16095342,combination,CID51001932
CID16095342,combination,CID5311
CID16095342,combination,CID5330286
CID16108977,combination,CID24821094
CID16222096,combination,CID16654980
CID16222096,combination,CID16725726
CID16222096,combination,CID24788740
CID16222096,combination,CID24826799
CID16222096,combination,CID24964624
CID16222096,combination,CID57336745
CID16222097,combination,CID16654980
CID16222097,combination,CID16725726
CID16222097,combination,CID24788740
CID16222097,combination,CID24826799
CID16222097,combination,CID24964624
CID16222097,combination,CID57441923
CID16222097,combination,CID57519554
CID16222097,combination,CID73265233
CID163751,combination,CID44469321
CID163751,combination,CID53494972
CID163751,combination,CID6917864
CID165580,combination,CID16667669
CID165580,combination,CID1935
CID165580,combination,CID1989
CID165580,combination,CID2082
CID165580,combination,CID2130
CID165580,combination,CID22475
CID165580,combination,CID2249
CID165580,combination,CID2478
CID165580,combination,CID2578
CID165580,combination,CID26879
CID165580,combination,CID3019
CID165580,combination,CID3034034
CID165580,combination,CID3038
CID165580,combination,CID3055
CID165580,combination,CID3117
CID165580,combination,CID3331
CID165580,combination,CID3373
CID165580,combination,CID3397
CID165580,combination,CID3406
CID165580,combination,CID3519
CID165580,combination,CID37393
CID165580,combination,CID3883
CID165580,combination,CID4032
CID165580,combination,CID4037
CID165580,combination,CID4054
CID165580,combination,CID41684
CID165580,combination,CID4173
CID165580,combination,CID4212
CID165580,combination,CID445643
CID165580,combination,CID446987
CID165580,combination,CID4477
CID165580,combination,CID4513
CID165580,combination,CID4674
CID165580,combination,CID4912
CID165580,combination,CID517546
CID165580,combination,CID5284583
CID165580,combination,CID5291
CID165580,combination,CID5310966
CID165580,combination,CID5311
CID165580,combination,CID5311068
CID165580,combination,CID5323714
CID165580,combination,CID5329102
CID165580,combination,CID5360515
CID165580,combination,CID5426
CID165580,combination,CID54675769
CID165580,combination,CID54680692
CID165580,combination,CID54684141
CID165580,combination,CID5493444
CID165580,combination,CID5530
CID165580,combination,CID5831
CID165580,combination,CID5833
CID165580,combination,CID5991
CID165580,combination,CID6013
CID165580,combination,CID6018
CID165580,combination,CID60838
CID165580,combination,CID6321424
CID165580,combination,CID6337614
CID165580,combination,CID64139
CID165580,combination,CID656583
CID165580,combination,CID68617
CID165580,combination,CID6914273
CID165580,combination,CID7550
CID165580,combination,CID91649
CID165580,combination,CID92722
CID165580,combination,CID9811704
CID165580,combination,CID9930913
CID16654980,combination,CID16718576
CID16654980,combination,CID176870
CID16654980,combination,CID24756910
CID16654980,combination,CID24785538
CID16654980,combination,CID24821094
CID16654980,combination,CID24964624
CID16654980,combination,CID24978538
CID16654980,combination,CID3062316
CID16654980,combination,CID31411
CID16654980,combination,CID3330
CID16654980,combination,CID44156902
CID16654980,combination,CID446378
CID16654980,combination,CID449171
CID16654980,combination,CID46220502
CID16654980,combination,CID46239015
CID16654980,combination,CID52947716
CID16654980,combination,CID5330286
CID16654980,combination,CID53340771
CID16654980,combination,CID54684141
CID16654980,combination,CID57336745
CID16654980,combination,CID6914657
CID16654980,combination,CID6918405
CID16654980,combination,CID71543365
CID16654980,combination,CID71664305
CID16654980,combination,CID72435
CID16654980,combination,CID72686
CID16654980,combination,CID73265223
CID16654980,combination,CID73265233
CID16654980,combination,CID73265377
CID16654980,combination,CID73265380
CID16654980,combination,CID73461
CID16654980,combination,CID90241673
CID16654980,combination,CID9852573
CID16659841,combination,CID24978538
CID16667669,combination,CID1935
CID16667669,combination,CID1989
CID16667669,combination,CID2082
CID16667669,combination,CID208898
CID16667669,combination,CID2130
CID16667669,combination,CID2170
CID16667669,combination,CID219078
CID16667669,combination,CID22475
CID16667669,combination,CID2249
CID16667669,combination,CID2284
CID16667669,combination,CID2478
CID16667669,combination,CID24978538
CID16667669,combination,CID2578
CID16667669,combination,CID26879
CID16667669,combination,CID2733525
CID16667669,combination,CID3019
CID16667669,combination,CID3034034
CID16667669,combination,CID3038
CID16667669,combination,CID3062316
CID16667669,combination,CID3117
CID16667669,combination,CID3331
CID16667669,combination,CID3373
CID16667669,combination,CID3406
CID16667669,combination,CID37393
CID16667669,combination,CID3883
CID16667669,combination,CID38911
CID16667669,combination,CID3955
CID16667669,combination,CID4032
CID16667669,combination,CID4054
CID16667669,combination,CID41684
CID16667669,combination,CID4173
CID16667669,combination,CID4212
CID16667669,combination,CID439693
CID16667669,combination,CID445643
CID16667669,combination,CID446378
CID16667669,combination,CID446987
CID16667669,combination,CID449381
CID16667669,combination,CID4513
CID16667669,combination,CID5291
CID16667669,combination,CID5310966
CID16667669,combination,CID5311
CID16667669,combination,CID5311068
CID16667669,combination,CID5321010
CID16667669,combination,CID5323714
CID16667669,combination,CID5329102
CID16667669,combination,CID5330286
CID16667669,combination,CID5342
CID16667669,combination,CID5358
CID16667669,combination,CID5360515
CID16667669,combination,CID5426
CID16667669,combination,CID5430
CID16667669,combination,CID5462501
CID16667669,combination,CID54680692
CID16667669,combination,CID54684141
CID16667669,combination,CID5493444
CID16667669,combination,CID5530
CID16667669,combination,CID5546
CID16667669,combination,CID57519554
CID16667669,combination,CID5831
CID16667669,combination,CID5833
CID16667669,combination,CID5991
CID16667669,combination,CID6013
CID16667669,combination,CID6018
CID16667669,combination,CID60648
CID16667669,combination,CID60753
CID16667669,combination,CID60795
CID16667669,combination,CID6100
CID16667669,combination,CID64139
CID16667669,combination,CID656583
CID16667669,combination,CID6604870
CID16667669,combination,CID6914273
CID16667669,combination,CID6914657
CID16667669,combination,CID6918296
CID16667669,combination,CID7550
CID16667669,combination,CID91649
CID16667669,combination,CID92722
CID16667669,combination,CID9811704
CID16667669,combination,CID9930913
CID16718576,combination,CID24785538
CID16718576,combination,CID24964624
CID16718576,combination,CID31411
CID16718576,combination,CID441361
CID16718576,combination,CID46188928
CID16718576,combination,CID5330286
CID16718576,combination,CID53340771
CID16718576,combination,CID6914657
CID16725726,combination,CID24821094
CID16736529,combination,CID20279
CID16736529,combination,CID24756910
CID16736529,combination,CID24785538
CID16736529,combination,CID24821094
CID16736529,combination,CID25167777
CID16736529,combination,CID38911
CID16736529,combination,CID446378
CID16736529,combination,CID57519554
CID16736529,combination,CID6604870
CID16736529,combination,CID6746983
CID16736529,combination,CID6914657
CID16736529,combination,CID72686
CID16736529,combination,CID73265318
CID16736529,combination,CID73265389
CID16736978,combination,CID24821094
CID16755649,combination,CID24771867
CID16755649,combination,CID24785538
CID16755649,combination,CID24821094
CID169371,combination,CID24821094
CID17134,combination,CID23582824
CID17134,combination,CID25167777
CID17134,combination,CID37392
CID17134,combination,CID37393
CID17134,combination,CID44469321
CID17134,combination,CID447077
CID17134,combination,CID448013
CID17134,combination,CID53494972
CID17134,combination,CID572
CID17134,combination,CID6321424
CID17134,combination,CID63224
CID17134,combination,CID6917864
CID17134,combination,CID8980
CID17134,combination,CID92727
CID17134,combination,CID9852573
CID176155,combination,CID24821094
CID176870,combination,CID208908
CID176870,combination,CID2141
CID176870,combination,CID216454
CID176870,combination,CID23725625
CID176870,combination,CID24748204
CID176870,combination,CID24776445
CID176870,combination,CID24964624
CID176870,combination,CID24978538
CID176870,combination,CID2578
CID176870,combination,CID2662
CID176870,combination,CID2733525
CID176870,combination,CID2907
CID176870,combination,CID2942
CID176870,combination,CID3062316
CID176870,combination,CID3330
CID176870,combination,CID4114
CID176870,combination,CID4212
CID176870,combination,CID444795
CID176870,combination,CID46220502
CID176870,combination,CID46239015
CID176870,combination,CID51001932
CID176870,combination,CID5291
CID176870,combination,CID52947716
CID176870,combination,CID5311
CID176870,combination,CID5311497
CID176870,combination,CID5329102
CID176870,combination,CID5330286
CID176870,combination,CID5360373
CID176870,combination,CID5426
CID176870,combination,CID54684141
CID176870,combination,CID59691338
CID176870,combination,CID60838
CID176870,combination,CID68740
CID176870,combination,CID71384
CID176870,combination,CID74990
CID176870,combination,CID9852573
CID176870,combination,CID9854073
CID176870,combination,CID9887053
CID176870,combination,CID9949641
CID176871,combination,CID208908
CID176871,combination,CID2141
CID176871,combination,CID24197464
CID176871,combination,CID24776445
CID176871,combination,CID2478
CID176871,combination,CID2578
CID176871,combination,CID2662
CID176871,combination,CID2733525
CID176871,combination,CID2907
CID176871,combination,CID29327
CID176871,combination,CID3062316
CID176871,combination,CID356653
CID176871,combination,CID3690
CID176871,combination,CID4114
CID176871,combination,CID4212
CID176871,combination,CID443939
CID176871,combination,CID44403842
CID176871,combination,CID444795
CID176871,combination,CID5291
CID176871,combination,CID5311
CID176871,combination,CID5329102
CID176871,combination,CID5360373
CID176871,combination,CID5388983
CID176871,combination,CID5426
CID176871,combination,CID60198
CID176871,combination,CID60699
CID176871,combination,CID636362
CID176871,combination,CID68740
CID176871,combination,CID71384
CID17756618,combination,CID24821094
CID1935,combination,CID2082
CID1935,combination,CID208898
CID1935,combination,CID2130
CID1935,combination,CID2170
CID1935,combination,CID22475
CID1935,combination,CID2249
CID1935,combination,CID2284
CID1935,combination,CID2478
CID1935,combination,CID2578
CID1935,combination,CID26879
CID1935,combination,CID3034034
CID1935,combination,CID3038
CID1935,combination,CID3055
CID1935,combination,CID3117
CID1935,combination,CID3331
CID1935,combination,CID3373
CID1935,combination,CID3397
CID1935,combination,CID3406
CID1935,combination,CID3519
CID1935,combination,CID37393
CID1935,combination,CID3883
CID1935,combination,CID4032
CID1935,combination,CID4037
CID1935,combination,CID4054
CID1935,combination,CID41684
CID1935,combination,CID4173
CID1935,combination,CID4212
CID1935,combination,CID439693
CID1935,combination,CID445643
CID1935,combination,CID4477
CID1935,combination,CID449381
CID1935,combination,CID4513
CID1935,combination,CID4674
CID1935,combination,CID4912
CID1935,combination,CID517546
CID1935,combination,CID5291
CID1935,combination,CID5310966
CID1935,combination,CID5311
CID1935,combination,CID5311068
CID1935,combination,CID5323714
CID1935,combination,CID5329102
CID1935,combination,CID5342
CID1935,combination,CID5360515
CID1935,combination,CID5426
CID1935,combination,CID5430
CID1935,combination,CID5462501
CID1935,combination,CID54675769
CID1935,combination,CID54680692
CID1935,combination,CID54684141
CID1935,combination,CID5493444
CID1935,combination,CID5530
CID1935,combination,CID5546
CID1935,combination,CID5831
CID1935,combination,CID5833
CID1935,combination,CID5991
CID1935,combination,CID6013
CID1935,combination,CID6018
CID1935,combination,CID60648
CID1935,combination,CID60795
CID1935,combination,CID60838
CID1935,combination,CID6100
CID1935,combination,CID6321424
CID1935,combination,CID6337614
CID1935,combination,CID64139
CID1935,combination,CID656583
CID1935,combination,CID68617
CID1935,combination,CID6914273
CID1935,combination,CID7550
CID1935,combination,CID91649
CID1935,combination,CID92722
CID1935,combination,CID9811704
CID1935,combination,CID9930913
CID19675,combination,CID3005572
CID19675,combination,CID492405
CID19675,combination,CID60795
CID19675,combination,CID60974
CID19675,combination,CID6167
CID19675,combination,CID6456015
CID1973,combination,CID24821094
CID1989,combination,CID2082
CID1989,combination,CID208898
CID1989,combination,CID2170
CID1989,combination,CID22475
CID1989,combination,CID2284
CID1989,combination,CID2478
CID1989,combination,CID2578
CID1989,combination,CID26879
CID1989,combination,CID3019
CID1989,combination,CID3034034
CID1989,combination,CID3038
CID1989,combination,CID3055
CID1989,combination,CID3117
CID1989,combination,CID3331
CID1989,combination,CID3373
CID1989,combination,CID3397
CID1989,combination,CID3406
CID1989,combination,CID3519
CID1989,combination,CID37393
CID1989,combination,CID3883
CID1989,combination,CID3955
CID1989,combination,CID4032
CID1989,combination,CID4037
CID1989,combination,CID41684
CID1989,combination,CID4173
CID1989,combination,CID4212
CID1989,combination,CID439693
CID1989,combination,CID445643
CID1989,combination,CID446987
CID1989,combination,CID4477
CID1989,combination,CID449381
CID1989,combination,CID4513
CID1989,combination,CID4674
CID1989,combination,CID4912
CID1989,combination,CID5284583
CID1989,combination,CID5291
CID1989,combination,CID5311
CID1989,combination,CID5323714
CID1989,combination,CID5342
CID1989,combination,CID5430
CID1989,combination,CID54675769
CID1989,combination,CID54680692
CID1989,combination,CID54684141
CID1989,combination,CID5493444
CID1989,combination,CID5530
CID1989,combination,CID5546
CID1989,combination,CID5831
CID1989,combination,CID5833
CID1989,combination,CID5991
CID1989,combination,CID6018
CID1989,combination,CID60753
CID1989,combination,CID60795
CID1989,combination,CID6100
CID1989,combination,CID6321424
CID1989,combination,CID6337614
CID1989,combination,CID64139
CID1989,combination,CID656583
CID1989,combination,CID68617
CID1989,combination,CID6914273
CID1989,combination,CID6918296
CID1989,combination,CID7550
CID1989,combination,CID91649
CID1989,combination,CID9811704
CID1989,combination,CID9930913
CID20279,combination,CID22833280
CID20279,combination,CID24963252
CID20279,combination,CID24978538
CID20279,combination,CID25167777
CID20279,combination,CID57441923
CID20279,combination,CID72686
CID2082,combination,CID208898
CID2082,combination,CID2130
CID2082,combination,CID2170
CID2082,combination,CID219078
CID2082,combination,CID22475
CID2082,combination,CID2249
CID2082,combination,CID2284
CID2082,combination,CID2478
CID2082,combination,CID2578
CID2082,combination,CID26879
CID2082,combination,CID3019
CID2082,combination,CID3034034
CID2082,combination,CID3038
CID2082,combination,CID3055
CID2082,combination,CID3117
CID2082,combination,CID3331
CID2082,combination,CID3373
CID2082,combination,CID3397
CID2082,combination,CID3406
CID2082,combination,CID3519
CID2082,combination,CID37393
CID2082,combination,CID3883
CID2082,combination,CID3955
CID2082,combination,CID4032
CID2082,combination,CID4037
CID2082,combination,CID4054
CID2082,combination,CID41684
CID2082,combination,CID4173
CID2082,combination,CID4212
CID2082,combination,CID439693
CID2082,combination,CID445643
CID2082,combination,CID446987
CID2082,combination,CID4477
CID2082,combination,CID449381
CID2082,combination,CID4513
CID2082,combination,CID4674
CID2082,combination,CID4912
CID2082,combination,CID517546
CID2082,combination,CID5284583
CID2082,combination,CID5291
CID2082,combination,CID5310966
CID2082,combination,CID5311
CID2082,combination,CID5311068
CID2082,combination,CID5323714
CID2082,combination,CID5329102
CID2082,combination,CID5342
CID2082,combination,CID5358
CID2082,combination,CID5360515
CID2082,combination,CID5426
CID2082,combination,CID5430
CID2082,combination,CID5462501
CID2082,combination,CID54675769
CID2082,combination,CID54680692
CID2082,combination,CID5493444
CID2082,combination,CID5530
CID2082,combination,CID5546
CID2082,combination,CID5831
CID2082,combination,CID5833
CID2082,combination,CID5991
CID2082,combination,CID6013
CID2082,combination,CID6018
CID2082,combination,CID60648
CID2082,combination,CID60753
CID2082,combination,CID60795
CID2082,combination,CID60838
CID2082,combination,CID6100
CID2082,combination,CID6321424
CID2082,combination,CID6337614
CID2082,combination,CID64139
CID2082,combination,CID656583
CID2082,combination,CID68617
CID2082,combination,CID6914273
CID2082,combination,CID6918296
CID2082,combination,CID7550
CID2082,combination,CID91649
CID2082,combination,CID92722
CID2082,combination,CID9811704
CID2082,combination,CID9930913
CID208898,combination,CID2130
CID208898,combination,CID219078
CID208898,combination,CID22475
CID208898,combination,CID2249
CID208898,combination,CID2284
CID208898,combination,CID2478
CID208898,combination,CID26879
CID208898,combination,CID3019
CID208898,combination,CID3034034
CID208898,combination,CID3038
CID208898,combination,CID3055
CID208898,combination,CID3117
CID208898,combination,CID3373
CID208898,combination,CID3406
CID208898,combination,CID3519
CID208898,combination,CID37393
CID208898,combination,CID3883
CID208898,combination,CID4037
CID208898,combination,CID41684
CID208898,combination,CID4173
CID208898,combination,CID4212
CID208898,combination,CID439693
CID208898,combination,CID445643
CID208898,combination,CID4477
CID208898,combination,CID4513
CID208898,combination,CID4674
CID208898,combination,CID4912
CID208898,combination,CID517546
CID208898,combination,CID5284583
CID208898,combination,CID5291
CID208898,combination,CID5310966
CID208898,combination,CID5311
CID208898,combination,CID5311068
CID208898,combination,CID5323714
CID208898,combination,CID5329102
CID208898,combination,CID5342
CID208898,combination,CID5358
CID208898,combination,CID5360515
CID208898,combination,CID5426
CID208898,combination,CID5430
CID208898,combination,CID5462501
CID208898,combination,CID54675769
CID208898,combination,CID54680692
CID208898,combination,CID54684141
CID208898,combination,CID5493444
CID208898,combination,CID5546
CID208898,combination,CID5831
CID208898,combination,CID6013
CID208898,combination,CID6018
CID208898,combination,CID60648
CID208898,combination,CID60753
CID208898,combination,CID60795
CID208898,combination,CID60838
CID208898,combination,CID6100
CID208898,combination,CID6321424
CID208898,combination,CID6337614
CID208898,combination,CID64139
CID208898,combination,CID656583
CID208898,combination,CID68617
CID208898,combination,CID6914273
CID208898,combination,CID7550
CID208898,combination,CID91649
CID208898,combination,CID92722
CID208908,combination,CID2141
CID208908,combination,CID216454
CID208908,combination,CID23725625
CID208908,combination,CID24197464
CID208908,combination,CID24360
CID208908,combination,CID24748204
CID208908,combination,CID24771867
CID208908,combination,CID24776445
CID208908,combination,CID2478
CID208908,combination,CID24964624
CID208908,combination,CID24978538
CID208908,combination,CID2578
CID208908,combination,CID2662
CID208908,combination,CID2733525
CID208908,combination,CID2907
CID208908,combination,CID29327
CID208908,combination,CID2942
CID208908,combination,CID3062316
CID208908,combination,CID356653
CID208908,combination,CID3690
CID208908,combination,CID4114
CID208908,combination,CID4212
CID208908,combination,CID443939
CID208908,combination,CID44403842
CID208908,combination,CID44462760
CID208908,combination,CID444795
CID208908,combination,CID46239015
CID208908,combination,CID51001932
CID208908,combination,CID51042438
CID208908,combination,CID5291
CID208908,combination,CID5311
CID208908,combination,CID5311497
CID208908,combination,CID5329102
CID208908,combination,CID5330286
CID208908,combination,CID5360373
CID208908,combination,CID5388983
CID208908,combination,CID5426
CID208908,combination,CID56649450
CID208908,combination,CID59691338
CID208908,combination,CID60198
CID208908,combination,CID60699
CID208908,combination,CID60838
CID208908,combination,CID636362
CID208908,combination,CID68740
CID208908,combination,CID71384
CID208908,combination,CID9854073
CID208908,combination,CID9887053
CID208908,combination,CID9914412
CID2130,combination,CID2170
CID2130,combination,CID219078
CID2130,combination,CID22475
CID2130,combination,CID2249
CID2130,combination,CID2478
CID2130,combination,CID2578
CID2130,combination,CID26879
CID2130,combination,CID3019
CID2130,combination,CID3034034
CID2130,combination,CID3038
CID2130,combination,CID3055
CID2130,combination,CID3117
CID2130,combination,CID3331
CID2130,combination,CID3397
CID2130,combination,CID3406
CID2130,combination,CID3519
CID2130,combination,CID3883
CID2130,combination,CID3955
CID2130,combination,CID4032
CID2130,combination,CID4037
CID2130,combination,CID4054
CID2130,combination,CID41684
CID2130,combination,CID4173
CID2130,combination,CID4212
CID2130,combination,CID439693
CID2130,combination,CID445643
CID2130,combination,CID446987
CID2130,combination,CID4477
CID2130,combination,CID449381
CID2130,combination,CID4513
CID2130,combination,CID4674
CID2130,combination,CID4912
CID2130,combination,CID517546
CID2130,combination,CID5284583
CID2130,combination,CID5291
CID2130,combination,CID5310966
CID2130,combination,CID5311
CID2130,combination,CID5311068
CID2130,combination,CID5329102
CID2130,combination,CID5342
CID2130,combination,CID5358
CID2130,combination,CID5360515
CID2130,combination,CID5426
CID2130,combination,CID5430
CID2130,combination,CID5462501
CID2130,combination,CID54684141
CID2130,combination,CID5493444
CID2130,combination,CID5530
CID2130,combination,CID5546
CID2130,combination,CID5831
CID2130,combination,CID5833
CID2130,combination,CID6013
CID2130,combination,CID6018
CID2130,combination,CID60648
CID2130,combination,CID60753
CID2130,combination,CID60838
CID2130,combination,CID6100
CID2130,combination,CID6321424
CID2130,combination,CID6337614
CID2130,combination,CID64139
CID2130,combination,CID656583
CID2130,combination,CID6914273
CID2130,combination,CID6918296
CID2130,combination,CID91649
CID2130,combination,CID9811704
CID2130,combination,CID9930913
CID2141,combination,CID24197464
CID2141,combination,CID24776445
CID2141,combination,CID2478
CID2141,combination,CID2578
CID2141,combination,CID2662
CID2141,combination,CID2733525
CID2141,combination,CID2907
CID2141,combination,CID29327
CID2141,combination,CID2942
CID2141,combination,CID3062316
CID2141,combination,CID356653
CID2141,combination,CID3690
CID2141,combination,CID4114
CID2141,combination,CID4212
CID2141,combination,CID443939
CID2141,combination,CID44403842
CID2141,combination,CID444795
CID2141,combination,CID5291
CID2141,combination,CID5311
CID2141,combination,CID5329102
CID2141,combination,CID5360373
CID2141,combination,CID5388983
CID2141,combination,CID5426
CID2141,combination,CID60198
CID2141,combination,CID60699
CID2141,combination,CID636362
CID2141,combination,CID68740
CID2141,combination,CID71384
CID2141,combination,CID9854073
CID216454,combination,CID24748204
CID216454,combination,CID24964624
CID216454,combination,CID2907
CID216454,combination,CID3062316
CID216454,combination,CID46239015
CID216454,combination,CID5311
CID216454,combination,CID5311497
CID216454,combination,CID5329102
CID216454,combination,CID59691338
CID216454,combination,CID9887053
CID2170,combination,CID219078
CID2170,combination,CID2249
CID2170,combination,CID2478
CID2170,combination,CID2578
CID2170,combination,CID26879
CID2170,combination,CID3019
CID2170,combination,CID3034034
CID2170,combination,CID3055
CID2170,combination,CID3117
CID2170,combination,CID3331
CID2170,combination,CID3406
CID2170,combination,CID3519
CID2170,combination,CID37393
CID2170,combination,CID3955
CID2170,combination,CID4032
CID2170,combination,CID4037
CID2170,combination,CID4054
CID2170,combination,CID41684
CID2170,combination,CID4173
CID2170,combination,CID4212
CID2170,combination,CID445643
CID2170,combination,CID446987
CID2170,combination,CID4477
CID2170,combination,CID449381
CID2170,combination,CID4674
CID2170,combination,CID517546
CID2170,combination,CID5284583
CID2170,combination,CID5291
CID2170,combination,CID5310966
CID2170,combination,CID5311
CID2170,combination,CID5311068
CID2170,combination,CID5323714
CID2170,combination,CID5342
CID2170,combination,CID5358
CID2170,combination,CID5360515
CID2170,combination,CID5426
CID2170,combination,CID5430
CID2170,combination,CID5462501
CID2170,combination,CID54675769
CID2170,combination,CID54680692
CID2170,combination,CID54684141
CID2170,combination,CID5493444
CID2170,combination,CID5530
CID2170,combination,CID5546
CID2170,combination,CID5831
CID2170,combination,CID6013
CID2170,combination,CID6018
CID2170,combination,CID60648
CID2170,combination,CID60753
CID2170,combination,CID60795
CID2170,combination,CID60838
CID2170,combination,CID6100
CID2170,combination,CID6321424
CID2170,combination,CID6337614
CID2170,combination,CID64139
CID2170,combination,CID6914273
CID2170,combination,CID6918296
CID2170,combination,CID7550
CID2170,combination,CID91649
CID2170,combination,CID9930913
CID219078,combination,CID2578
CID219078,combination,CID3019
CID219078,combination,CID3034034
CID219078,combination,CID3055
CID219078,combination,CID3117
CID219078,combination,CID3373
CID219078,combination,CID3397
CID219078,combination,CID3406
CID219078,combination,CID3519
CID219078,combination,CID37393
CID219078,combination,CID3883
CID219078,combination,CID3955
CID219078,combination,CID4032
CID219078,combination,CID4037
CID219078,combination,CID4054
CID219078,combination,CID41684
CID219078,combination,CID4173
CID219078,combination,CID4212
CID219078,combination,CID439693
CID219078,combination,CID445643
CID219078,combination,CID446987
CID219078,combination,CID4477
CID219078,combination,CID4513
CID219078,combination,CID4674
CID219078,combination,CID4912
CID219078,combination,CID517546
CID219078,combination,CID5284583
CID219078,combination,CID5291
CID219078,combination,CID5310966
CID219078,combination,CID5311
CID219078,combination,CID5311068
CID219078,combination,CID5323714
CID219078,combination,CID5358
CID219078,combination,CID5426
CID219078,combination,CID5430
CID219078,combination,CID5462501
CID219078,combination,CID54684141
CID219078,combination,CID5530
CID219078,combination,CID5831
CID219078,combination,CID5833
CID219078,combination,CID5991
CID219078,combination,CID6013
CID219078,combination,CID6018
CID219078,combination,CID60648
CID219078,combination,CID60753
CID219078,combination,CID60795
CID219078,combination,CID60838
CID219078,combination,CID6100
CID219078,combination,CID6321424
CID219078,combination,CID6337614
CID219078,combination,CID64139
CID219078,combination,CID656583
CID219078,combination,CID68617
CID219078,combination,CID6918296
CID219078,combination,CID7550
CID219078,combination,CID92722
CID219078,combination,CID9811704
CID219078,combination,CID9930913
CID22475,combination,CID2249
CID22475,combination,CID2578
CID22475,combination,CID26879
CID22475,combination,CID3019
CID22475,combination,CID3034034
CID22475,combination,CID3038
CID22475,combination,CID3117
CID22475,combination,CID3331
CID22475,combination,CID3373
CID22475,combination,CID3397
CID22475,combination,CID3406
CID22475,combination,CID3519
CID22475,combination,CID37393
CID22475,combination,CID3883
CID22475,combination,CID3955
CID22475,combination,CID4032
CID22475,combination,CID4037
CID22475,combination,CID41684
CID22475,combination,CID4173
CID22475,combination,CID4212
CID22475,combination,CID445643
CID22475,combination,CID446987
CID22475,combination,CID4477
CID22475,combination,CID449381
CID22475,combination,CID4674
CID22475,combination,CID4912
CID22475,combination,CID517546
CID22475,combination,CID5284583
CID22475,combination,CID5291
CID22475,combination,CID5310966
CID22475,combination,CID5311
CID22475,combination,CID5323714
CID22475,combination,CID5329102
CID22475,combination,CID5358
CID22475,combination,CID5360515
CID22475,combination,CID5430
CID22475,combination,CID5462501
CID22475,combination,CID54675769
CID22475,combination,CID54680692
CID22475,combination,CID54684141
CID22475,combination,CID5493444
CID22475,combination,CID5530
CID22475,combination,CID5546
CID22475,combination,CID6013
CID22475,combination,CID6018
CID22475,combination,CID60648
CID22475,combination,CID60753
CID22475,combination,CID60795
CID22475,combination,CID6100
CID22475,combination,CID6321424
CID22475,combination,CID6337614
CID22475,combination,CID64139
CID22475,combination,CID656583
CID22475,combination,CID6914273
CID22475,combination,CID6918296
CID22475,combination,CID91649
CID22475,combination,CID92722
CID22475,combination,CID9811704
CID22475,combination,CID9930913
CID2249,combination,CID2478
CID2249,combination,CID2578
CID2249,combination,CID26879
CID2249,combination,CID3019
CID2249,combination,CID3034034
CID2249,combination,CID3038
CID2249,combination,CID3055
CID2249,combination,CID3331
CID2249,combination,CID3373
CID2249,combination,CID3406
CID2249,combination,CID3519
CID2249,combination,CID37393
CID2249,combination,CID3883
CID2249,combination,CID3955
CID2249,combination,CID4032
CID2249,combination,CID4037
CID2249,combination,CID4054
CID2249,combination,CID41684
CID2249,combination,CID4173
CID2249,combination,CID4212
CID2249,combination,CID445643
CID2249,combination,CID4477
CID2249,combination,CID449381
CID2249,combination,CID4513
CID2249,combination,CID4674
CID2249,combination,CID4912
CID2249,combination,CID517546
CID2249,combination,CID5291
CID2249,combination,CID5310966
CID2249,combination,CID5311
CID2249,combination,CID5311068
CID2249,combination,CID5323714
CID2249,combination,CID5329102
CID2249,combination,CID5342
CID2249,combination,CID5358
CID2249,combination,CID5360515
CID2249,combination,CID5426
CID2249,combination,CID5430
CID2249,combination,CID5462501
CID2249,combination,CID54680692
CID2249,combination,CID5530
CID2249,combination,CID5546
CID2249,combination,CID5831
CID2249,combination,CID5833
CID2249,combination,CID6013
CID2249,combination,CID6018
CID2249,combination,CID60648
CID2249,combination,CID60795
CID2249,combination,CID60838
CID2249,combination,CID6100
CID2249,combination,CID6321424
CID2249,combination,CID6337614
CID2249,combination,CID656583
CID2249,combination,CID68617
CID2249,combination,CID6914273
CID2249,combination,CID6918296
CID2249,combination,CID7550
CID2249,combination,CID91649
CID2249,combination,CID92722
CID2249,combination,CID9811704
CID2249,combination,CID9930913
CID22833280,combination,CID24756910
CID22833280,combination,CID24771867
CID22833280,combination,CID24785538
CID22833280,combination,CID25167777
CID22833280,combination,CID3062316
CID22833280,combination,CID57519554
CID22833280,combination,CID6914657
CID22833280,combination,CID73265318
CID22833280,combination,CID73265389
CID2284,combination,CID2478
CID2284,combination,CID2578
CID2284,combination,CID26879
CID2284,combination,CID3019
CID2284,combination,CID3034034
CID2284,combination,CID3038
CID2284,combination,CID3055
CID2284,combination,CID3117
CID2284,combination,CID3373
CID2284,combination,CID3397
CID2284,combination,CID3406
CID2284,combination,CID3519
CID2284,combination,CID37393
CID2284,combination,CID3883
CID2284,combination,CID3955
CID2284,combination,CID4032
CID2284,combination,CID4037
CID2284,combination,CID4054
CID2284,combination,CID41684
CID2284,combination,CID4173
CID2284,combination,CID4212
CID2284,combination,CID439693
CID2284,combination,CID445643
CID2284,combination,CID446987
CID2284,combination,CID4477
CID2284,combination,CID449381
CID2284,combination,CID4513
CID2284,combination,CID4674
CID2284,combination,CID4912
CID2284,combination,CID517546
CID2284,combination,CID5284583
CID2284,combination,CID5291
CID2284,combination,CID5310966
CID2284,combination,CID5311
CID2284,combination,CID5311068
CID2284,combination,CID5323714
CID2284,combination,CID5329102
CID2284,combination,CID5342
CID2284,combination,CID5358
CID2284,combination,CID5360515
CID2284,combination,CID5426
CID2284,combination,CID5430
CID2284,combination,CID5462501
CID2284,combination,CID54675769
CID2284,combination,CID54680692
CID2284,combination,CID54684141
CID2284,combination,CID5530
CID2284,combination,CID5546
CID2284,combination,CID5833
CID2284,combination,CID5991
CID2284,combination,CID6013
CID2284,combination,CID6018
CID2284,combination,CID60648
CID2284,combination,CID60753
CID2284,combination,CID60795
CID2284,combination,CID60838
CID2284,combination,CID6321424
CID2284,combination,CID6337614
CID2284,combination,CID64139
CID2284,combination,CID656583
CID2284,combination,CID68617
CID2284,combination,CID6914273
CID2284,combination,CID6918296
CID2284,combination,CID7550
CID2284,combination,CID91649
CID2284,combination,CID92722
CID2284,combination,CID9930913
CID23582824,combination,CID25167777
CID23582824,combination,CID29112
CID23582824,combination,CID37393
CID23582824,combination,CID44469321
CID23582824,combination,CID447077
CID23582824,combination,CID53494972
CID23582824,combination,CID57336745
CID23582824,combination,CID63224
CID23582824,combination,CID6917864
CID23582824,combination,CID9852573
CID23725625,combination,CID24360
CID23725625,combination,CID24771867
CID23725625,combination,CID24785538
CID23725625,combination,CID24964624
CID23725625,combination,CID24978538
CID23725625,combination,CID3062316
CID23725625,combination,CID443939
CID23725625,combination,CID44462760
CID23725625,combination,CID51001932
CID23725625,combination,CID51042438
CID23725625,combination,CID5311
CID23725625,combination,CID5311497
CID23725625,combination,CID5330286
CID23725625,combination,CID53396328
CID23725625,combination,CID56649450
CID23725625,combination,CID60838
CID23725625,combination,CID9858940
CID23725625,combination,CID9887053
CID23725625,combination,CID9914412
CID2375,combination,CID24821094
CID24180719,combination,CID24821094
CID24197464,combination,CID24776445
CID24197464,combination,CID2478
CID24197464,combination,CID2578
CID24197464,combination,CID2662
CID24197464,combination,CID2733525
CID24197464,combination,CID2907
CID24197464,combination,CID29327
CID24197464,combination,CID3062316
CID24197464,combination,CID356653
CID24197464,combination,CID3690
CID24197464,combination,CID4114
CID24197464,combination,CID4212
CID24197464,combination,CID443939
CID24197464,combination,CID44403842
CID24197464,combination,CID444795
CID24197464,combination,CID5291
CID24197464,combination,CID5311
CID24197464,combination,CID5329102
CID24197464,combination,CID5360373
CID24197464,combination,CID5388983
CID24197464,combination,CID5426
CID24197464,combination,CID60198
CID24197464,combination,CID60699
CID24197464,combination,CID636362
CID24197464,combination,CID68740
CID24197464,combination,CID71384
CID24360,combination,CID24785538
CID24360,combination,CID24964624
CID24360,combination,CID24978538
CID24360,combination,CID44462760
CID24360,combination,CID446378
CID24360,combination,CID46239015
CID24360,combination,CID51001932
CID24360,combination,CID5311
CID24360,combination,CID5311497
CID24360,combination,CID5330286
CID24360,combination,CID53396328
CID24360,combination,CID57336745
CID24360,combination,CID57441923
CID24360,combination,CID6914657
CID24360,combination,CID6918405
CID24360,combination,CID72435
CID24360,combination,CID73265223
CID24360,combination,CID73265377
CID24360,combination,CID73265380
CID24360,combination,CID73461
CID24360,combination,CID9823820
CID24360,combination,CID9858940
CID24360,combination,CID9887053
CID24748204,combination,CID24964624
CID24748204,combination,CID2907
CID24748204,combination,CID3062316
CID24748204,combination,CID443939
CID24748204,combination,CID46239015
CID24748204,combination,CID5311
CID24748204,combination,CID5311497
CID24748204,combination,CID5329102
CID24748204,combination,CID59691338
CID24748204,combination,CID9887053
CID24748573,combination,CID24821094
CID24756910,combination,CID24771867
CID24756910,combination,CID24785538
CID24756910,combination,CID24821094
CID24756910,combination,CID38911
CID24756910,combination,CID446378
CID24756910,combination,CID54900
CID24756910,combination,CID57519554
CID24756910,combination,CID6914657
CID24771867,combination,CID24785538
CID24771867,combination,CID24964624
CID24771867,combination,CID24978538
CID24771867,combination,CID3025986
CID24771867,combination,CID51001932
CID24771867,combination,CID5311
CID24771867,combination,CID5330286
CID24771867,combination,CID57519554
CID24771867,combination,CID6604870
CID24771867,combination,CID68546
CID24771867,combination,CID73265318
CID24775005,combination,CID24821094
CID24776445,combination,CID2478
CID24776445,combination,CID24821094
CID24776445,combination,CID2578
CID24776445,combination,CID2662
CID24776445,combination,CID2733525
CID24776445,combination,CID2907
CID24776445,combination,CID29327
CID24776445,combination,CID2942
CID24776445,combination,CID3062316
CID24776445,combination,CID356653
CID24776445,combination,CID3690
CID24776445,combination,CID4114
CID24776445,combination,CID4212
CID24776445,combination,CID443939
CID24776445,combination,CID44403842
CID24776445,combination,CID444795
CID24776445,combination,CID5291
CID24776445,combination,CID5311
CID24776445,combination,CID5329102
CID24776445,combination,CID5360373
CID24776445,combination,CID5388983
CID24776445,combination,CID5426
CID24776445,combination,CID60198
CID24776445,combination,CID60699
CID24776445,combination,CID636362
CID24776445,combination,CID68740
CID24776445,combination,CID71384
CID24776445,combination,CID9854073
CID24779775,combination,CID24785538
CID2478,combination,CID2578
CID2478,combination,CID2662
CID2478,combination,CID26879
CID2478,combination,CID2733525
CID2478,combination,CID2907
CID2478,combination,CID29327
CID2478,combination,CID3019
CID2478,combination,CID3034034
CID2478,combination,CID3038
CID2478,combination,CID3055
CID2478,combination,CID3062316
CID2478,combination,CID3117
CID2478,combination,CID3331
CID2478,combination,CID3373
CID2478,combination,CID3397
CID2478,combination,CID3406
CID2478,combination,CID3519
CID2478,combination,CID356653
CID2478,combination,CID3690
CID2478,combination,CID37393
CID2478,combination,CID3883
CID2478,combination,CID3955
CID2478,combination,CID4032
CID2478,combination,CID4037
CID2478,combination,CID4114
CID2478,combination,CID41684
CID2478,combination,CID4212
CID2478,combination,CID439693
CID2478,combination,CID443939
CID2478,combination,CID44403842
CID2478,combination,CID444795
CID2478,combination,CID446987
CID2478,combination,CID4477
CID2478,combination,CID449381
CID2478,combination,CID4513
CID2478,combination,CID4674
CID2478,combination,CID4912
CID2478,combination,CID517546
CID2478,combination,CID5284583
CID2478,combination,CID5291
CID2478,combination,CID5311
CID2478,combination,CID5323714
CID2478,combination,CID5329102
CID2478,combination,CID5342
CID2478,combination,CID5358
CID2478,combination,CID5360373
CID2478,combination,CID5360515
CID2478,combination,CID5388983
CID2478,combination,CID5426
CID2478,combination,CID5430
CID2478,combination,CID5462501
CID2478,combination,CID54675769
CID2478,combination,CID54680692
CID2478,combination,CID54684141
CID2478,combination,CID5493444
CID2478,combination,CID5530
CID2478,combination,CID5831
CID2478,combination,CID5833
CID2478,combination,CID5991
CID2478,combination,CID6013
CID2478,combination,CID60198
CID2478,combination,CID60648
CID2478,combination,CID60699
CID2478,combination,CID60753
CID2478,combination,CID60795
CID2478,combination,CID60838
CID2478,combination,CID6100
CID2478,combination,CID6321424
CID2478,combination,CID6337614
CID2478,combination,CID636362
CID2478,combination,CID656583
CID2478,combination,CID68617
CID2478,combination,CID68740
CID2478,combination,CID6914273
CID2478,combination,CID6918296
CID2478,combination,CID71384
CID2478,combination,CID7550
CID2478,combination,CID92722
CID2478,combination,CID9811704
CID2478,combination,CID9930913
CID24785538,combination,CID24826799
CID24785538,combination,CID24964624
CID24785538,combination,CID24978538
CID24785538,combination,CID25167777
CID24785538,combination,CID3025986
CID24785538,combination,CID3062316
CID24785538,combination,CID31411
CID24785538,combination,CID3330
CID24785538,combination,CID38911
CID24785538,combination,CID441361
CID24785538,combination,CID44462760
CID24785538,combination,CID446378
CID24785538,combination,CID46188928
CID24785538,combination,CID51001932
CID24785538,combination,CID52947716
CID24785538,combination,CID5311
CID24785538,combination,CID5311497
CID24785538,combination,CID5321010
CID24785538,combination,CID53235510
CID24785538,combination,CID5330286
CID24785538,combination,CID53340426
CID24785538,combination,CID53340771
CID24785538,combination,CID54684141
CID24785538,combination,CID54900
CID24785538,combination,CID57379345
CID24785538,combination,CID5944
CID24785538,combination,CID60160561
CID24785538,combination,CID60838
CID24785538,combination,CID6914657
CID24785538,combination,CID6918638
CID24785538,combination,CID71543365
CID24785538,combination,CID71664305
CID24785538,combination,CID72686
CID24785538,combination,CID73265233
CID24785538,combination,CID73265318
CID24785538,combination,CID74990
CID24785538,combination,CID90241673
CID24785538,combination,CID9800555
CID24785538,combination,CID9852573
CID24785538,combination,CID9858940
CID24785538,combination,CID9887053
CID24795070,combination,CID24821094
CID24821094,combination,CID24826799
CID24821094,combination,CID24951314
CID24821094,combination,CID24964624
CID24821094,combination,CID24978538
CID24821094,combination,CID25062766
CID24821094,combination,CID25124816
CID24821094,combination,CID25167777
CID24821094,combination,CID25195294
CID24821094,combination,CID25262792
CID24821094,combination,CID265237
CID24821094,combination,CID2703
CID24821094,combination,CID2900
CID24821094,combination,CID3003565
CID24821094,combination,CID3008319
CID24821094,combination,CID3025961
CID24821094,combination,CID3038522
CID24821094,combination,CID3062316
CID24821094,combination,CID3378093
CID24821094,combination,CID3922
CID24821094,combination,CID409805
CID24821094,combination,CID4259181
CID24821094,combination,CID42623900
CID24821094,combination,CID42642645
CID24821094,combination,CID439693
CID24821094,combination,CID44219749
CID24821094,combination,CID44607530
CID24821094,combination,CID447905
CID24821094,combination,CID448042
CID24821094,combination,CID449035
CID24821094,combination,CID4521392
CID24821094,combination,CID4594
CID24821094,combination,CID46216796
CID24821094,combination,CID46925884
CID24821094,combination,CID46927888
CID24821094,combination,CID46933992
CID24821094,combination,CID49852941
CID24821094,combination,CID49855250
CID24821094,combination,CID49867930
CID24821094,combination,CID4993
CID24821094,combination,CID50905018
CID24821094,combination,CID50905713
CID24821094,combination,CID51358113
CID24821094,combination,CID5163
CID24821094,combination,CID5280343
CID24821094,combination,CID5291
CID24821094,combination,CID52948550
CID24821094,combination,CID5311
CID24821094,combination,CID5311007
CID24821094,combination,CID5311382
CID24821094,combination,CID5330790
CID24821094,combination,CID53316140
CID24821094,combination,CID5339
CID24821094,combination,CID53396328
CID24821094,combination,CID53484170
CID24821094,combination,CID54454
CID24821094,combination,CID56603532
CID24821094,combination,CID56649450
CID24821094,combination,CID57441923
CID24821094,combination,CID57519512
CID24821094,combination,CID57519527
CID24821094,combination,CID57519528
CID24821094,combination,CID57519543
CID24821094,combination,CID57519544
CID24821094,combination,CID57519551
CID24821094,combination,CID57519554
CID24821094,combination,CID57519555
CID24821094,combination,CID60560
CID24821094,combination,CID60699
CID24821094,combination,CID60703
CID24821094,combination,CID64139
CID24821094,combination,CID6420138
CID24821094,combination,CID65999
CID24821094,combination,CID6914657
CID24821094,combination,CID6918029
CID24821094,combination,CID6918638
CID24821094,combination,CID6918848
CID24821094,combination,CID70789547
CID24821094,combination,CID71992
CID24821094,combination,CID72188603
CID24821094,combination,CID72311
CID24821094,combination,CID72686
CID24821094,combination,CID729483
CID24821094,combination,CID73265233
CID24821094,combination,CID73461
CID24821094,combination,CID83979
CID24821094,combination,CID9549298
CID24821094,combination,CID9808844
CID24821094,combination,CID9824562
CID24821094,combination,CID9840076
CID24821094,combination,CID9849040
CID24821094,combination,CID9865515
CID24821094,combination,CID9869779
CID24821094,combination,CID9872438
CID24821094,combination,CID9893571
CID24821094,combination,CID9902100
CID24821094,combination,CID9908783
CID24821094,combination,CID9910224
CID24821094,combination,CID9949641
CID24821094,combination,CID9956119
CID24826799,combination,CID24964624
CID24826799,combination,CID24978538
CID24826799,combination,CID25167777
CID24826799,combination,CID3117
CID24826799,combination,CID446378
CID24826799,combination,CID5321010
CID24826799,combination,CID57336745
CID24826799,combination,CID57379345
CID24826799,combination,CID657237
CID24826799,combination,CID6918405
CID24826799,combination,CID6918638
CID24826799,combination,CID73265233
CID24826799,combination,CID73265377
CID24840086,combination,CID6135
CID24963252,combination,CID24978538
CID24963252,combination,CID25167777
CID24963252,combination,CID57441923
CID24963252,combination,CID57519554
CID24963252,combination,CID60699
CID24964624,combination,CID24978538
CID24964624,combination,CID265237
CID24964624,combination,CID2907
CID24964624,combination,CID3062316
CID24964624,combination,CID44156902
CID24964624,combination,CID44462760
CID24964624,combination,CID446378
CID24964624,combination,CID46188928
CID24964624,combination,CID46239015
CID24964624,combination,CID51001932
CID24964624,combination,CID51042438
CID24964624,combination,CID5311
CID24964624,combination,CID5311497
CID24964624,combination,CID53235510
CID24964624,combination,CID5329102
CID24964624,combination,CID5330286
CID24964624,combination,CID53340771
CID24964624,combination,CID53396328
CID24964624,combination,CID56649450
CID24964624,combination,CID57336745
CID24964624,combination,CID57379345
CID24964624,combination,CID57441923
CID24964624,combination,CID59691338
CID24964624,combination,CID60838
CID24964624,combination,CID6914657
CID24964624,combination,CID6918638
CID24964624,combination,CID73265223
CID24964624,combination,CID73265233
CID24964624,combination,CID73265380
CID24964624,combination,CID9858940
CID24964624,combination,CID9887053
CID24964624,combination,CID9914412
CID24964624,combination,CID9918559
CID24978538,combination,CID25167777
CID24978538,combination,CID3025986
CID24978538,combination,CID3062316
CID24978538,combination,CID3117
CID24978538,combination,CID38911
CID24978538,combination,CID44462760
CID24978538,combination,CID446378
CID24978538,combination,CID46239015
CID24978538,combination,CID46944259
CID24978538,combination,CID49837968
CID24978538,combination,CID51001932
CID24978538,combination,CID51042438
CID24978538,combination,CID5311
CID24978538,combination,CID5311497
CID24978538,combination,CID5321010
CID24978538,combination,CID5330286
CID24978538,combination,CID53396328
CID24978538,combination,CID54900
CID24978538,combination,CID56649450
CID24978538,combination,CID57336745
CID24978538,combination,CID57441923
CID24978538,combination,CID57519554
CID24978538,combination,CID5944
CID24978538,combination,CID60060499
CID24978538,combination,CID60699
CID24978538,combination,CID60838
CID24978538,combination,CID657237
CID24978538,combination,CID66646767
CID24978538,combination,CID6914657
CID24978538,combination,CID6917864
CID24978538,combination,CID6918405
CID24978538,combination,CID71587153
CID24978538,combination,CID72686
CID24978538,combination,CID73265223
CID24978538,combination,CID73265233
CID24978538,combination,CID73265271
CID24978538,combination,CID73265377
CID24978538,combination,CID73265389
CID24978538,combination,CID73265414
CID24978538,combination,CID73461
CID24978538,combination,CID9858940
CID24978538,combination,CID9887053
CID24978538,combination,CID9914412
CID24978538,combination,CID9918559
CID25167777,combination,CID29112
CID25167777,combination,CID36708
CID25167777,combination,CID37392
CID25167777,combination,CID37393
CID25167777,combination,CID4008
CID25167777,combination,CID44469321
CID25167777,combination,CID447077
CID25167777,combination,CID4474
CID25167777,combination,CID53235510
CID25167777,combination,CID53494972
CID25167777,combination,CID57379345
CID25167777,combination,CID57441923
CID25167777,combination,CID60699
CID25167777,combination,CID63224
CID25167777,combination,CID6917864
CID25167777,combination,CID6918638
CID25167777,combination,CID73265233
CID25167777,combination,CID73461
CID25167777,combination,CID9852573
CID2578,combination,CID2662
CID2578,combination,CID26879
CID2578,combination,CID2733525
CID2578,combination,CID2907
CID2578,combination,CID29327
CID2578,combination,CID2942
CID2578,combination,CID3019
CID2578,combination,CID3034034
CID2578,combination,CID3055
CID2578,combination,CID3062316
CID2578,combination,CID3117
CID2578,combination,CID3373
CID2578,combination,CID3397
CID2578,combination,CID3406
CID2578,combination,CID3519
CID2578,combination,CID356653
CID2578,combination,CID3690
CID2578,combination,CID37393
CID2578,combination,CID3883
CID2578,combination,CID3955
CID2578,combination,CID4032
CID2578,combination,CID4037
CID2578,combination,CID4054
CID2578,combination,CID4114
CID2578,combination,CID41684
CID2578,combination,CID4212
CID2578,combination,CID439693
CID2578,combination,CID443939
CID2578,combination,CID44403842
CID2578,combination,CID444795
CID2578,combination,CID4477
CID2578,combination,CID4513
CID2578,combination,CID4674
CID2578,combination,CID517546
CID2578,combination,CID5284583
CID2578,combination,CID5291
CID2578,combination,CID5310966
CID2578,combination,CID5311
CID2578,combination,CID5311068
CID2578,combination,CID5323714
CID2578,combination,CID5329102
CID2578,combination,CID5358
CID2578,combination,CID5360373
CID2578,combination,CID5360515
CID2578,combination,CID5388983
CID2578,combination,CID5426
CID2578,combination,CID5430
CID2578,combination,CID5462501
CID2578,combination,CID54675769
CID2578,combination,CID54680692
CID2578,combination,CID54684141
CID2578,combination,CID5493444
CID2578,combination,CID5530
CID2578,combination,CID5546
CID2578,combination,CID5831
CID2578,combination,CID5833
CID2578,combination,CID5991
CID2578,combination,CID6013
CID2578,combination,CID6018
CID2578,combination,CID60198
CID2578,combination,CID60699
CID2578,combination,CID60753
CID2578,combination,CID60795
CID2578,combination,CID60838
CID2578,combination,CID6100
CID2578,combination,CID6337614
CID2578,combination,CID636362
CID2578,combination,CID68617
CID2578,combination,CID68740
CID2578,combination,CID6914273
CID2578,combination,CID6918296
CID2578,combination,CID71384
CID2578,combination,CID7550
CID2578,combination,CID92722
CID2578,combination,CID9854073
CID265237,combination,CID3117
CID265237,combination,CID57336745
CID265237,combination,CID6914657
CID265237,combination,CID72435
CID265237,combination,CID9918559
CID2662,combination,CID2733525
CID2662,combination,CID2907
CID2662,combination,CID29327
CID2662,combination,CID2942
CID2662,combination,CID3062316
CID2662,combination,CID356653
CID2662,combination,CID3690
CID2662,combination,CID4114
CID2662,combination,CID4212
CID2662,combination,CID443939
CID2662,combination,CID44403842
CID2662,combination,CID444795
CID2662,combination,CID5291
CID2662,combination,CID5311
CID2662,combination,CID5329102
CID2662,combination,CID5360373
CID2662,combination,CID5388983
CID2662,combination,CID5426
CID2662,combination,CID60198
CID2662,combination,CID60699
CID2662,combination,CID636362
CID2662,combination,CID68740
CID2662,combination,CID71384
CID2662,combination,CID9854073
CID26879,combination,CID3034034
CID26879,combination,CID3055
CID26879,combination,CID3117
CID26879,combination,CID3331
CID26879,combination,CID3373
CID26879,combination,CID3397
CID26879,combination,CID3406
CID26879,combination,CID3519
CID26879,combination,CID37393
CID26879,combination,CID3883
CID26879,combination,CID4037
CID26879,combination,CID4054
CID26879,combination,CID41684
CID26879,combination,CID4173
CID26879,combination,CID4212
CID26879,combination,CID439693
CID26879,combination,CID446987
CID26879,combination,CID4477
CID26879,combination,CID449381
CID26879,combination,CID4513
CID26879,combination,CID4674
CID26879,combination,CID4912
CID26879,combination,CID517546
CID26879,combination,CID5284583
CID26879,combination,CID5291
CID26879,combination,CID5311
CID26879,combination,CID5311068
CID26879,combination,CID5323714
CID26879,combination,CID5329102
CID26879,combination,CID5342
CID26879,combination,CID5358
CID26879,combination,CID5360515
CID26879,combination,CID5426
CID26879,combination,CID5430
CID26879,combination,CID5462501
CID26879,combination,CID54675769
CID26879,combination,CID54680692
CID26879,combination,CID54684141
CID26879,combination,CID5530
CID26879,combination,CID5546
CID26879,combination,CID5833
CID26879,combination,CID5991
CID26879,combination,CID6013
CID26879,combination,CID6018
CID26879,combination,CID60753
CID26879,combination,CID60795
CID26879,combination,CID60838
CID26879,combination,CID6321424
CID26879,combination,CID6337614
CID26879,combination,CID656583
CID26879,combination,CID6914273
CID26879,combination,CID6918296
CID26879,combination,CID7550
CID26879,combination,CID91649
CID26879,combination,CID92722
CID26879,combination,CID9811704
CID26879,combination,CID9930913
CID2733525,combination,CID2907
CID2733525,combination,CID29327
CID2733525,combination,CID2942
CID2733525,combination,CID3062316
CID2733525,combination,CID356653
CID2733525,combination,CID3690
CID2733525,combination,CID38911
CID2733525,combination,CID4114
CID2733525,combination,CID4212
CID2733525,combination,CID443939
CID2733525,combination,CID44403842
CID2733525,combination,CID444795
CID2733525,combination,CID5291
CID2733525,combination,CID5311
CID2733525,combination,CID5329102
CID2733525,combination,CID5360373
CID2733525,combination,CID5388983
CID2733525,combination,CID5426
CID2733525,combination,CID60198
CID2733525,combination,CID60699
CID2733525,combination,CID636362
CID2733525,combination,CID68740
CID2733525,combination,CID71384
CID2733525,combination,CID9854073
CID2800,combination,CID3005572
CID2800,combination,CID5281078
CID2800,combination,CID5329102
CID2800,combination,CID60795
CID2800,combination,CID6167
CID2800647,combination,CID53494972
CID285033,combination,CID3005572
CID285033,combination,CID358177
CID285033,combination,CID5281078
CID285033,combination,CID6167
CID285033,combination,CID63009
CID285033,combination,CID6456015
CID2907,combination,CID29327
CID2907,combination,CID3062316
CID2907,combination,CID356653
CID2907,combination,CID3690
CID2907,combination,CID4114
CID2907,combination,CID4212
CID2907,combination,CID443939
CID2907,combination,CID44403842
CID2907,combination,CID444795
CID2907,combination,CID46239015
CID2907,combination,CID5291
CID2907,combination,CID5311
CID2907,combination,CID5329102
CID2907,combination,CID5360373
CID2907,combination,CID5388983
CID2907,combination,CID5426
CID2907,combination,CID59691338
CID2907,combination,CID60198
CID2907,combination,CID60699
CID2907,combination,CID636362
CID2907,combination,CID68740
CID2907,combination,CID71384
CID29112,combination,CID37392
CID29112,combination,CID37393
CID29112,combination,CID443390
CID29112,combination,CID44469321
CID29112,combination,CID447077
CID29112,combination,CID4993
CID29112,combination,CID5311
CID29112,combination,CID53494972
CID29112,combination,CID57336745
CID29112,combination,CID6321424
CID29112,combination,CID63224
CID29112,combination,CID6917864
CID29112,combination,CID71386
CID29112,combination,CID8980
CID29112,combination,CID92178
CID29112,combination,CID92727
CID29112,combination,CID9852573
CID29112,combination,CID9914412
CID29327,combination,CID3062316
CID29327,combination,CID356653
CID29327,combination,CID3690
CID29327,combination,CID4114
CID29327,combination,CID4212
CID29327,combination,CID443939
CID29327,combination,CID44403842
CID29327,combination,CID444795
CID29327,combination,CID5291
CID29327,combination,CID5311
CID29327,combination,CID5329102
CID29327,combination,CID5360373
CID29327,combination,CID5388983
CID29327,combination,CID5426
CID29327,combination,CID60198
CID29327,combination,CID60699
CID29327,combination,CID636362
CID29327,combination,CID68740
CID29327,combination,CID71384
CID2942,combination,CID3062316
CID2942,combination,CID4114
CID2942,combination,CID4212
CID2942,combination,CID444795
CID2942,combination,CID5291
CID2942,combination,CID5329102
CID2942,combination,CID5360373
CID2942,combination,CID5426
CID2942,combination,CID68740
CID2942,combination,CID71384
CID2942,combination,CID9854073
CID3005572,combination,CID358177
CID3005572,combination,CID492405
CID3005572,combination,CID5281078
CID3005572,combination,CID5329102
CID3005572,combination,CID60795
CID3005572,combination,CID60974
CID3005572,combination,CID6167
CID3005572,combination,CID63009
CID3005572,combination,CID6456015
CID3019,combination,CID3038
CID3019,combination,CID3055
CID3019,combination,CID3117
CID3019,combination,CID3331
CID3019,combination,CID3373
CID3019,combination,CID3397
CID3019,combination,CID3406
CID3019,combination,CID3519
CID3019,combination,CID37393
CID3019,combination,CID3883
CID3019,combination,CID3955
CID3019,combination,CID4032
CID3019,combination,CID4037
CID3019,combination,CID4054
CID3019,combination,CID41684
CID3019,combination,CID4173
CID3019,combination,CID4212
CID3019,combination,CID439693
CID3019,combination,CID445643
CID3019,combination,CID446987
CID3019,combination,CID4477
CID3019,combination,CID449381
CID3019,combination,CID4513
CID3019,combination,CID4674
CID3019,combination,CID4912
CID3019,combination,CID517546
CID3019,combination,CID5284583
CID3019,combination,CID5311
CID3019,combination,CID5311068
CID3019,combination,CID5323714
CID3019,combination,CID5329102
CID3019,combination,CID5342
CID3019,combination,CID5358
CID3019,combination,CID5360515
CID3019,combination,CID5426
CID3019,combination,CID5430
CID3019,combination,CID5462501
CID3019,combination,CID54675769
CID3019,combination,CID54680692
CID3019,combination,CID54684141
CID3019,combination,CID5493444
CID3019,combination,CID5530
CID3019,combination,CID5546
CID3019,combination,CID5831
CID3019,combination,CID5833
CID3019,combination,CID5991
CID3019,combination,CID6013
CID3019,combination,CID6018
CID3019,combination,CID60648
CID3019,combination,CID60753
CID3019,combination,CID60795
CID3019,combination,CID6100
CID3019,combination,CID6321424
CID3019,combination,CID6337614
CID3019,combination,CID64139
CID3019,combination,CID656583
CID3019,combination,CID68617
CID3019,combination,CID6914273
CID3019,combination,CID6918296
CID3019,combination,CID7550
CID3019,combination,CID91649
CID3019,combination,CID92722
CID3019,combination,CID9811704
CID3019,combination,CID9930913
CID3025986,combination,CID3062316
CID3025986,combination,CID5321010
CID3025986,combination,CID6604870
CID3025986,combination,CID68546
CID3025986,combination,CID6914657
CID3025986,combination,CID72686
CID3025986,combination,CID73265318
CID3025986,combination,CID73265389
CID3034034,combination,CID3038
CID3034034,combination,CID3055
CID3034034,combination,CID3331
CID3034034,combination,CID3373
CID3034034,combination,CID3397
CID3034034,combination,CID3406
CID3034034,combination,CID3519
CID3034034,combination,CID37393
CID3034034,combination,CID3883
CID3034034,combination,CID3955
CID3034034,combination,CID4032
CID3034034,combination,CID4037
CID3034034,combination,CID4054
CID3034034,combination,CID41684
CID3034034,combination,CID4173
CID3034034,combination,CID4212
CID3034034,combination,CID439693
CID3034034,combination,CID445643
CID3034034,combination,CID446987
CID3034034,combination,CID4477
CID3034034,combination,CID449381
CID3034034,combination,CID4513
CID3034034,combination,CID4912
CID3034034,combination,CID517546
CID3034034,combination,CID5284583
CID3034034,combination,CID5291
CID3034034,combination,CID5310966
CID3034034,combination,CID5311
CID3034034,combination,CID5311068
CID3034034,combination,CID5323714
CID3034034,combination,CID5329102
CID3034034,combination,CID5342
CID3034034,combination,CID5358
CID3034034,combination,CID5360515
CID3034034,combination,CID5426
CID3034034,combination,CID5430
CID3034034,combination,CID5462501
CID3034034,combination,CID54675769
CID3034034,combination,CID54680692
CID3034034,combination,CID54684141
CID3034034,combination,CID5493444
CID3034034,combination,CID5530
CID3034034,combination,CID5546
CID3034034,combination,CID5831
CID3034034,combination,CID5833
CID3034034,combination,CID5991
CID3034034,combination,CID6013
CID3034034,combination,CID6018
CID3034034,combination,CID60648
CID3034034,combination,CID60753
CID3034034,combination,CID60795
CID3034034,combination,CID60838
CID3034034,combination,CID6100
CID3034034,combination,CID6321424
CID3034034,combination,CID6337614
CID3034034,combination,CID64139
CID3034034,combination,CID656583
CID3034034,combination,CID68617
CID3034034,combination,CID6914273
CID3034034,combination,CID6918296
CID3034034,combination,CID7550
CID3034034,combination,CID91649
CID3034034,combination,CID92722
CID3034034,combination,CID9811704
CID3034034,combination,CID9930913
CID3038,combination,CID3055
CID3038,combination,CID3117
CID3038,combination,CID3331
CID3038,combination,CID3373
CID3038,combination,CID3397
CID3038,combination,CID3519
CID3038,combination,CID37393
CID3038,combination,CID3883
CID3038,combination,CID3955
CID3038,combination,CID4037
CID3038,combination,CID4054
CID3038,combination,CID41684
CID3038,combination,CID4173
CID3038,combination,CID4212
CID3038,combination,CID439693
CID3038,combination,CID445643
CID3038,combination,CID446987
CID3038,combination,CID4477
CID3038,combination,CID449381
CID3038,combination,CID4513
CID3038,combination,CID4674
CID3038,combination,CID4912
CID3038,combination,CID517546
CID3038,combination,CID5284583
CID3038,combination,CID5291
CID3038,combination,CID5310966
CID3038,combination,CID5311
CID3038,combination,CID5311068
CID3038,combination,CID5323714
CID3038,combination,CID5329102
CID3038,combination,CID5342
CID3038,combination,CID5358
CID3038,combination,CID5360515
CID3038,combination,CID5426
CID3038,combination,CID5430
CID3038,combination,CID5462501
CID3038,combination,CID54675769
CID3038,combination,CID54680692
CID3038,combination,CID54684141
CID3038,combination,CID5530
CID3038,combination,CID5546
CID3038,combination,CID5831
CID3038,combination,CID5833
CID3038,combination,CID5991
CID3038,combination,CID6013
CID3038,combination,CID6018
CID3038,combination,CID60753
CID3038,combination,CID60795
CID3038,combination,CID60838
CID3038,combination,CID6100
CID3038,combination,CID6321424
CID3038,combination,CID6337614
CID3038,combination,CID64139
CID3038,combination,CID68617
CID3038,combination,CID6918296
CID3038,combination,CID92722
CID3038,combination,CID9811704
CID3038,combination,CID9930913
CID3055,combination,CID3117
CID3055,combination,CID3331
CID3055,combination,CID3373
CID3055,combination,CID3406
CID3055,combination,CID3519
CID3055,combination,CID37393
CID3055,combination,CID3883
CID3055,combination,CID3955
CID3055,combination,CID4032
CID3055,combination,CID4037
CID3055,combination,CID4054
CID3055,combination,CID41684
CID3055,combination,CID4173
CID3055,combination,CID4212
CID3055,combination,CID445643
CID3055,combination,CID446987
CID3055,combination,CID4477
CID3055,combination,CID449381
CID3055,combination,CID4513
CID3055,combination,CID4912
CID3055,combination,CID517546
CID3055,combination,CID5284583
CID3055,combination,CID5291
CID3055,combination,CID5310966
CID3055,combination,CID5311
CID3055,combination,CID5311068
CID3055,combination,CID5323714
CID3055,combination,CID5329102
CID3055,combination,CID5358
CID3055,combination,CID5360515
CID3055,combination,CID5426
CID3055,combination,CID5430
CID3055,combination,CID54675769
CID3055,combination,CID54684141
CID3055,combination,CID5493444
CID3055,combination,CID5530
CID3055,combination,CID5546
CID3055,combination,CID5833
CID3055,combination,CID6013
CID3055,combination,CID6018
CID3055,combination,CID60648
CID3055,combination,CID60753
CID3055,combination,CID60838
CID3055,combination,CID6100
CID3055,combination,CID6321424
CID3055,combination,CID6337614
CID3055,combination,CID68617
CID3055,combination,CID6914273
CID3055,combination,CID6918296
CID3055,combination,CID7550
CID3055,combination,CID91649
CID3055,combination,CID92722
CID3055,combination,CID9811704
CID3055,combination,CID9930913
CID3062316,combination,CID3330
CID3062316,combination,CID356653
CID3062316,combination,CID3690
CID3062316,combination,CID38911
CID3062316,combination,CID4114
CID3062316,combination,CID4212
CID3062316,combination,CID443939
CID3062316,combination,CID44403842
CID3062316,combination,CID444795
CID3062316,combination,CID446378
CID3062316,combination,CID46239015
CID3062316,combination,CID51001932
CID3062316,combination,CID5291
CID3062316,combination,CID5311
CID3062316,combination,CID5311497
CID3062316,combination,CID5329102
CID3062316,combination,CID5330286
CID3062316,combination,CID5360373
CID3062316,combination,CID5388983
CID3062316,combination,CID5426
CID3062316,combination,CID54900
CID3062316,combination,CID5944
CID3062316,combination,CID59691338
CID3062316,combination,CID60198
CID3062316,combination,CID60699
CID3062316,combination,CID60838
CID3062316,combination,CID636362
CID3062316,combination,CID6746983
CID3062316,combination,CID6758
CID3062316,combination,CID68740
CID3062316,combination,CID6914657
CID3062316,combination,CID71384
CID3062316,combination,CID72686
CID3062316,combination,CID74990
CID3062316,combination,CID9854073
CID3062316,combination,CID9887053
CID3062316,combination,CID9949641
CID3114,combination,CID6917864
CID3117,combination,CID3331
CID3117,combination,CID3373
CID3117,combination,CID3397
CID3117,combination,CID3406
CID3117,combination,CID3519
CID3117,combination,CID37393
CID3117,combination,CID3883
CID3117,combination,CID3955
CID3117,combination,CID4032
CID3117,combination,CID4037
CID3117,combination,CID4054
CID3117,combination,CID4173
CID3117,combination,CID439693
CID3117,combination,CID445643
CID3117,combination,CID446987
CID3117,combination,CID4477
CID3117,combination,CID449381
CID3117,combination,CID4513
CID3117,combination,CID4674
CID3117,combination,CID4912
CID3117,combination,CID517546
CID3117,combination,CID5284583
CID3117,combination,CID5291
CID3117,combination,CID5310966
CID3117,combination,CID5311
CID3117,combination,CID5311068
CID3117,combination,CID5323714
CID3117,combination,CID5329102
CID3117,combination,CID5342
CID3117,combination,CID5358
CID3117,combination,CID5360515
CID3117,combination,CID5426
CID3117,combination,CID5430
CID3117,combination,CID5462501
CID3117,combination,CID54675769
CID3117,combination,CID54680692
CID3117,combination,CID5493444
CID3117,combination,CID57336745
CID3117,combination,CID57441923
CID3117,combination,CID5831
CID3117,combination,CID5991
CID3117,combination,CID6013
CID3117,combination,CID6018
CID3117,combination,CID60648
CID3117,combination,CID60753
CID3117,combination,CID60795
CID3117,combination,CID60838
CID3117,combination,CID6321424
CID3117,combination,CID6337614
CID3117,combination,CID64139
CID3117,combination,CID656583
CID3117,combination,CID657237
CID3117,combination,CID6914273
CID3117,combination,CID6918296
CID3117,combination,CID73265233
CID3117,combination,CID73265318
CID3117,combination,CID7550
CID3117,combination,CID91649
CID3117,combination,CID92722
CID3117,combination,CID9811704
CID3117,combination,CID9930913
CID31411,combination,CID446378
CID31411,combination,CID449171
CID31411,combination,CID46188928
CID31411,combination,CID5330286
CID31411,combination,CID71543365
CID3330,combination,CID46220502
CID3330,combination,CID6758
CID3330,combination,CID9852573
CID3331,combination,CID3406
CID3331,combination,CID37393
CID3331,combination,CID3883
CID3331,combination,CID3955
CID3331,combination,CID4037
CID3331,combination,CID4054
CID3331,combination,CID41684
CID3331,combination,CID4173
CID3331,combination,CID4212
CID3331,combination,CID439693
CID3331,combination,CID445643
CID3331,combination,CID446987
CID3331,combination,CID4477
CID3331,combination,CID4513
CID3331,combination,CID4674
CID3331,combination,CID4912
CID3331,combination,CID517546
CID3331,combination,CID5284583
CID3331,combination,CID5291
CID3331,combination,CID5310966
CID3331,combination,CID5311
CID3331,combination,CID5323714
CID3331,combination,CID5329102
CID3331,combination,CID5342
CID3331,combination,CID5360515
CID3331,combination,CID5426
CID3331,combination,CID5462501
CID3331,combination,CID54675769
CID3331,combination,CID54680692
CID3331,combination,CID54684141
CID3331,combination,CID5530
CID3331,combination,CID5546
CID3331,combination,CID5831
CID3331,combination,CID5833
CID3331,combination,CID5991
CID3331,combination,CID6018
CID3331,combination,CID6100
CID3331,combination,CID6321424
CID3331,combination,CID6337614
CID3331,combination,CID656583
CID3331,combination,CID6914273
CID3331,combination,CID6918296
CID3331,combination,CID7550
CID3331,combination,CID91649
CID3331,combination,CID92722
CID3331,combination,CID9811704
CID3331,combination,CID9930913
CID3336,combination,CID37392
CID3336,combination,CID6917864
CID3373,combination,CID3397
CID3373,combination,CID3406
CID3373,combination,CID3519
CID3373,combination,CID37393
CID3373,combination,CID3883
CID3373,combination,CID3955
CID3373,combination,CID4032
CID3373,combination,CID4037
CID3373,combination,CID4054
CID3373,combination,CID41684
CID3373,combination,CID4212
CID3373,combination,CID439693
CID3373,combination,CID445643
CID3373,combination,CID446987
CID3373,combination,CID4477
CID3373,combination,CID449381
CID3373,combination,CID4513
CID3373,combination,CID4674
CID3373,combination,CID4912
CID3373,combination,CID517546
CID3373,combination,CID5284583
CID3373,combination,CID5291
CID3373,combination,CID5310966
CID3373,combination,CID5311
CID3373,combination,CID5311068
CID3373,combination,CID5323714
CID3373,combination,CID5329102
CID3373,combination,CID5342
CID3373,combination,CID5358
CID3373,combination,CID5426
CID3373,combination,CID5430
CID3373,combination,CID54675769
CID3373,combination,CID54680692
CID3373,combination,CID54684141
CID3373,combination,CID5530
CID3373,combination,CID5833
CID3373,combination,CID6013
CID3373,combination,CID60648
CID3373,combination,CID60753
CID3373,combination,CID60795
CID3373,combination,CID60838
CID3373,combination,CID6321424
CID3373,combination,CID6337614
CID3373,combination,CID64139
CID3373,combination,CID656583
CID3373,combination,CID68617
CID3373,combination,CID6914273
CID3373,combination,CID92722
CID3373,combination,CID9811704
CID3373,combination,CID9930913
CID3396,combination,CID44469321
CID3396,combination,CID53494972
CID3396,combination,CID6917864
CID3397,combination,CID3406
CID3397,combination,CID3519
CID3397,combination,CID37393
CID3397,combination,CID3955
CID3397,combination,CID4037
CID3397,combination,CID4054
CID3397,combination,CID41684
CID3397,combination,CID4173
CID3397,combination,CID4212
CID3397,combination,CID446987
CID3397,combination,CID4477
CID3397,combination,CID449381
CID3397,combination,CID4513
CID3397,combination,CID4674
CID3397,combination,CID4912
CID3397,combination,CID517546
CID3397,combination,CID5284583
CID3397,combination,CID5291
CID3397,combination,CID5310966
CID3397,combination,CID5311
CID3397,combination,CID5311068
CID3397,combination,CID5323714
CID3397,combination,CID5342
CID3397,combination,CID5358
CID3397,combination,CID5360515
CID3397,combination,CID5426
CID3397,combination,CID5462501
CID3397,combination,CID54675769
CID3397,combination,CID54680692
CID3397,combination,CID54684141
CID3397,combination,CID5493444
CID3397,combination,CID5530
CID3397,combination,CID5546
CID3397,combination,CID5831
CID3397,combination,CID5833
CID3397,combination,CID5991
CID3397,combination,CID6018
CID3397,combination,CID60648
CID3397,combination,CID60753
CID3397,combination,CID60795
CID3397,combination,CID6100
CID3397,combination,CID6321424
CID3397,combination,CID6337614
CID3397,combination,CID68617
CID3397,combination,CID6918296
CID3397,combination,CID7550
CID3397,combination,CID92722
CID3397,combination,CID9811704
CID3406,combination,CID3519
CID3406,combination,CID37393
CID3406,combination,CID3883
CID3406,combination,CID3955
CID3406,combination,CID4037
CID3406,combination,CID41684
CID3406,combination,CID4173
CID3406,combination,CID4212
CID3406,combination,CID439693
CID3406,combination,CID445643
CID3406,combination,CID446987
CID3406,combination,CID4477
CID3406,combination,CID449381
CID3406,combination,CID4513
CID3406,combination,CID4674
CID3406,combination,CID4912
CID3406,combination,CID517546
CID3406,combination,CID5284583
CID3406,combination,CID5291
CID3406,combination,CID5310966
CID3406,combination,CID5311
CID3406,combination,CID5311068
CID3406,combination,CID5323714
CID3406,combination,CID5329102
CID3406,combination,CID5342
CID3406,combination,CID5358
CID3406,combination,CID5360515
CID3406,combination,CID5426
CID3406,combination,CID5430
CID3406,combination,CID5462501
CID3406,combination,CID54680692
CID3406,combination,CID54684141
CID3406,combination,CID5530
CID3406,combination,CID5546
CID3406,combination,CID5831
CID3406,combination,CID5833
CID3406,combination,CID5991
CID3406,combination,CID6013
CID3406,combination,CID6018
CID3406,combination,CID60648
CID3406,combination,CID60753
CID3406,combination,CID60795
CID3406,combination,CID60838
CID3406,combination,CID6100
CID3406,combination,CID6321424
CID3406,combination,CID6337614
CID3406,combination,CID656583
CID3406,combination,CID68617
CID3406,combination,CID6914273
CID3406,combination,CID6918296
CID3406,combination,CID7550
CID3406,combination,CID91649
CID3406,combination,CID92722
CID3406,combination,CID9930913
CID34312,combination,CID53494972
CID34312,combination,CID6917864
CID34633,combination,CID44469321
CID34633,combination,CID6917864
CID3519,combination,CID37393
CID3519,combination,CID3883
CID3519,combination,CID3955
CID3519,combination,CID4032
CID3519,combination,CID4037
CID3519,combination,CID4054
CID3519,combination,CID4173
CID3519,combination,CID4212
CID3519,combination,CID439693
CID3519,combination,CID445643
CID3519,combination,CID446987
CID3519,combination,CID4477
CID3519,combination,CID449381
CID3519,combination,CID4513
CID3519,combination,CID4912
CID3519,combination,CID517546
CID3519,combination,CID5284583
CID3519,combination,CID5291
CID3519,combination,CID5310966
CID3519,combination,CID5311068
CID3519,combination,CID5323714
CID3519,combination,CID5329102
CID3519,combination,CID5342
CID3519,combination,CID5358
CID3519,combination,CID5360515
CID3519,combination,CID5426
CID3519,combination,CID5430
CID3519,combination,CID5462501
CID3519,combination,CID54675769
CID3519,combination,CID54680692
CID3519,combination,CID54684141
CID3519,combination,CID5493444
CID3519,combination,CID5530
CID3519,combination,CID5546
CID3519,combination,CID5831
CID3519,combination,CID5833
CID3519,combination,CID5991
CID3519,combination,CID6013
CID3519,combination,CID6018
CID3519,combination,CID60648
CID3519,combination,CID60753
CID3519,combination,CID60795
CID3519,combination,CID60838
CID3519,combination,CID6100
CID3519,combination,CID6337614
CID3519,combination,CID64139
CID3519,combination,CID656583
CID3519,combination,CID68617
CID3519,combination,CID6918296
CID3519,combination,CID7550
CID3519,combination,CID91649
CID3519,combination,CID92722
CID3519,combination,CID9811704
CID3519,combination,CID9930913
CID356653,combination,CID3690
CID356653,combination,CID4114
CID356653,combination,CID4212
CID356653,combination,CID443939
CID356653,combination,CID44403842
CID356653,combination,CID444795
CID356653,combination,CID5291
CID356653,combination,CID5311
CID356653,combination,CID5329102
CID356653,combination,CID5360373
CID356653,combination,CID5388983
CID356653,combination,CID5426
CID356653,combination,CID60198
CID356653,combination,CID60699
CID356653,combination,CID636362
CID356653,combination,CID68740
CID356653,combination,CID71384
CID358177,combination,CID5281078
CID358177,combination,CID60974
CID358177,combination,CID6167
CID358177,combination,CID63009
CID358177,combination,CID6456015
CID36708,combination,CID37392
CID36708,combination,CID37393
CID36708,combination,CID44469321
CID36708,combination,CID44551660
CID36708,combination,CID6917864
CID36708,combination,CID9852573
CID3690,combination,CID4114
CID3690,combination,CID4212
CID3690,combination,CID443939
CID3690,combination,CID44403842
CID3690,combination,CID444795
CID3690,combination,CID5291
CID3690,combination,CID5311
CID3690,combination,CID5329102
CID3690,combination,CID5360373
CID3690,combination,CID5388983
CID3690,combination,CID5426
CID3690,combination,CID60198
CID3690,combination,CID60699
CID3690,combination,CID636362
CID3690,combination,CID68740
CID3690,combination,CID71384
CID37392,combination,CID39186
CID37392,combination,CID3932
CID37392,combination,CID4008
CID37392,combination,CID41022
CID37392,combination,CID441325
CID37392,combination,CID44469321
CID37392,combination,CID44551660
CID37392,combination,CID4474
CID37392,combination,CID4993
CID37392,combination,CID51358113
CID37392,combination,CID5311217
CID37392,combination,CID53248764
CID37392,combination,CID60810
CID37392,combination,CID63224
CID37392,combination,CID6917864
CID37392,combination,CID6918446
CID37392,combination,CID8980
CID37392,combination,CID92727
CID37392,combination,CID9852573
CID37393,combination,CID3883
CID37393,combination,CID3955
CID37393,combination,CID4032
CID37393,combination,CID4037
CID37393,combination,CID4054
CID37393,combination,CID41684
CID37393,combination,CID4173
CID37393,combination,CID4212
CID37393,combination,CID439693
CID37393,combination,CID44469321
CID37393,combination,CID445643
CID37393,combination,CID446987
CID37393,combination,CID4474
CID37393,combination,CID4477
CID37393,combination,CID449381
CID37393,combination,CID4513
CID37393,combination,CID4674
CID37393,combination,CID4912
CID37393,combination,CID51358113
CID37393,combination,CID517546
CID37393,combination,CID5284583
CID37393,combination,CID5310966
CID37393,combination,CID5311
CID37393,combination,CID5311068
CID37393,combination,CID5323714
CID37393,combination,CID5329102
CID37393,combination,CID5342
CID37393,combination,CID5358
CID37393,combination,CID5360515
CID37393,combination,CID5426
CID37393,combination,CID5430
CID37393,combination,CID5462501
CID37393,combination,CID54675769
CID37393,combination,CID54680692
CID37393,combination,CID54684141
CID37393,combination,CID5493444
CID37393,combination,CID5530
CID37393,combination,CID5546
CID37393,combination,CID57336745
CID37393,combination,CID5831
CID37393,combination,CID5833
CID37393,combination,CID5991
CID37393,combination,CID6013
CID37393,combination,CID6018
CID37393,combination,CID60648
CID37393,combination,CID60753
CID37393,combination,CID60795
CID37393,combination,CID60838
CID37393,combination,CID6100
CID37393,combination,CID6321424
CID37393,combination,CID6337614
CID37393,combination,CID64139
CID37393,combination,CID656583
CID37393,combination,CID68617
CID37393,combination,CID6914273
CID37393,combination,CID6917864
CID37393,combination,CID6918296
CID37393,combination,CID91649
CID37393,combination,CID92722
CID37393,combination,CID9811704
CID37393,combination,CID9852573
CID37393,combination,CID9930913
CID3784,combination,CID44469321
CID3784,combination,CID53494972
CID3784,combination,CID6917864
CID3883,combination,CID3955
CID3883,combination,CID4032
CID3883,combination,CID4037
CID3883,combination,CID4054
CID3883,combination,CID41684
CID3883,combination,CID4173
CID3883,combination,CID4212
CID3883,combination,CID439693
CID3883,combination,CID445643
CID3883,combination,CID446987
CID3883,combination,CID4477
CID3883,combination,CID449381
CID3883,combination,CID4513
CID3883,combination,CID4674
CID3883,combination,CID4912
CID3883,combination,CID5284583
CID3883,combination,CID5291
CID3883,combination,CID5310966
CID3883,combination,CID5311
CID3883,combination,CID5311068
CID3883,combination,CID5323714
CID3883,combination,CID5329102
CID3883,combination,CID5342
CID3883,combination,CID5358
CID3883,combination,CID5360515
CID3883,combination,CID5426
CID3883,combination,CID5430
CID3883,combination,CID5462501
CID3883,combination,CID54675769
CID3883,combination,CID54680692
CID3883,combination,CID54684141
CID3883,combination,CID5493444
CID3883,combination,CID5530
CID3883,combination,CID5546
CID3883,combination,CID5831
CID3883,combination,CID5833
CID3883,combination,CID5991
CID3883,combination,CID6013
CID3883,combination,CID6018
CID3883,combination,CID60648
CID3883,combination,CID60753
CID3883,combination,CID60795
CID3883,combination,CID60838
CID3883,combination,CID6321424
CID3883,combination,CID6337614
CID3883,combination,CID64139
CID3883,combination,CID68617
CID3883,combination,CID6914273
CID3883,combination,CID7550
CID3883,combination,CID91649
CID3883,combination,CID9811704
CID3883,combination,CID9930913
CID38911,combination,CID446378
CID38911,combination,CID5321010
CID38911,combination,CID5330286
CID38911,combination,CID57519554
CID38911,combination,CID6604870
CID38911,combination,CID6746983
CID38911,combination,CID72686
CID38911,combination,CID73265318
CID39186,combination,CID44469321
CID39186,combination,CID6917864
CID3932,combination,CID44469321
CID3955,combination,CID4032
CID3955,combination,CID4037
CID3955,combination,CID4054
CID3955,combination,CID41684
CID3955,combination,CID4173
CID3955,combination,CID4212
CID3955,combination,CID439693
CID3955,combination,CID445643
CID3955,combination,CID446987
CID3955,combination,CID4477
CID3955,combination,CID449381
CID3955,combination,CID4912
CID3955,combination,CID517546
CID3955,combination,CID5284583
CID3955,combination,CID5291
CID3955,combination,CID5310966
CID3955,combination,CID5311
CID3955,combination,CID5311068
CID3955,combination,CID5323714
CID3955,combination,CID5342
CID3955,combination,CID5358
CID3955,combination,CID5360515
CID3955,combination,CID5426
CID3955,combination,CID5430
CID3955,combination,CID5462501
CID3955,combination,CID54675769
CID3955,combination,CID54680692
CID3955,combination,CID54684141
CID3955,combination,CID5493444
CID3955,combination,CID5546
CID3955,combination,CID5833
CID3955,combination,CID5991
CID3955,combination,CID6013
CID3955,combination,CID6018
CID3955,combination,CID60648
CID3955,combination,CID60753
CID3955,combination,CID60795
CID3955,combination,CID60838
CID3955,combination,CID6321424
CID3955,combination,CID6337614
CID3955,combination,CID64139
CID3955,combination,CID656583
CID3955,combination,CID68617
CID3955,combination,CID6918296
CID3955,combination,CID7550
CID3955,combination,CID91649
CID3955,combination,CID92722
CID3955,combination,CID9811704
CID3955,combination,CID9930913
CID4008,combination,CID44469321
CID4008,combination,CID44551660
CID4008,combination,CID51358113
CID4008,combination,CID6917864
CID4008,combination,CID9852573
CID4032,combination,CID4037
CID4032,combination,CID4054
CID4032,combination,CID41684
CID4032,combination,CID4173
CID4032,combination,CID4212
CID4032,combination,CID439693
CID4032,combination,CID445643
CID4032,combination,CID446987
CID4032,combination,CID4477
CID4032,combination,CID4674
CID4032,combination,CID4912
CID4032,combination,CID517546
CID4032,combination,CID5284583
CID4032,combination,CID5291
CID4032,combination,CID5310966
CID4032,combination,CID5311
CID4032,combination,CID5311068
CID4032,combination,CID5323714
CID4032,combination,CID5342
CID4032,combination,CID5360515
CID4032,combination,CID5426
CID4032,combination,CID5462501
CID4032,combination,CID54675769
CID4032,combination,CID54680692
CID4032,combination,CID54684141
CID4032,combination,CID5546
CID4032,combination,CID5831
CID4032,combination,CID5833
CID4032,combination,CID6013
CID4032,combination,CID6018
CID4032,combination,CID60753
CID4032,combination,CID60795
CID4032,combination,CID6321424
CID4032,combination,CID6337614
CID4032,combination,CID64139
CID4032,combination,CID656583
CID4032,combination,CID68617
CID4032,combination,CID6914273
CID4032,combination,CID7550
CID4032,combination,CID91649
CID4032,combination,CID92722
CID4032,combination,CID9811704
CID4032,combination,CID9930913
CID4037,combination,CID4054
CID4037,combination,CID41684
CID4037,combination,CID4173
CID4037,combination,CID4212
CID4037,combination,CID439693
CID4037,combination,CID445643
CID4037,combination,CID446987
CID4037,combination,CID4477
CID4037,combination,CID449381
CID4037,combination,CID4513
CID4037,combination,CID4674
CID4037,combination,CID4912
CID4037,combination,CID5284583
CID4037,combination,CID5291
CID4037,combination,CID5310966
CID4037,combination,CID5311
CID4037,combination,CID5311068
CID4037,combination,CID5323714
CID4037,combination,CID5329102
CID4037,combination,CID5342
CID4037,combination,CID5358
CID4037,combination,CID5360515
CID4037,combination,CID5426
CID4037,combination,CID5430
CID4037,combination,CID5462501
CID4037,combination,CID54675769
CID4037,combination,CID54680692
CID4037,combination,CID54684141
CID4037,combination,CID5493444
CID4037,combination,CID5530
CID4037,combination,CID5546
CID4037,combination,CID5831
CID4037,combination,CID5833
CID4037,combination,CID5991
CID4037,combination,CID6013
CID4037,combination,CID6018
CID4037,combination,CID60753
CID4037,combination,CID60838
CID4037,combination,CID6100
CID4037,combination,CID6321424
CID4037,combination,CID6337614
CID4037,combination,CID64139
CID4037,combination,CID656583
CID4037,combination,CID68617
CID4037,combination,CID6914273
CID4037,combination,CID6918296
CID4037,combination,CID7550
CID4037,combination,CID91649
CID4037,combination,CID92722
CID4037,combination,CID9811704
CID4037,combination,CID9930913
CID4054,combination,CID41684
CID4054,combination,CID4173
CID4054,combination,CID4212
CID4054,combination,CID445643
CID4054,combination,CID446987
CID4054,combination,CID4477
CID4054,combination,CID449381
CID4054,combination,CID4513
CID4054,combination,CID4912
CID4054,combination,CID517546
CID4054,combination,CID5284583
CID4054,combination,CID5291
CID4054,combination,CID5310966
CID4054,combination,CID5311
CID4054,combination,CID5311068
CID4054,combination,CID5323714
CID4054,combination,CID5329102
CID4054,combination,CID5342
CID4054,combination,CID5358
CID4054,combination,CID5426
CID4054,combination,CID5430
CID4054,combination,CID5462501
CID4054,combination,CID54675769
CID4054,combination,CID54680692
CID4054,combination,CID54684141
CID4054,combination,CID5493444
CID4054,combination,CID5530
CID4054,combination,CID5831
CID4054,combination,CID5833
CID4054,combination,CID5991
CID4054,combination,CID6013
CID4054,combination,CID60648
CID4054,combination,CID60795
CID4054,combination,CID60838
CID4054,combination,CID6321424
CID4054,combination,CID6337614
CID4054,combination,CID64139
CID4054,combination,CID656583
CID4054,combination,CID6914273
CID4054,combination,CID6918296
CID4054,combination,CID7550
CID4054,combination,CID91649
CID4054,combination,CID9811704
CID4054,combination,CID9930913
CID41022,combination,CID6917864
CID4114,combination,CID4212
CID4114,combination,CID443939
CID4114,combination,CID44403842
CID4114,combination,CID444795
CID4114,combination,CID5291
CID4114,combination,CID5311
CID4114,combination,CID5329102
CID4114,combination,CID5360373
CID4114,combination,CID5388983
CID4114,combination,CID5426
CID4114,combination,CID60198
CID4114,combination,CID60699
CID4114,combination,CID636362
CID4114,combination,CID68740
CID4114,combination,CID71384
CID4114,combination,CID9854073
CID41684,combination,CID4173
CID41684,combination,CID4212
CID41684,combination,CID439693
CID41684,combination,CID445643
CID41684,combination,CID446987
CID41684,combination,CID449381
CID41684,combination,CID4513
CID41684,combination,CID4674
CID41684,combination,CID4912
CID41684,combination,CID517546
CID41684,combination,CID5284583
CID41684,combination,CID5291
CID41684,combination,CID5310966
CID41684,combination,CID5311
CID41684,combination,CID5311068
CID41684,combination,CID5323714
CID41684,combination,CID5329102
CID41684,combination,CID5342
CID41684,combination,CID5358
CID41684,combination,CID5360515
CID41684,combination,CID5426
CID41684,combination,CID5430
CID41684,combination,CID5462501
CID41684,combination,CID54675769
CID41684,combination,CID54680692
CID41684,combination,CID54684141
CID41684,combination,CID5493444
CID41684,combination,CID5530
CID41684,combination,CID5546
CID41684,combination,CID5831
CID41684,combination,CID5833
CID41684,combination,CID6018
CID41684,combination,CID60648
CID41684,combination,CID60753
CID41684,combination,CID60795
CID41684,combination,CID60838
CID41684,combination,CID6100
CID41684,combination,CID6321424
CID41684,combination,CID6337614
CID41684,combination,CID64139
CID41684,combination,CID656583
CID41684,combination,CID68617
CID41684,combination,CID6914273
CID41684,combination,CID6918296
CID41684,combination,CID7550
CID41684,combination,CID91649
CID41684,combination,CID92722
CID41684,combination,CID9930913
CID4173,combination,CID4212
CID4173,combination,CID439693
CID4173,combination,CID445643
CID4173,combination,CID446987
CID4173,combination,CID4477
CID4173,combination,CID4513
CID4173,combination,CID4674
CID4173,combination,CID4912
CID4173,combination,CID517546
CID4173,combination,CID5284583
CID4173,combination,CID5291
CID4173,combination,CID5310966
CID4173,combination,CID5311
CID4173,combination,CID5311068
CID4173,combination,CID5323714
CID4173,combination,CID5329102
CID4173,combination,CID5342
CID4173,combination,CID5358
CID4173,combination,CID5360515
CID4173,combination,CID5426
CID4173,combination,CID5430
CID4173,combination,CID5462501
CID4173,combination,CID54675769
CID4173,combination,CID54684141
CID4173,combination,CID5530
CID4173,combination,CID5546
CID4173,combination,CID5831
CID4173,combination,CID5833
CID4173,combination,CID5991
CID4173,combination,CID6013
CID4173,combination,CID6018
CID4173,combination,CID60648
CID4173,combination,CID60795
CID4173,combination,CID60838
CID4173,combination,CID6100
CID4173,combination,CID6321424
CID4173,combination,CID6337614
CID4173,combination,CID64139
CID4173,combination,CID656583
CID4173,combination,CID68617
CID4173,combination,CID6914273
CID4173,combination,CID7550
CID4173,combination,CID91649
CID4173,combination,CID9811704
CID4173,combination,CID9930913
CID4212,combination,CID439693
CID4212,combination,CID443939
CID4212,combination,CID44403842
CID4212,combination,CID444795
CID4212,combination,CID445643
CID4212,combination,CID446987
CID4212,combination,CID4477
CID4212,combination,CID449381
CID4212,combination,CID4513
CID4212,combination,CID4674
CID4212,combination,CID4912
CID4212,combination,CID517546
CID4212,combination,CID5284583
CID4212,combination,CID5291
CID4212,combination,CID5310966
CID4212,combination,CID5311
CID4212,combination,CID5311068
CID4212,combination,CID5323714
CID4212,combination,CID5329102
CID4212,combination,CID5342
CID4212,combination,CID5358
CID4212,combination,CID5360373
CID4212,combination,CID5360515
CID4212,combination,CID5388983
CID4212,combination,CID5426
CID4212,combination,CID5430
CID4212,combination,CID5462501
CID4212,combination,CID54675769
CID4212,combination,CID54680692
CID4212,combination,CID54684141
CID4212,combination,CID5493444
CID4212,combination,CID5530
CID4212,combination,CID5546
CID4212,combination,CID5831
CID4212,combination,CID5833
CID4212,combination,CID5991
CID4212,combination,CID6013
CID4212,combination,CID6018
CID4212,combination,CID60198
CID4212,combination,CID60648
CID4212,combination,CID60699
CID4212,combination,CID60753
CID4212,combination,CID60795
CID4212,combination,CID6100
CID4212,combination,CID6321424
CID4212,combination,CID6337614
CID4212,combination,CID636362
CID4212,combination,CID64139
CID4212,combination,CID656583
CID4212,combination,CID68617
CID4212,combination,CID68740
CID4212,combination,CID6914273
CID4212,combination,CID6918296
CID4212,combination,CID71384
CID4212,combination,CID7550
CID4212,combination,CID91649
CID4212,combination,CID92722
CID4212,combination,CID9811704
CID4212,combination,CID9854073
CID4212,combination,CID9930913
CID439647,combination,CID53494972
CID439647,combination,CID6321424
CID439693,combination,CID445643
CID439693,combination,CID446987
CID439693,combination,CID4513
CID439693,combination,CID4674
CID439693,combination,CID517546
CID439693,combination,CID5284583
CID439693,combination,CID5291
CID439693,combination,CID5310966
CID439693,combination,CID5311
CID439693,combination,CID5323714
CID439693,combination,CID5329102
CID439693,combination,CID5342
CID439693,combination,CID5358
CID439693,combination,CID5430
CID439693,combination,CID5462501
CID439693,combination,CID54675769
CID439693,combination,CID54680692
CID439693,combination,CID54684141
CID439693,combination,CID5493444
CID439693,combination,CID5530
CID439693,combination,CID5831
CID439693,combination,CID5833
CID439693,combination,CID5991
CID439693,combination,CID6013
CID439693,combination,CID6018
CID439693,combination,CID60648
CID439693,combination,CID60753
CID439693,combination,CID60795
CID439693,combination,CID60838
CID439693,combination,CID6100
CID439693,combination,CID6321424
CID439693,combination,CID6337614
CID439693,combination,CID64139
CID439693,combination,CID656583
CID439693,combination,CID6914273
CID439693,combination,CID6918296
CID439693,combination,CID7550
CID439693,combination,CID91649
CID439693,combination,CID92722
CID441325,combination,CID44469321
CID441325,combination,CID6917864
CID441361,combination,CID46188928
CID441361,combination,CID53340771
CID441361,combination,CID60160561
CID44156902,combination,CID446378
CID44156902,combination,CID6914657
CID44156902,combination,CID72435
CID44156902,combination,CID9823820
CID4418,combination,CID44469321
CID443390,combination,CID448013
CID443390,combination,CID53494972
CID443390,combination,CID572
CID443390,combination,CID6321424
CID443390,combination,CID6917864
CID443390,combination,CID71386
CID443390,combination,CID92178
CID443390,combination,CID92727
CID443390,combination,CID9914412
CID443939,combination,CID44403842
CID443939,combination,CID444795
CID443939,combination,CID5291
CID443939,combination,CID5311
CID443939,combination,CID5321010
CID443939,combination,CID5329102
CID443939,combination,CID5360373
CID443939,combination,CID5388983
CID443939,combination,CID5426
CID443939,combination,CID60198
CID443939,combination,CID60699
CID443939,combination,CID636362
CID443939,combination,CID68740
CID443939,combination,CID71384
CID44403842,combination,CID444795
CID44403842,combination,CID5291
CID44403842,combination,CID5311
CID44403842,combination,CID5329102
CID44403842,combination,CID5360373
CID44403842,combination,CID5388983
CID44403842,combination,CID5426
CID44403842,combination,CID60198
CID44403842,combination,CID60699
CID44403842,combination,CID636362
CID44403842,combination,CID68740
CID44403842,combination,CID71384
CID44462760,combination,CID51001932
CID44462760,combination,CID5311
CID44462760,combination,CID5311497
CID44462760,combination,CID5330286
CID44462760,combination,CID9858940
CID44462760,combination,CID9887053
CID44469321,combination,CID447077
CID44469321,combination,CID4474
CID44469321,combination,CID448013
CID44469321,combination,CID4746
CID44469321,combination,CID53248764
CID44469321,combination,CID53494972
CID44469321,combination,CID572
CID44469321,combination,CID57336745
CID44469321,combination,CID6321424
CID44469321,combination,CID63224
CID44469321,combination,CID644274
CID44469321,combination,CID66064
CID44469321,combination,CID6917864
CID44469321,combination,CID6918446
CID44469321,combination,CID71329
CID44469321,combination,CID71386
CID44469321,combination,CID72092
CID44469321,combination,CID92178
CID44469321,combination,CID92727
CID44469321,combination,CID9852573
CID44469321,combination,CID9882793
CID444795,combination,CID5291
CID444795,combination,CID5311
CID444795,combination,CID5329102
CID444795,combination,CID5360373
CID444795,combination,CID5388983
CID444795,combination,CID5426
CID444795,combination,CID60198
CID444795,combination,CID60699
CID444795,combination,CID636362
CID444795,combination,CID68740
CID444795,combination,CID71384
CID444795,combination,CID9854073
CID44551660,combination,CID4474
CID44551660,combination,CID53494972
CID44551660,combination,CID6917864
CID445643,combination,CID446987
CID445643,combination,CID4477
CID445643,combination,CID449381
CID445643,combination,CID4513
CID445643,combination,CID4674
CID445643,combination,CID4912
CID445643,combination,CID517546
CID445643,combination,CID5284583
CID445643,combination,CID5291
CID445643,combination,CID5310966
CID445643,combination,CID5311
CID445643,combination,CID5311068
CID445643,combination,CID5323714
CID445643,combination,CID5329102
CID445643,combination,CID5342
CID445643,combination,CID5358
CID445643,combination,CID5360515
CID445643,combination,CID5426
CID445643,combination,CID5430
CID445643,combination,CID5462501
CID445643,combination,CID54675769
CID445643,combination,CID54680692
CID445643,combination,CID54684141
CID445643,combination,CID5493444
CID445643,combination,CID5530
CID445643,combination,CID5546
CID445643,combination,CID5833
CID445643,combination,CID6013
CID445643,combination,CID6018
CID445643,combination,CID60648
CID445643,combination,CID60753
CID445643,combination,CID60795
CID445643,combination,CID60838
CID445643,combination,CID6321424
CID445643,combination,CID6337614
CID445643,combination,CID64139
CID445643,combination,CID656583
CID445643,combination,CID68617
CID445643,combination,CID6914273
CID445643,combination,CID6918296
CID445643,combination,CID7550
CID445643,combination,CID92722
CID445643,combination,CID9811704
CID445643,combination,CID9930913
CID446378,combination,CID4477
CID446378,combination,CID46220502
CID446378,combination,CID46944259
CID446378,combination,CID52947716
CID446378,combination,CID5321010
CID446378,combination,CID5330286
CID446378,combination,CID53396328
CID446378,combination,CID57336745
CID446378,combination,CID57441923
CID446378,combination,CID57519554
CID446378,combination,CID5944
CID446378,combination,CID60838
CID446378,combination,CID6604870
CID446378,combination,CID66646767
CID446378,combination,CID6746983
CID446378,combination,CID6758
CID446378,combination,CID68546
CID446378,combination,CID6914657
CID446378,combination,CID6917864
CID446378,combination,CID72686
CID446378,combination,CID73461
CID446378,combination,CID74990
CID446378,combination,CID9823820
CID446378,combination,CID9852573
CID446378,combination,CID9918559
CID446378,combination,CID9949641
CID446987,combination,CID4477
CID446987,combination,CID449381
CID446987,combination,CID4513
CID446987,combination,CID4674
CID446987,combination,CID517546
CID446987,combination,CID5284583
CID446987,combination,CID5291
CID446987,combination,CID5311
CID446987,combination,CID5311068
CID446987,combination,CID5323714
CID446987,combination,CID5329102
CID446987,combination,CID5360515
CID446987,combination,CID5426
CID446987,combination,CID5430
CID446987,combination,CID5462501
CID446987,combination,CID54675769
CID446987,combination,CID54680692
CID446987,combination,CID54684141
CID446987,combination,CID5493444
CID446987,combination,CID5530
CID446987,combination,CID5831
CID446987,combination,CID5833
CID446987,combination,CID6013
CID446987,combination,CID60648
CID446987,combination,CID60753
CID446987,combination,CID60795
CID446987,combination,CID60838
CID446987,combination,CID6100
CID446987,combination,CID6321424
CID446987,combination,CID6337614
CID446987,combination,CID64139
CID446987,combination,CID68617
CID446987,combination,CID6914273
CID446987,combination,CID7550
CID446987,combination,CID91649
CID446987,combination,CID92722
CID446987,combination,CID9811704
CID446987,combination,CID9930913
CID447077,combination,CID53494972
CID447077,combination,CID57336745
CID447077,combination,CID63224
CID447077,combination,CID6917864
CID447077,combination,CID9852573
CID4474,combination,CID53494972
CID4474,combination,CID9852573
CID4477,combination,CID449381
CID4477,combination,CID4513
CID4477,combination,CID4674
CID4477,combination,CID4912
CID4477,combination,CID517546
CID4477,combination,CID5284583
CID4477,combination,CID5310966
CID4477,combination,CID5311068
CID4477,combination,CID5323714
CID4477,combination,CID5329102
CID4477,combination,CID5342
CID4477,combination,CID5358
CID4477,combination,CID5360515
CID4477,combination,CID5426
CID4477,combination,CID5430
CID4477,combination,CID5462501
CID4477,combination,CID54675769
CID4477,combination,CID5493444
CID4477,combination,CID5530
CID4477,combination,CID5546
CID4477,combination,CID5831
CID4477,combination,CID5944
CID4477,combination,CID5991
CID4477,combination,CID6013
CID4477,combination,CID6018
CID4477,combination,CID60648
CID4477,combination,CID60753
CID4477,combination,CID60795
CID4477,combination,CID60838
CID4477,combination,CID6100
CID4477,combination,CID6321424
CID4477,combination,CID6337614
CID4477,combination,CID64139
CID4477,combination,CID656583
CID4477,combination,CID68546
CID4477,combination,CID68617
CID4477,combination,CID6914273
CID4477,combination,CID6914657
CID4477,combination,CID6918296
CID4477,combination,CID7550
CID4477,combination,CID91649
CID4477,combination,CID92722
CID4477,combination,CID9930913
CID448013,combination,CID4993
CID448013,combination,CID5311
CID448013,combination,CID53248764
CID448013,combination,CID53494972
CID448013,combination,CID572
CID448013,combination,CID6321424
CID448013,combination,CID63224
CID448013,combination,CID6917864
CID448013,combination,CID71386
CID448013,combination,CID92727
CID448013,combination,CID9914412
CID449171,combination,CID46188928
CID449171,combination,CID53340426
CID449171,combination,CID53340771
CID449171,combination,CID60160561
CID449381,combination,CID4674
CID449381,combination,CID4912
CID449381,combination,CID517546
CID449381,combination,CID5284583
CID449381,combination,CID5291
CID449381,combination,CID5310966
CID449381,combination,CID5311
CID449381,combination,CID5323714
CID449381,combination,CID5329102
CID449381,combination,CID5342
CID449381,combination,CID5358
CID449381,combination,CID5426
CID449381,combination,CID5430
CID449381,combination,CID5462501
CID449381,combination,CID54675769
CID449381,combination,CID54680692
CID449381,combination,CID54684141
CID449381,combination,CID5530
CID449381,combination,CID5546
CID449381,combination,CID5831
CID449381,combination,CID5833
CID449381,combination,CID6018
CID449381,combination,CID60648
CID449381,combination,CID60753
CID449381,combination,CID60795
CID449381,combination,CID60838
CID449381,combination,CID6100
CID449381,combination,CID6321424
CID449381,combination,CID6337614
CID449381,combination,CID64139
CID449381,combination,CID656583
CID449381,combination,CID68617
CID449381,combination,CID6914273
CID449381,combination,CID6918296
CID449381,combination,CID7550
CID449381,combination,CID91649
CID449381,combination,CID92722
CID449381,combination,CID9811704
CID449381,combination,CID9930913
CID4513,combination,CID4674
CID4513,combination,CID517546
CID4513,combination,CID5291
CID4513,combination,CID5310966
CID4513,combination,CID5311
CID4513,combination,CID5311068
CID4513,combination,CID5323714
CID4513,combination,CID5329102
CID4513,combination,CID5342
CID4513,combination,CID5358
CID4513,combination,CID5360515
CID4513,combination,CID5426
CID4513,combination,CID5462501
CID4513,combination,CID54684141
CID4513,combination,CID5493444
CID4513,combination,CID5530
CID4513,combination,CID5546
CID4513,combination,CID5831
CID4513,combination,CID5833
CID4513,combination,CID6013
CID4513,combination,CID6018
CID4513,combination,CID60753
CID4513,combination,CID60795
CID4513,combination,CID60838
CID4513,combination,CID6100
CID4513,combination,CID6321424
CID4513,combination,CID6337614
CID4513,combination,CID656583
CID4513,combination,CID68617
CID4513,combination,CID6914273
CID4513,combination,CID6918296
CID4513,combination,CID7550
CID4513,combination,CID91649
CID4513,combination,CID92722
CID4513,combination,CID9811704
CID46188928,combination,CID53340771
CID46188928,combination,CID60160561
CID46188928,combination,CID6914657
CID46188928,combination,CID71543365
CID46188928,combination,CID71664305
CID46188928,combination,CID90241673
CID46220502,combination,CID54684141
CID46220502,combination,CID6914657
CID46220502,combination,CID9852573
CID46239015,combination,CID5311
CID46239015,combination,CID5311497
CID46239015,combination,CID5329102
CID46239015,combination,CID5944
CID46239015,combination,CID59691338
CID46239015,combination,CID6917864
CID46239015,combination,CID6918405
CID46239015,combination,CID9887053
CID4674,combination,CID4912
CID4674,combination,CID517546
CID4674,combination,CID5284583
CID4674,combination,CID5291
CID4674,combination,CID5310966
CID4674,combination,CID5311
CID4674,combination,CID5311068
CID4674,combination,CID5323714
CID4674,combination,CID5329102
CID4674,combination,CID5342
CID4674,combination,CID5358
CID4674,combination,CID5360515
CID4674,combination,CID5426
CID4674,combination,CID5462501
CID4674,combination,CID54675769
CID4674,combination,CID54684141
CID4674,combination,CID5493444
CID4674,combination,CID5530
CID4674,combination,CID5546
CID4674,combination,CID5831
CID4674,combination,CID5833
CID4674,combination,CID5991
CID4674,combination,CID6018
CID4674,combination,CID60648
CID4674,combination,CID60753
CID4674,combination,CID60795
CID4674,combination,CID60838
CID4674,combination,CID6100
CID4674,combination,CID6321424
CID4674,combination,CID64139
CID4674,combination,CID656583
CID4674,combination,CID68617
CID4674,combination,CID6914273
CID4674,combination,CID6918296
CID4674,combination,CID7550
CID4674,combination,CID91649
CID4674,combination,CID9811704
CID4674,combination,CID9930913
CID46944259,combination,CID57336745
CID46944259,combination,CID5944
CID46944259,combination,CID6917864
CID46944259,combination,CID9823820
CID46944259,combination,CID9918559
CID4746,combination,CID6917864
CID4912,combination,CID517546
CID4912,combination,CID5284583
CID4912,combination,CID5291
CID4912,combination,CID5310966
CID4912,combination,CID5311
CID4912,combination,CID5311068
CID4912,combination,CID5323714
CID4912,combination,CID5342
CID4912,combination,CID5358
CID4912,combination,CID5360515
CID4912,combination,CID5430
CID4912,combination,CID5462501
CID4912,combination,CID54675769
CID4912,combination,CID54680692
CID4912,combination,CID5530
CID4912,combination,CID5546
CID4912,combination,CID5833
CID4912,combination,CID5991
CID4912,combination,CID60648
CID4912,combination,CID60753
CID4912,combination,CID60838
CID4912,combination,CID6321424
CID4912,combination,CID6337614
CID4912,combination,CID64139
CID4912,combination,CID656583
CID4912,combination,CID68617
CID4912,combination,CID6914273
CID4912,combination,CID6918296
CID4912,combination,CID91649
CID4912,combination,CID9811704
CID4912,combination,CID9930913
CID492405,combination,CID60974
CID492405,combination,CID6167
CID492405,combination,CID63009
CID49867936,combination,CID73265392
CID49867936,combination,CID9865515
CID4993,combination,CID572
CID4993,combination,CID6321424
CID4993,combination,CID63224
CID4993,combination,CID6917864
CID51001932,combination,CID51042438
CID51001932,combination,CID5311
CID51001932,combination,CID5311497
CID51001932,combination,CID5330286
CID51001932,combination,CID56649450
CID51001932,combination,CID60838
CID51001932,combination,CID9858940
CID51001932,combination,CID9887053
CID51001932,combination,CID9914412
CID51042438,combination,CID5311
CID51042438,combination,CID5330286
CID51358113,combination,CID53494972
CID51358113,combination,CID57336745
CID51358113,combination,CID6917864
CID51358113,combination,CID73461
CID517546,combination,CID5284583
CID517546,combination,CID5291
CID517546,combination,CID5310966
CID517546,combination,CID5311068
CID517546,combination,CID5323714
CID517546,combination,CID5329102
CID517546,combination,CID5342
CID517546,combination,CID5358
CID517546,combination,CID5360515
CID517546,combination,CID5426
CID517546,combination,CID5430
CID517546,combination,CID5462501
CID517546,combination,CID54675769
CID517546,combination,CID54680692
CID517546,combination,CID54684141
CID517546,combination,CID5493444
CID517546,combination,CID5530
CID517546,combination,CID5546
CID517546,combination,CID5831
CID517546,combination,CID5833
CID517546,combination,CID5991
CID517546,combination,CID6013
CID517546,combination,CID6018
CID517546,combination,CID60648
CID517546,combination,CID60753
CID517546,combination,CID60795
CID517546,combination,CID60838
CID517546,combination,CID6100
CID517546,combination,CID6321424
CID517546,combination,CID6337614
CID517546,combination,CID64139
CID517546,combination,CID656583
CID517546,combination,CID68617
CID517546,combination,CID6914273
CID517546,combination,CID6918296
CID517546,combination,CID7550
CID517546,combination,CID91649
CID517546,combination,CID92722
CID517546,combination,CID9930913
CID5281078,combination,CID5329102
CID5281078,combination,CID60795
CID5281078,combination,CID60974
CID5281078,combination,CID6167
CID5281078,combination,CID63009
CID5281078,combination,CID6456015
CID5284583,combination,CID5291
CID5284583,combination,CID5310966
CID5284583,combination,CID5311
CID5284583,combination,CID5311068
CID5284583,combination,CID5323714
CID5284583,combination,CID5329102
CID5284583,combination,CID5342
CID5284583,combination,CID5360515
CID5284583,combination,CID5426
CID5284583,combination,CID5430
CID5284583,combination,CID5462501
CID5284583,combination,CID54675769
CID5284583,combination,CID54680692
CID5284583,combination,CID54684141
CID5284583,combination,CID5530
CID5284583,combination,CID5546
CID5284583,combination,CID5831
CID5284583,combination,CID5833
CID5284583,combination,CID5991
CID5284583,combination,CID6018
CID5284583,combination,CID60753
CID5284583,combination,CID60795
CID5284583,combination,CID60838
CID5284583,combination,CID6100
CID5284583,combination,CID6321424
CID5284583,combination,CID6337614
CID5284583,combination,CID64139
CID5284583,combination,CID656583
CID5284583,combination,CID68617
CID5284583,combination,CID6914273
CID5284583,combination,CID6918296
CID5284583,combination,CID7550
CID5284583,combination,CID92722
CID5284583,combination,CID9811704
CID5284583,combination,CID9930913
CID5291,combination,CID5310966
CID5291,combination,CID5311
CID5291,combination,CID5311068
CID5291,combination,CID5329102
CID5291,combination,CID5342
CID5291,combination,CID5360373
CID5291,combination,CID5360515
CID5291,combination,CID5388983
CID5291,combination,CID5426
CID5291,combination,CID5430
CID5291,combination,CID5462501
CID5291,combination,CID54675769
CID5291,combination,CID54684141
CID5291,combination,CID5493444
CID5291,combination,CID5530
CID5291,combination,CID5546
CID5291,combination,CID5831
CID5291,combination,CID5833
CID5291,combination,CID5991
CID5291,combination,CID6013
CID5291,combination,CID6018
CID5291,combination,CID60198
CID5291,combination,CID60699
CID5291,combination,CID60753
CID5291,combination,CID60795
CID5291,combination,CID6100
CID5291,combination,CID6321424
CID5291,combination,CID6337614
CID5291,combination,CID636362
CID5291,combination,CID64139
CID5291,combination,CID656583
CID5291,combination,CID68617
CID5291,combination,CID68740
CID5291,combination,CID6914273
CID5291,combination,CID6918296
CID5291,combination,CID71384
CID5291,combination,CID7550
CID5291,combination,CID91649
CID5291,combination,CID92722
CID5291,combination,CID9811704
CID5291,combination,CID9854073
CID5291,combination,CID9930913
CID52947716,combination,CID5311
CID52947716,combination,CID54684141
CID52947716,combination,CID60838
CID52947716,combination,CID6758
CID52947716,combination,CID74990
CID52947716,combination,CID9852573
CID52947716,combination,CID9949641
CID5310966,combination,CID5311
CID5310966,combination,CID5323714
CID5310966,combination,CID5329102
CID5310966,combination,CID5342
CID5310966,combination,CID5358
CID5310966,combination,CID5462501
CID5310966,combination,CID54680692
CID5310966,combination,CID54684141
CID5310966,combination,CID5493444
CID5310966,combination,CID5530
CID5310966,combination,CID5546
CID5310966,combination,CID5833
CID5310966,combination,CID6013
CID5310966,combination,CID6018
CID5310966,combination,CID60648
CID5310966,combination,CID60753
CID5310966,combination,CID60795
CID5310966,combination,CID60838
CID5310966,combination,CID6100
CID5310966,combination,CID6321424
CID5310966,combination,CID6337614
CID5310966,combination,CID64139
CID5310966,combination,CID656583
CID5310966,combination,CID6914273
CID5310966,combination,CID6918296
CID5310966,combination,CID7550
CID5310966,combination,CID91649
CID5310966,combination,CID92722
CID5310966,combination,CID9811704
CID5310966,combination,CID9930913
CID5311,combination,CID5311068
CID5311,combination,CID5311497
CID5311,combination,CID5323714
CID5311,combination,CID53248764
CID5311,combination,CID5329102
CID5311,combination,CID5330286
CID5311,combination,CID5342
CID5311,combination,CID5358
CID5311,combination,CID5360373
CID5311,combination,CID5360515
CID5311,combination,CID5388983
CID5311,combination,CID5426
CID5311,combination,CID5430
CID5311,combination,CID5462501
CID5311,combination,CID54675769
CID5311,combination,CID54680692
CID5311,combination,CID54684141
CID5311,combination,CID5493444
CID5311,combination,CID5530
CID5311,combination,CID5546
CID5311,combination,CID56649450
CID5311,combination,CID572
CID5311,combination,CID5831
CID5311,combination,CID5833
CID5311,combination,CID59691338
CID5311,combination,CID5991
CID5311,combination,CID6013
CID5311,combination,CID6018
CID5311,combination,CID60198
CID5311,combination,CID60648
CID5311,combination,CID60699
CID5311,combination,CID60753
CID5311,combination,CID60795
CID5311,combination,CID60838
CID5311,combination,CID6100
CID5311,combination,CID6321424
CID5311,combination,CID6337614
CID5311,combination,CID636362
CID5311,combination,CID656583
CID5311,combination,CID68617
CID5311,combination,CID68740
CID5311,combination,CID6914273
CID5311,combination,CID6914657
CID5311,combination,CID6918296
CID5311,combination,CID71384
CID5311,combination,CID71386
CID5311,combination,CID74990
CID5311,combination,CID7550
CID5311,combination,CID8980
CID5311,combination,CID92722
CID5311,combination,CID92727
CID5311,combination,CID9811704
CID5311,combination,CID9852573
CID5311,combination,CID9887053
CID5311,combination,CID9914412
CID5311,combination,CID9930913
CID5311,combination,CID9949641
CID5311068,combination,CID5329102
CID5311068,combination,CID5342
CID5311068,combination,CID5358
CID5311068,combination,CID5430
CID5311068,combination,CID54675769
CID5311068,combination,CID54680692
CID5311068,combination,CID54684141
CID5311068,combination,CID5493444
CID5311068,combination,CID5546
CID5311068,combination,CID5831
CID5311068,combination,CID5833
CID5311068,combination,CID6013
CID5311068,combination,CID6018
CID5311068,combination,CID60753
CID5311068,combination,CID60838
CID5311068,combination,CID6100
CID5311068,combination,CID6321424
CID5311068,combination,CID6337614
CID5311068,combination,CID64139
CID5311068,combination,CID656583
CID5311068,combination,CID68617
CID5311068,combination,CID6914273
CID5311068,combination,CID6918296
CID5311068,combination,CID91649
CID5311068,combination,CID92722
CID5311068,combination,CID9811704
CID5311497,combination,CID5329102
CID5311497,combination,CID5330286
CID5311497,combination,CID59691338
CID5311497,combination,CID9858940
CID5311497,combination,CID9887053
CID5321010,combination,CID54900
CID5321010,combination,CID5944
CID5321010,combination,CID6918405
CID5321010,combination,CID73265318
CID5321010,combination,CID73265377
CID5321010,combination,CID73265389
CID53235510,combination,CID57379345
CID53235510,combination,CID6918638
CID5323714,combination,CID5329102
CID5323714,combination,CID5342
CID5323714,combination,CID5358
CID5323714,combination,CID5426
CID5323714,combination,CID5430
CID5323714,combination,CID5462501
CID5323714,combination,CID54675769
CID5323714,combination,CID54684141
CID5323714,combination,CID5493444
CID5323714,combination,CID5530
CID5323714,combination,CID5546
CID5323714,combination,CID5831
CID5323714,combination,CID5833
CID5323714,combination,CID5991
CID5323714,combination,CID60648
CID5323714,combination,CID60753
CID5323714,combination,CID60795
CID5323714,combination,CID60838
CID5323714,combination,CID6100
CID5323714,combination,CID6321424
CID5323714,combination,CID6337614
CID5323714,combination,CID64139
CID5323714,combination,CID656583
CID5323714,combination,CID68617
CID5323714,combination,CID6914273
CID5323714,combination,CID6918296
CID5323714,combination,CID7550
CID5323714,combination,CID91649
CID5323714,combination,CID92722
CID5323714,combination,CID9811704
CID5323714,combination,CID9930913
CID53248764,combination,CID53494972
CID53248764,combination,CID6321424
CID53248764,combination,CID6917864
CID53248764,combination,CID71386
CID53248764,combination,CID92178
CID53248764,combination,CID92727
CID53248764,combination,CID9914412
CID5329102,combination,CID5342
CID5329102,combination,CID5358
CID5329102,combination,CID5360373
CID5329102,combination,CID5360515
CID5329102,combination,CID5388983
CID5329102,combination,CID5426
CID5329102,combination,CID5430
CID5329102,combination,CID5462501
CID5329102,combination,CID54680692
CID5329102,combination,CID54684141
CID5329102,combination,CID5493444
CID5329102,combination,CID5530
CID5329102,combination,CID5546
CID5329102,combination,CID5831
CID5329102,combination,CID59691338
CID5329102,combination,CID5991
CID5329102,combination,CID6013
CID5329102,combination,CID6018
CID5329102,combination,CID60198
CID5329102,combination,CID60699
CID5329102,combination,CID60795
CID5329102,combination,CID60838
CID5329102,combination,CID6100
CID5329102,combination,CID6167
CID5329102,combination,CID6321424
CID5329102,combination,CID6337614
CID5329102,combination,CID636362
CID5329102,combination,CID64139
CID5329102,combination,CID656583
CID5329102,combination,CID68617
CID5329102,combination,CID68740
CID5329102,combination,CID6918296
CID5329102,combination,CID71384
CID5329102,combination,CID7550
CID5329102,combination,CID91649
CID5329102,combination,CID92722
CID5329102,combination,CID9811704
CID5329102,combination,CID9854073
CID5329102,combination,CID9887053
CID5330286,combination,CID53340426
CID5330286,combination,CID54900
CID5330286,combination,CID56649450
CID5330286,combination,CID60838
CID5330286,combination,CID6914657
CID5330286,combination,CID71543365
CID5330286,combination,CID71664305
CID5330286,combination,CID72686
CID5330286,combination,CID9858940
CID5330286,combination,CID9887053
CID5330286,combination,CID9914412
CID53340426,combination,CID60160561
CID53340426,combination,CID6914657
CID53340771,combination,CID60160561
CID53340771,combination,CID71543365
CID53340771,combination,CID71664305
CID53396328,combination,CID57441923
CID53396328,combination,CID60060499
CID53396328,combination,CID73265223
CID53396328,combination,CID73265233
CID53396328,combination,CID73265380
CID53396328,combination,CID73461
CID53396328,combination,CID9823820
CID5342,combination,CID5358
CID5342,combination,CID5426
CID5342,combination,CID5430
CID5342,combination,CID5462501
CID5342,combination,CID54675769
CID5342,combination,CID54680692
CID5342,combination,CID54684141
CID5342,combination,CID5493444
CID5342,combination,CID5530
CID5342,combination,CID5546
CID5342,combination,CID5831
CID5342,combination,CID5833
CID5342,combination,CID5991
CID5342,combination,CID6013
CID5342,combination,CID60648
CID5342,combination,CID60753
CID5342,combination,CID60838
CID5342,combination,CID6100
CID5342,combination,CID6321424
CID5342,combination,CID6337614
CID5342,combination,CID656583
CID5342,combination,CID68617
CID5342,combination,CID6918296
CID5342,combination,CID7550
CID5342,combination,CID91649
CID5342,combination,CID9811704
CID5342,combination,CID9930913
CID53494972,combination,CID572
CID53494972,combination,CID5754
CID53494972,combination,CID5865
CID53494972,combination,CID63224
CID53494972,combination,CID644274
CID53494972,combination,CID65999
CID53494972,combination,CID6917864
CID53494972,combination,CID71329
CID53494972,combination,CID71386
CID53494972,combination,CID72092
CID53494972,combination,CID8980
CID53494972,combination,CID9803963
CID53494972,combination,CID9852573
CID5358,combination,CID5360515
CID5358,combination,CID5426
CID5358,combination,CID5430
CID5358,combination,CID54675769
CID5358,combination,CID54680692
CID5358,combination,CID54684141
CID5358,combination,CID5546
CID5358,combination,CID5833
CID5358,combination,CID5991
CID5358,combination,CID6013
CID5358,combination,CID60648
CID5358,combination,CID60753
CID5358,combination,CID60795
CID5358,combination,CID60838
CID5358,combination,CID6321424
CID5358,combination,CID6337614
CID5358,combination,CID64139
CID5358,combination,CID68617
CID5358,combination,CID6914273
CID5358,combination,CID6918296
CID5358,combination,CID7550
CID5358,combination,CID91649
CID5358,combination,CID92722
CID5358,combination,CID9811704
CID5358,combination,CID9930913
CID5360373,combination,CID5388983
CID5360373,combination,CID5426
CID5360373,combination,CID60198
CID5360373,combination,CID60699
CID5360373,combination,CID636362
CID5360373,combination,CID68740
CID5360373,combination,CID71384
CID5360373,combination,CID9854073
CID5360515,combination,CID5462501
CID5360515,combination,CID54684141
CID5360515,combination,CID5493444
CID5360515,combination,CID5530
CID5360515,combination,CID5831
CID5360515,combination,CID5991
CID5360515,combination,CID6013
CID5360515,combination,CID60753
CID5360515,combination,CID60838
CID5360515,combination,CID6100
CID5360515,combination,CID6135
CID5360515,combination,CID6321424
CID5360515,combination,CID6337614
CID5360515,combination,CID656583
CID5360515,combination,CID68617
CID5360515,combination,CID6918296
CID5360515,combination,CID7550
CID5360515,combination,CID91649
CID5360515,combination,CID92722
CID5360515,combination,CID9811704
CID5388983,combination,CID5426
CID5388983,combination,CID60198
CID5388983,combination,CID60699
CID5388983,combination,CID636362
CID5388983,combination,CID68740
CID5388983,combination,CID71384
CID5426,combination,CID5430
CID5426,combination,CID5462501
CID5426,combination,CID54675769
CID5426,combination,CID54684141
CID5426,combination,CID5493444
CID5426,combination,CID5530
CID5426,combination,CID5546
CID5426,combination,CID5831
CID5426,combination,CID5833
CID5426,combination,CID5991
CID5426,combination,CID6013
CID5426,combination,CID6018
CID5426,combination,CID60198
CID5426,combination,CID60648
CID5426,combination,CID60699
CID5426,combination,CID60753
CID5426,combination,CID60795
CID5426,combination,CID60838
CID5426,combination,CID6321424
CID5426,combination,CID6337614
CID5426,combination,CID636362
CID5426,combination,CID656583
CID5426,combination,CID68617
CID5426,combination,CID68740
CID5426,combination,CID6914273
CID5426,combination,CID6918296
CID5426,combination,CID71384
CID5426,combination,CID7550
CID5426,combination,CID91649
CID5426,combination,CID92722
CID5426,combination,CID9811704
CID5426,combination,CID9854073
CID5426,combination,CID9930913
CID5430,combination,CID5462501
CID5430,combination,CID54675769
CID5430,combination,CID54680692
CID5430,combination,CID54684141
CID5430,combination,CID5493444
CID5430,combination,CID5530
CID5430,combination,CID5546
CID5430,combination,CID5831
CID5430,combination,CID5833
CID5430,combination,CID6013
CID5430,combination,CID6018
CID5430,combination,CID60648
CID5430,combination,CID60753
CID5430,combination,CID60795
CID5430,combination,CID60838
CID5430,combination,CID6321424
CID5430,combination,CID6337614
CID5430,combination,CID64139
CID5430,combination,CID656583
CID5430,combination,CID68617
CID5430,combination,CID6914273
CID5430,combination,CID6918296
CID5430,combination,CID7550
CID5430,combination,CID91649
CID5430,combination,CID92722
CID5430,combination,CID9811704
CID5430,combination,CID9930913
CID5462501,combination,CID54675769
CID5462501,combination,CID54680692
CID5462501,combination,CID54684141
CID5462501,combination,CID5831
CID5462501,combination,CID5833
CID5462501,combination,CID5991
CID5462501,combination,CID6013
CID5462501,combination,CID6018
CID5462501,combination,CID60648
CID5462501,combination,CID60795
CID5462501,combination,CID60838
CID5462501,combination,CID6100
CID5462501,combination,CID6321424
CID5462501,combination,CID6337614
CID5462501,combination,CID656583
CID5462501,combination,CID6914273
CID5462501,combination,CID6918296
CID5462501,combination,CID7550
CID5462501,combination,CID91649
CID5462501,combination,CID9811704
CID5462501,combination,CID9930913
CID54675769,combination,CID54680692
CID54675769,combination,CID54684141
CID54675769,combination,CID5493444
CID54675769,combination,CID5530
CID54675769,combination,CID5831
CID54675769,combination,CID5991
CID54675769,combination,CID6013
CID54675769,combination,CID6018
CID54675769,combination,CID60648
CID54675769,combination,CID60753
CID54675769,combination,CID60795
CID54675769,combination,CID60838
CID54675769,combination,CID6100
CID54675769,combination,CID6321424
CID54675769,combination,CID6337614
CID54675769,combination,CID656583
CID54675769,combination,CID68617
CID54675769,combination,CID6914273
CID54675769,combination,CID6918296
CID54675769,combination,CID7550
CID54675769,combination,CID91649
CID54675769,combination,CID92722
CID54675769,combination,CID9811704
CID54675769,combination,CID9930913
CID54680692,combination,CID54684141
CID54680692,combination,CID5493444
CID54680692,combination,CID5530
CID54680692,combination,CID5831
CID54680692,combination,CID6013
CID54680692,combination,CID60648
CID54680692,combination,CID60753
CID54680692,combination,CID60795
CID54680692,combination,CID60838
CID54680692,combination,CID6100
CID54680692,combination,CID6321424
CID54680692,combination,CID6337614
CID54680692,combination,CID64139
CID54680692,combination,CID656583
CID54680692,combination,CID68617
CID54680692,combination,CID6914273
CID54680692,combination,CID6918296
CID54680692,combination,CID91649
CID54680692,combination,CID9930913
CID54684141,combination,CID5493444
CID54684141,combination,CID5530
CID54684141,combination,CID5546
CID54684141,combination,CID5831
CID54684141,combination,CID5833
CID54684141,combination,CID5991
CID54684141,combination,CID6013
CID54684141,combination,CID6018
CID54684141,combination,CID60648
CID54684141,combination,CID60753
CID54684141,combination,CID60795
CID54684141,combination,CID60838
CID54684141,combination,CID6100
CID54684141,combination,CID6321424
CID54684141,combination,CID6337614
CID54684141,combination,CID64139
CID54684141,combination,CID6914273
CID54684141,combination,CID6918296
CID54684141,combination,CID7550
CID54684141,combination,CID92722
CID54684141,combination,CID9811704
CID54684141,combination,CID9930913
CID54684141,combination,CID9949641
CID54900,combination,CID57519554
CID54900,combination,CID5944
CID54900,combination,CID72686
CID5493444,combination,CID5530
CID5493444,combination,CID5546
CID5493444,combination,CID5831
CID5493444,combination,CID5833
CID5493444,combination,CID6013
CID5493444,combination,CID6018
CID5493444,combination,CID60795
CID5493444,combination,CID60838
CID5493444,combination,CID6100
CID5493444,combination,CID6321424
CID5493444,combination,CID6337614
CID5493444,combination,CID64139
CID5493444,combination,CID656583
CID5493444,combination,CID68617
CID5493444,combination,CID6918296
CID5493444,combination,CID7550
CID5493444,combination,CID91649
CID5493444,combination,CID92722
CID5493444,combination,CID9930913
CID5530,combination,CID5831
CID5530,combination,CID5833
CID5530,combination,CID6018
CID5530,combination,CID60648
CID5530,combination,CID60753
CID5530,combination,CID60795
CID5530,combination,CID60838
CID5530,combination,CID6100
CID5530,combination,CID6321424
CID5530,combination,CID6337614
CID5530,combination,CID64139
CID5530,combination,CID656583
CID5530,combination,CID6918296
CID5530,combination,CID7550
CID5530,combination,CID91649
CID5530,combination,CID92722
CID5530,combination,CID9811704
CID5530,combination,CID9930913
CID5546,combination,CID5831
CID5546,combination,CID5833
CID5546,combination,CID5991
CID5546,combination,CID6013
CID5546,combination,CID6018
CID5546,combination,CID60648
CID5546,combination,CID60753
CID5546,combination,CID6100
CID5546,combination,CID6321424
CID5546,combination,CID6337614
CID5546,combination,CID656583
CID5546,combination,CID6914273
CID5546,combination,CID6918296
CID5546,combination,CID7550
CID5546,combination,CID9811704
CID572,combination,CID71386
CID572,combination,CID8980
CID572,combination,CID92178
CID572,combination,CID92727
CID572,combination,CID9914412
CID57336745,combination,CID63224
CID57336745,combination,CID6914657
CID57336745,combination,CID6917864
CID57336745,combination,CID6918405
CID57336745,combination,CID71587153
CID57336745,combination,CID9852573
CID57336745,combination,CID9918559
CID57379345,combination,CID6918638
CID57379345,combination,CID73265233
CID57441923,combination,CID57519554
CID57441923,combination,CID60060499
CID57441923,combination,CID66646767
CID57441923,combination,CID72686
CID57441923,combination,CID73265223
CID57441923,combination,CID73265233
CID57441923,combination,CID73265377
CID57441923,combination,CID73265380
CID57441923,combination,CID73461
CID57519551,combination,CID73461
CID57519554,combination,CID6604870
CID57519554,combination,CID6914657
CID57519554,combination,CID72686
CID57519554,combination,CID73265318
CID57519554,combination,CID73265389
CID5754,combination,CID6321424
CID5831,combination,CID5991
CID5831,combination,CID6018
CID5831,combination,CID60753
CID5831,combination,CID60795
CID5831,combination,CID60838
CID5831,combination,CID6100
CID5831,combination,CID6321424
CID5831,combination,CID6337614
CID5831,combination,CID64139
CID5831,combination,CID656583
CID5831,combination,CID6914273
CID5831,combination,CID7550
CID5831,combination,CID91649
CID5831,combination,CID92722
CID5831,combination,CID9811704
CID5831,combination,CID9930913
CID5833,combination,CID5991
CID5833,combination,CID6018
CID5833,combination,CID60648
CID5833,combination,CID60838
CID5833,combination,CID6100
CID5833,combination,CID6321424
CID5833,combination,CID6337614
CID5833,combination,CID656583
CID5833,combination,CID68617
CID5833,combination,CID6918296
CID5833,combination,CID7550
CID5833,combination,CID92722
CID5833,combination,CID9811704
CID5833,combination,CID9930913
CID5944,combination,CID68546
CID5944,combination,CID72435
CID59691338,combination,CID9887053
CID5991,combination,CID6013
CID5991,combination,CID6018
CID5991,combination,CID60648
CID5991,combination,CID60753
CID5991,combination,CID60795
CID5991,combination,CID60838
CID5991,combination,CID6321424
CID5991,combination,CID6337614
CID5991,combination,CID64139
CID5991,combination,CID656583
CID5991,combination,CID6914273
CID5991,combination,CID6918296
CID5991,combination,CID7550
CID5991,combination,CID91649
CID5991,combination,CID92722
CID5991,combination,CID9811704
CID5991,combination,CID9930913
CID60060499,combination,CID66646767
CID60060499,combination,CID72435
CID60060499,combination,CID73265223
CID60060499,combination,CID73265233
CID60060499,combination,CID73265377
CID60060499,combination,CID73461
CID6013,combination,CID6018
CID6013,combination,CID60838
CID6013,combination,CID6321424
CID6013,combination,CID6337614
CID6013,combination,CID64139
CID6013,combination,CID68617
CID6013,combination,CID6918296
CID6013,combination,CID7550
CID6013,combination,CID92722
CID6013,combination,CID9811704
CID60160561,combination,CID71543365
CID60160561,combination,CID71664305
CID60160561,combination,CID90241673
CID6018,combination,CID60648
CID6018,combination,CID60753
CID6018,combination,CID60795
CID6018,combination,CID60838
CID6018,combination,CID6321424
CID6018,combination,CID6337614
CID6018,combination,CID64139
CID6018,combination,CID68617
CID6018,combination,CID7550
CID6018,combination,CID9811704
CID6018,combination,CID9930913
CID60198,combination,CID60699
CID60198,combination,CID636362
CID60198,combination,CID68740
CID60198,combination,CID71384
CID60648,combination,CID60753
CID60648,combination,CID60795
CID60648,combination,CID60838
CID60648,combination,CID6100
CID60648,combination,CID6321424
CID60648,combination,CID6337614
CID60648,combination,CID64139
CID60648,combination,CID656583
CID60648,combination,CID68617
CID60648,combination,CID6914273
CID60648,combination,CID6918296
CID60648,combination,CID7550
CID60648,combination,CID91649
CID60648,combination,CID92722
CID60699,combination,CID636362
CID60699,combination,CID68740
CID60699,combination,CID71384
CID60753,combination,CID60795
CID60753,combination,CID60838
CID60753,combination,CID6100
CID60753,combination,CID6321424
CID60753,combination,CID6337614
CID60753,combination,CID64139
CID60753,combination,CID656583
CID60753,combination,CID6914273
CID60753,combination,CID7550
CID60753,combination,CID92722
CID60753,combination,CID9811704
CID60795,combination,CID60838
CID60795,combination,CID6100
CID60795,combination,CID6167
CID60795,combination,CID6321424
CID60795,combination,CID6337614
CID60795,combination,CID64139
CID60795,combination,CID6456015
CID60795,combination,CID656583
CID60795,combination,CID6918296
CID60795,combination,CID92722
CID60838,combination,CID6100
CID60838,combination,CID6321424
CID60838,combination,CID6337614
CID60838,combination,CID64139
CID60838,combination,CID656583
CID60838,combination,CID6758
CID60838,combination,CID68617
CID60838,combination,CID6918296
CID60838,combination,CID91649
CID60838,combination,CID92722
CID60838,combination,CID9811704
CID60838,combination,CID9887053
CID60838,combination,CID9930913
CID60974,combination,CID6167
CID60974,combination,CID63009
CID60974,combination,CID6456015
CID6100,combination,CID6321424
CID6100,combination,CID6337614
CID6100,combination,CID64139
CID6100,combination,CID68617
CID6100,combination,CID6914273
CID6100,combination,CID7550
CID6100,combination,CID91649
CID6100,combination,CID9811704
CID6100,combination,CID9930913
CID6167,combination,CID63009
CID6167,combination,CID6456015
CID63009,combination,CID6456015
CID6321424,combination,CID63224
CID6321424,combination,CID6337614
CID6321424,combination,CID64139
CID6321424,combination,CID656583
CID6321424,combination,CID65999
CID6321424,combination,CID6741
CID6321424,combination,CID68617
CID6321424,combination,CID6914273
CID6321424,combination,CID6918296
CID6321424,combination,CID71386
CID6321424,combination,CID7550
CID6321424,combination,CID8980
CID6321424,combination,CID9051
CID6321424,combination,CID91649
CID6321424,combination,CID92178
CID6321424,combination,CID92722
CID6321424,combination,CID92727
CID6321424,combination,CID9803963
CID6321424,combination,CID9811704
CID6321424,combination,CID9930913
CID63224,combination,CID6917864
CID63224,combination,CID92178
CID63224,combination,CID9852573
CID6337614,combination,CID64139
CID6337614,combination,CID656583
CID6337614,combination,CID68617
CID6337614,combination,CID6914273
CID6337614,combination,CID6918296
CID6337614,combination,CID7550
CID6337614,combination,CID91649
CID6337614,combination,CID92722
CID6337614,combination,CID9811704
CID6337614,combination,CID9930913
CID636362,combination,CID68740
CID636362,combination,CID71384
CID64139,combination,CID656583
CID64139,combination,CID6918296
CID64139,combination,CID7550
CID64139,combination,CID92722
CID64139,combination,CID9811704
CID64139,combination,CID9930913
CID656583,combination,CID68617
CID656583,combination,CID6914273
CID656583,combination,CID6918296
CID656583,combination,CID91649
CID656583,combination,CID92722
CID656583,combination,CID9811704
CID6604870,combination,CID6746983
CID6604870,combination,CID73265389
CID66646767,combination,CID73265223
CID66646767,combination,CID73265233
CID66646767,combination,CID73461
CID66646767,combination,CID9823820
CID66646767,combination,CID9918559
CID6746983,combination,CID6914657
CID6746983,combination,CID73265318
CID6758,combination,CID72686
CID6758,combination,CID74990
CID68546,combination,CID6914657
CID68617,combination,CID6914273
CID68617,combination,CID6918296
CID68617,combination,CID91649
CID68617,combination,CID92722
CID68617,combination,CID9811704
CID68617,combination,CID9930913
CID68740,combination,CID71384
CID68740,combination,CID9854073
CID6914273,combination,CID6918296
CID6914273,combination,CID91649
CID6914273,combination,CID92722
CID6914273,combination,CID9811704
CID6914273,combination,CID9930913
CID6914657,combination,CID71543365
CID6914657,combination,CID71664305
CID6914657,combination,CID72686
CID6914657,combination,CID73265318
CID6914657,combination,CID73265389
CID6914657,combination,CID9823820
CID6914657,combination,CID9852573
CID6917864,combination,CID6918405
CID6917864,combination,CID71386
CID6917864,combination,CID72092
CID6917864,combination,CID72435
CID6917864,combination,CID8980
CID6917864,combination,CID92178
CID6917864,combination,CID92727
CID6917864,combination,CID9852573
CID6917864,combination,CID9882793
CID6918296,combination,CID7550
CID6918296,combination,CID91649
CID6918296,combination,CID92722
CID6918296,combination,CID9811704
CID6918296,combination,CID9930913
CID6918405,combination,CID71587153
CID6918405,combination,CID72435
CID6918405,combination,CID9823820
CID6918638,combination,CID73265233
CID71384,combination,CID9854073
CID71386,combination,CID8980
CID71386,combination,CID92727
CID71386,combination,CID9914412
CID72435,combination,CID73265377
CID72435,combination,CID73265380
CID72435,combination,CID9918559
CID72686,combination,CID73265318
CID73265223,combination,CID73265233
CID73265223,combination,CID73265380
CID73265223,combination,CID73461
CID73265223,combination,CID9823820
CID73265223,combination,CID9918559
CID73265233,combination,CID73265377
CID73265233,combination,CID73265380
CID73265233,combination,CID9918559
CID73265377,combination,CID73461
CID73265377,combination,CID9823820
CID73461,combination,CID9918559
CID7550,combination,CID92722
CID7550,combination,CID9811704
CID7550,combination,CID9930913
CID91649,combination,CID92722
CID91649,combination,CID9811704
CID91649,combination,CID9930913
CID92178,combination,CID92727
CID92178,combination,CID9914412
CID92722,combination,CID9811704
CID92722,combination,CID9930913
CID92727,combination,CID9914412
CID9811704,combination,CID9930913
CID9858940,combination,CID9887053
CID10077130,interaction,2149
CID10090485,interaction,7046
CID10096344,interaction,1128
CID10096344,interaction,1803
CID10096344,interaction,2191
CID10096344,interaction,91039
CID10113978,interaction,10019
CID10113978,interaction,10188
CID10113978,interaction,1022
CID10113978,interaction,10461
CID10113978,interaction,10733
CID10113978,interaction,10746
CID10113978,interaction,11183
CID10113978,interaction,11184
CID10113978,interaction,11213
CID10113978,interaction,1436
CID10113978,interaction,150094
CID10113978,interaction,2051
CID10113978,interaction,2241
CID10113978,interaction,2242
CID10113978,interaction,2246
CID10113978,interaction,2260
CID10113978,interaction,2261
CID10113978,interaction,2263
CID10113978,interaction,2264
CID10113978,interaction,2268
CID10113978,interaction,22848
CID10113978,interaction,23043
CID10113978,interaction,2321
CID10113978,interaction,2322
CID10113978,interaction,23235
CID10113978,interaction,2324
CID10113978,interaction,23396
CID10113978,interaction,238
CID10113978,interaction,2444
CID10113978,interaction,25
CID10113978,interaction,2534
CID10113978,interaction,2580
CID10113978,interaction,27
CID10113978,interaction,27148
CID10113978,interaction,3055
CID10113978,interaction,341676
CID10113978,interaction,3480
CID10113978,interaction,3654
CID10113978,interaction,3702
CID10113978,interaction,3717
CID10113978,interaction,3718
CID10113978,interaction,3791
CID10113978,interaction,3815
CID10113978,interaction,3932
CID10113978,interaction,3984
CID10113978,interaction,3985
CID10113978,interaction,4058
CID10113978,interaction,4067
CID10113978,interaction,4140
CID10113978,interaction,4214
CID10113978,interaction,4233
CID10113978,interaction,4293
CID10113978,interaction,4294
CID10113978,interaction,4296
CID10113978,interaction,4751
CID10113978,interaction,4921
CID10113978,interaction,5127
CID10113978,interaction,51347
CID10113978,interaction,5156
CID10113978,interaction,5159
CID10113978,interaction,51701
CID10113978,interaction,5298
CID10113978,interaction,55589
CID10113978,interaction,55781
CID10113978,interaction,5599
CID10113978,interaction,5601
CID10113978,interaction,5602
CID10113978,interaction,5607
CID10113978,interaction,5608
CID10113978,interaction,5610
CID10113978,interaction,57172
CID10113978,interaction,5747
CID10113978,interaction,5753
CID10113978,interaction,57551
CID10113978,interaction,5871
CID10113978,interaction,5894
CID10113978,interaction,5979
CID10113978,interaction,6098
CID10113978,interaction,640
CID10113978,interaction,6416
CID10113978,interaction,658
CID10113978,interaction,6714
CID10113978,interaction,6725
CID10113978,interaction,673
CID10113978,interaction,6790
CID10113978,interaction,6793
CID10113978,interaction,6795
CID10113978,interaction,6850
CID10113978,interaction,7010
CID10113978,interaction,7048
CID10113978,interaction,7075
CID10113978,interaction,7272
CID10113978,interaction,728642
CID10113978,interaction,7294
CID10113978,interaction,7297
CID10113978,interaction,7525
CID10113978,interaction,780
CID10113978,interaction,79837
CID10113978,interaction,80122
CID10113978,interaction,8491
CID10113978,interaction,8536
CID10113978,interaction,85366
CID10113978,interaction,8576
CID10113978,interaction,8711
CID10113978,interaction,8737
CID10113978,interaction,8767
CID10113978,interaction,9212
CID10113978,interaction,93
CID10113978,interaction,9344
CID10113978,interaction,9448
CID10113978,interaction,9748
CID10113978,interaction,984
CID10133,interaction,151306
CID10133,interaction,1646
CID10133,interaction,6555
CID10133,interaction,8856
CID10133,interaction,9971
CID101526,interaction,23113
CID101526,interaction,7153
CID10180,interaction,328
CID10180,interaction,7150
CID10180,interaction,7153
CID10182969,interaction,2147
CID10182969,interaction,2159
CID10184653,interaction,11113
CID10184653,interaction,1432
CID10184653,interaction,1454
CID10184653,interaction,147746
CID10184653,interaction,1859
CID10184653,interaction,1956
CID10184653,interaction,2051
CID10184653,interaction,2064
CID10184653,interaction,2065
CID10184653,interaction,2066
CID10184653,interaction,2322
CID10184653,interaction,2444
CID10184653,interaction,25
CID10184653,interaction,2580
CID10184653,interaction,27330
CID10184653,interaction,285220
CID10184653,interaction,2872
CID10184653,interaction,3055
CID10184653,interaction,3654
CID10184653,interaction,388228
CID10184653,interaction,3932
CID10184653,interaction,4233
CID10184653,interaction,5260
CID10184653,interaction,5261
CID10184653,interaction,558
CID10184653,interaction,5601
CID10184653,interaction,5602
CID10184653,interaction,5607
CID10184653,interaction,640
CID10184653,interaction,6714
CID10184653,interaction,6793
CID10184653,interaction,7294
CID10184653,interaction,7525
CID10184653,interaction,8445
CID10184653,interaction,8569
CID10184653,interaction,8767
CID10184653,interaction,9149
CID10184653,interaction,9263
CID10184653,interaction,9748
CID10235,interaction,1136
CID10235,interaction,1137
CID10235,interaction,1139
CID10235,interaction,1141
CID10235,interaction,8973
CID10235,interaction,89832
CID10280735,interaction,2159
CID10286159,interaction,2099
CID10286159,interaction,2100
CID10384072,interaction,1111
CID10384072,interaction,7465
CID1046,interaction,1576
CID1046,interaction,1577
CID1046,interaction,760
CID104741,interaction,2053
CID104741,interaction,2099
CID104741,interaction,2100
CID104741,interaction,2101
CID104741,interaction,5241
CID104741,interaction,8856
CID104741,interaction,9971
CID104769,interaction,153
CID104799,interaction,7296
CID104850,interaction,10257
CID104850,interaction,1268
CID104850,interaction,1269
CID104850,interaction,1559
CID104850,interaction,2841
CID104850,interaction,3757
CID104850,interaction,43
CID104850,interaction,4363
CID104850,interaction,9290
CID104865,interaction,1909
CID104865,interaction,1910
CID104865,interaction,8647
CID104865,interaction,8856
CID10531,interaction,146
CID10531,interaction,146802
CID10531,interaction,147
CID10531,interaction,148
CID10531,interaction,150
CID10531,interaction,151
CID10531,interaction,152
CID10531,interaction,1576
CID10531,interaction,1812
CID10531,interaction,1813
CID10531,interaction,1814
CID10531,interaction,2194
CID10531,interaction,3350
CID10531,interaction,3351
CID10531,interaction,3352
CID10531,interaction,3354
CID10531,interaction,3355
CID10531,interaction,3356
CID10531,interaction,3357
CID10531,interaction,3358
CID10531,interaction,3361
CID10531,interaction,3362
CID10531,interaction,3363
CID10531,interaction,4137
CID10531,interaction,51053
CID10531,interaction,55244
CID10531,interaction,6582
CID1054,interaction,501
CID1054,interaction,57026
CID1054,interaction,8566
CID1054,interaction,875
CID10607,interaction,190
CID10607,interaction,203068
CID10607,interaction,2475
CID10607,interaction,2516
CID10607,interaction,2908
CID10607,interaction,3417
CID10607,interaction,3480
CID10607,interaction,367
CID10607,interaction,51053
CID10607,interaction,7153
CID10607,interaction,7277
CID10607,interaction,7849
CID10621,interaction,9212
CID107807,interaction,1636
CID107969,interaction,1901
CID107969,interaction,1903
CID107969,interaction,3065
CID107969,interaction,53637
CID107969,interaction,8698
CID107969,interaction,8879
CID107970,interaction,1901
CID107970,interaction,1903
CID107970,interaction,3065
CID107970,interaction,53637
CID107970,interaction,8698
CID107970,interaction,8879
CID107971,interaction,217
CID107971,interaction,3558
CID108092,interaction,4048
CID108143,interaction,5914
CID108143,interaction,5915
CID108143,interaction,5916
CID108150,interaction,6714
CID10866,interaction,2629
CID10866,interaction,3757
CID10909430,interaction,2
CID10909430,interaction,3416
CID10917,interaction,1066
CID10917,interaction,123096
CID10917,interaction,1374
CID10917,interaction,1376
CID10917,interaction,1384
CID10917,interaction,4353
CID10917,interaction,54677
CID10917,interaction,6583
CID10917,interaction,6584
CID10917,interaction,7498
CID10917,interaction,788
CID10921,interaction,11255
CID10921,interaction,1129
CID10921,interaction,1135
CID10921,interaction,1137
CID10921,interaction,1141
CID10921,interaction,43
CID1102,interaction,11238
CID1102,interaction,23632
CID1102,interaction,7296
CID1102,interaction,759
CID1102,interaction,760
CID1102,interaction,762
CID1102,interaction,763
CID1102,interaction,765
CID1102,interaction,768
CID11057,interaction,1128
CID11057,interaction,1129
CID11057,interaction,1131
CID11057,interaction,1132
CID11057,interaction,1133
CID11057,interaction,135
CID11057,interaction,140
CID11057,interaction,146
CID11057,interaction,150
CID11057,interaction,151
CID11057,interaction,152
CID11057,interaction,1565
CID11057,interaction,1576
CID11057,interaction,1773
CID11057,interaction,1812
CID11057,interaction,1813
CID11057,interaction,1814
CID11057,interaction,1956
CID11057,interaction,2139
CID11057,interaction,2534
CID11057,interaction,2629
CID11057,interaction,3274
CID11057,interaction,3356
CID11057,interaction,351
CID11057,interaction,367
CID11057,interaction,4137
CID11057,interaction,43
CID11057,interaction,4986
CID11057,interaction,4988
CID11057,interaction,5594
CID11057,interaction,5965
CID11057,interaction,6097
CID11057,interaction,6531
CID11057,interaction,6622
CID11057,interaction,6865
CID11057,interaction,9099
CID110635,interaction,3757
CID110635,interaction,50940
CID110635,interaction,8654
CID11065,interaction,10280
CID11065,interaction,11255
CID11065,interaction,1128
CID11065,interaction,1129
CID11065,interaction,1131
CID11065,interaction,1132
CID11065,interaction,1133
CID11065,interaction,146
CID11065,interaction,147
CID11065,interaction,148
CID11065,interaction,150
CID11065,interaction,151
CID11065,interaction,152
CID11065,interaction,153
CID11065,interaction,154
CID11065,interaction,155
CID11065,interaction,1812
CID11065,interaction,1813
CID11065,interaction,1814
CID11065,interaction,1816
CID11065,interaction,316
CID11065,interaction,3269
CID11065,interaction,3274
CID11065,interaction,3350
CID11065,interaction,3351
CID11065,interaction,3352
CID11065,interaction,3356
CID11065,interaction,3357
CID11065,interaction,3358
CID11065,interaction,3362
CID11065,interaction,3363
CID11065,interaction,3736
CID11065,interaction,3751
CID11065,interaction,3752
CID11065,interaction,3757
CID11065,interaction,3763
CID11065,interaction,3785
CID11065,interaction,3786
CID11065,interaction,4914
CID11065,interaction,4915
CID11065,interaction,4985
CID11065,interaction,4986
CID11065,interaction,4988
CID11065,interaction,59340
CID11065,interaction,5979
CID11065,interaction,6326
CID11065,interaction,6331
CID11065,interaction,6335
CID11065,interaction,6530
CID11065,interaction,6531
CID11065,interaction,6532
CID11065,interaction,6580
CID11065,interaction,6582
CID11102,interaction,528
CID11152667,interaction,1111
CID11152667,interaction,11200
CID11167602,interaction,1969
CID11167602,interaction,2053
CID11167602,interaction,2260
CID11167602,interaction,2263
CID11167602,interaction,2321
CID11167602,interaction,2324
CID11167602,interaction,2444
CID11167602,interaction,25
CID11167602,interaction,2741
CID11167602,interaction,3791
CID11167602,interaction,3815
CID11167602,interaction,4914
CID11167602,interaction,4921
CID11167602,interaction,5156
CID11167602,interaction,5159
CID11167602,interaction,5600
CID11167602,interaction,5894
CID11167602,interaction,5979
CID11167602,interaction,673
CID11167602,interaction,7010
CID11167602,interaction,7525
CID11213558,interaction,100130827
CID11213558,interaction,10114
CID11213558,interaction,10188
CID11213558,interaction,1022
CID11213558,interaction,10298
CID11213558,interaction,10461
CID11213558,interaction,10494
CID11213558,interaction,10733
CID11213558,interaction,10746
CID11213558,interaction,10769
CID11213558,interaction,10783
CID11213558,interaction,11011
CID11213558,interaction,1111
CID11213558,interaction,11113
CID11213558,interaction,11184
CID11213558,interaction,11213
CID11213558,interaction,11329
CID11213558,interaction,1147
CID11213558,interaction,1195
CID11213558,interaction,1196
CID11213558,interaction,1198
CID11213558,interaction,120892
CID11213558,interaction,1263
CID11213558,interaction,131890
CID11213558,interaction,140609
CID11213558,interaction,140901
CID11213558,interaction,1436
CID11213558,interaction,1445
CID11213558,interaction,1457
CID11213558,interaction,1459
CID11213558,interaction,147746
CID11213558,interaction,150094
CID11213558,interaction,1612
CID11213558,interaction,1613
CID11213558,interaction,167359
CID11213558,interaction,1859
CID11213558,interaction,1956
CID11213558,interaction,1969
CID11213558,interaction,2011
CID11213558,interaction,202374
CID11213558,interaction,2041
CID11213558,interaction,2042
CID11213558,interaction,2043
CID11213558,interaction,2044
CID11213558,interaction,2045
CID11213558,interaction,2046
CID11213558,interaction,2047
CID11213558,interaction,2048
CID11213558,interaction,204851
CID11213558,interaction,2050
CID11213558,interaction,2051
CID11213558,interaction,2066
CID11213558,interaction,2081
CID11213558,interaction,2185
CID11213558,interaction,2241
CID11213558,interaction,2242
CID11213558,interaction,225689
CID11213558,interaction,2260
CID11213558,interaction,2261
CID11213558,interaction,2263
CID11213558,interaction,2264
CID11213558,interaction,2268
CID11213558,interaction,22848
CID11213558,interaction,23043
CID11213558,interaction,2321
CID11213558,interaction,2322
CID11213558,interaction,23235
CID11213558,interaction,2324
CID11213558,interaction,23396
CID11213558,interaction,23604
CID11213558,interaction,23683
CID11213558,interaction,238
CID11213558,interaction,2444
CID11213558,interaction,25
CID11213558,interaction,2534
CID11213558,interaction,255239
CID11213558,interaction,2580
CID11213558,interaction,25989
CID11213558,interaction,26524
CID11213558,interaction,26576
CID11213558,interaction,27
CID11213558,interaction,27148
CID11213558,interaction,285220
CID11213558,interaction,2868
CID11213558,interaction,2872
CID11213558,interaction,28996
CID11213558,interaction,29110
CID11213558,interaction,2931
CID11213558,interaction,2932
CID11213558,interaction,3055
CID11213558,interaction,340156
CID11213558,interaction,341676
CID11213558,interaction,3480
CID11213558,interaction,3551
CID11213558,interaction,3643
CID11213558,interaction,3645
CID11213558,interaction,3654
CID11213558,interaction,3702
CID11213558,interaction,3716
CID11213558,interaction,3717
CID11213558,interaction,3718
CID11213558,interaction,3735
CID11213558,interaction,3791
CID11213558,interaction,3815
CID11213558,interaction,388228
CID11213558,interaction,3932
CID11213558,interaction,3984
CID11213558,interaction,3985
CID11213558,interaction,4058
CID11213558,interaction,4067
CID11213558,interaction,4139
CID11213558,interaction,4140
CID11213558,interaction,4215
CID11213558,interaction,4216
CID11213558,interaction,4233
CID11213558,interaction,4293
CID11213558,interaction,4294
CID11213558,interaction,440275
CID11213558,interaction,4486
CID11213558,interaction,4593
CID11213558,interaction,4638
CID11213558,interaction,4750
CID11213558,interaction,4751
CID11213558,interaction,4752
CID11213558,interaction,4914
CID11213558,interaction,4915
CID11213558,interaction,4916
CID11213558,interaction,4921
CID11213558,interaction,494551
CID11213558,interaction,5058
CID11213558,interaction,5062
CID11213558,interaction,5063
CID11213558,interaction,51086
CID11213558,interaction,51135
CID11213558,interaction,5128
CID11213558,interaction,51347
CID11213558,interaction,5156
CID11213558,interaction,5159
CID11213558,interaction,5170
CID11213558,interaction,5261
CID11213558,interaction,5293
CID11213558,interaction,5298
CID11213558,interaction,5347
CID11213558,interaction,54101
CID11213558,interaction,55589
CID11213558,interaction,5562
CID11213558,interaction,5563
CID11213558,interaction,5566
CID11213558,interaction,5567
CID11213558,interaction,55781
CID11213558,interaction,558
CID11213558,interaction,5580
CID11213558,interaction,5585
CID11213558,interaction,5586
CID11213558,interaction,5593
CID11213558,interaction,5599
CID11213558,interaction,5601
CID11213558,interaction,5602
CID11213558,interaction,5603
CID11213558,interaction,5604
CID11213558,interaction,5605
CID11213558,interaction,5606
CID11213558,interaction,5607
CID11213558,interaction,5608
CID11213558,interaction,5610
CID11213558,interaction,56924
CID11213558,interaction,56997
CID11213558,interaction,57118
CID11213558,interaction,57144
CID11213558,interaction,57172
CID11213558,interaction,57396
CID11213558,interaction,5747
CID11213558,interaction,5753
CID11213558,interaction,57551
CID11213558,interaction,57787
CID11213558,interaction,5871
CID11213558,interaction,5894
CID11213558,interaction,5979
CID11213558,interaction,6011
CID11213558,interaction,6093
CID11213558,interaction,6098
CID11213558,interaction,6195
CID11213558,interaction,6197
CID11213558,interaction,6300
CID11213558,interaction,640
CID11213558,interaction,6416
CID11213558,interaction,658
CID11213558,interaction,65975
CID11213558,interaction,660
CID11213558,interaction,6714
CID11213558,interaction,6725
CID11213558,interaction,673
CID11213558,interaction,6732
CID11213558,interaction,6787
CID11213558,interaction,6788
CID11213558,interaction,6790
CID11213558,interaction,6793
CID11213558,interaction,6794
CID11213558,interaction,6795
CID11213558,interaction,6850
CID11213558,interaction,6885
CID11213558,interaction,695
CID11213558,interaction,7006
CID11213558,interaction,7010
CID11213558,interaction,7016
CID11213558,interaction,7046
CID11213558,interaction,7048
CID11213558,interaction,7075
CID11213558,interaction,7272
CID11213558,interaction,7294
CID11213558,interaction,7297
CID11213558,interaction,7301
CID11213558,interaction,7465
CID11213558,interaction,7525
CID11213558,interaction,7535
CID11213558,interaction,780
CID11213558,interaction,79837
CID11213558,interaction,79858
CID11213558,interaction,79934
CID11213558,interaction,80122
CID11213558,interaction,815
CID11213558,interaction,817
CID11213558,interaction,81788
CID11213558,interaction,818
CID11213558,interaction,83732
CID11213558,interaction,8394
CID11213558,interaction,83942
CID11213558,interaction,8396
CID11213558,interaction,8408
CID11213558,interaction,8445
CID11213558,interaction,8491
CID11213558,interaction,8536
CID11213558,interaction,85443
CID11213558,interaction,8569
CID11213558,interaction,8576
CID11213558,interaction,8711
CID11213558,interaction,8767
CID11213558,interaction,8780
CID11213558,interaction,8814
CID11213558,interaction,8986
CID11213558,interaction,8999
CID11213558,interaction,90
CID11213558,interaction,91
CID11213558,interaction,91754
CID11213558,interaction,9212
CID11213558,interaction,9252
CID11213558,interaction,9262
CID11213558,interaction,9263
CID11213558,interaction,9344
CID11213558,interaction,9475
CID11213558,interaction,9641
CID11213558,interaction,9706
CID11213558,interaction,9748
CID11213558,interaction,9874
CID11213558,interaction,9891
CID11213558,interaction,9943
CID11219835,interaction,367
CID11224,interaction,10919
CID11224,interaction,1128
CID11224,interaction,3269
CID11224,interaction,9970
CID11243969,interaction,1576
CID11243969,interaction,1803
CID11243969,interaction,5243
CID11243969,interaction,54878
CID11243969,interaction,91039
CID11273,interaction,1588
CID11273,interaction,367
CID11296583,interaction,3064
CID11296583,interaction,367
CID11296583,interaction,51426
CID11304743,interaction,27115
CID11304743,interaction,2977
CID11304743,interaction,2983
CID11314340,interaction,10000
CID11314340,interaction,10114
CID11314340,interaction,1017
CID11314340,interaction,1018
CID11314340,interaction,1022
CID11314340,interaction,1024
CID11314340,interaction,1025
CID11314340,interaction,10298
CID11314340,interaction,10645
CID11314340,interaction,11040
CID11314340,interaction,1111
CID11314340,interaction,11113
CID11314340,interaction,11200
CID11314340,interaction,1195
CID11314340,interaction,1196
CID11314340,interaction,1198
CID11314340,interaction,120892
CID11314340,interaction,122011
CID11314340,interaction,131890
CID11314340,interaction,1452
CID11314340,interaction,1453
CID11314340,interaction,1454
CID11314340,interaction,1455
CID11314340,interaction,1456
CID11314340,interaction,1457
CID11314340,interaction,1459
CID11314340,interaction,147746
CID11314340,interaction,1612
CID11314340,interaction,1613
CID11314340,interaction,1760
CID11314340,interaction,1859
CID11314340,interaction,204851
CID11314340,interaction,207
CID11314340,interaction,208
CID11314340,interaction,225689
CID11314340,interaction,22848
CID11314340,interaction,22858
CID11314340,interaction,23043
CID11314340,interaction,23097
CID11314340,interaction,2322
CID11314340,interaction,23604
CID11314340,interaction,23678
CID11314340,interaction,23683
CID11314340,interaction,2580
CID11314340,interaction,26524
CID11314340,interaction,26576
CID11314340,interaction,2868
CID11314340,interaction,2872
CID11314340,interaction,28996
CID11314340,interaction,2931
CID11314340,interaction,2932
CID11314340,interaction,340156
CID11314340,interaction,3654
CID11314340,interaction,3718
CID11314340,interaction,3815
CID11314340,interaction,415116
CID11314340,interaction,4638
CID11314340,interaction,50488
CID11314340,interaction,5058
CID11314340,interaction,5062
CID11314340,interaction,51135
CID11314340,interaction,51265
CID11314340,interaction,5127
CID11314340,interaction,5128
CID11314340,interaction,5129
CID11314340,interaction,51347
CID11314340,interaction,5218
CID11314340,interaction,5260
CID11314340,interaction,5261
CID11314340,interaction,5292
CID11314340,interaction,5298
CID11314340,interaction,53944
CID11314340,interaction,55561
CID11314340,interaction,55589
CID11314340,interaction,5566
CID11314340,interaction,5567
CID11314340,interaction,5569
CID11314340,interaction,55781
CID11314340,interaction,5580
CID11314340,interaction,5581
CID11314340,interaction,5582
CID11314340,interaction,5583
CID11314340,interaction,5585
CID11314340,interaction,5586
CID11314340,interaction,5588
CID11314340,interaction,5592
CID11314340,interaction,5593
CID11314340,interaction,5594
CID11314340,interaction,5606
CID11314340,interaction,5610
CID11314340,interaction,5613
CID11314340,interaction,56924
CID11314340,interaction,57118
CID11314340,interaction,57144
CID11314340,interaction,57396
CID11314340,interaction,57551
CID11314340,interaction,5871
CID11314340,interaction,5979
CID11314340,interaction,6093
CID11314340,interaction,6197
CID11314340,interaction,6198
CID11314340,interaction,65061
CID11314340,interaction,65975
CID11314340,interaction,6732
CID11314340,interaction,6733
CID11314340,interaction,6788
CID11314340,interaction,6792
CID11314340,interaction,6795
CID11314340,interaction,6885
CID11314340,interaction,7444
CID11314340,interaction,80122
CID11314340,interaction,814
CID11314340,interaction,815
CID11314340,interaction,816
CID11314340,interaction,817
CID11314340,interaction,81788
CID11314340,interaction,818
CID11314340,interaction,83732
CID11314340,interaction,8394
CID11314340,interaction,8396
CID11314340,interaction,8408
CID11314340,interaction,84254
CID11314340,interaction,8445
CID11314340,interaction,8476
CID11314340,interaction,8621
CID11314340,interaction,8780
CID11314340,interaction,8899
CID11314340,interaction,8986
CID11314340,interaction,8999
CID11314340,interaction,9113
CID11314340,interaction,9149
CID11314340,interaction,91807
CID11314340,interaction,9252
CID11314340,interaction,9261
CID11314340,interaction,9262
CID11314340,interaction,9263
CID11314340,interaction,9344
CID11314340,interaction,9448
CID11314340,interaction,9578
CID11314340,interaction,9706
CID11314340,interaction,9833
CID11327430,interaction,5591
CID11338033,interaction,1017
CID11338033,interaction,1018
CID11338033,interaction,1019
CID11338033,interaction,1020
CID11338033,interaction,1021
CID11338033,interaction,1022
CID11338033,interaction,1025
CID11338033,interaction,10645
CID11338033,interaction,1195
CID11338033,interaction,1196
CID11338033,interaction,1198
CID11338033,interaction,166614
CID11338033,interaction,1760
CID11338033,interaction,1859
CID11338033,interaction,225689
CID11338033,interaction,22858
CID11338033,interaction,23097
CID11338033,interaction,2931
CID11338033,interaction,2932
CID11338033,interaction,4117
CID11338033,interaction,5127
CID11338033,interaction,5128
CID11338033,interaction,5129
CID11338033,interaction,51347
CID11338033,interaction,5218
CID11338033,interaction,5598
CID11338033,interaction,57396
CID11338033,interaction,57551
CID11338033,interaction,65061
CID11338033,interaction,6792
CID11338033,interaction,728642
CID11338033,interaction,8445
CID11338033,interaction,85443
CID11338033,interaction,8573
CID11338033,interaction,8621
CID11338033,interaction,8999
CID11338033,interaction,9149
CID11338033,interaction,9344
CID11338033,interaction,9748
CID11338033,interaction,983
CID11338033,interaction,984
CID11338033,interaction,9874
CID11364421,interaction,10769
CID11364421,interaction,1263
CID11364421,interaction,5347
CID11433190,interaction,4193
CID11434515,interaction,1128
CID11434515,interaction,1129
CID11434515,interaction,1131
CID11434515,interaction,1132
CID11434515,interaction,1133
CID11450633,interaction,1544
CID11450633,interaction,1557
CID11450633,interaction,1559
CID11450633,interaction,1565
CID11450633,interaction,1576
CID11450633,interaction,1803
CID11477084,interaction,1909
CID11477084,interaction,1910
CID114869,interaction,11188
CID114869,interaction,150
CID114869,interaction,151
CID114869,interaction,152
CID11488320,interaction,1956
CID11488320,interaction,2064
CID11488320,interaction,2065
CID115087,interaction,213
CID115087,interaction,2169
CID115087,interaction,240
CID115087,interaction,3091
CID115087,interaction,3576
CID115087,interaction,3577
CID115087,interaction,3785
CID115087,interaction,3786
CID115087,interaction,41
CID115087,interaction,5320
CID115087,interaction,54575
CID115087,interaction,54577
CID115087,interaction,54578
CID115087,interaction,54600
CID115087,interaction,54658
CID115087,interaction,5468
CID115087,interaction,57016
CID115087,interaction,5742
CID115087,interaction,5743
CID115087,interaction,6329
CID115087,interaction,7276
CID115087,interaction,8644
CID115087,interaction,9311
CID115087,interaction,9356
CID11524144,interaction,1969
CID11524144,interaction,2280
CID11524144,interaction,2321
CID11524144,interaction,2322
CID11524144,interaction,3791
CID11524144,interaction,3932
CID11524144,interaction,5564
CID11524144,interaction,6195
CID11524144,interaction,652
CID11524144,interaction,657
CID11524144,interaction,658
CID11524144,interaction,659
CID11524144,interaction,6714
CID11524144,interaction,7048
CID11524144,interaction,7525
CID11524144,interaction,8569
CID11524144,interaction,90
CID11524144,interaction,94
CID11525740,interaction,10019
CID11525740,interaction,10188
CID11525740,interaction,1022
CID11525740,interaction,10461
CID11525740,interaction,10733
CID11525740,interaction,10746
CID11525740,interaction,11183
CID11525740,interaction,11184
CID11525740,interaction,11213
CID11525740,interaction,1436
CID11525740,interaction,150094
CID11525740,interaction,2051
CID11525740,interaction,2241
CID11525740,interaction,2242
CID11525740,interaction,2246
CID11525740,interaction,2260
CID11525740,interaction,2261
CID11525740,interaction,2263
CID11525740,interaction,2264
CID11525740,interaction,2268
CID11525740,interaction,22848
CID11525740,interaction,23043
CID11525740,interaction,2321
CID11525740,interaction,2322
CID11525740,interaction,23235
CID11525740,interaction,2324
CID11525740,interaction,23396
CID11525740,interaction,238
CID11525740,interaction,2444
CID11525740,interaction,25
CID11525740,interaction,2534
CID11525740,interaction,2580
CID11525740,interaction,27
CID11525740,interaction,27148
CID11525740,interaction,3055
CID11525740,interaction,341676
CID11525740,interaction,3480
CID11525740,interaction,3654
CID11525740,interaction,3702
CID11525740,interaction,3717
CID11525740,interaction,3718
CID11525740,interaction,3791
CID11525740,interaction,3815
CID11525740,interaction,3932
CID11525740,interaction,3984
CID11525740,interaction,3985
CID11525740,interaction,4058
CID11525740,interaction,4067
CID11525740,interaction,4140
CID11525740,interaction,4214
CID11525740,interaction,4233
CID11525740,interaction,4293
CID11525740,interaction,4294
CID11525740,interaction,4296
CID11525740,interaction,4751
CID11525740,interaction,4921
CID11525740,interaction,5127
CID11525740,interaction,51347
CID11525740,interaction,5156
CID11525740,interaction,5159
CID11525740,interaction,51701
CID11525740,interaction,5298
CID11525740,interaction,55589
CID11525740,interaction,55781
CID11525740,interaction,5599
CID11525740,interaction,5601
CID11525740,interaction,5602
CID11525740,interaction,5607
CID11525740,interaction,5608
CID11525740,interaction,5610
CID11525740,interaction,57172
CID11525740,interaction,5747
CID11525740,interaction,5753
CID11525740,interaction,57551
CID11525740,interaction,5871
CID11525740,interaction,5894
CID11525740,interaction,5979
CID11525740,interaction,6098
CID11525740,interaction,640
CID11525740,interaction,6416
CID11525740,interaction,658
CID11525740,interaction,6714
CID11525740,interaction,6725
CID11525740,interaction,673
CID11525740,interaction,6790
CID11525740,interaction,6793
CID11525740,interaction,6795
CID11525740,interaction,6850
CID11525740,interaction,7010
CID11525740,interaction,7048
CID11525740,interaction,7075
CID11525740,interaction,7272
CID11525740,interaction,728642
CID11525740,interaction,7294
CID11525740,interaction,7297
CID11525740,interaction,7525
CID11525740,interaction,780
CID11525740,interaction,79837
CID11525740,interaction,80122
CID11525740,interaction,8491
CID11525740,interaction,8536
CID11525740,interaction,85366
CID11525740,interaction,8576
CID11525740,interaction,8711
CID11525740,interaction,8737
CID11525740,interaction,8767
CID11525740,interaction,9212
CID11525740,interaction,93
CID11525740,interaction,9344
CID11525740,interaction,9448
CID11525740,interaction,9748
CID11525740,interaction,984
CID115355,interaction,3242
CID11548,interaction,1128
CID11548,interaction,1129
CID11548,interaction,1131
CID11548,interaction,1132
CID11556711,interaction,1508
CID11556711,interaction,367
CID11556711,interaction,4780
CID11556711,interaction,5689
CID11556711,interaction,5690
CID11556711,interaction,5693
CID11556711,interaction,5695
CID11556711,interaction,5696
CID11556711,interaction,5698
CID11556711,interaction,5699
CID11591741,interaction,1803
CID11591741,interaction,2191
CID11591741,interaction,29952
CID11591741,interaction,54878
CID11591741,interaction,91039
CID11607738,interaction,1576
CID11607738,interaction,203068
CID11607738,interaction,3064
CID11607738,interaction,367
CID11607738,interaction,3725
CID11607738,interaction,51053
CID11607738,interaction,6865
CID11625818,interaction,5290
CID11625818,interaction,5291
CID11625818,interaction,5293
CID11625818,interaction,5294
CID11625818,interaction,5591
CID11626560,interaction,100130827
CID11626560,interaction,1017
CID11626560,interaction,10188
CID11626560,interaction,1020
CID11626560,interaction,1022
CID11626560,interaction,10461
CID11626560,interaction,10645
CID11626560,interaction,10733
CID11626560,interaction,10746
CID11626560,interaction,11183
CID11626560,interaction,11184
CID11626560,interaction,11213
CID11626560,interaction,120892
CID11626560,interaction,140609
CID11626560,interaction,140901
CID11626560,interaction,1436
CID11626560,interaction,147746
CID11626560,interaction,166614
CID11626560,interaction,167359
CID11626560,interaction,1760
CID11626560,interaction,1956
CID11626560,interaction,1969
CID11626560,interaction,2011
CID11626560,interaction,2041
CID11626560,interaction,2042
CID11626560,interaction,2043
CID11626560,interaction,2044
CID11626560,interaction,2045
CID11626560,interaction,2046
CID11626560,interaction,2047
CID11626560,interaction,2050
CID11626560,interaction,2051
CID11626560,interaction,2185
CID11626560,interaction,2241
CID11626560,interaction,2242
CID11626560,interaction,2260
CID11626560,interaction,2261
CID11626560,interaction,2268
CID11626560,interaction,22848
CID11626560,interaction,2321
CID11626560,interaction,2322
CID11626560,interaction,23235
CID11626560,interaction,2324
CID11626560,interaction,23617
CID11626560,interaction,23683
CID11626560,interaction,238
CID11626560,interaction,2444
CID11626560,interaction,25
CID11626560,interaction,2534
CID11626560,interaction,255239
CID11626560,interaction,25778
CID11626560,interaction,25865
CID11626560,interaction,25989
CID11626560,interaction,26576
CID11626560,interaction,27
CID11626560,interaction,285220
CID11626560,interaction,2868
CID11626560,interaction,29110
CID11626560,interaction,3480
CID11626560,interaction,3551
CID11626560,interaction,3643
CID11626560,interaction,3645
CID11626560,interaction,3654
CID11626560,interaction,3702
CID11626560,interaction,3716
CID11626560,interaction,3717
CID11626560,interaction,3718
CID11626560,interaction,3791
CID11626560,interaction,3815
CID11626560,interaction,388228
CID11626560,interaction,389840
CID11626560,interaction,3932
CID11626560,interaction,3984
CID11626560,interaction,3985
CID11626560,interaction,4058
CID11626560,interaction,4067
CID11626560,interaction,4140
CID11626560,interaction,4214
CID11626560,interaction,4215
CID11626560,interaction,4233
CID11626560,interaction,4486
CID11626560,interaction,4593
CID11626560,interaction,4914
CID11626560,interaction,4915
CID11626560,interaction,4916
CID11626560,interaction,50488
CID11626560,interaction,51086
CID11626560,interaction,51135
CID11626560,interaction,51347
CID11626560,interaction,51765
CID11626560,interaction,51776
CID11626560,interaction,5261
CID11626560,interaction,54101
CID11626560,interaction,55589
CID11626560,interaction,5562
CID11626560,interaction,558
CID11626560,interaction,5586
CID11626560,interaction,5587
CID11626560,interaction,5598
CID11626560,interaction,5606
CID11626560,interaction,5610
CID11626560,interaction,5747
CID11626560,interaction,57551
CID11626560,interaction,5871
CID11626560,interaction,5979
CID11626560,interaction,6093
CID11626560,interaction,6098
CID11626560,interaction,6198
CID11626560,interaction,640
CID11626560,interaction,658
CID11626560,interaction,660
CID11626560,interaction,6714
CID11626560,interaction,6732
CID11626560,interaction,6787
CID11626560,interaction,6788
CID11626560,interaction,6789
CID11626560,interaction,6790
CID11626560,interaction,6793
CID11626560,interaction,6795
CID11626560,interaction,6850
CID11626560,interaction,6885
CID11626560,interaction,695
CID11626560,interaction,7010
CID11626560,interaction,7016
CID11626560,interaction,7046
CID11626560,interaction,7075
CID11626560,interaction,728642
CID11626560,interaction,7294
CID11626560,interaction,7297
CID11626560,interaction,7301
CID11626560,interaction,7525
CID11626560,interaction,7535
CID11626560,interaction,7786
CID11626560,interaction,780
CID11626560,interaction,79934
CID11626560,interaction,80122
CID11626560,interaction,81788
CID11626560,interaction,83732
CID11626560,interaction,8394
CID11626560,interaction,8408
CID11626560,interaction,8445
CID11626560,interaction,8491
CID11626560,interaction,8573
CID11626560,interaction,8711
CID11626560,interaction,8737
CID11626560,interaction,8767
CID11626560,interaction,8780
CID11626560,interaction,8999
CID11626560,interaction,90
CID11626560,interaction,91
CID11626560,interaction,9175
CID11626560,interaction,91754
CID11626560,interaction,9201
CID11626560,interaction,9212
CID11626560,interaction,9344
CID11626560,interaction,9475
CID11626560,interaction,9641
CID11626560,interaction,9706
CID11626560,interaction,9748
CID11626560,interaction,983
CID11626560,interaction,984
CID11640390,interaction,3480
CID11683,interaction,1559
CID11683,interaction,2908
CID11683,interaction,5241
CID11683,interaction,5243
CID11707110,interaction,5604
CID11707110,interaction,5605
CID11707110,interaction,828713
CID1174,interaction,1806
CID11876263,interaction,367
CID11876263,interaction,4306
CID119031,interaction,10893
CID119031,interaction,118856
CID119031,interaction,4312
CID119031,interaction,4313
CID119031,interaction,4314
CID119031,interaction,4316
CID119031,interaction,4317
CID119031,interaction,4318
CID119031,interaction,4319
CID119031,interaction,4320
CID119031,interaction,4321
CID119031,interaction,4322
CID119031,interaction,4323
CID119031,interaction,4324
CID119031,interaction,4325
CID119031,interaction,4326
CID119031,interaction,4327
CID119031,interaction,56547
CID119031,interaction,64066
CID119031,interaction,64386
CID119031,interaction,6868
CID119031,interaction,7124
CID119031,interaction,79148
CID119031,interaction,8510
CID119031,interaction,8511
CID119031,interaction,9313
CID119182,interaction,5422
CID119182,interaction,5631
CID119182,interaction,6240
CID119182,interaction,6241
CID119182,interaction,7371
CID119182,interaction,83549
CID119373,interaction,5243
CID119373,interaction,9429
CID119525,interaction,1544
CID119525,interaction,23113
CID119525,interaction,7153
CID119570,interaction,150
CID119570,interaction,151
CID119570,interaction,152
CID119570,interaction,1812
CID119570,interaction,1813
CID119570,interaction,1814
CID119570,interaction,1815
CID119570,interaction,1816
CID119570,interaction,3274
CID119570,interaction,3350
CID119570,interaction,3351
CID119570,interaction,3352
CID119570,interaction,3356
CID119570,interaction,3357
CID119570,interaction,3358
CID119570,interaction,3363
CID11960529,interaction,10038
CID11960529,interaction,142
CID119607,interaction,11238
CID119607,interaction,23632
CID119607,interaction,3357
CID119607,interaction,377677
CID119607,interaction,4513
CID119607,interaction,5742
CID119607,interaction,5743
CID119607,interaction,6530
CID119607,interaction,759
CID119607,interaction,760
CID119607,interaction,761
CID119607,interaction,762
CID119607,interaction,763
CID119607,interaction,765
CID119607,interaction,766
CID119607,interaction,768
CID119607,interaction,771
CID11977753,interaction,145407
CID11977753,interaction,39970
CID1201549,interaction,1128
CID1201549,interaction,3269
CID120181,interaction,2562
CID12035,interaction,1147
CID12035,interaction,116443
CID12035,interaction,23657
CID12035,interaction,2902
CID12035,interaction,2903
CID12035,interaction,2904
CID12035,interaction,2906
CID12035,interaction,2937
CID12035,interaction,3551
CID12035,interaction,54205
CID12035,interaction,6648
CID12035,interaction,7422
CID12035,interaction,95
CID121396,interaction,1373
CID121587,interaction,1135
CID121587,interaction,1136
CID121587,interaction,1137
CID121587,interaction,1138
CID121587,interaction,1139
CID121587,interaction,1141
CID121587,interaction,1143
CID121587,interaction,43
CID121587,interaction,55584
CID121587,interaction,590
CID121892,interaction,3785
CID121892,interaction,3786
CID121892,interaction,56479
CID121892,interaction,9132
CID122335,interaction,3039
CID122335,interaction,3043
CID123596,interaction,10733
CID123596,interaction,11238
CID123596,interaction,1195
CID123596,interaction,1432
CID123596,interaction,1436
CID123596,interaction,146802
CID123596,interaction,147746
CID123596,interaction,1956
CID123596,interaction,2046
CID123596,interaction,2047
CID123596,interaction,2050
CID123596,interaction,2139
CID123596,interaction,2260
CID123596,interaction,2263
CID123596,interaction,2268
CID123596,interaction,23097
CID123596,interaction,2322
CID123596,interaction,23632
CID123596,interaction,2444
CID123596,interaction,25
CID123596,interaction,2534
CID123596,interaction,2580
CID123596,interaction,27
CID123596,interaction,3274
CID123596,interaction,3356
CID123596,interaction,3643
CID123596,interaction,3654
CID123596,interaction,3717
CID123596,interaction,3735
CID123596,interaction,3791
CID123596,interaction,3815
CID123596,interaction,3932
CID123596,interaction,4067
CID123596,interaction,4363
CID123596,interaction,4835
CID123596,interaction,4914
CID123596,interaction,4921
CID123596,interaction,51086
CID123596,interaction,5156
CID123596,interaction,5159
CID123596,interaction,51776
CID123596,interaction,5243
CID123596,interaction,55244
CID123596,interaction,5599
CID123596,interaction,5601
CID123596,interaction,5602
CID123596,interaction,57396
CID123596,interaction,57551
CID123596,interaction,5894
CID123596,interaction,5979
CID123596,interaction,640
CID123596,interaction,6532
CID123596,interaction,6581
CID123596,interaction,6582
CID123596,interaction,660
CID123596,interaction,6714
CID123596,interaction,673
CID123596,interaction,6850
CID123596,interaction,6916
CID123596,interaction,7297
CID123596,interaction,759
CID123596,interaction,760
CID123596,interaction,761
CID123596,interaction,762
CID123596,interaction,763
CID123596,interaction,765
CID123596,interaction,766
CID123596,interaction,768
CID123596,interaction,771
CID123596,interaction,780
CID123596,interaction,79837
CID123596,interaction,9263
CID123596,interaction,9429
CID123596,interaction,9833
CID123606,interaction,3351
CID123606,interaction,3352
CID123606,interaction,3355
CID123608,interaction,210
CID123631,interaction,1022
CID123631,interaction,10746
CID123631,interaction,11113
CID123631,interaction,11183
CID123631,interaction,11200
CID123631,interaction,11213
CID123631,interaction,1432
CID123631,interaction,1453
CID123631,interaction,1454
CID123631,interaction,147746
CID123631,interaction,1613
CID123631,interaction,1760
CID123631,interaction,1956
CID123631,interaction,2041
CID123631,interaction,2042
CID123631,interaction,2044
CID123631,interaction,2046
CID123631,interaction,2047
CID123631,interaction,2050
CID123631,interaction,2051
CID123631,interaction,2064
CID123631,interaction,2065
CID123631,interaction,2066
CID123631,interaction,2268
CID123631,interaction,23043
CID123631,interaction,2322
CID123631,interaction,23235
CID123631,interaction,2324
CID123631,interaction,23683
CID123631,interaction,2444
CID123631,interaction,25
CID123631,interaction,2580
CID123631,interaction,25865
CID123631,interaction,27
CID123631,interaction,27148
CID123631,interaction,285220
CID123631,interaction,2872
CID123631,interaction,3055
CID123631,interaction,3654
CID123631,interaction,3791
CID123631,interaction,3815
CID123631,interaction,388228
CID123631,interaction,3932
CID123631,interaction,3984
CID123631,interaction,4058
CID123631,interaction,4067
CID123631,interaction,415116
CID123631,interaction,4215
CID123631,interaction,4233
CID123631,interaction,50488
CID123631,interaction,51135
CID123631,interaction,51701
CID123631,interaction,5260
CID123631,interaction,5261
CID123631,interaction,5292
CID123631,interaction,558
CID123631,interaction,5587
CID123631,interaction,5596
CID123631,interaction,5597
CID123631,interaction,5601
CID123631,interaction,5602
CID123631,interaction,5607
CID123631,interaction,5979
CID123631,interaction,640
CID123631,interaction,6714
CID123631,interaction,6793
CID123631,interaction,7294
CID123631,interaction,7525
CID123631,interaction,79837
CID123631,interaction,80122
CID123631,interaction,817
CID123631,interaction,81788
CID123631,interaction,818
CID123631,interaction,84446
CID123631,interaction,85366
CID123631,interaction,85443
CID123631,interaction,8569
CID123631,interaction,8767
CID123631,interaction,8986
CID123631,interaction,9262
CID123631,interaction,9263
CID123631,interaction,9429
CID123631,interaction,9448
CID123631,interaction,9748
CID124087,interaction,1128
CID124087,interaction,1129
CID124087,interaction,1131
CID124087,interaction,1132
CID124087,interaction,1133
CID124087,interaction,151
CID124087,interaction,1814
CID124087,interaction,3269
CID124087,interaction,3274
CID124087,interaction,3356
CID124087,interaction,3357
CID124087,interaction,3358
CID124087,interaction,3362
CID124087,interaction,5243
CID124087,interaction,6530
CID124087,interaction,6531
CID124087,interaction,6532
CID125017,interaction,6530
CID125017,interaction,6531
CID125017,interaction,6532
CID126941,interaction,10057
CID126941,interaction,10257
CID126941,interaction,10919
CID126941,interaction,113235
CID126941,interaction,1244
CID126941,interaction,1719
CID126941,interaction,2348
CID126941,interaction,2350
CID126941,interaction,2356
CID126941,interaction,3417
CID126941,interaction,4363
CID126941,interaction,4780
CID126941,interaction,5243
CID126941,interaction,5468
CID126941,interaction,6573
CID126941,interaction,7157
CID126941,interaction,7298
CID126941,interaction,8202
CID126941,interaction,9429
CID127151,interaction,1565
CID127151,interaction,3358
CID127151,interaction,6530
CID127151,interaction,6532
CID129228,interaction,10951
CID129228,interaction,2915
CID129228,interaction,6335
CID130313,interaction,114294
CID130881,interaction,185
CID130904,interaction,2908
CID130904,interaction,367
CID130904,interaction,5241
CID13109,interaction,2099
CID13109,interaction,2908
CID13109,interaction,367
CID13109,interaction,5241
CID13109,interaction,6462
CID13109,interaction,6532
CID13109,interaction,6715
CID132519,interaction,102
CID132519,interaction,10863
CID132519,interaction,11096
CID132519,interaction,176
CID132519,interaction,4312
CID132519,interaction,4313
CID132519,interaction,4314
CID132519,interaction,4316
CID132519,interaction,4317
CID132519,interaction,4318
CID132519,interaction,4321
CID132519,interaction,4323
CID132519,interaction,4324
CID132519,interaction,4326
CID132519,interaction,6868
CID132519,interaction,8038
CID132519,interaction,8754
CID132519,interaction,9507
CID13266,interaction,3764
CID13266,interaction,4780
CID13266,interaction,5562
CID13266,interaction,5564
CID13266,interaction,6580
CID132971,interaction,1586
CID133021,interaction,240
CID133021,interaction,5742
CID133021,interaction,5743
CID133021,interaction,9536
CID13342,interaction,1244
CID13342,interaction,203068
CID13342,interaction,3725
CID13342,interaction,4363
CID13342,interaction,51174
CID13342,interaction,51175
CID13342,interaction,5243
CID13342,interaction,6916
CID13342,interaction,7283
CID13342,interaction,7846
CID13342,interaction,89845
CID134018,interaction,367
CID134018,interaction,3757
CID134018,interaction,7498
CID134601,interaction,7442
CID134601,interaction,80834
CID134601,interaction,83756
CID134780,interaction,51185
CID134780,interaction,5743
CID134780,interaction,7124
CID1349907,interaction,7173
CID135398513,interaction,5965
CID135398635,interaction,4860
CID135398735,interaction,10599
CID135398735,interaction,11309
CID135398735,interaction,1595
CID135398735,interaction,213
CID135398735,interaction,28234
CID135398735,interaction,6579
CID135398735,interaction,834
CID135398735,interaction,8647
CID135398735,interaction,8856
CID135398737,interaction,11255
CID135398737,interaction,1128
CID135398737,interaction,1129
CID135398737,interaction,1131
CID135398737,interaction,1132
CID135398737,interaction,1133
CID135398737,interaction,147
CID135398737,interaction,148
CID135398737,interaction,150
CID135398737,interaction,151
CID135398737,interaction,152
CID135398737,interaction,1812
CID135398737,interaction,1813
CID135398737,interaction,1814
CID135398737,interaction,1815
CID135398737,interaction,1816
CID135398737,interaction,3269
CID135398737,interaction,3350
CID135398737,interaction,3351
CID135398737,interaction,3352
CID135398737,interaction,3354
CID135398737,interaction,3356
CID135398737,interaction,3358
CID135398737,interaction,3359
CID135398737,interaction,3362
CID135398737,interaction,3363
CID135398737,interaction,3757
CID135398737,interaction,50632
CID135398737,interaction,59340
CID135398737,interaction,6532
CID135398738,interaction,23649
CID135398738,interaction,4318
CID135398738,interaction,5226
CID135398738,interaction,7849
CID135398739,interaction,213
CID135398739,interaction,4860
CID135398740,interaction,2911
CID135398740,interaction,2915
CID135398744,interaction,10057
CID135398744,interaction,10846
CID135398744,interaction,134
CID135398744,interaction,135
CID135398744,interaction,28234
CID135398744,interaction,3757
CID135398744,interaction,50940
CID135398744,interaction,5136
CID135398744,interaction,5138
CID135398744,interaction,5141
CID135398744,interaction,5144
CID135398744,interaction,5145
CID135398744,interaction,5146
CID135398744,interaction,5148
CID135398744,interaction,5149
CID135398744,interaction,5150
CID135398744,interaction,5151
CID135398744,interaction,5152
CID135398744,interaction,5153
CID135398744,interaction,8654
CID135398745,interaction,1128
CID135398745,interaction,1129
CID135398745,interaction,1131
CID135398745,interaction,1132
CID135398745,interaction,1133
CID135398745,interaction,146
CID135398745,interaction,147
CID135398745,interaction,148
CID135398745,interaction,150
CID135398745,interaction,151
CID135398745,interaction,152
CID135398745,interaction,153
CID135398745,interaction,154
CID135398745,interaction,155
CID135398745,interaction,1812
CID135398745,interaction,1813
CID135398745,interaction,1814
CID135398745,interaction,1815
CID135398745,interaction,1816
CID135398745,interaction,2548
CID135398745,interaction,2554
CID135398745,interaction,2555
CID135398745,interaction,2556
CID135398745,interaction,2557
CID135398745,interaction,2558
CID135398745,interaction,2559
CID135398745,interaction,2560
CID135398745,interaction,2561
CID135398745,interaction,2562
CID135398745,interaction,2563
CID135398745,interaction,2564
CID135398745,interaction,2565
CID135398745,interaction,2566
CID135398745,interaction,2567
CID135398745,interaction,2568
CID135398745,interaction,2671
CID135398745,interaction,3005
CID135398745,interaction,316
CID135398745,interaction,3269
CID135398745,interaction,3274
CID135398745,interaction,3350
CID135398745,interaction,3351
CID135398745,interaction,3352
CID135398745,interaction,3354
CID135398745,interaction,3355
CID135398745,interaction,3356
CID135398745,interaction,3357
CID135398745,interaction,3358
CID135398745,interaction,3359
CID135398745,interaction,3361
CID135398745,interaction,3362
CID135398745,interaction,3363
CID135398745,interaction,3757
CID135398745,interaction,55879
CID135398745,interaction,59340
CID135398745,interaction,6532
CID135399748,interaction,1111
CID135400182,interaction,113235
CID135400182,interaction,1719
CID135400182,interaction,2348
CID135400182,interaction,2350
CID135400182,interaction,2356
CID135400182,interaction,6573
CID135400182,interaction,7298
CID135400189,interaction,1080
CID135400189,interaction,10846
CID135400189,interaction,440503
CID135400189,interaction,50940
CID135400189,interaction,5136
CID135400189,interaction,5138
CID135400189,interaction,5145
CID135400189,interaction,5148
CID135400189,interaction,5149
CID135400189,interaction,5152
CID135400189,interaction,5153
CID135400189,interaction,5346
CID135400189,interaction,8654
CID135401907,interaction,3251
CID135401907,interaction,7498
CID135403646,interaction,4860
CID135409400,interaction,5138
CID135409400,interaction,5139
CID135409400,interaction,64805
CID135409453,interaction,3350
CID135409453,interaction,3352
CID135409453,interaction,3356
CID135409453,interaction,3357
CID135409453,interaction,3358
CID135409453,interaction,3359
CID135409453,interaction,3360
CID135409453,interaction,3363
CID135409453,interaction,3417
CID135409453,interaction,7334
CID135409642,interaction,185
CID135410875,interaction,113235
CID135410875,interaction,1719
CID135410875,interaction,2348
CID135410875,interaction,2350
CID135410875,interaction,2356
CID135410875,interaction,2618
CID135410875,interaction,471
CID135410875,interaction,6470
CID135410875,interaction,6573
CID135410875,interaction,7298
CID135411,interaction,1719
CID135413494,interaction,5138
CID135413494,interaction,5139
CID135413494,interaction,64805
CID135413496,interaction,240
CID135413496,interaction,5468
CID135413496,interaction,5742
CID135413496,interaction,5743
CID135413504,interaction,1813
CID135413523,interaction,10057
CID135413523,interaction,10846
CID135413523,interaction,134
CID135413523,interaction,135
CID135413523,interaction,28234
CID135413523,interaction,3757
CID135413523,interaction,50940
CID135413523,interaction,5136
CID135413523,interaction,5138
CID135413523,interaction,5141
CID135413523,interaction,5144
CID135413523,interaction,5145
CID135413523,interaction,5146
CID135413523,interaction,5148
CID135413523,interaction,5149
CID135413523,interaction,5150
CID135413523,interaction,5151
CID135413523,interaction,5152
CID135413523,interaction,5153
CID135413523,interaction,8654
CID135413536,interaction,1576
CID135413536,interaction,6869
CID135413536,interaction,6870
CID135413538,interaction,6869
CID135413539,interaction,3350
CID135413539,interaction,3352
CID135413539,interaction,3356
CID135413539,interaction,3357
CID135413539,interaction,3358
CID135413539,interaction,3359
CID135413539,interaction,3360
CID135413539,interaction,3363
CID135413539,interaction,3417
CID135413539,interaction,7334
CID135415564,interaction,3320
CID135415564,interaction,7184
CID135415867,interaction,185
CID135423438,interaction,10114
CID135423438,interaction,1017
CID135423438,interaction,10188
CID135423438,interaction,1019
CID135423438,interaction,1022
CID135423438,interaction,10298
CID135423438,interaction,10461
CID135423438,interaction,10645
CID135423438,interaction,10733
CID135423438,interaction,10746
CID135423438,interaction,1111
CID135423438,interaction,11183
CID135423438,interaction,11184
CID135423438,interaction,11213
CID135423438,interaction,1147
CID135423438,interaction,1195
CID135423438,interaction,1196
CID135423438,interaction,120892
CID135423438,interaction,131890
CID135423438,interaction,140469
CID135423438,interaction,140901
CID135423438,interaction,1436
CID135423438,interaction,1453
CID135423438,interaction,1454
CID135423438,interaction,1457
CID135423438,interaction,1459
CID135423438,interaction,147746
CID135423438,interaction,150094
CID135423438,interaction,1613
CID135423438,interaction,1969
CID135423438,interaction,2011
CID135423438,interaction,2041
CID135423438,interaction,2042
CID135423438,interaction,2047
CID135423438,interaction,204851
CID135423438,interaction,2050
CID135423438,interaction,2051
CID135423438,interaction,2081
CID135423438,interaction,2185
CID135423438,interaction,2241
CID135423438,interaction,2242
CID135423438,interaction,2260
CID135423438,interaction,2261
CID135423438,interaction,2263
CID135423438,interaction,2264
CID135423438,interaction,2268
CID135423438,interaction,22848
CID135423438,interaction,22858
CID135423438,interaction,22983
CID135423438,interaction,23043
CID135423438,interaction,2321
CID135423438,interaction,2322
CID135423438,interaction,23235
CID135423438,interaction,2324
CID135423438,interaction,23604
CID135423438,interaction,23678
CID135423438,interaction,23683
CID135423438,interaction,238
CID135423438,interaction,2444
CID135423438,interaction,25
CID135423438,interaction,2534
CID135423438,interaction,25865
CID135423438,interaction,25989
CID135423438,interaction,26524
CID135423438,interaction,26576
CID135423438,interaction,27
CID135423438,interaction,27330
CID135423438,interaction,27347
CID135423438,interaction,285220
CID135423438,interaction,2868
CID135423438,interaction,28996
CID135423438,interaction,29110
CID135423438,interaction,2931
CID135423438,interaction,2932
CID135423438,interaction,3055
CID135423438,interaction,340156
CID135423438,interaction,3480
CID135423438,interaction,3643
CID135423438,interaction,3645
CID135423438,interaction,3654
CID135423438,interaction,3702
CID135423438,interaction,3716
CID135423438,interaction,3717
CID135423438,interaction,3718
CID135423438,interaction,3791
CID135423438,interaction,3815
CID135423438,interaction,388228
CID135423438,interaction,389840
CID135423438,interaction,3932
CID135423438,interaction,4058
CID135423438,interaction,4067
CID135423438,interaction,4139
CID135423438,interaction,4140
CID135423438,interaction,4215
CID135423438,interaction,4233
CID135423438,interaction,4293
CID135423438,interaction,4294
CID135423438,interaction,4296
CID135423438,interaction,440275
CID135423438,interaction,4593
CID135423438,interaction,4638
CID135423438,interaction,4914
CID135423438,interaction,4915
CID135423438,interaction,4916
CID135423438,interaction,4921
CID135423438,interaction,50488
CID135423438,interaction,5062
CID135423438,interaction,5063
CID135423438,interaction,51135
CID135423438,interaction,5127
CID135423438,interaction,5128
CID135423438,interaction,5129
CID135423438,interaction,5156
CID135423438,interaction,5159
CID135423438,interaction,5170
CID135423438,interaction,5218
CID135423438,interaction,5260
CID135423438,interaction,5261
CID135423438,interaction,54101
CID135423438,interaction,55589
CID135423438,interaction,5562
CID135423438,interaction,5563
CID135423438,interaction,558
CID135423438,interaction,5585
CID135423438,interaction,5586
CID135423438,interaction,5587
CID135423438,interaction,5588
CID135423438,interaction,5592
CID135423438,interaction,5598
CID135423438,interaction,5599
CID135423438,interaction,5602
CID135423438,interaction,5604
CID135423438,interaction,5605
CID135423438,interaction,5606
CID135423438,interaction,5607
CID135423438,interaction,57118
CID135423438,interaction,57172
CID135423438,interaction,57396
CID135423438,interaction,5747
CID135423438,interaction,57787
CID135423438,interaction,5871
CID135423438,interaction,5979
CID135423438,interaction,6011
CID135423438,interaction,6098
CID135423438,interaction,6195
CID135423438,interaction,6196
CID135423438,interaction,6197
CID135423438,interaction,6198
CID135423438,interaction,640
CID135423438,interaction,6416
CID135423438,interaction,659
CID135423438,interaction,65975
CID135423438,interaction,6714
CID135423438,interaction,6732
CID135423438,interaction,6733
CID135423438,interaction,6788
CID135423438,interaction,6789
CID135423438,interaction,6793
CID135423438,interaction,6794
CID135423438,interaction,6795
CID135423438,interaction,6885
CID135423438,interaction,695
CID135423438,interaction,7010
CID135423438,interaction,7046
CID135423438,interaction,7075
CID135423438,interaction,7272
CID135423438,interaction,7294
CID135423438,interaction,7297
CID135423438,interaction,7301
CID135423438,interaction,7465
CID135423438,interaction,7525
CID135423438,interaction,7535
CID135423438,interaction,7786
CID135423438,interaction,780
CID135423438,interaction,80122
CID135423438,interaction,814
CID135423438,interaction,815
CID135423438,interaction,81788
CID135423438,interaction,83732
CID135423438,interaction,8394
CID135423438,interaction,83942
CID135423438,interaction,8396
CID135423438,interaction,8408
CID135423438,interaction,84254
CID135423438,interaction,8428
CID135423438,interaction,8491
CID135423438,interaction,8536
CID135423438,interaction,85366
CID135423438,interaction,85443
CID135423438,interaction,8576
CID135423438,interaction,8711
CID135423438,interaction,8737
CID135423438,interaction,8780
CID135423438,interaction,8899
CID135423438,interaction,8986
CID135423438,interaction,8999
CID135423438,interaction,90
CID135423438,interaction,91
CID135423438,interaction,9113
CID135423438,interaction,9149
CID135423438,interaction,9175
CID135423438,interaction,91807
CID135423438,interaction,9201
CID135423438,interaction,9212
CID135423438,interaction,9252
CID135423438,interaction,9262
CID135423438,interaction,9263
CID135423438,interaction,94
CID135423438,interaction,9448
CID135423438,interaction,9641
CID135423438,interaction,9706
CID135423438,interaction,9748
CID135423438,interaction,9833
CID135423438,interaction,9891
CID135423438,interaction,9943
CID135449331,interaction,11309
CID135449331,interaction,3757
CID135449331,interaction,4352
CID135449332,interaction,11309
CID135449332,interaction,3757
CID135449332,interaction,4352
CID135539077,interaction,692420
CID135565674,interaction,146802
CID135565674,interaction,2147
CID135565674,interaction,2159
CID135565674,interaction,3249
CID135565674,interaction,4835
CID135565674,interaction,5327
CID135565674,interaction,5340
CID135565674,interaction,55244
CID135565674,interaction,5624
CID135565674,interaction,6582
CID136240579,interaction,983
CID136257953,interaction,10606
CID136257953,interaction,122622
CID136257953,interaction,159
CID136257953,interaction,1615
CID136257953,interaction,2805
CID136257953,interaction,2806
CID136257953,interaction,440
CID136257953,interaction,443
CID136257953,interaction,444
CID136257953,interaction,445
CID136257953,interaction,55157
CID136257953,interaction,6035
CID136257953,interaction,790
CID136257953,interaction,80150
CID136257953,interaction,91703
CID136257953,interaction,95
CID13769,interaction,1588
CID1401,interaction,2260
CID1401,interaction,2261
CID1401,interaction,2263
CID14051,interaction,1576
CID14051,interaction,1577
CID14051,interaction,3356
CID14051,interaction,3357
CID14051,interaction,3358
CID14052,interaction,1576
CID14052,interaction,1577
CID14052,interaction,3356
CID14052,interaction,3357
CID14052,interaction,3358
CID146570,interaction,1128
CID146570,interaction,148
CID146570,interaction,3269
CID146570,interaction,6532
CID146571,interaction,1128
CID146571,interaction,148
CID146571,interaction,3269
CID146571,interaction,3358
CID146571,interaction,6530
CID146571,interaction,6531
CID146571,interaction,6532
CID148121,interaction,1719
CID148121,interaction,7298
CID148124,interaction,1576
CID148124,interaction,1956
CID148124,interaction,2692
CID148124,interaction,4133
CID148124,interaction,4134
CID148124,interaction,4137
CID148124,interaction,5243
CID148124,interaction,596
CID148124,interaction,6865
CID148124,interaction,81027
CID148124,interaction,8856
CID148124,interaction,89845
CID14888,interaction,1026
CID14888,interaction,207
CID14888,interaction,3065
CID14888,interaction,3551
CID14888,interaction,3725
CID14888,interaction,3757
CID14888,interaction,5371
CID14888,interaction,5594
CID14888,interaction,5595
CID14888,interaction,595
CID14888,interaction,7296
CID149096,interaction,23113
CID149096,interaction,3028
CID149096,interaction,3757
CID149096,interaction,55244
CID149096,interaction,7153
CID149096,interaction,9986
CID150311,interaction,1268
CID150311,interaction,1269
CID150311,interaction,290
CID150311,interaction,29881
CID150311,interaction,387129
CID150311,interaction,6646
CID151075,interaction,5742
CID151075,interaction,5743
CID151166,interaction,5742
CID151166,interaction,5743
CID151170,interaction,5142
CID151170,interaction,5144
CID151171,interaction,552
CID151171,interaction,554
CID151194,interaction,1024
CID151194,interaction,1436
CID151194,interaction,1956
CID151194,interaction,23097
CID151194,interaction,2321
CID151194,interaction,2324
CID151194,interaction,3791
CID151194,interaction,3815
CID151194,interaction,5159
CID151194,interaction,5753
CID151194,interaction,80122
CID153270,interaction,834
CID153270,interaction,836
CID153994,interaction,775
CID153994,interaction,776
CID153994,interaction,778
CID153994,interaction,779
CID154059,interaction,1128
CID154059,interaction,1129
CID154059,interaction,1131
CID154059,interaction,1132
CID154059,interaction,1133
CID154257,interaction,2099
CID154257,interaction,2100
CID154417,interaction,1128
CID154417,interaction,1129
CID154417,interaction,1131
CID154417,interaction,1132
CID1548887,interaction,10919
CID1548887,interaction,11251
CID1548887,interaction,231
CID1548887,interaction,2739
CID1548887,interaction,2741
CID1548887,interaction,4313
CID1548887,interaction,5467
CID1548887,interaction,5595
CID1548887,interaction,57016
CID1548887,interaction,5742
CID1548887,interaction,5743
CID1548887,interaction,6256
CID1548887,interaction,9536
CID1548943,interaction,11331
CID1548943,interaction,1544
CID1548943,interaction,216
CID1548943,interaction,3736
CID1548943,interaction,3743
CID1548943,interaction,5742
CID1548943,interaction,7442
CID1548943,interaction,8565
CID1548972,interaction,10002
CID1548972,interaction,1559
CID1548972,interaction,2740
CID1548972,interaction,3156
CID1548972,interaction,3417
CID1548972,interaction,9970
CID1549008,interaction,10280
CID1549008,interaction,150
CID1549008,interaction,1565
CID1549008,interaction,6530
CID1549008,interaction,6713
CID156391,interaction,10951
CID156391,interaction,1646
CID156391,interaction,5742
CID156391,interaction,5743
CID156391,interaction,8644
CID156391,interaction,9356
CID156391,interaction,998
CID156414,interaction,10746
CID156414,interaction,11183
CID156414,interaction,120892
CID156414,interaction,140901
CID156414,interaction,1445
CID156414,interaction,1453
CID156414,interaction,1454
CID156414,interaction,147746
CID156414,interaction,1760
CID156414,interaction,1859
CID156414,interaction,1956
CID156414,interaction,2042
CID156414,interaction,2043
CID156414,interaction,2044
CID156414,interaction,2045
CID156414,interaction,2046
CID156414,interaction,2047
CID156414,interaction,2050
CID156414,interaction,2051
CID156414,interaction,2064
CID156414,interaction,2065
CID156414,interaction,2066
CID156414,interaction,2268
CID156414,interaction,23043
CID156414,interaction,2321
CID156414,interaction,2322
CID156414,interaction,23387
CID156414,interaction,238
CID156414,interaction,2444
CID156414,interaction,25
CID156414,interaction,2534
CID156414,interaction,2580
CID156414,interaction,25989
CID156414,interaction,27
CID156414,interaction,27148
CID156414,interaction,285220
CID156414,interaction,2872
CID156414,interaction,3055
CID156414,interaction,30811
CID156414,interaction,3654
CID156414,interaction,3702
CID156414,interaction,3718
CID156414,interaction,3815
CID156414,interaction,3932
CID156414,interaction,4058
CID156414,interaction,4067
CID156414,interaction,4215
CID156414,interaction,4216
CID156414,interaction,4233
CID156414,interaction,50488
CID156414,interaction,51135
CID156414,interaction,55589
CID156414,interaction,5596
CID156414,interaction,5602
CID156414,interaction,5607
CID156414,interaction,5609
CID156414,interaction,5753
CID156414,interaction,5871
CID156414,interaction,5979
CID156414,interaction,640
CID156414,interaction,658
CID156414,interaction,660
CID156414,interaction,6714
CID156414,interaction,6793
CID156414,interaction,6795
CID156414,interaction,6885
CID156414,interaction,695
CID156414,interaction,7525
CID156414,interaction,80122
CID156414,interaction,83732
CID156414,interaction,8445
CID156414,interaction,8767
CID156414,interaction,9262
CID156414,interaction,9263
CID156414,interaction,9748
CID156418,interaction,2741
CID156418,interaction,846
CID156419,interaction,2741
CID156419,interaction,846
CID156422,interaction,1020
CID156422,interaction,1022
CID156422,interaction,1432
CID156422,interaction,1956
CID156422,interaction,1969
CID156422,interaction,2041
CID156422,interaction,2042
CID156422,interaction,2043
CID156422,interaction,2044
CID156422,interaction,2045
CID156422,interaction,2046
CID156422,interaction,2047
CID156422,interaction,2048
CID156422,interaction,2049
CID156422,interaction,2050
CID156422,interaction,2185
CID156422,interaction,2264
CID156422,interaction,2268
CID156422,interaction,23043
CID156422,interaction,2321
CID156422,interaction,2322
CID156422,interaction,2324
CID156422,interaction,2444
CID156422,interaction,25
CID156422,interaction,27
CID156422,interaction,285220
CID156422,interaction,2872
CID156422,interaction,2932
CID156422,interaction,3055
CID156422,interaction,3315
CID156422,interaction,3791
CID156422,interaction,3815
CID156422,interaction,3932
CID156422,interaction,4067
CID156422,interaction,4914
CID156422,interaction,4915
CID156422,interaction,4921
CID156422,interaction,50488
CID156422,interaction,5159
CID156422,interaction,5579
CID156422,interaction,5580
CID156422,interaction,5594
CID156422,interaction,5599
CID156422,interaction,5600
CID156422,interaction,5601
CID156422,interaction,5602
CID156422,interaction,5603
CID156422,interaction,5747
CID156422,interaction,5979
CID156422,interaction,6300
CID156422,interaction,673
CID156422,interaction,6793
CID156422,interaction,6885
CID156422,interaction,7010
CID156422,interaction,7124
CID156422,interaction,7272
CID156422,interaction,7525
CID156422,interaction,778927
CID156422,interaction,8569
CID156422,interaction,8621
CID156422,interaction,8767
CID156422,interaction,9748
CID157920,interaction,1181
CID158550,interaction,10599
CID158550,interaction,11309
CID158550,interaction,1544
CID158550,interaction,1559
CID158550,interaction,1576
CID158550,interaction,28234
CID158550,interaction,5243
CID158550,interaction,54658
CID158781,interaction,185
CID159269,interaction,7083
CID159324,interaction,1576
CID159324,interaction,2342
CID15951529,interaction,367
CID159968,interaction,10919
CID159968,interaction,1586
CID159968,interaction,3620
CID159968,interaction,51053
CID16004692,interaction,1909
CID16004692,interaction,1910
CID16052038,interaction,2167
CID16052038,interaction,2169
CID16052038,interaction,2170
CID16052038,interaction,2171
CID16052038,interaction,23541
CID16052038,interaction,27095
CID16052038,interaction,3174
CID16052038,interaction,5047
CID16052038,interaction,5375
CID16052038,interaction,6010
CID16052038,interaction,7097
CID16095342,interaction,6093
CID16095342,interaction,9475
CID16220172,interaction,1080
CID16222096,interaction,5604
CID16222096,interaction,5605
CID16231,interaction,135
CID16231,interaction,26
CID16231,interaction,28988
CID16231,interaction,40
CID16231,interaction,41
CID16231,interaction,4128
CID16231,interaction,5328
CID16231,interaction,5347
CID16231,interaction,5587
CID16231,interaction,6337
CID16231,interaction,6338
CID16231,interaction,6339
CID16231,interaction,6340
CID16231,interaction,6548
CID16231,interaction,6553
CID16231,interaction,6580
CID16231,interaction,9311
CID163091,interaction,1128
CID163091,interaction,1129
CID163091,interaction,1131
CID163091,interaction,1133
CID163091,interaction,147
CID163091,interaction,148
CID163091,interaction,150
CID163091,interaction,151
CID163091,interaction,152
CID163091,interaction,153
CID163091,interaction,154
CID163091,interaction,1812
CID163091,interaction,1813
CID163091,interaction,1814
CID163091,interaction,1815
CID163091,interaction,1816
CID163091,interaction,3269
CID163091,interaction,3274
CID163091,interaction,3350
CID163091,interaction,3351
CID163091,interaction,3352
CID163091,interaction,3354
CID163091,interaction,3356
CID163091,interaction,3357
CID163091,interaction,3358
CID163091,interaction,3359
CID163091,interaction,3361
CID163091,interaction,3362
CID163091,interaction,3363
CID163091,interaction,6531
CID163091,interaction,6532
CID163091,interaction,6915
CID163751,interaction,10000
CID163751,interaction,10110
CID163751,interaction,1020
CID163751,interaction,1022
CID163751,interaction,1024
CID163751,interaction,11200
CID163751,interaction,120892
CID163751,interaction,1613
CID163751,interaction,207
CID163751,interaction,23683
CID163751,interaction,25865
CID163751,interaction,4638
CID163751,interaction,5566
CID163751,interaction,5569
CID163751,interaction,5580
CID163751,interaction,5581
CID163751,interaction,5582
CID163751,interaction,5585
CID163751,interaction,5586
CID163751,interaction,5588
CID163751,interaction,5613
CID163751,interaction,57396
CID163751,interaction,6093
CID163751,interaction,6197
CID163751,interaction,6198
CID163751,interaction,6347
CID163751,interaction,65975
CID163751,interaction,9212
CID163751,interaction,9252
CID163751,interaction,9448
CID163751,interaction,9475
CID164522,interaction,3269
CID16490,interaction,2908
CID16533,interaction,10919
CID16533,interaction,2908
CID16533,interaction,301
CID16533,interaction,3091
CID16533,interaction,367
CID16533,interaction,4306
CID16533,interaction,4780
CID16533,interaction,4790
CID16533,interaction,5241
CID16533,interaction,5319
CID16533,interaction,5322
CID16533,interaction,5743
CID165339223,interaction,166785
CID165339223,interaction,25974
CID165339223,interaction,326625
CID165339223,interaction,4524
CID165339223,interaction,4548
CID165339223,interaction,4552
CID165339223,interaction,4594
CID165339223,interaction,6947
CID165339223,interaction,6948
CID165339223,interaction,81693
CID165580,interaction,10919
CID16667669,interaction,140
CID16667669,interaction,150
CID16667669,interaction,151
CID16667669,interaction,1814
CID16667669,interaction,1815
CID16667669,interaction,240
CID16667669,interaction,2534
CID16667669,interaction,25824
CID16667669,interaction,2908
CID16667669,interaction,3551
CID16667669,interaction,7296
CID16667669,interaction,8989
CID16678941,interaction,1080
CID16738693,interaction,1128
CID16738693,interaction,1129
CID16738693,interaction,1131
CID16760658,interaction,1645
CID16760658,interaction,23632
CID16760658,interaction,5742
CID16760658,interaction,5743
CID16760658,interaction,759
CID16760658,interaction,760
CID16760658,interaction,762
CID16760658,interaction,765
CID16760658,interaction,766
CID16760658,interaction,768
CID16760658,interaction,771
CID169371,interaction,1719
CID170361,interaction,1136
CID170361,interaction,1137
CID170361,interaction,1139
CID171548,interaction,31
CID171548,interaction,3141
CID171548,interaction,32
CID171548,interaction,5091
CID171548,interaction,5095
CID171548,interaction,5096
CID171548,interaction,56922
CID171548,interaction,64087
CID17275,interaction,134864
CID17275,interaction,3269
CID17275,interaction,51053
CID173612,interaction,3249
CID173612,interaction,3269
CID173612,interaction,9970
CID174174,interaction,1128
CID174174,interaction,1129
CID174174,interaction,1131
CID174174,interaction,1132
CID174174,interaction,1133
CID175805,interaction,6336
CID176158,interaction,2931
CID176158,interaction,2932
CID176870,interaction,10461
CID176870,interaction,10733
CID176870,interaction,10746
CID176870,interaction,11113
CID176870,interaction,11309
CID176870,interaction,120892
CID176870,interaction,1244
CID176870,interaction,1445
CID176870,interaction,1453
CID176870,interaction,1454
CID176870,interaction,147746
CID176870,interaction,1576
CID176870,interaction,1613
CID176870,interaction,1760
CID176870,interaction,1956
CID176870,interaction,2042
CID176870,interaction,2044
CID176870,interaction,2045
CID176870,interaction,2046
CID176870,interaction,2047
CID176870,interaction,2050
CID176870,interaction,2051
CID176870,interaction,2064
CID176870,interaction,2065
CID176870,interaction,2066
CID176870,interaction,2263
CID176870,interaction,2268
CID176870,interaction,22848
CID176870,interaction,23043
CID176870,interaction,2321
CID176870,interaction,2322
CID176870,interaction,23235
CID176870,interaction,2324
CID176870,interaction,238
CID176870,interaction,2444
CID176870,interaction,25
CID176870,interaction,2580
CID176870,interaction,25865
CID176870,interaction,25989
CID176870,interaction,26576
CID176870,interaction,27
CID176870,interaction,27148
CID176870,interaction,285220
CID176870,interaction,2868
CID176870,interaction,2872
CID176870,interaction,29110
CID176870,interaction,3055
CID176870,interaction,3717
CID176870,interaction,3718
CID176870,interaction,3791
CID176870,interaction,3815
CID176870,interaction,388228
CID176870,interaction,3932
CID176870,interaction,4058
CID176870,interaction,4067
CID176870,interaction,4215
CID176870,interaction,4233
CID176870,interaction,440275
CID176870,interaction,50488
CID176870,interaction,51086
CID176870,interaction,5156
CID176870,interaction,5159
CID176870,interaction,54101
CID176870,interaction,55561
CID176870,interaction,55589
CID176870,interaction,558
CID176870,interaction,5586
CID176870,interaction,5596
CID176870,interaction,5601
CID176870,interaction,5602
CID176870,interaction,5607
CID176870,interaction,5610
CID176870,interaction,5979
CID176870,interaction,640
CID176870,interaction,6714
CID176870,interaction,6790
CID176870,interaction,6793
CID176870,interaction,6795
CID176870,interaction,6850
CID176870,interaction,7075
CID176870,interaction,7272
CID176870,interaction,7294
CID176870,interaction,7297
CID176870,interaction,7301
CID176870,interaction,7525
CID176870,interaction,780
CID176870,interaction,79837
CID176870,interaction,80122
CID176870,interaction,817
CID176870,interaction,8445
CID176870,interaction,85366
CID176870,interaction,8569
CID176870,interaction,8711
CID176870,interaction,8767
CID176870,interaction,8856
CID176870,interaction,8986
CID176870,interaction,9212
CID176870,interaction,9262
CID176870,interaction,9263
CID176870,interaction,9748
CID176871,interaction,10461
CID176871,interaction,10733
CID176871,interaction,10746
CID176871,interaction,11113
CID176871,interaction,11309
CID176871,interaction,120892
CID176871,interaction,1244
CID176871,interaction,1445
CID176871,interaction,1453
CID176871,interaction,1454
CID176871,interaction,147746
CID176871,interaction,1576
CID176871,interaction,1613
CID176871,interaction,1760
CID176871,interaction,1956
CID176871,interaction,2042
CID176871,interaction,2044
CID176871,interaction,2045
CID176871,interaction,2046
CID176871,interaction,2047
CID176871,interaction,2050
CID176871,interaction,2051
CID176871,interaction,2064
CID176871,interaction,2065
CID176871,interaction,2066
CID176871,interaction,2263
CID176871,interaction,2268
CID176871,interaction,22848
CID176871,interaction,23043
CID176871,interaction,2321
CID176871,interaction,2322
CID176871,interaction,23235
CID176871,interaction,2324
CID176871,interaction,238
CID176871,interaction,2444
CID176871,interaction,25
CID176871,interaction,2580
CID176871,interaction,25865
CID176871,interaction,25989
CID176871,interaction,26576
CID176871,interaction,27
CID176871,interaction,27148
CID176871,interaction,285220
CID176871,interaction,2868
CID176871,interaction,2872
CID176871,interaction,29110
CID176871,interaction,3055
CID176871,interaction,3717
CID176871,interaction,3718
CID176871,interaction,3791
CID176871,interaction,3815
CID176871,interaction,388228
CID176871,interaction,3932
CID176871,interaction,4058
CID176871,interaction,4067
CID176871,interaction,4215
CID176871,interaction,4233
CID176871,interaction,440275
CID176871,interaction,50488
CID176871,interaction,51086
CID176871,interaction,5156
CID176871,interaction,5159
CID176871,interaction,54101
CID176871,interaction,55561
CID176871,interaction,55589
CID176871,interaction,558
CID176871,interaction,5586
CID176871,interaction,5596
CID176871,interaction,5601
CID176871,interaction,5602
CID176871,interaction,5607
CID176871,interaction,5610
CID176871,interaction,5979
CID176871,interaction,640
CID176871,interaction,6714
CID176871,interaction,6790
CID176871,interaction,6793
CID176871,interaction,6795
CID176871,interaction,6850
CID176871,interaction,7075
CID176871,interaction,7272
CID176871,interaction,7294
CID176871,interaction,7297
CID176871,interaction,7301
CID176871,interaction,7525
CID176871,interaction,780
CID176871,interaction,79837
CID176871,interaction,80122
CID176871,interaction,817
CID176871,interaction,8445
CID176871,interaction,85366
CID176871,interaction,8569
CID176871,interaction,8711
CID176871,interaction,8767
CID176871,interaction,8856
CID176871,interaction,8986
CID176871,interaction,9212
CID176871,interaction,9262
CID176871,interaction,9263
CID176871,interaction,9748
CID177336,interaction,3360
CID177358,interaction,1491
CID177358,interaction,150
CID1775,interaction,1559
CID1775,interaction,6323
CID1775,interaction,6324
CID1775,interaction,6326
CID1775,interaction,6328
CID1775,interaction,6329
CID1775,interaction,6331
CID1775,interaction,6334
CID1775,interaction,6335
CID1775,interaction,8856
CID1775,interaction,9970
CID17755052,interaction,5290
CID17755248,interaction,596
CID17755248,interaction,81027
CID181458,interaction,116443
CID181458,interaction,1813
CID181458,interaction,2902
CID181458,interaction,2903
CID181458,interaction,2904
CID181458,interaction,3359
CID181458,interaction,6580
CID181458,interaction,89832
CID189821,interaction,367
CID190,interaction,32
CID190,interaction,353
CID190,interaction,4507
CID190,interaction,52
CID190,interaction,55825
CID190,interaction,6733
CID192197,interaction,1645
CID192197,interaction,2099
CID192197,interaction,8856
CID192197,interaction,9970
CID1935,interaction,1066
CID1935,interaction,1129
CID1935,interaction,1145
CID1935,interaction,1268
CID1935,interaction,1269
CID1935,interaction,146
CID1935,interaction,1544
CID1935,interaction,1565
CID1935,interaction,316
CID1935,interaction,43
CID1935,interaction,55244
CID1935,interaction,590
CID1935,interaction,6530
CID1935,interaction,6582
CID19648,interaction,23569
CID1978,interaction,153
CID1978,interaction,154
CID1983,interaction,5742
CID1983,interaction,5743
CID1983,interaction,761
CID1983,interaction,771
CID1986,interaction,11238
CID1986,interaction,23632
CID1986,interaction,358
CID1986,interaction,377677
CID1986,interaction,759
CID1986,interaction,760
CID1986,interaction,761
CID1986,interaction,762
CID1986,interaction,763
CID1986,interaction,765
CID1986,interaction,766
CID1986,interaction,768
CID1986,interaction,771
CID19861,interaction,3269
CID1989,interaction,3758
CID1990,interaction,4321
CID1990,interaction,760
CID19910,interaction,10002
CID19910,interaction,10988
CID19910,interaction,1508
CID19910,interaction,29994
CID19910,interaction,3064
CID19910,interaction,3320
CID19910,interaction,3417
CID19910,interaction,4088
CID19910,interaction,4780
CID19910,interaction,51053
CID19910,interaction,5743
CID20279,interaction,1633
CID20279,interaction,2516
CID20279,interaction,2740
CID20279,interaction,4780
CID20279,interaction,4860
CID20279,interaction,50484
CID20279,interaction,5141
CID20279,interaction,54107
CID20279,interaction,5422
CID20279,interaction,5426
CID20279,interaction,5427
CID20279,interaction,56655
CID20279,interaction,6240
CID20279,interaction,6241
CID20279,interaction,7157
CID207841,interaction,1128
CID207841,interaction,1129
CID207841,interaction,1131
CID207841,interaction,1132
CID207841,interaction,1133
CID2082,interaction,10383
CID2082,interaction,51053
CID2082,interaction,7846
CID2082,interaction,79915
CID2083,interaction,153
CID2083,interaction,154
CID2088,interaction,2224
CID2088,interaction,2342
CID2088,interaction,523
CID2088,interaction,5775
CID2088,interaction,5791
CID2088,interaction,5802
CID208898,interaction,10021
CID208898,interaction,146
CID208898,interaction,147
CID208898,interaction,148
CID208898,interaction,150
CID208898,interaction,151
CID208898,interaction,152
CID208898,interaction,153
CID208898,interaction,348980
CID208898,interaction,3741
CID208898,interaction,3757
CID208898,interaction,3776
CID208898,interaction,3785
CID208898,interaction,55145
CID208898,interaction,57657
CID208898,interaction,610
CID208898,interaction,6323
CID208898,interaction,7067
CID208898,interaction,775
CID208898,interaction,776
CID208898,interaction,778
CID208898,interaction,779
CID208898,interaction,782
CID208898,interaction,783
CID208898,interaction,784
CID208898,interaction,785
CID208898,interaction,786
CID208902,interaction,4543
CID208902,interaction,4544
CID208908,interaction,1017
CID208908,interaction,10599
CID208908,interaction,1576
CID208908,interaction,1956
CID208908,interaction,2064
CID208908,interaction,2065
CID208908,interaction,2066
CID208908,interaction,25
CID208908,interaction,3643
CID208908,interaction,3757
CID208908,interaction,5159
CID208908,interaction,5243
CID208908,interaction,5287
CID208908,interaction,5288
CID208908,interaction,5298
CID208908,interaction,5607
CID208908,interaction,5609
CID208908,interaction,5979
CID208908,interaction,6793
CID208908,interaction,7525
CID208908,interaction,8767
CID208908,interaction,9212
CID208908,interaction,9429
CID208908,interaction,9748
CID2092,interaction,146
CID2092,interaction,147
CID2092,interaction,148
CID2092,interaction,3757
CID20933,interaction,1128
CID20933,interaction,1131
CID210332,interaction,3619
CID210332,interaction,6790
CID210332,interaction,7272
CID210332,interaction,9212
CID2123,interaction,1544
CID2130,interaction,10280
CID2130,interaction,10919
CID2130,interaction,116443
CID2130,interaction,1813
CID2130,interaction,55244
CID2141,interaction,1814
CID2141,interaction,249
CID2141,interaction,251
CID2141,interaction,5167
CID2145,interaction,1583
CID2145,interaction,1588
CID2145,interaction,6916
CID2148,interaction,9356
CID2153,interaction,10919
CID2153,interaction,134
CID2153,interaction,135
CID2153,interaction,136
CID2153,interaction,140
CID2153,interaction,142
CID2153,interaction,23420
CID2153,interaction,249
CID2153,interaction,26140
CID2153,interaction,3066
CID2153,interaction,5139
CID2153,interaction,5141
CID2153,interaction,5142
CID2153,interaction,5293
CID2153,interaction,79608
CID2153,interaction,81502
CID2153,interaction,8654
CID2153,interaction,8904
CID2157,interaction,153
CID2157,interaction,3757
CID2157,interaction,8912
CID2157,interaction,9254
CID2159,interaction,150
CID2159,interaction,152
CID2159,interaction,1813
CID2159,interaction,1814
CID2159,interaction,1815
CID2159,interaction,3351
CID2159,interaction,3352
CID2159,interaction,3356
CID2159,interaction,3357
CID2159,interaction,3362
CID2159,interaction,3363
CID2160,interaction,11255
CID2160,interaction,1128
CID2160,interaction,1129
CID2160,interaction,1131
CID2160,interaction,1132
CID2160,interaction,1133
CID2160,interaction,146
CID2160,interaction,148
CID2160,interaction,150
CID2160,interaction,1812
CID2160,interaction,1813
CID2160,interaction,1814
CID2160,interaction,1816
CID2160,interaction,3269
CID2160,interaction,3274
CID2160,interaction,3350
CID2160,interaction,3356
CID2160,interaction,3358
CID2160,interaction,3362
CID2160,interaction,3736
CID2160,interaction,3751
CID2160,interaction,3752
CID2160,interaction,3785
CID2160,interaction,4914
CID2160,interaction,4985
CID2160,interaction,4986
CID2160,interaction,59340
CID2160,interaction,6326
CID2160,interaction,6331
CID2160,interaction,6530
CID2160,interaction,6531
CID2160,interaction,6532
CID2161,interaction,2246
CID2161,interaction,3562
CID2161,interaction,4864
CID2161,interaction,6283
CID2161,interaction,6284
CID2161,interaction,9367
CID2162,interaction,146
CID2162,interaction,147
CID2162,interaction,148
CID2162,interaction,150
CID2162,interaction,152
CID2162,interaction,316
CID2162,interaction,3362
CID2162,interaction,3776
CID2162,interaction,55799
CID2162,interaction,6531
CID2162,interaction,6609
CID2162,interaction,759
CID2162,interaction,774
CID2162,interaction,775
CID2162,interaction,776
CID2162,interaction,779
CID2162,interaction,781
CID2162,interaction,782
CID2162,interaction,783
CID2162,interaction,786
CID2162,interaction,8912
CID216235,interaction,1909
CID216235,interaction,1910
CID216237,interaction,552
CID216237,interaction,554
CID216239,interaction,10114
CID216239,interaction,1017
CID216239,interaction,1018
CID216239,interaction,1020
CID216239,interaction,1022
CID216239,interaction,1024
CID216239,interaction,10461
CID216239,interaction,10733
CID216239,interaction,11113
CID216239,interaction,11183
CID216239,interaction,11184
CID216239,interaction,1195
CID216239,interaction,140469
CID216239,interaction,1432
CID216239,interaction,1436
CID216239,interaction,1445
CID216239,interaction,1452
CID216239,interaction,147746
CID216239,interaction,1969
CID216239,interaction,2041
CID216239,interaction,2042
CID216239,interaction,2043
CID216239,interaction,2044
CID216239,interaction,2045
CID216239,interaction,2046
CID216239,interaction,2047
CID216239,interaction,2048
CID216239,interaction,204851
CID216239,interaction,2050
CID216239,interaction,2051
CID216239,interaction,2053
CID216239,interaction,225689
CID216239,interaction,2260
CID216239,interaction,2261
CID216239,interaction,2263
CID216239,interaction,2268
CID216239,interaction,23043
CID216239,interaction,23097
CID216239,interaction,2321
CID216239,interaction,2322
CID216239,interaction,2324
CID216239,interaction,2444
CID216239,interaction,25
CID216239,interaction,2534
CID216239,interaction,27
CID216239,interaction,27148
CID216239,interaction,27330
CID216239,interaction,285220
CID216239,interaction,2872
CID216239,interaction,28996
CID216239,interaction,2932
CID216239,interaction,3055
CID216239,interaction,31221
CID216239,interaction,"31221

5159"
CID216239,interaction,3350
CID216239,interaction,3356
CID216239,interaction,3357
CID216239,interaction,3358
CID216239,interaction,3361
CID216239,interaction,3362
CID216239,interaction,3363
CID216239,interaction,3643
CID216239,interaction,3654
CID216239,interaction,367
CID216239,interaction,3718
CID216239,interaction,3791
CID216239,interaction,3815
CID216239,interaction,3932
CID216239,interaction,3984
CID216239,interaction,3985
CID216239,interaction,4067
CID216239,interaction,4160
CID216239,interaction,4593
CID216239,interaction,4914
CID216239,interaction,4915
CID216239,interaction,4916
CID216239,interaction,4921
CID216239,interaction,50488
CID216239,interaction,51053
CID216239,interaction,51086
CID216239,interaction,51265
CID216239,interaction,5128
CID216239,interaction,51347
CID216239,interaction,5156
CID216239,interaction,5159
CID216239,interaction,51701
CID216239,interaction,51776
CID216239,interaction,5218
CID216239,interaction,558
CID216239,interaction,5594
CID216239,interaction,5595
CID216239,interaction,5600
CID216239,interaction,5601
CID216239,interaction,5603
CID216239,interaction,5607
CID216239,interaction,57551
CID216239,interaction,5894
CID216239,interaction,5979
CID216239,interaction,6198
CID216239,interaction,6300
CID216239,interaction,640
CID216239,interaction,65061
CID216239,interaction,65975
CID216239,interaction,6714
CID216239,interaction,6725
CID216239,interaction,673
CID216239,interaction,6732
CID216239,interaction,6790
CID216239,interaction,6793
CID216239,interaction,6795
CID216239,interaction,6885
CID216239,interaction,7010
CID216239,interaction,7048
CID216239,interaction,7075
CID216239,interaction,7272
CID216239,interaction,780
CID216239,interaction,7849
CID216239,interaction,80122
CID216239,interaction,816
CID216239,interaction,8444
CID216239,interaction,85366
CID216239,interaction,8569
CID216239,interaction,8711
CID216239,interaction,8767
CID216239,interaction,8999
CID216239,interaction,91807
CID216239,interaction,9212
CID216239,interaction,9344
CID216239,interaction,9448
CID216239,interaction,9748
CID216326,interaction,1003
CID216326,interaction,51185
CID216326,interaction,5743
CID216326,interaction,7124
CID216326,interaction,8600
CID2165,interaction,10855
CID2165,interaction,3091
CID2165,interaction,3176
CID2165,interaction,3757
CID2170,interaction,1128
CID2170,interaction,1129
CID2170,interaction,1131
CID2170,interaction,1132
CID2170,interaction,1133
CID2170,interaction,146
CID2170,interaction,147
CID2170,interaction,148
CID2170,interaction,150
CID2170,interaction,151
CID2170,interaction,152
CID2170,interaction,1565
CID2170,interaction,1812
CID2170,interaction,1813
CID2170,interaction,1814
CID2170,interaction,1815
CID2170,interaction,2554
CID2170,interaction,2555
CID2170,interaction,2556
CID2170,interaction,2557
CID2170,interaction,2558
CID2170,interaction,2559
CID2170,interaction,2560
CID2170,interaction,2561
CID2170,interaction,2562
CID2170,interaction,2563
CID2170,interaction,2564
CID2170,interaction,2565
CID2170,interaction,2566
CID2170,interaction,2567
CID2170,interaction,2568
CID2170,interaction,3269
CID2170,interaction,3350
CID2170,interaction,3351
CID2170,interaction,3356
CID2170,interaction,3357
CID2170,interaction,3358
CID2170,interaction,3359
CID2170,interaction,3362
CID2170,interaction,3363
CID2170,interaction,3757
CID2170,interaction,5243
CID2170,interaction,55879
CID2170,interaction,59340
CID2170,interaction,6530
CID2170,interaction,6531
CID2170,interaction,6532
CID2170,interaction,6817
CID2170,interaction,6822
CID2170,interaction,7066
CID2170,interaction,9152
CID21704,interaction,122042
CID21704,interaction,132
CID21704,interaction,134
CID21704,interaction,135
CID21704,interaction,140
CID21704,interaction,1633
CID21704,interaction,1716
CID21704,interaction,1803
CID21704,interaction,4790
CID21704,interaction,51053
CID21704,interaction,5422
CID21704,interaction,553
CID21704,interaction,5631
CID21704,interaction,59350
CID21704,interaction,60482
CID21704,interaction,6240
CID21704,interaction,6241
CID21704,interaction,64078
CID21704,interaction,9153
CID21704,interaction,9154
CID21718,interaction,3350
CID21718,interaction,390245
CID21718,interaction,440503
CID21718,interaction,5346
CID2179,interaction,116447
CID2179,interaction,1565
CID2179,interaction,1812
CID2179,interaction,213
CID2179,interaction,2475
CID2179,interaction,316
CID2179,interaction,367
CID2179,interaction,3757
CID2179,interaction,5004
CID2179,interaction,51053
CID2179,interaction,5893
CID2179,interaction,6311
CID2179,interaction,6580
CID2179,interaction,7150
CID2179,interaction,7153
CID2179,interaction,7155
CID21800,interaction,10919
CID21800,interaction,2908
CID21800,interaction,301
CID21800,interaction,3091
CID21800,interaction,367
CID21800,interaction,4306
CID21800,interaction,4780
CID21800,interaction,4790
CID21800,interaction,5241
CID21800,interaction,5319
CID21800,interaction,5322
CID21800,interaction,5743
CID2187,interaction,1588
CID219025,interaction,10021
CID219025,interaction,146
CID219025,interaction,147
CID219025,interaction,148
CID219025,interaction,150
CID219025,interaction,151
CID219025,interaction,152
CID219025,interaction,153
CID219025,interaction,348980
CID219025,interaction,3741
CID219025,interaction,3757
CID219025,interaction,3776
CID219025,interaction,3785
CID219025,interaction,55145
CID219025,interaction,57657
CID219025,interaction,610
CID219025,interaction,6323
CID219025,interaction,7067
CID219025,interaction,775
CID219025,interaction,776
CID219025,interaction,778
CID219025,interaction,779
CID219025,interaction,782
CID219025,interaction,783
CID219025,interaction,784
CID219025,interaction,785
CID219025,interaction,786
CID219078,interaction,11238
CID219078,interaction,1808
CID219078,interaction,23632
CID219078,interaction,377677
CID219078,interaction,6328
CID219078,interaction,6335
CID219078,interaction,6336
CID219078,interaction,759
CID219078,interaction,760
CID219078,interaction,761
CID219078,interaction,762
CID219078,interaction,763
CID219078,interaction,765
CID219078,interaction,766
CID219078,interaction,768
CID219078,interaction,771
CID219104,interaction,7295
CID2196,interaction,1813
CID2196,interaction,2891
CID2196,interaction,2892
CID2196,interaction,3356
CID2200,interaction,3269
CID22049997,interaction,1432
CID22049997,interaction,5600
CID2206,interaction,5742
CID2206,interaction,5743
CID221493,interaction,1066
CID221493,interaction,126
CID221493,interaction,1327
CID221493,interaction,1329
CID221493,interaction,1339
CID221493,interaction,1340
CID221493,interaction,1345
CID221493,interaction,1346
CID221493,interaction,1349
CID221493,interaction,1350
CID221493,interaction,1351
CID221493,interaction,151306
CID221493,interaction,2104
CID221493,interaction,2172
CID221493,interaction,2235
CID221493,interaction,4512
CID221493,interaction,4513
CID221493,interaction,4514
CID221493,interaction,5319
CID221493,interaction,9377
CID221493,interaction,9971
CID2230,interaction,1128
CID2230,interaction,1129
CID2230,interaction,1131
CID2230,interaction,1132
CID2230,interaction,1133
CID22386467,interaction,1024
CID22386467,interaction,1436
CID22386467,interaction,1956
CID22386467,interaction,23097
CID22386467,interaction,2321
CID22386467,interaction,2324
CID22386467,interaction,3791
CID22386467,interaction,3815
CID22386467,interaction,5159
CID22386467,interaction,5753
CID22386467,interaction,80122
CID22419,interaction,3458
CID22419,interaction,7172
CID2244,interaction,1645
CID2244,interaction,1909
CID2244,interaction,2678
CID2244,interaction,3309
CID2244,interaction,3551
CID2244,interaction,4790
CID2244,interaction,4791
CID2244,interaction,4792
CID2244,interaction,51422
CID2244,interaction,53632
CID2244,interaction,5562
CID2244,interaction,5563
CID2244,interaction,5564
CID2244,interaction,5565
CID2244,interaction,5571
CID2244,interaction,5742
CID2244,interaction,5743
CID2244,interaction,6197
CID2244,interaction,7157
CID2244,interaction,9311
CID22475,interaction,1128
CID22475,interaction,1129
CID22475,interaction,1131
CID22475,interaction,1137
CID22475,interaction,57053
CID22475,interaction,89832
CID2249,interaction,140
CID2249,interaction,153
CID2249,interaction,154
CID22571,interaction,2099
CID22571,interaction,2100
CID2265,interaction,10057
CID2265,interaction,10257
CID2265,interaction,3043
CID2265,interaction,3251
CID2265,interaction,3417
CID2265,interaction,3614
CID2265,interaction,3615
CID2265,interaction,4780
CID2265,interaction,5879
CID2265,interaction,7172
CID2265,interaction,79915
CID2265,interaction,9429
CID2267,interaction,11255
CID2267,interaction,1565
CID2267,interaction,3269
CID2284,interaction,140
CID2284,interaction,2550
CID2284,interaction,4780
CID2284,interaction,4790
CID2284,interaction,9568
CID229455,interaction,2099
CID229455,interaction,367
CID2315,interaction,3778
CID2315,interaction,6559
CID2315,interaction,759
CID2315,interaction,760
CID2315,interaction,762
CID2337,interaction,11280
CID2337,interaction,6323
CID2337,interaction,6326
CID2337,interaction,6328
CID2337,interaction,6329
CID2337,interaction,6331
CID2337,interaction,6332
CID2337,interaction,6334
CID2337,interaction,6335
CID2337,interaction,6336
CID2351,interaction,10021
CID2351,interaction,10919
CID2351,interaction,3028
CID2351,interaction,3757
CID2351,interaction,3784
CID2351,interaction,476
CID2351,interaction,5136
CID2351,interaction,5153
CID2351,interaction,57582
CID2351,interaction,6331
CID2351,interaction,7134
CID2351,interaction,773
CID2351,interaction,775
CID2351,interaction,776
CID2351,interaction,801
CID2351,interaction,805
CID2351,interaction,808
CID2351,interaction,8912
CID2351,interaction,9132
CID2351,interaction,9254
CID2353,interaction,43
CID2354,interaction,25824
CID2354,interaction,28988
CID2354,interaction,5644
CID2354,interaction,6303
CID2366,interaction,11255
CID2366,interaction,3269
CID23663126,interaction,3356
CID23663126,interaction,3357
CID23663126,interaction,3358
CID23663939,interaction,9429
CID23663953,interaction,4988
CID23663953,interaction,6532
CID23663956,interaction,10327
CID23663956,interaction,11280
CID23663956,interaction,18
CID23663956,interaction,3065
CID23663956,interaction,3066
CID23663956,interaction,36
CID23663956,interaction,4967
CID23663956,interaction,54579
CID23663956,interaction,5465
CID23663956,interaction,5467
CID23663956,interaction,5468
CID23663956,interaction,55800
CID23663956,interaction,6323
CID23663956,interaction,6324
CID23663956,interaction,6326
CID23663956,interaction,6327
CID23663956,interaction,6328
CID23663956,interaction,6329
CID23663956,interaction,6330
CID23663956,interaction,6331
CID23663956,interaction,6332
CID23663956,interaction,6334
CID23663956,interaction,6335
CID23663956,interaction,6336
CID23663956,interaction,7915
CID23663956,interaction,9734
CID23663973,interaction,114294
CID23663974,interaction,55867
CID23663974,interaction,9356
CID23663974,interaction,9376
CID23663979,interaction,2744
CID23663979,interaction,328
CID23663979,interaction,5429
CID23663979,interaction,54795
CID23663979,interaction,5965
CID23663979,interaction,6564
CID23663979,interaction,6565
CID23663979,interaction,7010
CID23663991,interaction,2224
CID23663996,interaction,10800
CID23663996,interaction,1128
CID23663996,interaction,1131
CID23663996,interaction,140
CID23663996,interaction,1432
CID23663996,interaction,150
CID23663996,interaction,152
CID23663996,interaction,154
CID23663996,interaction,155
CID23663996,interaction,1558
CID23663996,interaction,1814
CID23663996,interaction,1956
CID23663996,interaction,240
CID23663996,interaction,2534
CID23663996,interaction,2840
CID23663996,interaction,3357
CID23663996,interaction,4985
CID23663996,interaction,57105
CID23663996,interaction,6530
CID23663996,interaction,6531
CID23663996,interaction,6865
CID23663996,interaction,6916
CID23665411,interaction,231
CID23665411,interaction,2739
CID23665411,interaction,3576
CID23665411,interaction,5742
CID23665411,interaction,5743
CID23666110,interaction,10919
CID23666110,interaction,134
CID23666110,interaction,1559
CID23666110,interaction,216
CID23666110,interaction,5111
CID23666110,interaction,55145
CID23666110,interaction,7067
CID23666110,interaction,7068
CID23667628,interaction,10599
CID23667628,interaction,1128
CID23667628,interaction,1129
CID23667628,interaction,1131
CID23667628,interaction,2744
CID23667628,interaction,28234
CID23667628,interaction,3248
CID23667628,interaction,3274
CID23667628,interaction,5138
CID23667628,interaction,6531
CID23667628,interaction,8647
CID23668193,interaction,3039
CID23668193,interaction,3040
CID23668193,interaction,3043
CID23668193,interaction,4151
CID23668193,interaction,759
CID23668193,interaction,760
CID23671691,interaction,367
CID23674541,interaction,495
CID23679527,interaction,10002
CID23679527,interaction,1559
CID23679527,interaction,2740
CID23679527,interaction,3156
CID23679527,interaction,3417
CID23679527,interaction,9970
CID23685177,interaction,11251
CID23685177,interaction,1268
CID23685177,interaction,1269
CID23685177,interaction,140
CID23685177,interaction,1558
CID23685177,interaction,1559
CID23685177,interaction,1576
CID23685177,interaction,213
CID23685177,interaction,231
CID23685177,interaction,240
CID23685177,interaction,3554
CID23685177,interaction,4363
CID23685177,interaction,50940
CID23685177,interaction,5468
CID23685177,interaction,5729
CID23685177,interaction,5730
CID23685177,interaction,5731
CID23685177,interaction,5732
CID23685177,interaction,5733
CID23685177,interaction,5734
CID23685177,interaction,5742
CID23685177,interaction,5743
CID23685177,interaction,6916
CID23685177,interaction,760
CID23685177,interaction,8644
CID2369,interaction,153
CID2369,interaction,154
CID2369,interaction,155
CID237,interaction,10919
CID237,interaction,11201
CID237,interaction,1128
CID237,interaction,1129
CID237,interaction,1131
CID237,interaction,1132
CID237,interaction,1133
CID237,interaction,146
CID237,interaction,150
CID237,interaction,151
CID237,interaction,152
CID237,interaction,1814
CID237,interaction,3028
CID237,interaction,3043
CID237,interaction,316
CID237,interaction,3274
CID237,interaction,3356
CID237,interaction,387129
CID237,interaction,43
CID237,interaction,51426
CID237,interaction,5321
CID237,interaction,5334
CID237,interaction,5423
CID237,interaction,5621
CID237,interaction,6530
CID237,interaction,7066
CID237,interaction,7157
CID237,interaction,79915
CID237,interaction,8398
CID2370,interaction,1128
CID2370,interaction,1129
CID2370,interaction,1131
CID2370,interaction,1132
CID23725625,interaction,10038
CID23725625,interaction,10039
CID23725625,interaction,142
CID23725625,interaction,8658
CID2375,interaction,1557
CID2375,interaction,367
CID2375,interaction,5241
CID2378,interaction,1586
CID2378,interaction,1595
CID2378,interaction,23192
CID2378,interaction,23435
CID2378,interaction,3320
CID2378,interaction,3620
CID2378,interaction,5319
CID238053,interaction,10280
CID238053,interaction,1128
CID238053,interaction,1129
CID238053,interaction,1131
CID238053,interaction,1132
CID238053,interaction,1133
CID238053,interaction,146
CID238053,interaction,150
CID238053,interaction,151
CID238053,interaction,152
CID238053,interaction,1814
CID238053,interaction,3269
CID238053,interaction,3274
CID238053,interaction,3356
CID238053,interaction,3357
CID238053,interaction,3358
CID238053,interaction,3362
CID238053,interaction,340024
CID238053,interaction,3757
CID238053,interaction,6530
CID238053,interaction,6531
CID238053,interaction,6532
CID2381,interaction,1128
CID2381,interaction,1129
CID2381,interaction,1131
CID2381,interaction,1132
CID2381,interaction,1133
CID2381,interaction,1135
CID2391,interaction,1559
CID2391,interaction,367
CID2391,interaction,4986
CID2391,interaction,6531
CID2391,interaction,7253
CID2391,interaction,9290
CID2405,interaction,153
CID2405,interaction,154
CID2405,interaction,155
CID24066,interaction,1633
CID24066,interaction,213
CID24066,interaction,7852
CID24180719,interaction,10114
CID24180719,interaction,10188
CID24180719,interaction,1024
CID24180719,interaction,10733
CID24180719,interaction,11183
CID24180719,interaction,1195
CID24180719,interaction,1196
CID24180719,interaction,1436
CID24180719,interaction,1445
CID24180719,interaction,1455
CID24180719,interaction,147746
CID24180719,interaction,150094
CID24180719,interaction,204851
CID24180719,interaction,2051
CID24180719,interaction,2242
CID24180719,interaction,2260
CID24180719,interaction,2263
CID24180719,interaction,2268
CID24180719,interaction,23043
CID24180719,interaction,23097
CID24180719,interaction,2321
CID24180719,interaction,2322
CID24180719,interaction,23235
CID24180719,interaction,23678
CID24180719,interaction,2444
CID24180719,interaction,25
CID24180719,interaction,2534
CID24180719,interaction,27
CID24180719,interaction,27148
CID24180719,interaction,28996
CID24180719,interaction,3055
CID24180719,interaction,340156
CID24180719,interaction,3791
CID24180719,interaction,3815
CID24180719,interaction,3932
CID24180719,interaction,3984
CID24180719,interaction,3985
CID24180719,interaction,4067
CID24180719,interaction,440275
CID24180719,interaction,4751
CID24180719,interaction,4921
CID24180719,interaction,50488
CID24180719,interaction,5058
CID24180719,interaction,5156
CID24180719,interaction,5159
CID24180719,interaction,51776
CID24180719,interaction,5298
CID24180719,interaction,55781
CID24180719,interaction,5604
CID24180719,interaction,5605
CID24180719,interaction,5607
CID24180719,interaction,5747
CID24180719,interaction,5753
CID24180719,interaction,5894
CID24180719,interaction,640
CID24180719,interaction,6416
CID24180719,interaction,658
CID24180719,interaction,6714
CID24180719,interaction,6725
CID24180719,interaction,673
CID24180719,interaction,6790
CID24180719,interaction,6795
CID24180719,interaction,7016
CID24180719,interaction,7048
CID24180719,interaction,7525
CID24180719,interaction,780
CID24180719,interaction,79858
CID24180719,interaction,8445
CID24180719,interaction,8536
CID24180719,interaction,85443
CID24180719,interaction,8576
CID24180719,interaction,8737
CID24180719,interaction,8767
CID24180719,interaction,9201
CID24180719,interaction,9212
CID24180719,interaction,93
CID24180719,interaction,9448
CID24180719,interaction,9748
CID24180719,interaction,9943
CID243,interaction,10247
CID243,interaction,1371
CID243,interaction,1610
CID243,interaction,25824
CID243,interaction,6564
CID243,interaction,9367
CID2435,interaction,150
CID2435,interaction,151
CID2435,interaction,152
CID24360,interaction,1111
CID24360,interaction,3178
CID24360,interaction,7150
CID2442,interaction,10280
CID2442,interaction,1565
CID2442,interaction,6532
CID247,interaction,10249
CID247,interaction,116444
CID247,interaction,189
CID247,interaction,211
CID247,interaction,212
CID247,interaction,23464
CID247,interaction,2617
CID247,interaction,2628
CID247,interaction,2653
CID247,interaction,27232
CID247,interaction,2731
CID247,interaction,2742
CID247,interaction,2743
CID247,interaction,2903
CID247,interaction,2905
CID247,interaction,2937
CID247,interaction,51268
CID247,interaction,570
CID247,interaction,6470
CID247,interaction,6472
CID247,interaction,64902
CID2471,interaction,1080
CID2471,interaction,11238
CID2471,interaction,23632
CID2471,interaction,2859
CID2471,interaction,476
CID2471,interaction,4780
CID2471,interaction,57468
CID2471,interaction,6557
CID2471,interaction,6558
CID2471,interaction,6560
CID2471,interaction,759
CID2471,interaction,760
CID2471,interaction,762
CID2471,interaction,763
CID2471,interaction,765
CID2471,interaction,766
CID2471,interaction,768
CID2471,interaction,771
CID2474,interaction,5731
CID2474,interaction,6336
CID2477,interaction,10280
CID2477,interaction,146
CID2477,interaction,146802
CID2477,interaction,148
CID2477,interaction,1576
CID2477,interaction,1813
CID2477,interaction,1814
CID2477,interaction,1815
CID2477,interaction,216
CID2477,interaction,3350
CID2477,interaction,3356
CID2477,interaction,3357
CID2477,interaction,3358
CID2477,interaction,3757
CID2477,interaction,55244
CID2477,interaction,6582
CID24771867,interaction,6790
CID24775005,interaction,6608
CID24776445,interaction,213
CID24776445,interaction,6469
CID24776445,interaction,6608
CID24779724,interaction,1859
CID24779724,interaction,25
CID24779724,interaction,4233
CID24779724,interaction,5599
CID24779724,interaction,5602
CID24779724,interaction,79837
CID24779724,interaction,80122
CID24779724,interaction,9149
CID2478,interaction,4318
CID24785538,interaction,16337
CID24785538,interaction,3480
CID24812758,interaction,6523
CID24812758,interaction,6524
CID24821094,interaction,1445
CID24821094,interaction,1956
CID24821094,interaction,2064
CID24821094,interaction,2066
CID24821094,interaction,2241
CID24821094,interaction,2263
CID24821094,interaction,2268
CID24821094,interaction,25
CID24821094,interaction,2534
CID24821094,interaction,3055
CID24821094,interaction,3702
CID24821094,interaction,3718
CID24821094,interaction,3932
CID24821094,interaction,4067
CID24821094,interaction,5753
CID24821094,interaction,5979
CID24821094,interaction,640
CID24821094,interaction,660
CID24821094,interaction,6714
CID24821094,interaction,695
CID24821094,interaction,7006
CID24821094,interaction,7525
CID24826799,interaction,1024
CID24826799,interaction,1445
CID24826799,interaction,2260
CID24826799,interaction,2261
CID24826799,interaction,2263
CID24826799,interaction,2264
CID24826799,interaction,23097
CID24826799,interaction,2322
CID24826799,interaction,25
CID24826799,interaction,2932
CID24826799,interaction,3791
CID24826799,interaction,3815
CID24826799,interaction,3932
CID24826799,interaction,4067
CID24826799,interaction,5156
CID24826799,interaction,5979
CID24826799,interaction,613
CID24826799,interaction,6714
CID24826799,interaction,7010
CID24826799,interaction,7525
CID24856436,interaction,5347
CID24856436,interaction,7465
CID24864821,interaction,1576
CID24864821,interaction,4233
CID24866313,interaction,4850864
CID24866313,interaction,5594
CID24866733,interaction,153
CID24866733,interaction,154
CID24866733,interaction,3350
CID24905142,interaction,1956
CID24905142,interaction,2050
CID24905142,interaction,25
CID24905142,interaction,3055
CID24905142,interaction,3791
CID24905142,interaction,5156
CID24905142,interaction,5291
CID24905142,interaction,5293
CID24905142,interaction,5294
CID24905142,interaction,5298
CID24905142,interaction,5591
CID24905142,interaction,5979
CID24905142,interaction,6714
CID249332,interaction,1244
CID249332,interaction,203068
CID249332,interaction,4363
CID249332,interaction,5243
CID249332,interaction,7277
CID249332,interaction,89845
CID24964624,interaction,207
CID24964624,interaction,208
CID24978538,interaction,12048
CID24978538,interaction,596
CID24978538,interaction,599
CID25102847,interaction,2322
CID25102847,interaction,3791
CID25102847,interaction,3815
CID25102847,interaction,4233
CID25102847,interaction,4486
CID25102847,interaction,5979
CID25102847,interaction,7010
CID25102847,interaction,7525
CID25126798,interaction,100130827
CID25126798,interaction,10114
CID25126798,interaction,10188
CID25126798,interaction,1022
CID25126798,interaction,1024
CID25126798,interaction,10298
CID25126798,interaction,10494
CID25126798,interaction,10733
CID25126798,interaction,10746
CID25126798,interaction,10769
CID25126798,interaction,1196
CID25126798,interaction,120892
CID25126798,interaction,1263
CID25126798,interaction,131890
CID25126798,interaction,140609
CID25126798,interaction,1452
CID25126798,interaction,1457
CID25126798,interaction,1459
CID25126798,interaction,1612
CID25126798,interaction,1613
CID25126798,interaction,166614
CID25126798,interaction,1760
CID25126798,interaction,1859
CID25126798,interaction,2011
CID25126798,interaction,2042
CID25126798,interaction,204851
CID25126798,interaction,2051
CID25126798,interaction,2081
CID25126798,interaction,2260
CID25126798,interaction,22848
CID25126798,interaction,22983
CID25126798,interaction,23387
CID25126798,interaction,23604
CID25126798,interaction,23683
CID25126798,interaction,238
CID25126798,interaction,25
CID25126798,interaction,2534
CID25126798,interaction,255239
CID25126798,interaction,2580
CID25126798,interaction,25989
CID25126798,interaction,26576
CID25126798,interaction,27330
CID25126798,interaction,27347
CID25126798,interaction,2868
CID25126798,interaction,2869
CID25126798,interaction,2872
CID25126798,interaction,28996
CID25126798,interaction,29110
CID25126798,interaction,2931
CID25126798,interaction,2932
CID25126798,interaction,3551
CID25126798,interaction,3654
CID25126798,interaction,3716
CID25126798,interaction,3717
CID25126798,interaction,3718
CID25126798,interaction,3815
CID25126798,interaction,388228
CID25126798,interaction,389840
CID25126798,interaction,3932
CID25126798,interaction,4058
CID25126798,interaction,4214
CID25126798,interaction,4215
CID25126798,interaction,4638
CID25126798,interaction,4752
CID25126798,interaction,4914
CID25126798,interaction,4915
CID25126798,interaction,4916
CID25126798,interaction,51347
CID25126798,interaction,51765
CID25126798,interaction,5260
CID25126798,interaction,5261
CID25126798,interaction,5298
CID25126798,interaction,5347
CID25126798,interaction,54101
CID25126798,interaction,55589
CID25126798,interaction,5562
CID25126798,interaction,5566
CID25126798,interaction,55781
CID25126798,interaction,5581
CID25126798,interaction,5593
CID25126798,interaction,5599
CID25126798,interaction,5604
CID25126798,interaction,5605
CID25126798,interaction,5606
CID25126798,interaction,56924
CID25126798,interaction,57118
CID25126798,interaction,57144
CID25126798,interaction,57172
CID25126798,interaction,57396
CID25126798,interaction,5747
CID25126798,interaction,57551
CID25126798,interaction,5871
CID25126798,interaction,5979
CID25126798,interaction,6011
CID25126798,interaction,6093
CID25126798,interaction,6195
CID25126798,interaction,6196
CID25126798,interaction,6416
CID25126798,interaction,658
CID25126798,interaction,659
CID25126798,interaction,673
CID25126798,interaction,6732
CID25126798,interaction,6790
CID25126798,interaction,6795
CID25126798,interaction,6885
CID25126798,interaction,7272
CID25126798,interaction,7297
CID25126798,interaction,7444
CID25126798,interaction,7525
CID25126798,interaction,80122
CID25126798,interaction,815
CID25126798,interaction,816
CID25126798,interaction,817
CID25126798,interaction,81788
CID25126798,interaction,818
CID25126798,interaction,83732
CID25126798,interaction,8408
CID25126798,interaction,8445
CID25126798,interaction,8536
CID25126798,interaction,85443
CID25126798,interaction,8573
CID25126798,interaction,8576
CID25126798,interaction,8780
CID25126798,interaction,8986
CID25126798,interaction,9149
CID25126798,interaction,9201
CID25126798,interaction,9212
CID25126798,interaction,9252
CID25126798,interaction,9262
CID25126798,interaction,9263
CID25126798,interaction,9344
CID25126798,interaction,9448
CID25126798,interaction,9475
CID25126798,interaction,9641
CID25126798,interaction,9706
CID25126798,interaction,9833
CID25126798,interaction,9943
CID25137844,interaction,1128
CID25137844,interaction,1129
CID25137844,interaction,1131
CID25137844,interaction,1132
CID25137844,interaction,1133
CID25183872,interaction,5689
CID25183872,interaction,5690
CID25183872,interaction,5693
CID2519,interaction,10846
CID2519,interaction,134
CID2519,interaction,135
CID2519,interaction,136
CID2519,interaction,140
CID2519,interaction,27115
CID2519,interaction,3708
CID2519,interaction,3709
CID2519,interaction,3710
CID2519,interaction,3757
CID2519,interaction,43
CID2519,interaction,472
CID2519,interaction,50940
CID2519,interaction,5136
CID2519,interaction,5137
CID2519,interaction,5138
CID2519,interaction,5139
CID2519,interaction,5140
CID2519,interaction,5141
CID2519,interaction,5142
CID2519,interaction,5143
CID2519,interaction,5144
CID2519,interaction,5145
CID2519,interaction,5146
CID2519,interaction,5150
CID2519,interaction,5151
CID2519,interaction,5152
CID2519,interaction,5153
CID2519,interaction,5158
CID2519,interaction,5290
CID2519,interaction,5291
CID2519,interaction,5293
CID2519,interaction,5591
CID2519,interaction,6261
CID2519,interaction,8622
CID2519,interaction,8654
CID2519,interaction,9615
CID2520,interaction,10021
CID2520,interaction,146
CID2520,interaction,147
CID2520,interaction,148
CID2520,interaction,150
CID2520,interaction,151
CID2520,interaction,1576
CID2520,interaction,1814
CID2520,interaction,219931
CID2520,interaction,222962
CID2520,interaction,316
CID2520,interaction,3274
CID2520,interaction,3350
CID2520,interaction,3356
CID2520,interaction,3357
CID2520,interaction,3358
CID2520,interaction,3738
CID2520,interaction,3743
CID2520,interaction,3744
CID2520,interaction,3747
CID2520,interaction,3757
CID2520,interaction,3763
CID2520,interaction,3767
CID2520,interaction,4363
CID2520,interaction,5243
CID2520,interaction,53373
CID2520,interaction,5965
CID2520,interaction,6331
CID2520,interaction,6532
CID2520,interaction,6580
CID2520,interaction,6582
CID2520,interaction,759
CID2520,interaction,773
CID2520,interaction,774
CID2520,interaction,775
CID2520,interaction,776
CID2520,interaction,778
CID2520,interaction,779
CID2520,interaction,782
CID2520,interaction,783
CID2520,interaction,784
CID2520,interaction,785
CID2520,interaction,8911
CID2520,interaction,8912
CID2520,interaction,8913
CID2520,interaction,9429
CID25249,interaction,140
CID25249,interaction,1557
CID25249,interaction,1559
CID25249,interaction,1565
CID25249,interaction,2099
CID25249,interaction,367
CID25262965,interaction,145407
CID25262965,interaction,39970
CID2540,interaction,140
CID2540,interaction,151
CID2540,interaction,155
CID2540,interaction,185
CID2540,interaction,1956
CID2540,interaction,2064
CID2540,interaction,6530
CID2540,interaction,6916
CID2554,interaction,1137
CID2554,interaction,1141
CID2554,interaction,3269
CID2554,interaction,367
CID2554,interaction,6329
CID2554,interaction,6331
CID2554,interaction,6335
CID2554,interaction,6532
CID2554,interaction,8856
CID2576,interaction,10951
CID2576,interaction,2554
CID2576,interaction,2561
CID2576,interaction,2566
CID2577,interaction,1565
CID2577,interaction,5595
CID2578,interaction,216
CID2578,interaction,2936
CID2581,interaction,5742
CID2581,interaction,5743
CID2585,interaction,146
CID2585,interaction,147
CID2585,interaction,148
CID2585,interaction,150
CID2585,interaction,151
CID2585,interaction,152
CID2585,interaction,153
CID2585,interaction,154
CID2585,interaction,155
CID2585,interaction,1812
CID2585,interaction,1813
CID2585,interaction,1814
CID2585,interaction,2697
CID2585,interaction,3091
CID2585,interaction,3350
CID2585,interaction,3356
CID2585,interaction,3357
CID2585,interaction,3358
CID2585,interaction,3362
CID2585,interaction,351
CID2585,interaction,3757
CID2585,interaction,3761
CID2585,interaction,4718
CID2585,interaction,4879
CID2585,interaction,5243
CID2585,interaction,55244
CID2585,interaction,6401
CID2585,interaction,6530
CID2585,interaction,6531
CID2585,interaction,6532
CID2585,interaction,6582
CID2585,interaction,7412
CID2585,interaction,7422
CID259331,interaction,2099
CID259331,interaction,2100
CID259331,interaction,4130
CID259331,interaction,4133
CID2662,interaction,11238
CID2662,interaction,140
CID2662,interaction,1432
CID2662,interaction,151
CID2662,interaction,155
CID2662,interaction,1559
CID2662,interaction,1565
CID2662,interaction,1812
CID2662,interaction,23632
CID2662,interaction,377677
CID2662,interaction,5141
CID2662,interaction,5170
CID2662,interaction,5742
CID2662,interaction,5743
CID2662,interaction,6530
CID2662,interaction,6531
CID2662,interaction,6532
CID2662,interaction,759
CID2662,interaction,760
CID2662,interaction,761
CID2662,interaction,762
CID2662,interaction,763
CID2662,interaction,765
CID2662,interaction,766
CID2662,interaction,768
CID2662,interaction,771
CID26757,interaction,150
CID26757,interaction,151
CID26757,interaction,4128
CID26757,interaction,4129
CID26758,interaction,150
CID26758,interaction,151
CID26758,interaction,4128
CID26758,interaction,4129
CID2678,interaction,3269
CID2681,interaction,1759
CID26879,interaction,1136
CID26879,interaction,249
CID26879,interaction,251
CID2708,interaction,1509
CID2708,interaction,1510
CID2708,interaction,2671
CID2708,interaction,4790
CID2708,interaction,4985
CID2708,interaction,8754
CID2713,interaction,4313
CID2713,interaction,4318
CID2713,interaction,6580
CID2713,interaction,6581
CID2713,interaction,6582
CID2717,interaction,706
CID2719,interaction,1576
CID2719,interaction,2939
CID2719,interaction,3757
CID2719,interaction,4835
CID2719,interaction,54106
CID2719,interaction,5621
CID2719,interaction,7124
CID2720,interaction,6559
CID2720,interaction,759
CID2720,interaction,760
CID2720,interaction,762
CID27200,interaction,1557
CID2722,interaction,239
CID2722,interaction,240
CID2722,interaction,246
CID2722,interaction,247
CID2723754,interaction,1066
CID2723754,interaction,1129
CID2723754,interaction,1145
CID2723754,interaction,1268
CID2723754,interaction,1269
CID2723754,interaction,146
CID2723754,interaction,1544
CID2723754,interaction,1565
CID2723754,interaction,316
CID2723754,interaction,43
CID2723754,interaction,55244
CID2723754,interaction,590
CID2723754,interaction,6530
CID2723754,interaction,6582
CID2723920,interaction,7372
CID2724385,interaction,10599
CID2724385,interaction,2908
CID2724385,interaction,3091
CID2724385,interaction,3417
CID2724385,interaction,367
CID2724385,interaction,3757
CID2724385,interaction,476
CID2724385,interaction,4780
CID2724385,interaction,51053
CID2724385,interaction,5999
CID2724385,interaction,6097
CID2724385,interaction,6311
CID2724385,interaction,6774
CID2724385,interaction,7124
CID2724385,interaction,7849
CID2724385,interaction,79915
CID2725002,interaction,10919
CID2725002,interaction,11201
CID2725002,interaction,1128
CID2725002,interaction,1129
CID2725002,interaction,1131
CID2725002,interaction,1132
CID2725002,interaction,1133
CID2725002,interaction,146
CID2725002,interaction,150
CID2725002,interaction,151
CID2725002,interaction,152
CID2725002,interaction,1814
CID2725002,interaction,3028
CID2725002,interaction,3043
CID2725002,interaction,316
CID2725002,interaction,3274
CID2725002,interaction,3356
CID2725002,interaction,387129
CID2725002,interaction,43
CID2725002,interaction,51426
CID2725002,interaction,5321
CID2725002,interaction,5334
CID2725002,interaction,5423
CID2725002,interaction,5621
CID2725002,interaction,6530
CID2725002,interaction,7066
CID2725002,interaction,7157
CID2725002,interaction,79915
CID2725002,interaction,8398
CID2726,interaction,11255
CID2726,interaction,1129
CID2726,interaction,1131
CID2726,interaction,147
CID2726,interaction,148
CID2726,interaction,150
CID2726,interaction,151
CID2726,interaction,152
CID2726,interaction,1565
CID2726,interaction,1812
CID2726,interaction,1813
CID2726,interaction,1814
CID2726,interaction,1815
CID2726,interaction,1816
CID2726,interaction,316
CID2726,interaction,3269
CID2726,interaction,3350
CID2726,interaction,3356
CID2726,interaction,3357
CID2726,interaction,3358
CID2726,interaction,3362
CID2726,interaction,3363
CID2726,interaction,3757
CID2726,interaction,5243
CID2726,interaction,5621
CID2726,interaction,59340
CID2726,interaction,6532
CID2726,interaction,6580
CID2726,interaction,801
CID2727,interaction,4790
CID2727,interaction,6833
CID2733,interaction,3778
CID2733,interaction,3783
CID2733,interaction,4842
CID2733,interaction,4843
CID2733,interaction,4846
CID2733525,interaction,10280
CID2733525,interaction,10682
CID2733525,interaction,10919
CID2733525,interaction,1128
CID2733525,interaction,1129
CID2733525,interaction,1131
CID2733525,interaction,1132
CID2733525,interaction,1133
CID2733525,interaction,134
CID2733525,interaction,135
CID2733525,interaction,140
CID2733525,interaction,146
CID2733525,interaction,150
CID2733525,interaction,151
CID2733525,interaction,153
CID2733525,interaction,155
CID2733525,interaction,1555
CID2733525,interaction,1576
CID2733525,interaction,1717
CID2733525,interaction,1812
CID2733525,interaction,1813
CID2733525,interaction,1814
CID2733525,interaction,1815
CID2733525,interaction,1956
CID2733525,interaction,2064
CID2733525,interaction,2099
CID2733525,interaction,2100
CID2733525,interaction,2101
CID2733525,interaction,2104
CID2733525,interaction,2534
CID2733525,interaction,316
CID2733525,interaction,3274
CID2733525,interaction,3350
CID2733525,interaction,3356
CID2733525,interaction,3357
CID2733525,interaction,3358
CID2733525,interaction,3362
CID2733525,interaction,367
CID2733525,interaction,3757
CID2733525,interaction,3932
CID2733525,interaction,4159
CID2733525,interaction,4160
CID2733525,interaction,4161
CID2733525,interaction,4985
CID2733525,interaction,4986
CID2733525,interaction,4988
CID2733525,interaction,51053
CID2733525,interaction,5241
CID2733525,interaction,5243
CID2733525,interaction,5530
CID2733525,interaction,5578
CID2733525,interaction,5579
CID2733525,interaction,5580
CID2733525,interaction,5581
CID2733525,interaction,5582
CID2733525,interaction,5584
CID2733525,interaction,5588
CID2733525,interaction,5590
CID2733525,interaction,5742
CID2733525,interaction,5743
CID2733525,interaction,624
CID2733525,interaction,6462
CID2733525,interaction,6530
CID2733525,interaction,6531
CID2733525,interaction,6532
CID2733525,interaction,6582
CID2733525,interaction,6865
CID2733525,interaction,6869
CID2733525,interaction,6916
CID2733525,interaction,7066
CID2733525,interaction,84650
CID2733525,interaction,8856
CID2733526,interaction,10280
CID2733526,interaction,10682
CID2733526,interaction,10919
CID2733526,interaction,1128
CID2733526,interaction,1129
CID2733526,interaction,1131
CID2733526,interaction,1132
CID2733526,interaction,1133
CID2733526,interaction,134
CID2733526,interaction,135
CID2733526,interaction,140
CID2733526,interaction,146
CID2733526,interaction,150
CID2733526,interaction,151
CID2733526,interaction,153
CID2733526,interaction,155
CID2733526,interaction,1555
CID2733526,interaction,1576
CID2733526,interaction,1717
CID2733526,interaction,1812
CID2733526,interaction,1813
CID2733526,interaction,1814
CID2733526,interaction,1815
CID2733526,interaction,1956
CID2733526,interaction,2064
CID2733526,interaction,2099
CID2733526,interaction,2100
CID2733526,interaction,2101
CID2733526,interaction,2104
CID2733526,interaction,2534
CID2733526,interaction,316
CID2733526,interaction,3274
CID2733526,interaction,3350
CID2733526,interaction,3356
CID2733526,interaction,3357
CID2733526,interaction,3358
CID2733526,interaction,3362
CID2733526,interaction,367
CID2733526,interaction,3757
CID2733526,interaction,3932
CID2733526,interaction,4159
CID2733526,interaction,4160
CID2733526,interaction,4161
CID2733526,interaction,4985
CID2733526,interaction,4986
CID2733526,interaction,4988
CID2733526,interaction,51053
CID2733526,interaction,5241
CID2733526,interaction,5243
CID2733526,interaction,5530
CID2733526,interaction,5578
CID2733526,interaction,5579
CID2733526,interaction,5580
CID2733526,interaction,5581
CID2733526,interaction,5582
CID2733526,interaction,5584
CID2733526,interaction,5588
CID2733526,interaction,5590
CID2733526,interaction,5742
CID2733526,interaction,5743
CID2733526,interaction,624
CID2733526,interaction,6462
CID2733526,interaction,6530
CID2733526,interaction,6531
CID2733526,interaction,6532
CID2733526,interaction,6582
CID2733526,interaction,6865
CID2733526,interaction,6869
CID2733526,interaction,6916
CID2733526,interaction,7066
CID2733526,interaction,84650
CID2733526,interaction,8856
CID27350,interaction,1129
CID27350,interaction,1131
CID27350,interaction,1135
CID27447,interaction,10919
CID27447,interaction,216
CID2749,interaction,3091
CID2749,interaction,3320
CID2749,interaction,3417
CID2749,interaction,367
CID2749,interaction,390245
CID2749,interaction,476
CID27503,interaction,2859
CID27503,interaction,3778
CID27503,interaction,6286
CID2754,interaction,1559
CID2754,interaction,5139
CID2754,interaction,5140
CID2756,interaction,146802
CID2756,interaction,3274
CID2756,interaction,3356
CID2756,interaction,55244
CID2761171,interaction,3623
CID2762,interaction,760
CID2764,interaction,23113
CID2764,interaction,3757
CID2764,interaction,7153
CID2771,interaction,10280
CID2771,interaction,1128
CID2771,interaction,146
CID2771,interaction,148
CID2771,interaction,3269
CID2771,interaction,3356
CID2771,interaction,3357
CID2771,interaction,3358
CID2771,interaction,3757
CID2771,interaction,6530
CID2771,interaction,6531
CID2771,interaction,6532
CID2771,interaction,6580
CID2787,interaction,5465
CID2787,interaction,5467
CID2787,interaction,5468
CID2794,interaction,10919
CID2794,interaction,10951
CID2794,interaction,2139
CID2794,interaction,5243
CID2794,interaction,9682
CID2796,interaction,5465
CID2800,interaction,10280
CID2800,interaction,10682
CID2800,interaction,1128
CID2800,interaction,1129
CID2800,interaction,1131
CID2800,interaction,1132
CID2800,interaction,1133
CID2800,interaction,114548
CID2800,interaction,140
CID2800,interaction,150
CID2800,interaction,151
CID2800,interaction,152
CID2800,interaction,155
CID2800,interaction,1565
CID2800,interaction,1814
CID2800,interaction,1956
CID2800,interaction,2064
CID2800,interaction,2099
CID2800,interaction,2534
CID2800,interaction,3269
CID2800,interaction,3356
CID2800,interaction,3357
CID2800,interaction,3358
CID2800,interaction,3362
CID2800,interaction,3757
CID2800,interaction,387129
CID2800,interaction,51053
CID2800,interaction,5742
CID2800,interaction,6462
CID2800,interaction,6530
CID2800,interaction,6531
CID2800,interaction,6532
CID2800,interaction,6865
CID2801,interaction,148
CID2801,interaction,150
CID2801,interaction,1812
CID2801,interaction,1813
CID2801,interaction,1814
CID2801,interaction,2950
CID2801,interaction,3274
CID2801,interaction,3356
CID2801,interaction,3357
CID2801,interaction,3358
CID2801,interaction,3362
CID2801,interaction,6530
CID2801,interaction,6531
CID2801,interaction,6532
CID2803,interaction,11188
CID2803,interaction,146
CID2803,interaction,147
CID2803,interaction,148
CID2803,interaction,150
CID2803,interaction,151
CID2803,interaction,152
CID2803,interaction,6580
CID2812,interaction,10800
CID2812,interaction,10951
CID2812,interaction,1128
CID2812,interaction,1129
CID2812,interaction,1131
CID2812,interaction,1132
CID2812,interaction,1233
CID2812,interaction,134
CID2812,interaction,135
CID2812,interaction,140
CID2812,interaction,146
CID2812,interaction,150
CID2812,interaction,151
CID2812,interaction,153
CID2812,interaction,154
CID2812,interaction,155
CID2812,interaction,1557
CID2812,interaction,1559
CID2812,interaction,1576
CID2812,interaction,1586
CID2812,interaction,1588
CID2812,interaction,1595
CID2812,interaction,1812
CID2812,interaction,1813
CID2812,interaction,1814
CID2812,interaction,1815
CID2812,interaction,1956
CID2812,interaction,2064
CID2812,interaction,2534
CID2812,interaction,2740
CID2812,interaction,2908
CID2812,interaction,3091
CID2812,interaction,3269
CID2812,interaction,3274
CID2812,interaction,3320
CID2812,interaction,3350
CID2812,interaction,3356
CID2812,interaction,3357
CID2812,interaction,3358
CID2812,interaction,3362
CID2812,interaction,3577
CID2812,interaction,3738
CID2812,interaction,3757
CID2812,interaction,3783
CID2812,interaction,387129
CID2812,interaction,4190
CID2812,interaction,43
CID2812,interaction,4985
CID2812,interaction,4986
CID2812,interaction,4988
CID2812,interaction,5243
CID2812,interaction,54795
CID2812,interaction,554
CID2812,interaction,5724
CID2812,interaction,5743
CID2812,interaction,6530
CID2812,interaction,6531
CID2812,interaction,6532
CID2812,interaction,6865
CID2812,interaction,6869
CID2812,interaction,6916
CID2812,interaction,7226
CID2812,interaction,760
CID2812,interaction,775
CID2812,interaction,8856
CID2812,interaction,9970
CID2812,interaction,9971
CID285033,interaction,3064
CID285033,interaction,367
CID285033,interaction,6122
CID2882,interaction,2859
CID2882,interaction,3778
CID2882,interaction,6286
CID2893,interaction,1066
CID2893,interaction,781
CID2895,interaction,3356
CID2907,interaction,10919
CID2907,interaction,10951
CID2907,interaction,1576
CID2907,interaction,8856
CID2913,interaction,1128
CID2913,interaction,1129
CID2913,interaction,1131
CID2913,interaction,1132
CID2913,interaction,1133
CID2913,interaction,1812
CID2913,interaction,1814
CID2913,interaction,3269
CID2913,interaction,3350
CID2913,interaction,3356
CID2913,interaction,3357
CID2913,interaction,3358
CID2913,interaction,3362
CID2913,interaction,59340
CID2913,interaction,6530
CID2913,interaction,6532
CID29327,interaction,10724
CID29327,interaction,6514
CID2942,interaction,23649
CID2942,interaction,5226
CID2968,interaction,11255
CID2968,interaction,1129
CID2968,interaction,1135
CID2968,interaction,43
CID29971118,interaction,5914
CID29971118,interaction,5915
CID29971118,interaction,5916
CID29971118,interaction,5947
CID29971118,interaction,6256
CID29971118,interaction,6257
CID29971118,interaction,6258
CID3000322,interaction,1128
CID3000322,interaction,1129
CID3000322,interaction,1131
CID3000322,interaction,1132
CID3000322,interaction,1133
CID3000322,interaction,6476
CID3001055,interaction,3274
CID3001055,interaction,43
CID3001055,interaction,55244
CID3001055,interaction,590
CID3002977,interaction,1234
CID3002977,interaction,55244
CID3003565,interaction,10769
CID3003565,interaction,1263
CID3003565,interaction,2475
CID3003565,interaction,4638
CID3003565,interaction,5290
CID3003565,interaction,5291
CID3003565,interaction,5293
CID3003565,interaction,5294
CID3003565,interaction,5295
CID3003565,interaction,5347
CID3005572,interaction,2099
CID3005572,interaction,2104
CID3005572,interaction,3172
CID3005572,interaction,3362
CID3005572,interaction,440503
CID3005572,interaction,51053
CID3005572,interaction,5346
CID3005572,interaction,6462
CID3009,interaction,4953
CID3011155,interaction,5422
CID3019,interaction,10135
CID3019,interaction,10919
CID3019,interaction,3767
CID3019,interaction,3778
CID3019,interaction,476
CID3019,interaction,6559
CID3019,interaction,759
CID3019,interaction,760
CID3025,interaction,6331
CID3025,interaction,6336
CID3025,interaction,801
CID30323,interaction,2078
CID30323,interaction,2099
CID30323,interaction,2516
CID30323,interaction,2740
CID30323,interaction,3064
CID30323,interaction,328
CID30323,interaction,3320
CID30323,interaction,3417
CID30323,interaction,367
CID30323,interaction,368
CID30323,interaction,4088
CID30323,interaction,4137
CID30323,interaction,4297
CID30323,interaction,4313
CID30323,interaction,4363
CID30323,interaction,51426
CID30323,interaction,5243
CID30323,interaction,6256
CID30323,interaction,6275
CID30323,interaction,6311
CID30323,interaction,7068
CID30323,interaction,7153
CID30323,interaction,7155
CID30323,interaction,7157
CID30323,interaction,7398
CID30323,interaction,7421
CID30323,interaction,7486
CID30323,interaction,7532
CID30323,interaction,7849
CID30323,interaction,79915
CID30323,interaction,9429
CID3033825,interaction,3764
CID3033825,interaction,3767
CID3033825,interaction,5139
CID3033825,interaction,7134
CID3033968,interaction,1577
CID3033968,interaction,283383
CID3033968,interaction,367
CID3033968,interaction,5241
CID3034010,interaction,1268
CID3034010,interaction,2194
CID3034010,interaction,221955
CID3034010,interaction,26090
CID3034010,interaction,51053
CID3034010,interaction,5406
CID3034010,interaction,57406
CID3034010,interaction,747
CID3034010,interaction,7920
CID3034010,interaction,7941
CID3034010,interaction,8513
CID3034010,interaction,8856
CID3034010,interaction,9099
CID3034034,interaction,1129
CID3034034,interaction,1565
CID3034034,interaction,222962
CID3034034,interaction,2815
CID3034034,interaction,3039
CID3034034,interaction,3741
CID3034034,interaction,3757
CID3034034,interaction,3776
CID3034034,interaction,3783
CID3034034,interaction,387129
CID3034034,interaction,5243
CID3034034,interaction,590
CID3034034,interaction,6331
CID3034034,interaction,6580
CID3034034,interaction,6582
CID3034034,interaction,7068
CID3034034,interaction,9312
CID3036505,interaction,2099
CID3038,interaction,11238
CID3038,interaction,23632
CID3038,interaction,377677
CID3038,interaction,759
CID3038,interaction,760
CID3038,interaction,761
CID3038,interaction,762
CID3038,interaction,763
CID3038,interaction,765
CID3038,interaction,766
CID3038,interaction,768
CID3038,interaction,771
CID3038522,interaction,1022
CID3038522,interaction,10461
CID3038522,interaction,10733
CID3038522,interaction,11183
CID3038522,interaction,1195
CID3038522,interaction,1196
CID3038522,interaction,1198
CID3038522,interaction,1436
CID3038522,interaction,147746
CID3038522,interaction,1956
CID3038522,interaction,2322
CID3038522,interaction,2324
CID3038522,interaction,2580
CID3038522,interaction,3791
CID3038522,interaction,3815
CID3038522,interaction,3932
CID3038522,interaction,4914
CID3038522,interaction,4921
CID3038522,interaction,5127
CID3038522,interaction,5159
CID3038522,interaction,558
CID3038522,interaction,5607
CID3038522,interaction,6714
CID3038522,interaction,6793
CID3038522,interaction,80122
CID3038522,interaction,9212
CID3038522,interaction,9748
CID3038525,interaction,1432
CID3038525,interaction,1969
CID3038525,interaction,2041
CID3038525,interaction,2043
CID3038525,interaction,2044
CID3038525,interaction,2046
CID3038525,interaction,2047
CID3038525,interaction,2050
CID3038525,interaction,2268
CID3038525,interaction,2444
CID3038525,interaction,25
CID3038525,interaction,27
CID3038525,interaction,3055
CID3038525,interaction,3932
CID3038525,interaction,5156
CID3038525,interaction,5159
CID3038525,interaction,5600
CID3038525,interaction,6714
CID3038525,interaction,7525
CID3040551,interaction,154
CID3040551,interaction,155
CID3040551,interaction,3757
CID3040551,interaction,8484
CID3042,interaction,1128
CID3042,interaction,1129
CID3045381,interaction,10021
CID3045381,interaction,348980
CID3045381,interaction,57657
CID3045381,interaction,610
CID3052,interaction,240
CID3052,interaction,367
CID3052,interaction,5742
CID3052762,interaction,1815
CID3052762,interaction,3359
CID3052762,interaction,3360
CID3052775,interaction,4128
CID3052775,interaction,4129
CID3052775,interaction,596
CID3055,interaction,10280
CID3055,interaction,1128
CID3055,interaction,1129
CID3055,interaction,1131
CID3055,interaction,1132
CID3055,interaction,1133
CID3055,interaction,1565
CID3055,interaction,1813
CID3055,interaction,1814
CID3055,interaction,3356
CID3062316,interaction,10188
CID3062316,interaction,10494
CID3062316,interaction,10733
CID3062316,interaction,10746
CID3062316,interaction,11183
CID3062316,interaction,11184
CID3062316,interaction,140901
CID3062316,interaction,1432
CID3062316,interaction,1436
CID3062316,interaction,1445
CID3062316,interaction,1452
CID3062316,interaction,1454
CID3062316,interaction,150094
CID3062316,interaction,1576
CID3062316,interaction,1760
CID3062316,interaction,1956
CID3062316,interaction,1969
CID3062316,interaction,2041
CID3062316,interaction,2042
CID3062316,interaction,2043
CID3062316,interaction,2044
CID3062316,interaction,2046
CID3062316,interaction,2047
CID3062316,interaction,2048
CID3062316,interaction,2049
CID3062316,interaction,2050
CID3062316,interaction,2051
CID3062316,interaction,2064
CID3062316,interaction,2065
CID3062316,interaction,2066
CID3062316,interaction,2242
CID3062316,interaction,2260
CID3062316,interaction,2261
CID3062316,interaction,2263
CID3062316,interaction,2268
CID3062316,interaction,23043
CID3062316,interaction,2321
CID3062316,interaction,2322
CID3062316,interaction,23235
CID3062316,interaction,23387
CID3062316,interaction,2444
CID3062316,interaction,2475
CID3062316,interaction,25
CID3062316,interaction,2534
CID3062316,interaction,2580
CID3062316,interaction,25989
CID3062316,interaction,27
CID3062316,interaction,27148
CID3062316,interaction,285220
CID3062316,interaction,3055
CID3062316,interaction,3312
CID3062316,interaction,3717
CID3062316,interaction,3718
CID3062316,interaction,3791
CID3062316,interaction,3815
CID3062316,interaction,388228
CID3062316,interaction,3932
CID3062316,interaction,3984
CID3062316,interaction,3985
CID3062316,interaction,4067
CID3062316,interaction,4088
CID3062316,interaction,4215
CID3062316,interaction,4216
CID3062316,interaction,4294
CID3062316,interaction,440275
CID3062316,interaction,4661
CID3062316,interaction,4751
CID3062316,interaction,4921
CID3062316,interaction,494551
CID3062316,interaction,50488
CID3062316,interaction,51086
CID3062316,interaction,51135
CID3062316,interaction,51347
CID3062316,interaction,5156
CID3062316,interaction,5159
CID3062316,interaction,51701
CID3062316,interaction,51776
CID3062316,interaction,5290
CID3062316,interaction,5293
CID3062316,interaction,5467
CID3062316,interaction,5471
CID3062316,interaction,55561
CID3062316,interaction,558
CID3062316,interaction,5586
CID3062316,interaction,5600
CID3062316,interaction,5604
CID3062316,interaction,5605
CID3062316,interaction,5607
CID3062316,interaction,5753
CID3062316,interaction,57551
CID3062316,interaction,5871
CID3062316,interaction,5894
CID3062316,interaction,5979
CID3062316,interaction,613
CID3062316,interaction,640
CID3062316,interaction,657
CID3062316,interaction,658
CID3062316,interaction,660
CID3062316,interaction,6714
CID3062316,interaction,6725
CID3062316,interaction,673
CID3062316,interaction,6777
CID3062316,interaction,6789
CID3062316,interaction,6790
CID3062316,interaction,6793
CID3062316,interaction,6850
CID3062316,interaction,6885
CID3062316,interaction,695
CID3062316,interaction,7006
CID3062316,interaction,7016
CID3062316,interaction,7046
CID3062316,interaction,7048
CID3062316,interaction,7294
CID3062316,interaction,7297
CID3062316,interaction,7444
CID3062316,interaction,7465
CID3062316,interaction,7525
CID3062316,interaction,780
CID3062316,interaction,79858
CID3062316,interaction,80122
CID3062316,interaction,8013
CID3062316,interaction,8444
CID3062316,interaction,8476
CID3062316,interaction,8491
CID3062316,interaction,85366
CID3062316,interaction,8767
CID3062316,interaction,90
CID3062316,interaction,9088
CID3062316,interaction,91
CID3062316,interaction,9175
CID3062316,interaction,92
CID3062316,interaction,9212
CID3062316,interaction,93
CID3062316,interaction,9344
CID3062316,interaction,94
CID3062316,interaction,9448
CID3062316,interaction,9578
CID3062316,interaction,9748
CID30751,interaction,140
CID30751,interaction,1633
CID30751,interaction,2740
CID30751,interaction,3417
CID30751,interaction,4088
CID30751,interaction,4780
CID30751,interaction,51053
CID30751,interaction,5422
CID30751,interaction,6240
CID30751,interaction,6241
CID30751,interaction,6311
CID3081361,interaction,1022
CID3081361,interaction,10461
CID3081361,interaction,10733
CID3081361,interaction,11113
CID3081361,interaction,11183
CID3081361,interaction,11184
CID3081361,interaction,120892
CID3081361,interaction,140901
CID3081361,interaction,1432
CID3081361,interaction,1436
CID3081361,interaction,1445
CID3081361,interaction,1454
CID3081361,interaction,150094
CID3081361,interaction,1956
CID3081361,interaction,1969
CID3081361,interaction,202374
CID3081361,interaction,2041
CID3081361,interaction,2042
CID3081361,interaction,2043
CID3081361,interaction,2044
CID3081361,interaction,2045
CID3081361,interaction,2046
CID3081361,interaction,2047
CID3081361,interaction,2048
CID3081361,interaction,2050
CID3081361,interaction,2051
CID3081361,interaction,2064
CID3081361,interaction,2065
CID3081361,interaction,2066
CID3081361,interaction,2260
CID3081361,interaction,2261
CID3081361,interaction,2263
CID3081361,interaction,2264
CID3081361,interaction,2268
CID3081361,interaction,23043
CID3081361,interaction,2321
CID3081361,interaction,2322
CID3081361,interaction,23235
CID3081361,interaction,2324
CID3081361,interaction,23387
CID3081361,interaction,238
CID3081361,interaction,2444
CID3081361,interaction,2475
CID3081361,interaction,25
CID3081361,interaction,2534
CID3081361,interaction,2580
CID3081361,interaction,25989
CID3081361,interaction,27
CID3081361,interaction,27330
CID3081361,interaction,285220
CID3081361,interaction,2872
CID3081361,interaction,3055
CID3081361,interaction,30811
CID3081361,interaction,3654
CID3081361,interaction,3791
CID3081361,interaction,3815
CID3081361,interaction,3932
CID3081361,interaction,4058
CID3081361,interaction,4067
CID3081361,interaction,4216
CID3081361,interaction,4233
CID3081361,interaction,4486
CID3081361,interaction,4921
CID3081361,interaction,50488
CID3081361,interaction,51086
CID3081361,interaction,51135
CID3081361,interaction,5156
CID3081361,interaction,5159
CID3081361,interaction,51776
CID3081361,interaction,5260
CID3081361,interaction,5261
CID3081361,interaction,54101
CID3081361,interaction,55561
CID3081361,interaction,5562
CID3081361,interaction,558
CID3081361,interaction,5597
CID3081361,interaction,5604
CID3081361,interaction,5605
CID3081361,interaction,5607
CID3081361,interaction,5753
CID3081361,interaction,5871
CID3081361,interaction,5979
CID3081361,interaction,6195
CID3081361,interaction,6198
CID3081361,interaction,640
CID3081361,interaction,658
CID3081361,interaction,65975
CID3081361,interaction,6714
CID3081361,interaction,6725
CID3081361,interaction,6793
CID3081361,interaction,6795
CID3081361,interaction,695
CID3081361,interaction,7010
CID3081361,interaction,7016
CID3081361,interaction,7075
CID3081361,interaction,7294
CID3081361,interaction,7301
CID3081361,interaction,7422
CID3081361,interaction,7525
CID3081361,interaction,780
CID3081361,interaction,80122
CID3081361,interaction,8476
CID3081361,interaction,8491
CID3081361,interaction,8569
CID3081361,interaction,8767
CID3081361,interaction,90
CID3081361,interaction,9212
CID3081361,interaction,94
CID3081361,interaction,9448
CID3081361,interaction,9475
CID3081361,interaction,9578
CID3081361,interaction,9748
CID3100,interaction,1128
CID3100,interaction,1129
CID3100,interaction,1131
CID3100,interaction,1132
CID3100,interaction,1133
CID3100,interaction,3269
CID3100,interaction,3757
CID31072,interaction,4025
CID31072,interaction,7173
CID3108,interaction,100
CID3108,interaction,10257
CID3108,interaction,10846
CID3108,interaction,10919
CID3108,interaction,1812
CID3108,interaction,1827
CID3108,interaction,2030
CID3108,interaction,222962
CID3108,interaction,27115
CID3108,interaction,5004
CID3108,interaction,50940
CID3108,interaction,51053
CID3108,interaction,5138
CID3108,interaction,5141
CID3108,interaction,5151
CID3108,interaction,58497
CID3108,interaction,6582
CID3108,interaction,79915
CID3108,interaction,8622
CID3108,interaction,8654
CID3108,interaction,9154
CID3114,interaction,10021
CID3114,interaction,1128
CID3114,interaction,1129
CID3114,interaction,1131
CID3114,interaction,3269
CID3114,interaction,3751
CID3114,interaction,3752
CID3114,interaction,3757
CID3114,interaction,3762
CID3114,interaction,5005
CID3114,interaction,6331
CID3114,interaction,6580
CID3114,interaction,6582
CID3117,interaction,10919
CID3117,interaction,11343
CID3117,interaction,1233
CID3117,interaction,1234
CID3117,interaction,140
CID3117,interaction,150
CID3117,interaction,151
CID3117,interaction,154
CID3117,interaction,1544
CID3117,interaction,1621
CID3117,interaction,1812
CID3117,interaction,1813
CID3117,interaction,1814
CID3117,interaction,1815
CID3117,interaction,185
CID3117,interaction,187
CID3117,interaction,216
CID3117,interaction,217
CID3117,interaction,2475
CID3117,interaction,3028
CID3117,interaction,3248
CID3117,interaction,3320
CID3117,interaction,3357
CID3117,interaction,3362
CID3117,interaction,3579
CID3117,interaction,367
CID3117,interaction,4128
CID3117,interaction,440503
CID3117,interaction,4780
CID3117,interaction,4790
CID3117,interaction,4986
CID3117,interaction,4988
CID3117,interaction,51053
CID3117,interaction,5141
CID3117,interaction,5346
CID3117,interaction,5347
CID3117,interaction,5467
CID3117,interaction,54737
CID3117,interaction,5595
CID3117,interaction,5999
CID3117,interaction,6530
CID3117,interaction,6531
CID3117,interaction,706
CID3117,interaction,7066
CID3117,interaction,729230
CID3117,interaction,7421
CID3117,interaction,834
CID3117,interaction,8989
CID3117,interaction,9154
CID3121,interaction,10327
CID3121,interaction,11280
CID3121,interaction,18
CID3121,interaction,3065
CID3121,interaction,3066
CID3121,interaction,36
CID3121,interaction,4967
CID3121,interaction,54579
CID3121,interaction,5465
CID3121,interaction,5467
CID3121,interaction,5468
CID3121,interaction,55800
CID3121,interaction,6323
CID3121,interaction,6324
CID3121,interaction,6326
CID3121,interaction,6327
CID3121,interaction,6328
CID3121,interaction,6329
CID3121,interaction,6330
CID3121,interaction,6331
CID3121,interaction,6332
CID3121,interaction,6334
CID3121,interaction,6335
CID3121,interaction,6336
CID3121,interaction,7915
CID3121,interaction,9734
CID31401,interaction,1646
CID31401,interaction,6554
CID3151,interaction,146
CID3151,interaction,146802
CID3151,interaction,147
CID3151,interaction,148
CID3151,interaction,150
CID3151,interaction,151
CID3151,interaction,152
CID3151,interaction,1565
CID3151,interaction,1813
CID3151,interaction,1814
CID3151,interaction,316
CID3151,interaction,3269
CID3151,interaction,3356
CID3151,interaction,3357
CID3151,interaction,3358
CID3151,interaction,3757
CID3151,interaction,4986
CID3151,interaction,4988
CID3151,interaction,5243
CID3151,interaction,55244
CID3151,interaction,6530
CID3151,interaction,6532
CID3151,interaction,6582
CID3151,interaction,801
CID31553,interaction,10599
CID31553,interaction,11238
CID31553,interaction,11309
CID31553,interaction,246
CID31553,interaction,28234
CID31553,interaction,377677
CID31553,interaction,759
CID31553,interaction,760
CID31553,interaction,761
CID31553,interaction,762
CID31553,interaction,763
CID31553,interaction,765
CID31553,interaction,766
CID31553,interaction,771
CID3156,interaction,1565
CID3156,interaction,3777
CID3156,interaction,51305
CID3157,interaction,146
CID3157,interaction,147
CID3157,interaction,148
CID3157,interaction,150
CID3157,interaction,152
CID3157,interaction,3757
CID3157,interaction,90134
CID3158,interaction,10280
CID3158,interaction,1128
CID3158,interaction,1129
CID3158,interaction,1131
CID3158,interaction,1132
CID3158,interaction,1133
CID3158,interaction,146
CID3158,interaction,147
CID3158,interaction,148
CID3158,interaction,150
CID3158,interaction,151
CID3158,interaction,152
CID3158,interaction,1812
CID3158,interaction,1813
CID3158,interaction,1814
CID3158,interaction,2740
CID3158,interaction,3269
CID3158,interaction,3274
CID3158,interaction,3350
CID3158,interaction,3356
CID3158,interaction,3357
CID3158,interaction,3358
CID3158,interaction,3362
CID3158,interaction,3363
CID3158,interaction,3757
CID3158,interaction,59340
CID3158,interaction,6530
CID3158,interaction,6532
CID3158,interaction,6582
CID3162,interaction,1128
CID3162,interaction,3269
CID3168,interaction,1132
CID3168,interaction,1133
CID3168,interaction,146
CID3168,interaction,148
CID3168,interaction,150
CID3168,interaction,151
CID3168,interaction,152
CID3168,interaction,1812
CID3168,interaction,1813
CID3168,interaction,1814
CID3168,interaction,1815
CID3168,interaction,3269
CID3168,interaction,3350
CID3168,interaction,3356
CID3168,interaction,3357
CID3168,interaction,3358
CID3168,interaction,3757
CID31703,interaction,1128
CID31703,interaction,1244
CID31703,interaction,1717
CID31703,interaction,2064
CID31703,interaction,2534
CID31703,interaction,368
CID31703,interaction,3932
CID31703,interaction,4313
CID31703,interaction,4363
CID31703,interaction,5243
CID31703,interaction,6790
CID31703,interaction,7015
CID31703,interaction,7150
CID31703,interaction,7153
CID31703,interaction,834
CID31703,interaction,9221
CID31703,interaction,9429
CID3180,interaction,6336
CID3182,interaction,134
CID3182,interaction,135
CID3182,interaction,27115
CID3182,interaction,5141
CID3182,interaction,5142
CID3182,interaction,5143
CID3182,interaction,5144
CID3182,interaction,5150
CID3198,interaction,10280
CID3198,interaction,1128
CID3198,interaction,1129
CID3198,interaction,1131
CID3198,interaction,1132
CID3198,interaction,1268
CID3198,interaction,134
CID3198,interaction,135
CID3198,interaction,140
CID3198,interaction,146
CID3198,interaction,150
CID3198,interaction,151
CID3198,interaction,153
CID3198,interaction,1544
CID3198,interaction,155
CID3198,interaction,1557
CID3198,interaction,1559
CID3198,interaction,1565
CID3198,interaction,1576
CID3198,interaction,1586
CID3198,interaction,1595
CID3198,interaction,1812
CID3198,interaction,1813
CID3198,interaction,1814
CID3198,interaction,1815
CID3198,interaction,1956
CID3198,interaction,2064
CID3198,interaction,2534
CID3198,interaction,3274
CID3198,interaction,3320
CID3198,interaction,3350
CID3198,interaction,3356
CID3198,interaction,3357
CID3198,interaction,3358
CID3198,interaction,3362
CID3198,interaction,3620
CID3198,interaction,3757
CID3198,interaction,4159
CID3198,interaction,4161
CID3198,interaction,4190
CID3198,interaction,43
CID3198,interaction,4318
CID3198,interaction,4886
CID3198,interaction,4887
CID3198,interaction,4985
CID3198,interaction,4986
CID3198,interaction,4988
CID3198,interaction,6530
CID3198,interaction,6531
CID3198,interaction,6532
CID3198,interaction,6865
CID3198,interaction,6869
CID3198,interaction,6916
CID3198,interaction,7226
CID3198,interaction,8856
CID3220,interaction,11156
CID3220,interaction,1457
CID3220,interaction,2099
CID3220,interaction,2100
CID3229,interaction,23113
CID3229,interaction,526
CID3229,interaction,7153
CID323,interaction,11238
CID323,interaction,23632
CID323,interaction,761
CID323,interaction,762
CID323,interaction,763
CID323,interaction,765
CID323,interaction,766
CID323,interaction,768
CID323,interaction,771
CID3241,interaction,148
CID3241,interaction,150
CID3241,interaction,3269
CID3241,interaction,3274
CID3241,interaction,3356
CID3241,interaction,3363
CID3241,interaction,6582
CID32798,interaction,2908
CID32798,interaction,301
CID32798,interaction,367
CID32798,interaction,387129
CID32798,interaction,8647
CID3291,interaction,8913
CID3308,interaction,5742
CID3308,interaction,5743
CID3308,interaction,6256
CID3331,interaction,116443
CID3331,interaction,2903
CID3331,interaction,2904
CID3333,interaction,1080
CID3333,interaction,140
CID3333,interaction,1559
CID3333,interaction,316
CID3333,interaction,4306
CID3333,interaction,5136
CID3333,interaction,5153
CID3333,interaction,7125
CID3333,interaction,7134
CID3333,interaction,775
CID3333,interaction,776
CID3333,interaction,779
CID3333,interaction,781
CID3333,interaction,783
CID3333,interaction,801
CID3333,interaction,805
CID3333,interaction,808
CID3333,interaction,8856
CID3333,interaction,8912
CID3333,interaction,9212
CID3333,interaction,9254
CID3333,interaction,9971
CID3336,interaction,3357
CID3336,interaction,51053
CID3336,interaction,846
CID3336,interaction,9290
CID3339,interaction,140
CID3339,interaction,155
CID3339,interaction,1814
CID3339,interaction,2168
CID3339,interaction,2169
CID3339,interaction,3356
CID3339,interaction,3358
CID3339,interaction,3757
CID3339,interaction,43
CID3339,interaction,5465
CID3339,interaction,5467
CID3339,interaction,5468
CID3339,interaction,6530
CID3339,interaction,6531
CID3339,interaction,8856
CID3341,interaction,10919
CID3341,interaction,10951
CID3341,interaction,134864
CID3341,interaction,146
CID3341,interaction,147
CID3341,interaction,148
CID3341,interaction,150
CID3341,interaction,151
CID3341,interaction,152
CID3341,interaction,1812
CID3341,interaction,1813
CID3341,interaction,1815
CID3341,interaction,1816
CID3341,interaction,2671
CID3341,interaction,3028
CID3341,interaction,390245
CID3342,interaction,160728
CID3342,interaction,5465
CID3342,interaction,5468
CID3342,interaction,5742
CID3342,interaction,5743
CID3348,interaction,3269
CID3354,interaction,1128
CID3354,interaction,1129
CID3356,interaction,6329
CID3356,interaction,6331
CID3357,interaction,23113
CID3357,interaction,7153
CID33613,interaction,3356
CID33613,interaction,3357
CID33613,interaction,3358
CID33624,interaction,153
CID33624,interaction,154
CID33624,interaction,155
CID3365,interaction,1557
CID3365,interaction,1559
CID3365,interaction,1576
CID3365,interaction,1595
CID3365,interaction,3320
CID3366,interaction,1786
CID3366,interaction,3356
CID3366,interaction,367
CID3366,interaction,7298
CID3367,interaction,1633
CID3367,interaction,5422
CID3367,interaction,6240
CID3371,interaction,1645
CID3371,interaction,1646
CID3371,interaction,2169
CID3371,interaction,231
CID3371,interaction,29850
CID3371,interaction,3091
CID3371,interaction,343450
CID3371,interaction,367
CID3371,interaction,4353
CID3371,interaction,50840
CID3371,interaction,54795
CID3371,interaction,57016
CID3371,interaction,5742
CID3371,interaction,5743
CID3371,interaction,7226
CID3371,interaction,7276
CID3371,interaction,8644
CID3371,interaction,9033
CID3372,interaction,10280
CID3372,interaction,10951
CID3372,interaction,1128
CID3372,interaction,1129
CID3372,interaction,1131
CID3372,interaction,1132
CID3372,interaction,1133
CID3372,interaction,140
CID3372,interaction,146
CID3372,interaction,147
CID3372,interaction,148
CID3372,interaction,150
CID3372,interaction,151
CID3372,interaction,152
CID3372,interaction,155
CID3372,interaction,1812
CID3372,interaction,1813
CID3372,interaction,1814
CID3372,interaction,1815
CID3372,interaction,1816
CID3372,interaction,1956
CID3372,interaction,2064
CID3372,interaction,2534
CID3372,interaction,3269
CID3372,interaction,3274
CID3372,interaction,3350
CID3372,interaction,3351
CID3372,interaction,3352
CID3372,interaction,3354
CID3372,interaction,3356
CID3372,interaction,3357
CID3372,interaction,3358
CID3372,interaction,3361
CID3372,interaction,3362
CID3372,interaction,3363
CID3372,interaction,367
CID3372,interaction,3757
CID3372,interaction,3776
CID3372,interaction,4161
CID3372,interaction,4985
CID3372,interaction,4986
CID3372,interaction,4988
CID3372,interaction,51053
CID3372,interaction,5243
CID3372,interaction,6530
CID3372,interaction,6531
CID3372,interaction,6532
CID3372,interaction,6865
CID3372,interaction,801
CID3372,interaction,805
CID3372,interaction,808
CID3373,interaction,2554
CID3373,interaction,2555
CID3373,interaction,2556
CID3373,interaction,2557
CID3373,interaction,2558
CID3373,interaction,2559
CID3373,interaction,2560
CID3373,interaction,2561
CID3373,interaction,2562
CID3373,interaction,2563
CID3373,interaction,2564
CID3373,interaction,2565
CID3373,interaction,2566
CID3373,interaction,2567
CID3373,interaction,2568
CID3373,interaction,4780
CID3373,interaction,55879
CID3374,interaction,10919
CID3385,interaction,10057
CID3385,interaction,1111
CID3385,interaction,7157
CID3385,interaction,7298
CID3385,interaction,85320
CID3386,interaction,10280
CID3386,interaction,1128
CID3386,interaction,1129
CID3386,interaction,1131
CID3386,interaction,1132
CID3386,interaction,1133
CID3386,interaction,148
CID3386,interaction,150
CID3386,interaction,3269
CID3386,interaction,3356
CID3386,interaction,3357
CID3386,interaction,3358
CID3386,interaction,3757
CID3386,interaction,43
CID3386,interaction,6530
CID3386,interaction,6531
CID3386,interaction,6532
CID3394,interaction,1646
CID3394,interaction,2169
CID3394,interaction,5742
CID3394,interaction,5743
CID3394,interaction,8644
CID3394,interaction,9356
CID3396,interaction,10919
CID3396,interaction,150
CID3396,interaction,151
CID3396,interaction,152
CID3396,interaction,153
CID3396,interaction,154
CID3396,interaction,1813
CID3396,interaction,1814
CID3396,interaction,1815
CID3396,interaction,2741
CID3396,interaction,3269
CID3396,interaction,3350
CID3396,interaction,3351
CID3396,interaction,3352
CID3396,interaction,3354
CID3396,interaction,3356
CID3396,interaction,3357
CID3396,interaction,3362
CID3396,interaction,3417
CID3396,interaction,3757
CID3396,interaction,3776
CID3396,interaction,387129
CID3396,interaction,4987
CID3396,interaction,6532
CID3396,interaction,6915
CID3396,interaction,7494
CID3396,interaction,786
CID3397,interaction,10919
CID3397,interaction,13
CID3397,interaction,1544
CID3397,interaction,196
CID3397,interaction,3362
CID3397,interaction,367
CID3397,interaction,8824
CID3397,interaction,8856
CID3406,interaction,124
CID3406,interaction,125
CID3406,interaction,126
CID3406,interaction,847
CID3410,interaction,153
CID3410,interaction,154
CID3410,interaction,155
CID34312,interaction,6331
CID34359,interaction,1644
CID34359,interaction,2534
CID34359,interaction,390245
CID34359,interaction,3932
CID3440,interaction,11238
CID3440,interaction,23632
CID3440,interaction,2859
CID3440,interaction,3290
CID3440,interaction,476
CID3440,interaction,6557
CID3440,interaction,6558
CID3440,interaction,759
CID3440,interaction,760
CID3440,interaction,762
CID3440,interaction,763
CID3440,interaction,765
CID3440,interaction,766
CID3440,interaction,768
CID3440,interaction,771
CID3446,interaction,116443
CID3446,interaction,116444
CID3446,interaction,134
CID3446,interaction,150
CID3446,interaction,2550
CID3446,interaction,2902
CID3446,interaction,2903
CID3446,interaction,2904
CID3446,interaction,2905
CID3446,interaction,2906
CID3446,interaction,6331
CID3446,interaction,774
CID3446,interaction,781
CID3446,interaction,8140
CID3446,interaction,9254
CID3446,interaction,9568
CID3463,interaction,10599
CID3463,interaction,1558
CID3463,interaction,1559
CID3463,interaction,28234
CID3463,interaction,4023
CID3463,interaction,5465
CID3463,interaction,7276
CID34633,interaction,6331
CID3468,interaction,1128
CID3468,interaction,1129
CID3468,interaction,1131
CID3468,interaction,1132
CID3468,interaction,1133
CID3468,interaction,135
CID3468,interaction,140
CID3468,interaction,146
CID3468,interaction,150
CID3468,interaction,151
CID3468,interaction,152
CID3468,interaction,1565
CID3468,interaction,1576
CID3468,interaction,1773
CID3468,interaction,1812
CID3468,interaction,1813
CID3468,interaction,1814
CID3468,interaction,1956
CID3468,interaction,2139
CID3468,interaction,2534
CID3468,interaction,2629
CID3468,interaction,3274
CID3468,interaction,3356
CID3468,interaction,351
CID3468,interaction,367
CID3468,interaction,4137
CID3468,interaction,43
CID3468,interaction,4986
CID3468,interaction,4988
CID3468,interaction,5594
CID3468,interaction,5965
CID3468,interaction,6097
CID3468,interaction,6531
CID3468,interaction,6622
CID3468,interaction,6865
CID3468,interaction,9099
CID3475,interaction,6833
CID3475,interaction,7422
CID3476,interaction,3758
CID3476,interaction,3767
CID3476,interaction,6833
CID3478,interaction,1576
CID3478,interaction,5468
CID3478,interaction,6833
CID3488,interaction,10060
CID3488,interaction,10599
CID3488,interaction,1080
CID3488,interaction,1374
CID3488,interaction,19
CID3488,interaction,3758
CID3488,interaction,3762
CID3488,interaction,3764
CID3488,interaction,3767
CID3488,interaction,6833
CID3488,interaction,8647
CID3519,interaction,11188
CID3519,interaction,146
CID3519,interaction,150
CID3519,interaction,151
CID3519,interaction,152
CID3519,interaction,3356
CID3519,interaction,3357
CID3519,interaction,3358
CID3519,interaction,4780
CID3520,interaction,217
CID3520,interaction,2593
CID3520,interaction,445
CID3520,interaction,6035
CID35370,interaction,10280
CID35370,interaction,1841
CID35370,interaction,213
CID35370,interaction,3356
CID35370,interaction,7015
CID35370,interaction,7083
CID35370,interaction,7852
CID3547,interaction,4638
CID3547,interaction,5566
CID3547,interaction,5569
CID3547,interaction,5585
CID3547,interaction,5586
CID3547,interaction,6093
CID3547,interaction,6347
CID3547,interaction,9252
CID3547,interaction,9475
CID3559,interaction,10280
CID3559,interaction,10682
CID3559,interaction,1128
CID3559,interaction,1131
CID3559,interaction,1133
CID3559,interaction,146
CID3559,interaction,147
CID3559,interaction,148
CID3559,interaction,150
CID3559,interaction,151
CID3559,interaction,152
CID3559,interaction,154
CID3559,interaction,1812
CID3559,interaction,1813
CID3559,interaction,1814
CID3559,interaction,1815
CID3559,interaction,1816
CID3559,interaction,2847
CID3559,interaction,2904
CID3559,interaction,3005
CID3559,interaction,3269
CID3559,interaction,3274
CID3559,interaction,3350
CID3559,interaction,3351
CID3559,interaction,3352
CID3559,interaction,3354
CID3559,interaction,3355
CID3559,interaction,3356
CID3559,interaction,3357
CID3559,interaction,3358
CID3559,interaction,3361
CID3559,interaction,3362
CID3559,interaction,3363
CID3559,interaction,3756
CID3559,interaction,3757
CID3559,interaction,3763
CID3559,interaction,4988
CID3559,interaction,5243
CID3559,interaction,6332
CID3559,interaction,6530
CID3559,interaction,6532
CID3559,interaction,6571
CID3559,interaction,6915
CID3559,interaction,801
CID36314,interaction,5243
CID36314,interaction,596
CID36314,interaction,81027
CID3637,interaction,10919
CID3637,interaction,1786
CID3637,interaction,1788
CID3637,interaction,1789
CID3637,interaction,316
CID3637,interaction,4864
CID3637,interaction,5033
CID3637,interaction,5315
CID3637,interaction,6262
CID3637,interaction,6606
CID3637,interaction,7066
CID3637,interaction,7157
CID3637,interaction,775
CID3637,interaction,79915
CID3637,interaction,8639
CID3637,interaction,9367
CID3639,interaction,11238
CID3639,interaction,23632
CID3639,interaction,3778
CID3639,interaction,6559
CID3639,interaction,759
CID3639,interaction,760
CID3639,interaction,762
CID3639,interaction,763
CID3639,interaction,765
CID3639,interaction,766
CID3639,interaction,768
CID3639,interaction,771
CID36462,interaction,1244
CID36462,interaction,2740
CID36462,interaction,28234
CID36462,interaction,367
CID36462,interaction,368
CID36462,interaction,4363
CID36462,interaction,51053
CID36462,interaction,5243
CID36462,interaction,7153
CID36462,interaction,7155
CID36462,interaction,8202
CID36462,interaction,836
CID36462,interaction,8648
CID36462,interaction,8714
CID36462,interaction,8856
CID36462,interaction,9429
CID3652,interaction,1129
CID3652,interaction,146
CID3652,interaction,3039
CID3652,interaction,3757
CID3652,interaction,51284
CID3652,interaction,54106
CID3657,interaction,6240
CID3658,interaction,3269
CID36708,interaction,10021
CID36708,interaction,10060
CID36708,interaction,10280
CID36708,interaction,146
CID36708,interaction,153
CID36708,interaction,154
CID36708,interaction,1544
CID36708,interaction,155
CID36708,interaction,1565
CID36708,interaction,1812
CID36708,interaction,316
CID36708,interaction,3350
CID36708,interaction,3356
CID36708,interaction,3357
CID36708,interaction,3358
CID36708,interaction,3362
CID36708,interaction,3741
CID36708,interaction,3757
CID36708,interaction,5243
CID36708,interaction,55800
CID36708,interaction,6324
CID36708,interaction,6327
CID36708,interaction,6330
CID36708,interaction,6331
CID36708,interaction,6530
CID36708,interaction,6531
CID36708,interaction,6580
CID36708,interaction,6582
CID3672,interaction,1080
CID3672,interaction,1559
CID3672,interaction,160728
CID3672,interaction,2169
CID3672,interaction,240
CID3672,interaction,3576
CID3672,interaction,5327
CID3672,interaction,5465
CID3672,interaction,5468
CID3672,interaction,5742
CID3672,interaction,5743
CID3672,interaction,596
CID3672,interaction,6564
CID3672,interaction,7056
CID3672,interaction,8644
CID3672,interaction,9356
CID3672,interaction,998
CID3675,interaction,1558
CID3675,interaction,18
CID3675,interaction,23028
CID3675,interaction,2875
CID3675,interaction,4128
CID3675,interaction,4129
CID3675,interaction,6531
CID3675,interaction,84706
CID3675,interaction,8639
CID3676,interaction,10021
CID3676,interaction,1956
CID3676,interaction,3359
CID3676,interaction,5004
CID3676,interaction,5005
CID3676,interaction,6326
CID3676,interaction,6328
CID3676,interaction,6329
CID3676,interaction,6331
CID3676,interaction,6335
CID3676,interaction,6336
CID3678,interaction,3350
CID36811,interaction,10280
CID36811,interaction,11238
CID36811,interaction,1312
CID36811,interaction,146
CID36811,interaction,150
CID36811,interaction,151
CID36811,interaction,152
CID36811,interaction,153
CID36811,interaction,154
CID36811,interaction,1812
CID36811,interaction,1814
CID36811,interaction,1956
CID36811,interaction,2099
CID36811,interaction,23632
CID36811,interaction,2534
CID36811,interaction,3028
CID36811,interaction,3757
CID36811,interaction,377677
CID36811,interaction,3932
CID36811,interaction,60482
CID36811,interaction,6530
CID36811,interaction,6531
CID36811,interaction,6532
CID36811,interaction,759
CID36811,interaction,760
CID36811,interaction,761
CID36811,interaction,762
CID36811,interaction,763
CID36811,interaction,765
CID36811,interaction,766
CID36811,interaction,768
CID36811,interaction,771
CID3686,interaction,1557
CID3686,interaction,1559
CID3686,interaction,1565
CID3686,interaction,1576
CID3689,interaction,10280
CID3689,interaction,2904
CID3689,interaction,3269
CID3689,interaction,3757
CID3690,interaction,8856
CID3696,interaction,10280
CID3696,interaction,1128
CID3696,interaction,1129
CID3696,interaction,1131
CID3696,interaction,1132
CID3696,interaction,1133
CID3696,interaction,140
CID3696,interaction,146
CID3696,interaction,147
CID3696,interaction,148
CID3696,interaction,150
CID3696,interaction,151
CID3696,interaction,1812
CID3696,interaction,1813
CID3696,interaction,1814
CID3696,interaction,1816
CID3696,interaction,3269
CID3696,interaction,3274
CID3696,interaction,3350
CID3696,interaction,3356
CID3696,interaction,3358
CID3696,interaction,3362
CID3696,interaction,3363
CID3696,interaction,3751
CID3696,interaction,3752
CID3696,interaction,3756
CID3696,interaction,3757
CID3696,interaction,3762
CID3696,interaction,3763
CID3696,interaction,5005
CID3696,interaction,55244
CID3696,interaction,5621
CID3696,interaction,6332
CID3696,interaction,6530
CID3696,interaction,6531
CID3696,interaction,6532
CID3696,interaction,6580
CID3696,interaction,6582
CID3702,interaction,11238
CID3702,interaction,23632
CID3702,interaction,328
CID3702,interaction,3753
CID3702,interaction,377677
CID3702,interaction,3784
CID3702,interaction,6559
CID3702,interaction,759
CID3702,interaction,760
CID3702,interaction,762
CID3702,interaction,763
CID3702,interaction,765
CID3702,interaction,766
CID3702,interaction,768
CID3702,interaction,771
CID3715,interaction,10170
CID3715,interaction,10599
CID3715,interaction,1109
CID3715,interaction,11251
CID3715,interaction,145482
CID3715,interaction,1646
CID3715,interaction,231
CID3715,interaction,240
CID3715,interaction,2739
CID3715,interaction,3576
CID3715,interaction,367
CID3715,interaction,3743
CID3715,interaction,4363
CID3715,interaction,5243
CID3715,interaction,5320
CID3715,interaction,5465
CID3715,interaction,5468
CID3715,interaction,5732
CID3715,interaction,5742
CID3715,interaction,5743
CID3715,interaction,6916
CID3715,interaction,8644
CID3715,interaction,9356
CID3715,interaction,9376
CID3715,interaction,9536
CID37392,interaction,3320
CID37392,interaction,3757
CID37393,interaction,3320
CID37393,interaction,3757
CID3749,interaction,185
CID3749,interaction,1909
CID3749,interaction,3725
CID3749,interaction,6554
CID37542,interaction,132
CID37542,interaction,134
CID37542,interaction,22978
CID37542,interaction,3614
CID37542,interaction,3615
CID37542,interaction,5167
CID37542,interaction,55193
CID37542,interaction,7150
CID3760,interaction,1586
CID3767,interaction,1557
CID3767,interaction,1576
CID3767,interaction,1577
CID3767,interaction,3623
CID3779,interaction,10919
CID3779,interaction,10951
CID3779,interaction,153
CID3779,interaction,154
CID3779,interaction,155
CID3779,interaction,156
CID3779,interaction,2740
CID3779,interaction,3028
CID3779,interaction,3091
CID3779,interaction,390245
CID3779,interaction,4137
CID3779,interaction,5295
CID3779,interaction,5296
CID3779,interaction,5423
CID3779,interaction,5594
CID3779,interaction,60482
CID3779,interaction,6647
CID3779,interaction,7253
CID3779,interaction,8503
CID3784,interaction,3757
CID3784,interaction,775
CID3784,interaction,776
CID3784,interaction,779
CID3784,interaction,781
CID3784,interaction,783
CID3784,interaction,8856
CID3784,interaction,8912
CID3784,interaction,9254
CID38103,interaction,6564
CID3821,interaction,116443
CID3821,interaction,1813
CID3821,interaction,6869
CID3825,interaction,2169
CID3825,interaction,3576
CID3825,interaction,3577
CID3825,interaction,5742
CID3825,interaction,5743
CID3825,interaction,9356
CID3826,interaction,2169
CID3826,interaction,3064
CID3826,interaction,5742
CID3826,interaction,5743
CID3827,interaction,1128
CID3827,interaction,1129
CID3827,interaction,1131
CID3827,interaction,1132
CID3827,interaction,1133
CID3827,interaction,146
CID3827,interaction,150
CID3827,interaction,151
CID3827,interaction,1812
CID3827,interaction,1814
CID3827,interaction,27115
CID3827,interaction,3269
CID3827,interaction,3274
CID3827,interaction,3350
CID3827,interaction,3356
CID3827,interaction,3357
CID3827,interaction,3358
CID3827,interaction,3362
CID3827,interaction,5141
CID3827,interaction,5142
CID3827,interaction,5143
CID3827,interaction,5144
CID3827,interaction,5150
CID3827,interaction,5151
CID3827,interaction,5226
CID3827,interaction,5243
CID3827,interaction,8622
CID38521,interaction,148
CID38521,interaction,6530
CID387447,interaction,101935602
CID387447,interaction,1080
CID387447,interaction,1215
CID387447,interaction,1504
CID387447,interaction,1511
CID387447,interaction,1557
CID387447,interaction,1991
CID387447,interaction,2147
CID387447,interaction,367
CID387447,interaction,4780
CID387447,interaction,51053
CID387447,interaction,5476
CID387447,interaction,5662
CID387447,interaction,5682
CID387447,interaction,5683
CID387447,interaction,5684
CID387447,interaction,5685
CID387447,interaction,5686
CID387447,interaction,5687
CID387447,interaction,5688
CID387447,interaction,5689
CID387447,interaction,5690
CID387447,interaction,5691
CID387447,interaction,5692
CID387447,interaction,5693
CID387447,interaction,5694
CID387447,interaction,5695
CID387447,interaction,5696
CID387447,interaction,5707
CID387447,interaction,5708
CID3878,interaction,10280
CID3878,interaction,3359
CID3878,interaction,6323
CID3878,interaction,6326
CID3878,interaction,6328
CID3878,interaction,6329
CID3878,interaction,6331
CID3878,interaction,6334
CID3878,interaction,6335
CID3878,interaction,6336
CID3883,interaction,10919
CID3883,interaction,1557
CID3883,interaction,1565
CID3883,interaction,162466
CID3883,interaction,2194
CID3883,interaction,4137
CID3883,interaction,4780
CID3883,interaction,4864
CID3883,interaction,495
CID3883,interaction,9367
CID38853,interaction,10919
CID38853,interaction,10951
CID38853,interaction,11201
CID38853,interaction,1491
CID38853,interaction,150
CID38853,interaction,1644
CID38853,interaction,1956
CID38853,interaction,216
CID38853,interaction,2237
CID38853,interaction,2534
CID38853,interaction,3028
CID38853,interaction,3248
CID38853,interaction,328
CID38853,interaction,390245
CID38853,interaction,4137
CID38853,interaction,51053
CID38853,interaction,51426
CID38853,interaction,5423
CID38853,interaction,54737
CID38853,interaction,5965
CID38911,interaction,306
CID3899,interaction,1544
CID3899,interaction,1723
CID3899,interaction,196
CID3899,interaction,2185
CID3899,interaction,240
CID3899,interaction,3064
CID3899,interaction,4128
CID3899,interaction,6530
CID3899,interaction,6531
CID3899,interaction,6606
CID3899,interaction,79915
CID3899,interaction,9154
CID3899,interaction,9367
CID3902,interaction,1584
CID3902,interaction,1585
CID3902,interaction,1588
CID39042,interaction,2169
CID39042,interaction,3156
CID39042,interaction,4023
CID39042,interaction,5465
CID39042,interaction,5467
CID39042,interaction,5468
CID39042,interaction,6256
CID39042,interaction,6257
CID39042,interaction,6258
CID39042,interaction,8856
CID39186,interaction,10919
CID39186,interaction,1576
CID39186,interaction,3356
CID39186,interaction,3359
CID39186,interaction,3757
CID39186,interaction,5243
CID39186,interaction,6332
CID39186,interaction,6580
CID39186,interaction,775
CID39186,interaction,779
CID39186,interaction,786
CID39186,interaction,8912
CID3922,interaction,5468
CID3922,interaction,5914
CID3922,interaction,5915
CID3922,interaction,5916
CID3922,interaction,6256
CID3922,interaction,6257
CID392622,interaction,10599
CID392622,interaction,11309
CID392622,interaction,146802
CID392622,interaction,1559
CID392622,interaction,1565
CID392622,interaction,1576
CID392622,interaction,28234
CID392622,interaction,4986
CID392622,interaction,4988
CID392622,interaction,5243
CID392622,interaction,552
CID392622,interaction,55244
CID392622,interaction,6580
CID392622,interaction,6582
CID392622,interaction,6865
CID392622,interaction,6916
CID392622,interaction,8856
CID3948,interaction,23113
CID3948,interaction,7153
CID3950,interaction,81551
CID3955,interaction,10280
CID3955,interaction,146
CID3955,interaction,154
CID3955,interaction,1565
CID3955,interaction,1814
CID3955,interaction,2903
CID3955,interaction,2904
CID3955,interaction,2905
CID3955,interaction,2906
CID3955,interaction,316
CID3955,interaction,3269
CID3955,interaction,3274
CID3955,interaction,3357
CID3955,interaction,3757
CID3955,interaction,4985
CID3955,interaction,4986
CID3955,interaction,4988
CID3955,interaction,5243
CID3955,interaction,5443
CID3955,interaction,6532
CID3955,interaction,6580
CID3955,interaction,6755
CID3955,interaction,7010
CID3955,interaction,7253
CID3955,interaction,773
CID3955,interaction,801
CID3955,interaction,805
CID3955,interaction,808
CID3955,interaction,9970
CID3957,interaction,3269
CID3957,interaction,3757
CID3957,interaction,55117
CID3957,interaction,8856
CID3957,interaction,9971
CID3964,interaction,1128
CID3964,interaction,1129
CID3964,interaction,1131
CID3964,interaction,1132
CID3964,interaction,1133
CID3964,interaction,148
CID3964,interaction,150
CID3964,interaction,151
CID3964,interaction,152
CID3964,interaction,1812
CID3964,interaction,1813
CID3964,interaction,1814
CID3964,interaction,1815
CID3964,interaction,3269
CID3964,interaction,3350
CID3964,interaction,3356
CID3964,interaction,3358
CID3964,interaction,3362
CID3964,interaction,3363
CID3964,interaction,59340
CID3973,interaction,1263
CID3973,interaction,23476
CID3973,interaction,2475
CID3973,interaction,2932
CID3973,interaction,415116
CID3973,interaction,5290
CID3973,interaction,5291
CID3973,interaction,5292
CID3973,interaction,5293
CID3973,interaction,5294
CID3973,interaction,5295
CID3973,interaction,5347
CID3973,interaction,5591
CID3973,interaction,6046
CID3973,interaction,8019
CID39764,interaction,1135
CID39764,interaction,146802
CID39764,interaction,55244
CID39764,interaction,6582
CID4008,interaction,775
CID4008,interaction,776
CID4008,interaction,778
CID4008,interaction,779
CID4008,interaction,782
CID4008,interaction,783
CID4008,interaction,784
CID4008,interaction,785
CID4008,interaction,8911
CID4008,interaction,8912
CID4008,interaction,8913
CID4011,interaction,11255
CID4011,interaction,1128
CID4011,interaction,1129
CID4011,interaction,1131
CID4011,interaction,1132
CID4011,interaction,1133
CID4011,interaction,146
CID4011,interaction,147
CID4011,interaction,148
CID4011,interaction,150
CID4011,interaction,151
CID4011,interaction,152
CID4011,interaction,1576
CID4011,interaction,1812
CID4011,interaction,1813
CID4011,interaction,1814
CID4011,interaction,1816
CID4011,interaction,2475
CID4011,interaction,316
CID4011,interaction,3269
CID4011,interaction,3274
CID4011,interaction,3356
CID4011,interaction,3357
CID4011,interaction,3358
CID4011,interaction,3362
CID4011,interaction,3363
CID4011,interaction,3763
CID4011,interaction,6530
CID4011,interaction,6531
CID4011,interaction,6532
CID4011,interaction,9429
CID4030,interaction,10383
CID4030,interaction,25
CID4030,interaction,3791
CID4030,interaction,51053
CID4030,interaction,7846
CID4032,interaction,1134
CID4032,interaction,1135
CID4032,interaction,1136
CID4032,interaction,1137
CID4032,interaction,1139
CID4032,interaction,1141
CID4032,interaction,8973
CID4032,interaction,89832
CID4033,interaction,4780
CID4034,interaction,3249
CID4034,interaction,3269
CID4034,interaction,9970
CID4037,interaction,1645
CID4037,interaction,1646
CID4037,interaction,2169
CID4037,interaction,240
CID4037,interaction,3091
CID4037,interaction,367
CID4037,interaction,3785
CID4037,interaction,3786
CID4037,interaction,5594
CID4037,interaction,5742
CID4037,interaction,5743
CID4037,interaction,7276
CID4037,interaction,8644
CID4044,interaction,1559
CID4044,interaction,1645
CID4044,interaction,1646
CID4044,interaction,231
CID4044,interaction,3091
CID4044,interaction,3784
CID4044,interaction,55775
CID4044,interaction,57016
CID4044,interaction,5742
CID4044,interaction,5743
CID4044,interaction,8644
CID4046,interaction,134
CID4046,interaction,135
CID4046,interaction,136
CID4046,interaction,140
CID4046,interaction,2741
CID4046,interaction,3039
CID4046,interaction,3040
CID4046,interaction,3417
CID4046,interaction,3757
CID4046,interaction,4088
CID4046,interaction,5243
CID4054,interaction,116443
CID4054,interaction,1813
CID4054,interaction,2902
CID4054,interaction,2903
CID4054,interaction,2904
CID4054,interaction,3359
CID4054,interaction,6580
CID4054,interaction,89832
CID4055,interaction,10919
CID4055,interaction,154807
CID4055,interaction,1728
CID4055,interaction,2147
CID4055,interaction,2155
CID4055,interaction,2158
CID4055,interaction,2159
CID4055,interaction,2677
CID4055,interaction,2936
CID4055,interaction,316
CID4055,interaction,3620
CID4055,interaction,4128
CID4055,interaction,4129
CID4055,interaction,4137
CID4055,interaction,440503
CID4055,interaction,4780
CID4055,interaction,4835
CID4055,interaction,5346
CID4055,interaction,5624
CID4055,interaction,5627
CID4055,interaction,6311
CID4055,interaction,632
CID4055,interaction,7052
CID4055,interaction,7157
CID4055,interaction,7347
CID4055,interaction,7421
CID4055,interaction,79001
CID4055,interaction,8856
CID4055,interaction,8858
CID4055,interaction,994
CID4055,interaction,995
CID4057,interaction,1128
CID4057,interaction,1129
CID4057,interaction,1131
CID4062,interaction,6336
CID406563,interaction,10114
CID406563,interaction,1017
CID406563,interaction,1018
CID406563,interaction,1020
CID406563,interaction,1022
CID406563,interaction,1024
CID406563,interaction,10461
CID406563,interaction,10733
CID406563,interaction,11113
CID406563,interaction,11183
CID406563,interaction,11184
CID406563,interaction,1195
CID406563,interaction,140469
CID406563,interaction,1432
CID406563,interaction,1436
CID406563,interaction,1445
CID406563,interaction,1452
CID406563,interaction,147746
CID406563,interaction,1969
CID406563,interaction,2041
CID406563,interaction,2042
CID406563,interaction,2043
CID406563,interaction,2044
CID406563,interaction,2045
CID406563,interaction,2046
CID406563,interaction,2047
CID406563,interaction,2048
CID406563,interaction,204851
CID406563,interaction,2050
CID406563,interaction,2051
CID406563,interaction,2053
CID406563,interaction,225689
CID406563,interaction,2260
CID406563,interaction,2261
CID406563,interaction,2263
CID406563,interaction,2268
CID406563,interaction,23043
CID406563,interaction,23097
CID406563,interaction,2321
CID406563,interaction,2322
CID406563,interaction,2324
CID406563,interaction,2444
CID406563,interaction,25
CID406563,interaction,2534
CID406563,interaction,27
CID406563,interaction,27148
CID406563,interaction,27330
CID406563,interaction,285220
CID406563,interaction,2872
CID406563,interaction,28996
CID406563,interaction,2932
CID406563,interaction,3055
CID406563,interaction,3350
CID406563,interaction,3356
CID406563,interaction,3357
CID406563,interaction,3358
CID406563,interaction,3361
CID406563,interaction,3362
CID406563,interaction,3363
CID406563,interaction,3643
CID406563,interaction,3654
CID406563,interaction,367
CID406563,interaction,3718
CID406563,interaction,3791
CID406563,interaction,3815
CID406563,interaction,3932
CID406563,interaction,3984
CID406563,interaction,3985
CID406563,interaction,4067
CID406563,interaction,4160
CID406563,interaction,4593
CID406563,interaction,4914
CID406563,interaction,4915
CID406563,interaction,4916
CID406563,interaction,4921
CID406563,interaction,50488
CID406563,interaction,51053
CID406563,interaction,51086
CID406563,interaction,51265
CID406563,interaction,5128
CID406563,interaction,51347
CID406563,interaction,5156
CID406563,interaction,5159
CID406563,interaction,51701
CID406563,interaction,51776
CID406563,interaction,5218
CID406563,interaction,558
CID406563,interaction,5594
CID406563,interaction,5595
CID406563,interaction,5600
CID406563,interaction,5601
CID406563,interaction,5603
CID406563,interaction,5607
CID406563,interaction,57551
CID406563,interaction,5894
CID406563,interaction,5979
CID406563,interaction,6198
CID406563,interaction,6300
CID406563,interaction,640
CID406563,interaction,65061
CID406563,interaction,65975
CID406563,interaction,6714
CID406563,interaction,6725
CID406563,interaction,673
CID406563,interaction,6732
CID406563,interaction,6790
CID406563,interaction,6793
CID406563,interaction,6795
CID406563,interaction,6885
CID406563,interaction,7010
CID406563,interaction,7048
CID406563,interaction,7075
CID406563,interaction,7272
CID406563,interaction,780
CID406563,interaction,7849
CID406563,interaction,80122
CID406563,interaction,816
CID406563,interaction,8444
CID406563,interaction,85366
CID406563,interaction,8569
CID406563,interaction,8711
CID406563,interaction,8767
CID406563,interaction,8999
CID406563,interaction,91807
CID406563,interaction,9212
CID406563,interaction,9344
CID406563,interaction,9448
CID406563,interaction,9748
CID4075,interaction,10919
CID4075,interaction,1147
CID4075,interaction,240
CID4075,interaction,3028
CID4075,interaction,328
CID4075,interaction,3551
CID4075,interaction,4353
CID4075,interaction,51426
CID4075,interaction,5468
CID4075,interaction,5742
CID4075,interaction,5743
CID4075,interaction,5965
CID4075,interaction,834
CID4091,interaction,1803
CID4091,interaction,367
CID4091,interaction,5564
CID4091,interaction,6580
CID4091,interaction,6581
CID4091,interaction,6582
CID4100,interaction,10919
CID4100,interaction,11238
CID4100,interaction,23632
CID4100,interaction,377677
CID4100,interaction,759
CID4100,interaction,760
CID4100,interaction,761
CID4100,interaction,762
CID4100,interaction,763
CID4100,interaction,765
CID4100,interaction,766
CID4100,interaction,768
CID4100,interaction,771
CID41022,interaction,10021
CID41022,interaction,3741
CID41022,interaction,3743
CID41022,interaction,3746
CID41022,interaction,3757
CID41022,interaction,6329
CID41022,interaction,6331
CID41022,interaction,7253
CID4107,interaction,759
CID41114,interaction,1128
CID41114,interaction,1129
CID41114,interaction,1131
CID41114,interaction,1132
CID41114,interaction,1133
CID41114,interaction,140
CID41114,interaction,146
CID41114,interaction,147
CID41114,interaction,148
CID41114,interaction,1559
CID41114,interaction,1576
CID41114,interaction,1812
CID41114,interaction,3739
CID41114,interaction,3757
CID41114,interaction,4190
CID41114,interaction,5136
CID41114,interaction,5153
CID41114,interaction,5243
CID41114,interaction,775
CID41114,interaction,776
CID41114,interaction,781
CID41114,interaction,783
CID41114,interaction,801
CID41114,interaction,805
CID41114,interaction,808
CID41114,interaction,8856
CID41114,interaction,8912
CID41114,interaction,9429
CID4114,interaction,1544
CID4114,interaction,1548
CID4114,interaction,4128
CID4114,interaction,43
CID4121,interaction,6557
CID4121,interaction,759
CID4121,interaction,760
CID4121,interaction,762
CID4122,interaction,27306
CID4139,interaction,43
CID41684,interaction,196
CID41684,interaction,231
CID41684,interaction,387129
CID41684,interaction,4864
CID4170,interaction,11238
CID4170,interaction,23632
CID4170,interaction,6557
CID4170,interaction,6559
CID4170,interaction,760
CID4170,interaction,762
CID4170,interaction,763
CID4170,interaction,765
CID4170,interaction,766
CID4170,interaction,768
CID4170,interaction,771
CID4171,interaction,153
CID4171,interaction,154
CID4171,interaction,155
CID4173,interaction,216
CID4178,interaction,196
CID4178,interaction,3757
CID4178,interaction,6326
CID4178,interaction,6331
CID41781,interaction,6557
CID4184,interaction,1128
CID4184,interaction,1129
CID4184,interaction,1131
CID4184,interaction,1132
CID4184,interaction,1133
CID4184,interaction,146
CID4184,interaction,147
CID4184,interaction,148
CID4184,interaction,150
CID4184,interaction,151
CID4184,interaction,152
CID4184,interaction,1812
CID4184,interaction,1813
CID4184,interaction,1814
CID4184,interaction,1815
CID4184,interaction,1816
CID4184,interaction,3269
CID4184,interaction,3274
CID4184,interaction,3350
CID4184,interaction,3351
CID4184,interaction,3352
CID4184,interaction,3354
CID4184,interaction,3355
CID4184,interaction,3356
CID4184,interaction,3357
CID4184,interaction,3358
CID4184,interaction,3359
CID4184,interaction,3362
CID4184,interaction,3363
CID4184,interaction,4986
CID4184,interaction,59340
CID4184,interaction,6530
CID4184,interaction,6531
CID4184,interaction,6532
CID4189,interaction,10242
CID4189,interaction,1128
CID4189,interaction,1129
CID4189,interaction,1131
CID4189,interaction,1132
CID4189,interaction,1268
CID4189,interaction,134
CID4189,interaction,135
CID4189,interaction,140
CID4189,interaction,146
CID4189,interaction,150
CID4189,interaction,151
CID4189,interaction,153
CID4189,interaction,155
CID4189,interaction,1557
CID4189,interaction,1559
CID4189,interaction,1565
CID4189,interaction,1576
CID4189,interaction,1586
CID4189,interaction,1588
CID4189,interaction,1595
CID4189,interaction,1812
CID4189,interaction,1813
CID4189,interaction,1814
CID4189,interaction,1815
CID4189,interaction,186
CID4189,interaction,1956
CID4189,interaction,2064
CID4189,interaction,249
CID4189,interaction,2534
CID4189,interaction,27094
CID4189,interaction,27345
CID4189,interaction,2916
CID4189,interaction,3274
CID4189,interaction,3320
CID4189,interaction,3350
CID4189,interaction,3356
CID4189,interaction,3357
CID4189,interaction,3358
CID4189,interaction,3362
CID4189,interaction,3620
CID4189,interaction,3757
CID4189,interaction,3778
CID4189,interaction,3779
CID4189,interaction,3780
CID4189,interaction,3781
CID4189,interaction,3782
CID4189,interaction,3783
CID4189,interaction,4159
CID4189,interaction,4160
CID4189,interaction,4161
CID4189,interaction,4190
CID4189,interaction,43
CID4189,interaction,4843
CID4189,interaction,4846
CID4189,interaction,4985
CID4189,interaction,4986
CID4189,interaction,4988
CID4189,interaction,5243
CID4189,interaction,5743
CID4189,interaction,6530
CID4189,interaction,6531
CID4189,interaction,6532
CID4189,interaction,6865
CID4189,interaction,6869
CID4189,interaction,6916
CID4189,interaction,7226
CID4189,interaction,81033
CID4189,interaction,8856
CID4189,interaction,90134
CID4194514,interaction,2224
CID4197,interaction,5138
CID4197,interaction,5139
CID4197,interaction,5140
CID4197,interaction,5742
CID4197,interaction,8654
CID4201,interaction,3758
CID4201,interaction,5742
CID4201,interaction,5972
CID4205,interaction,11255
CID4205,interaction,1128
CID4205,interaction,1129
CID4205,interaction,146
CID4205,interaction,147
CID4205,interaction,148
CID4205,interaction,150
CID4205,interaction,151
CID4205,interaction,152
CID4205,interaction,153
CID4205,interaction,154
CID4205,interaction,1812
CID4205,interaction,1813
CID4205,interaction,1814
CID4205,interaction,1816
CID4205,interaction,3269
CID4205,interaction,3350
CID4205,interaction,3356
CID4205,interaction,3357
CID4205,interaction,3358
CID4205,interaction,3359
CID4205,interaction,3363
CID4205,interaction,4986
CID4205,interaction,6530
CID4205,interaction,6531
CID4205,interaction,6532
CID4211,interaction,140
CID4211,interaction,150
CID4211,interaction,1583
CID4211,interaction,1584
CID4211,interaction,2099
CID4211,interaction,2230
CID4211,interaction,3357
CID4211,interaction,3362
CID4211,interaction,367
CID4211,interaction,3757
CID4211,interaction,5241
CID4211,interaction,6530
CID4211,interaction,6531
CID4211,interaction,6532
CID4212,interaction,10919
CID4212,interaction,10951
CID4212,interaction,11201
CID4212,interaction,1128
CID4212,interaction,1129
CID4212,interaction,1132
CID4212,interaction,1244
CID4212,interaction,146802
CID4212,interaction,1956
CID4212,interaction,2064
CID4212,interaction,2237
CID4212,interaction,2534
CID4212,interaction,26013
CID4212,interaction,28234
CID4212,interaction,29994
CID4212,interaction,3064
CID4212,interaction,328
CID4212,interaction,3358
CID4212,interaction,3417
CID4212,interaction,367
CID4212,interaction,3757
CID4212,interaction,387129
CID4212,interaction,4088
CID4212,interaction,4137
CID4212,interaction,4154
CID4212,interaction,4350
CID4212,interaction,4363
CID4212,interaction,4790
CID4212,interaction,51426
CID4212,interaction,5243
CID4212,interaction,5292
CID4212,interaction,5423
CID4212,interaction,5429
CID4212,interaction,54737
CID4212,interaction,55244
CID4212,interaction,5594
CID4212,interaction,5893
CID4212,interaction,5965
CID4212,interaction,6311
CID4212,interaction,641
CID4212,interaction,6530
CID4212,interaction,6580
CID4212,interaction,6581
CID4212,interaction,6582
CID4212,interaction,65975
CID4212,interaction,695
CID4212,interaction,7066
CID4212,interaction,7153
CID4212,interaction,7468
CID4212,interaction,7486
CID4212,interaction,7849
CID4212,interaction,79915
CID4212,interaction,9429
CID4212,interaction,9682
CID4219798,interaction,3758
CID4219798,interaction,5742
CID4219798,interaction,5972
CID4235,interaction,3350
CID4235,interaction,4128
CID4261,interaction,3065
CID4261,interaction,8841
CID42611257,interaction,369
CID42611257,interaction,3791
CID42611257,interaction,5894
CID42611257,interaction,673
CID42611257,interaction,7525
CID43116,interaction,1576
CID43116,interaction,367
CID43116,interaction,81027
CID4369359,interaction,1803
CID4369359,interaction,2191
CID4369359,interaction,29952
CID4369359,interaction,54878
CID4369359,interaction,91039
CID43815,interaction,10280
CID43815,interaction,1128
CID43815,interaction,1129
CID43815,interaction,1131
CID43815,interaction,1132
CID43815,interaction,1133
CID43815,interaction,150
CID43815,interaction,153
CID43815,interaction,1544
CID43815,interaction,1565
CID43815,interaction,1814
CID43815,interaction,2475
CID43815,interaction,2740
CID43815,interaction,3350
CID43815,interaction,3356
CID43815,interaction,3757
CID43815,interaction,5025
CID43815,interaction,6530
CID43815,interaction,6531
CID43815,interaction,6532
CID43815,interaction,6869
CID43815,interaction,7157
CID439246,interaction,1545
CID439246,interaction,1588
CID439246,interaction,3292
CID439246,interaction,4363
CID439246,interaction,6462
CID439246,interaction,873
CID439260,interaction,146
CID439260,interaction,147
CID439260,interaction,148
CID439260,interaction,150
CID439260,interaction,151
CID439260,interaction,152
CID439260,interaction,153
CID439260,interaction,154
CID439260,interaction,155
CID439260,interaction,1813
CID439260,interaction,5053
CID439501,interaction,476
CID439693,interaction,100
CID4409,interaction,1544
CID4409,interaction,4128
CID4409,interaction,5742
CID4409,interaction,5743
CID4409,interaction,6530
CID44093,interaction,10919
CID44093,interaction,1636
CID44093,interaction,2147
CID44093,interaction,4048
CID44093,interaction,4313
CID44093,interaction,4318
CID44093,interaction,5742
CID44093,interaction,5743
CID44093,interaction,5972
CID44093,interaction,623
CID441074,interaction,10021
CID441074,interaction,1129
CID441074,interaction,146
CID441074,interaction,147
CID441074,interaction,148
CID441074,interaction,1565
CID441074,interaction,222962
CID441074,interaction,338567
CID441074,interaction,343450
CID441074,interaction,3741
CID441074,interaction,3743
CID441074,interaction,3751
CID441074,interaction,3756
CID441074,interaction,3757
CID441074,interaction,3775
CID441074,interaction,5243
CID441074,interaction,54207
CID441074,interaction,55244
CID441074,interaction,55800
CID441074,interaction,57582
CID441074,interaction,590
CID441074,interaction,6324
CID441074,interaction,6327
CID441074,interaction,6330
CID441074,interaction,6331
CID441074,interaction,6582
CID441074,interaction,83795
CID441074,interaction,8645
CID441074,interaction,9424
CID441140,interaction,1595
CID441140,interaction,203068
CID441140,interaction,367
CID441140,interaction,3859
CID441207,interaction,2908
CID441207,interaction,3417
CID441207,interaction,353189
CID441207,interaction,367
CID441207,interaction,3757
CID441207,interaction,4088
CID441207,interaction,476
CID441207,interaction,4780
CID441207,interaction,51053
CID441207,interaction,6774
CID441207,interaction,79915
CID441300,interaction,213
CID441308,interaction,153
CID441308,interaction,154
CID441308,interaction,155
CID441308,interaction,4886
CID441314,interaction,23193
CID441314,interaction,2548
CID441314,interaction,2595
CID441314,interaction,2629
CID441314,interaction,279
CID441314,interaction,3938
CID441314,interaction,6476
CID441314,interaction,8972
CID441325,interaction,10021
CID441325,interaction,10280
CID441325,interaction,10682
CID441325,interaction,1128
CID441325,interaction,1129
CID441325,interaction,1131
CID441325,interaction,1132
CID441325,interaction,1133
CID441325,interaction,1233
CID441325,interaction,140
CID441325,interaction,150
CID441325,interaction,151
CID441325,interaction,153
CID441325,interaction,155
CID441325,interaction,1559
CID441325,interaction,1576
CID441325,interaction,1812
CID441325,interaction,1813
CID441325,interaction,1814
CID441325,interaction,1815
CID441325,interaction,1909
CID441325,interaction,2064
CID441325,interaction,2222
CID441325,interaction,2534
CID441325,interaction,3274
CID441325,interaction,3356
CID441325,interaction,3357
CID441325,interaction,3358
CID441325,interaction,3362
CID441325,interaction,3743
CID441325,interaction,3757
CID441325,interaction,4159
CID441325,interaction,4160
CID441325,interaction,4161
CID441325,interaction,4985
CID441325,interaction,4986
CID441325,interaction,4988
CID441325,interaction,51053
CID441325,interaction,5243
CID441325,interaction,5468
CID441325,interaction,55145
CID441325,interaction,624
CID441325,interaction,6331
CID441325,interaction,6332
CID441325,interaction,6530
CID441325,interaction,6531
CID441325,interaction,6532
CID441325,interaction,6713
CID441325,interaction,6865
CID441325,interaction,7067
CID441325,interaction,7068
CID441325,interaction,729230
CID441325,interaction,8912
CID441325,interaction,9254
CID441344,interaction,10280
CID441344,interaction,1128
CID441344,interaction,1129
CID441344,interaction,1131
CID441344,interaction,1132
CID441344,interaction,1133
CID441344,interaction,1814
CID441344,interaction,3274
CID441344,interaction,3356
CID441344,interaction,3357
CID441344,interaction,3358
CID441344,interaction,3362
CID441350,interaction,7054
CID441351,interaction,1129
CID441351,interaction,1135
CID441351,interaction,3359
CID441351,interaction,367
CID441361,interaction,4953
CID44137675,interaction,5291
CID441401,interaction,4128
CID441401,interaction,4129
CID44187,interaction,55867
CID44187,interaction,9356
CID44187,interaction,9376
CID4421,interaction,10919
CID4421,interaction,3357
CID44259,interaction,1017
CID44259,interaction,1111
CID44259,interaction,1445
CID44259,interaction,2932
CID44259,interaction,3702
CID44259,interaction,3932
CID44259,interaction,5170
CID44259,interaction,5292
CID44259,interaction,5294
CID44259,interaction,5588
CID44259,interaction,6850
CID44259,interaction,7535
CID44259,interaction,9261
CID4436,interaction,11188
CID4436,interaction,148
CID4436,interaction,150
CID4436,interaction,151
CID4436,interaction,152
CID443867,interaction,10280
CID443867,interaction,150
CID443867,interaction,1565
CID443867,interaction,43
CID443867,interaction,6530
CID443867,interaction,6532
CID443867,interaction,6713
CID443872,interaction,2908
CID443872,interaction,4306
CID443878,interaction,1128
CID443878,interaction,1129
CID443878,interaction,1131
CID443878,interaction,1132
CID443878,interaction,1133
CID443878,interaction,3757
CID443878,interaction,6331
CID443936,interaction,2908
CID443939,interaction,1128
CID443939,interaction,1244
CID443939,interaction,1717
CID443939,interaction,2064
CID443939,interaction,2534
CID443939,interaction,368
CID443939,interaction,3932
CID443939,interaction,4313
CID443939,interaction,4363
CID443939,interaction,5243
CID443939,interaction,6790
CID443939,interaction,7015
CID443939,interaction,7150
CID443939,interaction,7153
CID443939,interaction,834
CID443939,interaction,9221
CID443939,interaction,9429
CID443943,interaction,2908
CID443943,interaction,367
CID443943,interaction,4780
CID443943,interaction,6608
CID444,interaction,1136
CID444,interaction,6530
CID444,interaction,6531
CID444,interaction,6532
CID4440,interaction,3350
CID4440,interaction,3351
CID4440,interaction,3352
CID4440,interaction,3354
CID4440,interaction,3355
CID444020,interaction,2548
CID444020,interaction,6476
CID444020,interaction,8972
CID444031,interaction,1128
CID444031,interaction,1129
CID444031,interaction,1131
CID444031,interaction,1132
CID444031,interaction,1133
CID444036,interaction,2908
CID444036,interaction,4306
CID444036,interaction,5241
CID444036,interaction,5321
CID44462760,interaction,150094
CID44462760,interaction,369
CID44462760,interaction,3984
CID44462760,interaction,5894
CID44462760,interaction,673
CID44462760,interaction,7046
CID44462760,interaction,79858
CID444732,interaction,10013
CID444732,interaction,10014
CID444732,interaction,2152
CID444732,interaction,23450
CID444732,interaction,3065
CID444732,interaction,3066
CID444732,interaction,51564
CID444732,interaction,55869
CID444732,interaction,79885
CID444732,interaction,83933
CID444732,interaction,8841
CID444732,interaction,9734
CID444732,interaction,9759
CID44475014,interaction,166785
CID44475014,interaction,25974
CID44475014,interaction,326625
CID44475014,interaction,4548
CID44475014,interaction,4552
CID44475014,interaction,4594
CID44475014,interaction,6947
CID44475014,interaction,8029
CID44475014,interaction,81693
CID444795,interaction,140
CID444795,interaction,190
CID444795,interaction,216
CID444795,interaction,27306
CID444795,interaction,29991
CID444795,interaction,3091
CID444795,interaction,3357
CID444795,interaction,3933
CID444795,interaction,5166
CID444795,interaction,5467
CID444795,interaction,5594
CID444795,interaction,5914
CID444795,interaction,5915
CID444795,interaction,5916
CID444795,interaction,5918
CID444795,interaction,5950
CID444795,interaction,5959
CID444795,interaction,6095
CID444795,interaction,6096
CID444795,interaction,6097
CID444795,interaction,6256
CID444795,interaction,6257
CID444795,interaction,6258
CID444795,interaction,7182
CID444795,interaction,8854
CID444795,interaction,9052
CID445154,interaction,11238
CID445154,interaction,1457
CID445154,interaction,1545
CID445154,interaction,2099
CID445154,interaction,23632
CID445154,interaction,377677
CID445154,interaction,4835
CID445154,interaction,5468
CID445154,interaction,5742
CID445154,interaction,5743
CID445154,interaction,759
CID445154,interaction,760
CID445154,interaction,761
CID445154,interaction,762
CID445154,interaction,763
CID445154,interaction,765
CID445154,interaction,766
CID445154,interaction,768
CID445154,interaction,771
CID445643,interaction,1576
CID445643,interaction,2280
CID445643,interaction,2281
CID445643,interaction,2289
CID445643,interaction,23450
CID445643,interaction,2475
CID445643,interaction,3458
CID445643,interaction,3558
CID445643,interaction,3567
CID445643,interaction,3757
CID445643,interaction,5530
CID445643,interaction,5533
CID445643,interaction,60681
CID445858,interaction,23632
CID445858,interaction,759
CID445858,interaction,760
CID445858,interaction,763
CID445858,interaction,765
CID445858,interaction,768
CID445858,interaction,771
CID4460695,interaction,3320
CID4460695,interaction,7184
CID446156,interaction,3156
CID446156,interaction,9970
CID44631912,interaction,1019
CID44631912,interaction,1021
CID446541,interaction,3614
CID446541,interaction,3615
CID446541,interaction,367
CID446541,interaction,5468
CID446541,interaction,6606
CID446541,interaction,6622
CID446727,interaction,7083
CID447043,interaction,1244
CID447043,interaction,23569
CID447043,interaction,2862
CID447043,interaction,3757
CID447043,interaction,5243
CID447077,interaction,100130827
CID447077,interaction,10188
CID447077,interaction,10494
CID447077,interaction,10746
CID447077,interaction,11183
CID447077,interaction,11184
CID447077,interaction,120892
CID447077,interaction,1263
CID447077,interaction,140901
CID447077,interaction,1432
CID447077,interaction,1436
CID447077,interaction,1445
CID447077,interaction,150094
CID447077,interaction,167359
CID447077,interaction,1956
CID447077,interaction,1969
CID447077,interaction,2011
CID447077,interaction,202374
CID447077,interaction,2041
CID447077,interaction,2042
CID447077,interaction,2043
CID447077,interaction,2044
CID447077,interaction,2046
CID447077,interaction,2047
CID447077,interaction,2048
CID447077,interaction,2049
CID447077,interaction,2050
CID447077,interaction,2051
CID447077,interaction,2065
CID447077,interaction,2066
CID447077,interaction,2185
CID447077,interaction,2241
CID447077,interaction,2242
CID447077,interaction,2260
CID447077,interaction,2261
CID447077,interaction,2263
CID447077,interaction,2264
CID447077,interaction,2268
CID447077,interaction,23043
CID447077,interaction,2321
CID447077,interaction,2322
CID447077,interaction,23235
CID447077,interaction,2324
CID447077,interaction,23387
CID447077,interaction,2444
CID447077,interaction,25
CID447077,interaction,2534
CID447077,interaction,2580
CID447077,interaction,27
CID447077,interaction,27148
CID447077,interaction,285220
CID447077,interaction,3055
CID447077,interaction,341676
CID447077,interaction,3716
CID447077,interaction,3717
CID447077,interaction,3718
CID447077,interaction,3791
CID447077,interaction,3815
CID447077,interaction,3932
CID447077,interaction,3984
CID447077,interaction,3985
CID447077,interaction,4067
CID447077,interaction,4140
CID447077,interaction,4215
CID447077,interaction,4216
CID447077,interaction,4233
CID447077,interaction,4293
CID447077,interaction,4294
CID447077,interaction,440275
CID447077,interaction,4486
CID447077,interaction,4750
CID447077,interaction,4751
CID447077,interaction,4869
CID447077,interaction,4916
CID447077,interaction,4921
CID447077,interaction,494551
CID447077,interaction,50488
CID447077,interaction,51086
CID447077,interaction,51347
CID447077,interaction,5156
CID447077,interaction,5159
CID447077,interaction,51701
CID447077,interaction,51765
CID447077,interaction,51776
CID447077,interaction,55351
CID447077,interaction,55561
CID447077,interaction,5596
CID447077,interaction,5597
CID447077,interaction,5599
CID447077,interaction,5600
CID447077,interaction,5604
CID447077,interaction,5605
CID447077,interaction,5606
CID447077,interaction,5607
CID447077,interaction,5608
CID447077,interaction,56997
CID447077,interaction,5753
CID447077,interaction,57551
CID447077,interaction,5871
CID447077,interaction,5894
CID447077,interaction,5979
CID447077,interaction,640
CID447077,interaction,6416
CID447077,interaction,657
CID447077,interaction,658
CID447077,interaction,660
CID447077,interaction,6714
CID447077,interaction,6725
CID447077,interaction,673
CID447077,interaction,6788
CID447077,interaction,6789
CID447077,interaction,6793
CID447077,interaction,6795
CID447077,interaction,6850
CID447077,interaction,695
CID447077,interaction,7006
CID447077,interaction,7010
CID447077,interaction,7016
CID447077,interaction,7046
CID447077,interaction,7048
CID447077,interaction,7075
CID447077,interaction,7294
CID447077,interaction,7297
CID447077,interaction,7301
CID447077,interaction,7465
CID447077,interaction,7525
CID447077,interaction,780
CID447077,interaction,79837
CID447077,interaction,79858
CID447077,interaction,79934
CID447077,interaction,80122
CID447077,interaction,8428
CID447077,interaction,84446
CID447077,interaction,8476
CID447077,interaction,8491
CID447077,interaction,85366
CID447077,interaction,8711
CID447077,interaction,8737
CID447077,interaction,8767
CID447077,interaction,90
CID447077,interaction,9024
CID447077,interaction,9088
CID447077,interaction,91
CID447077,interaction,91807
CID447077,interaction,92
CID447077,interaction,93
CID447077,interaction,9344
CID447077,interaction,94
CID447077,interaction,9448
CID447077,interaction,9578
CID447077,interaction,9748
CID4472,interaction,10919
CID4472,interaction,1312
CID4472,interaction,390245
CID4472,interaction,4128
CID4472,interaction,4129
CID4474,interaction,1128
CID4474,interaction,1129
CID4474,interaction,1131
CID4474,interaction,1132
CID4474,interaction,1133
CID4474,interaction,140
CID4474,interaction,146
CID4474,interaction,147
CID4474,interaction,148
CID4474,interaction,1559
CID4474,interaction,1576
CID4474,interaction,1812
CID4474,interaction,3739
CID4474,interaction,3757
CID4474,interaction,4190
CID4474,interaction,5136
CID4474,interaction,5153
CID4474,interaction,5243
CID4474,interaction,775
CID4474,interaction,776
CID4474,interaction,781
CID4474,interaction,783
CID4474,interaction,801
CID4474,interaction,805
CID4474,interaction,808
CID4474,interaction,8856
CID4474,interaction,8912
CID4474,interaction,9429
CID4477,interaction,10919
CID4477,interaction,1559
CID4477,interaction,1956
CID4477,interaction,196
CID4477,interaction,207
CID4477,interaction,2260
CID4477,interaction,2475
CID4477,interaction,2778
CID4477,interaction,2932
CID4477,interaction,3091
CID4477,interaction,3417
CID4477,interaction,3717
CID4477,interaction,3791
CID4477,interaction,3815
CID4477,interaction,4067
CID4477,interaction,4137
CID4477,interaction,4780
CID4477,interaction,4864
CID4477,interaction,51053
CID4477,interaction,5170
CID4477,interaction,5315
CID4477,interaction,57582
CID4477,interaction,6256
CID4477,interaction,6311
CID4477,interaction,6606
CID4477,interaction,6714
CID4477,interaction,6774
CID4477,interaction,6790
CID4477,interaction,7010
CID4477,interaction,7066
CID4477,interaction,7157
CID4477,interaction,7253
CID4477,interaction,9367
CID447865,interaction,10376
CID447865,interaction,10381
CID447865,interaction,10382
CID447865,interaction,10383
CID447865,interaction,203068
CID447865,interaction,51807
CID447865,interaction,56604
CID447865,interaction,7277
CID447865,interaction,7278
CID447865,interaction,7846
CID447865,interaction,81027
CID447865,interaction,84790
CID448013,interaction,10376
CID448013,interaction,10381
CID448013,interaction,10382
CID448013,interaction,10383
CID448013,interaction,203068
CID448013,interaction,51807
CID448013,interaction,56604
CID448013,interaction,7277
CID448013,interaction,7278
CID448013,interaction,7846
CID448013,interaction,81027
CID448013,interaction,84790
CID448042,interaction,5566
CID448042,interaction,5569
CID448042,interaction,5581
CID448042,interaction,5586
CID448042,interaction,6093
CID448042,interaction,6347
CID448042,interaction,9252
CID448042,interaction,9475
CID448055,interaction,5141
CID448055,interaction,5142
CID448055,interaction,5143
CID448055,interaction,5144
CID4485,interaction,10919
CID4485,interaction,134
CID4485,interaction,135
CID4485,interaction,140
CID4485,interaction,1544
CID4485,interaction,1576
CID4485,interaction,1812
CID4485,interaction,216
CID4485,interaction,2741
CID4485,interaction,2743
CID4485,interaction,2936
CID4485,interaction,3028
CID4485,interaction,3091
CID4485,interaction,3356
CID4485,interaction,3358
CID4485,interaction,3736
CID4485,interaction,3737
CID4485,interaction,3741
CID4485,interaction,3743
CID4485,interaction,3757
CID4485,interaction,3776
CID4485,interaction,4137
CID4485,interaction,4638
CID4485,interaction,5141
CID4485,interaction,5999
CID4485,interaction,6916
CID4485,interaction,7276
CID4485,interaction,729230
CID4485,interaction,7421
CID4485,interaction,775
CID4485,interaction,776
CID4485,interaction,778
CID4485,interaction,779
CID4485,interaction,781
CID4485,interaction,783
CID4485,interaction,8001
CID4485,interaction,801
CID4485,interaction,805
CID4485,interaction,808
CID4485,interaction,8647
CID4485,interaction,8856
CID4485,interaction,8912
CID4485,interaction,9154
CID448537,interaction,10499
CID448537,interaction,10800
CID448537,interaction,1128
CID448537,interaction,1131
CID448537,interaction,134
CID448537,interaction,135
CID448537,interaction,140
CID448537,interaction,1432
CID448537,interaction,146
CID448537,interaction,150
CID448537,interaction,151
CID448537,interaction,152
CID448537,interaction,153
CID448537,interaction,1812
CID448537,interaction,1813
CID448537,interaction,1814
CID448537,interaction,2099
CID448537,interaction,2100
CID448537,interaction,2101
CID448537,interaction,2103
CID448537,interaction,2104
CID448537,interaction,2534
CID448537,interaction,2582
CID448537,interaction,2908
CID448537,interaction,316
CID448537,interaction,3356
CID448537,interaction,3357
CID448537,interaction,3358
CID448537,interaction,3362
CID448537,interaction,367
CID448537,interaction,43
CID448537,interaction,4985
CID448537,interaction,4986
CID448537,interaction,4988
CID448537,interaction,552
CID448537,interaction,5742
CID448537,interaction,6462
CID448537,interaction,6530
CID448537,interaction,6531
CID448537,interaction,6532
CID448537,interaction,6865
CID448537,interaction,6916
CID448537,interaction,8856
CID448537,interaction,9154
CID448537,interaction,9429
CID448601,interaction,4988
CID448601,interaction,6751
CID448601,interaction,6752
CID448601,interaction,6753
CID448601,interaction,6754
CID448601,interaction,6755
CID4488,interaction,1187
CID4488,interaction,1188
CID4488,interaction,2859
CID4488,interaction,343450
CID4488,interaction,3784
CID4488,interaction,5319
CID4488,interaction,5321
CID4488,interaction,54600
CID4488,interaction,5742
CID4488,interaction,5743
CID4488,interaction,7223
CID4488,interaction,7276
CID448812,interaction,3690
CID448949,interaction,1020
CID448949,interaction,1195
CID448949,interaction,240
CID448949,interaction,2931
CID448949,interaction,2932
CID448949,interaction,5610
CID448949,interaction,6790
CID448949,interaction,6795
CID448949,interaction,9212
CID448949,interaction,9971
CID448991,interaction,1017
CID448991,interaction,1019
CID448991,interaction,1020
CID448991,interaction,3643
CID448991,interaction,5594
CID448991,interaction,5595
CID448991,interaction,6733
CID448991,interaction,983
CID449035,interaction,7498
CID449171,interaction,3486
CID449171,interaction,5467
CID449171,interaction,5673
CID449171,interaction,5914
CID449171,interaction,5915
CID449171,interaction,5916
CID449171,interaction,6096
CID449171,interaction,6097
CID449171,interaction,6256
CID449171,interaction,6257
CID449171,interaction,6258
CID449193,interaction,5141
CID449193,interaction,5142
CID449193,interaction,5143
CID449193,interaction,5144
CID449241,interaction,10000
CID449241,interaction,1452
CID449241,interaction,1457
CID449241,interaction,207
CID449241,interaction,208
CID449241,interaction,5566
CID449241,interaction,5569
CID449241,interaction,5578
CID449241,interaction,5592
CID449241,interaction,6198
CID449241,interaction,816
CID449241,interaction,83903
CID449241,interaction,91807
CID449241,interaction,9252
CID449241,interaction,9475
CID4493,interaction,367
CID4493,interaction,4780
CID4494,interaction,55799
CID4494,interaction,775
CID4494,interaction,776
CID4494,interaction,779
CID4494,interaction,781
CID4494,interaction,783
CID4494,interaction,786
CID4494,interaction,8856
CID4495,interaction,1588
CID4495,interaction,30814
CID4495,interaction,4057
CID4495,interaction,4312
CID4495,interaction,4353
CID4495,interaction,5141
CID4495,interaction,55775
CID4495,interaction,5742
CID4495,interaction,5743
CID4495,interaction,6531
CID4497,interaction,1268
CID4497,interaction,140
CID4497,interaction,1557
CID4497,interaction,1559
CID4497,interaction,1576
CID4497,interaction,196
CID4497,interaction,4306
CID4497,interaction,4790
CID4497,interaction,775
CID4497,interaction,776
CID4497,interaction,778
CID4497,interaction,779
CID4497,interaction,782
CID4497,interaction,783
CID4497,interaction,784
CID4497,interaction,785
CID4497,interaction,786
CID4497,interaction,8856
CID4497,interaction,8912
CID4497,interaction,9154
CID4497,interaction,9971
CID4499,interaction,135
CID4499,interaction,140
CID4499,interaction,1544
CID4499,interaction,3757
CID4499,interaction,7421
CID4499,interaction,773
CID4499,interaction,775
CID4499,interaction,776
CID4499,interaction,779
CID4499,interaction,781
CID4499,interaction,783
CID4499,interaction,8856
CID4499,interaction,8912
CID4507,interaction,140
CID4507,interaction,1557
CID4507,interaction,1559
CID4507,interaction,3757
CID4507,interaction,3783
CID4507,interaction,7276
CID4507,interaction,775
CID4507,interaction,776
CID4507,interaction,778
CID4507,interaction,779
CID4507,interaction,781
CID4507,interaction,783
CID4507,interaction,786
CID4507,interaction,8912
CID4507,interaction,9254
CID4513,interaction,3274
CID4513,interaction,43
CID451415,interaction,3357
CID451415,interaction,4313
CID451668,interaction,1786
CID451668,interaction,1788
CID451668,interaction,51053
CID452548,interaction,368
CID452548,interaction,5243
CID452548,interaction,7153
CID452548,interaction,8202
CID452548,interaction,8714
CID452548,interaction,9429
CID4539,interaction,10919
CID4539,interaction,23113
CID4539,interaction,2554
CID4539,interaction,2555
CID4539,interaction,2556
CID4539,interaction,2557
CID4539,interaction,2558
CID4539,interaction,2559
CID4539,interaction,7153
CID4539,interaction,7155
CID454216,interaction,10919
CID454216,interaction,367
CID454216,interaction,4780
CID454216,interaction,7153
CID454216,interaction,7486
CID45480520,interaction,10038
CID45480520,interaction,142
CID456214,interaction,1017
CID456214,interaction,1019
CID456214,interaction,10298
CID456214,interaction,1456
CID456214,interaction,3643
CID456214,interaction,6195
CID456214,interaction,6714
CID456214,interaction,983
CID457193,interaction,2885
CID457193,interaction,4921
CID457193,interaction,7153
CID457193,interaction,7155
CID4583,interaction,11255
CID4583,interaction,1128
CID4583,interaction,23113
CID4583,interaction,2555
CID4583,interaction,6532
CID4583,interaction,7153
CID4594,interaction,10919
CID4594,interaction,1544
CID4594,interaction,1557
CID4594,interaction,1559
CID4594,interaction,1576
CID4594,interaction,196
CID4594,interaction,2194
CID4594,interaction,4170
CID4594,interaction,495
CID4594,interaction,5243
CID4594,interaction,7421
CID4595,interaction,3350
CID4595,interaction,3351
CID4595,interaction,3359
CID4595,interaction,3360
CID4595,interaction,3757
CID4595,interaction,4988
CID4595,interaction,6582
CID4595,interaction,9177
CID4601,interaction,1128
CID4601,interaction,1129
CID4601,interaction,1131
CID4601,interaction,1132
CID4601,interaction,1133
CID4601,interaction,116443
CID4601,interaction,116444
CID4601,interaction,2902
CID4601,interaction,2906
CID4601,interaction,3269
CID4601,interaction,3757
CID4601,interaction,6336
CID4601,interaction,6582
CID460612,interaction,10919
CID460612,interaction,10951
CID460612,interaction,3091
CID4614,interaction,2357
CID4614,interaction,5742
CID4614,interaction,5743
CID4633,interaction,6336
CID4634,interaction,10280
CID4634,interaction,1128
CID4634,interaction,1129
CID4634,interaction,1131
CID4634,interaction,1132
CID4634,interaction,1133
CID4634,interaction,1557
CID4634,interaction,1814
CID4634,interaction,3357
CID4634,interaction,3757
CID4634,interaction,6530
CID4634,interaction,6531
CID4636,interaction,11188
CID4636,interaction,1132
CID4636,interaction,1133
CID4636,interaction,146
CID4636,interaction,147
CID4636,interaction,148
CID4636,interaction,150
CID4636,interaction,151
CID4636,interaction,152
CID4636,interaction,1565
CID4636,interaction,3350
CID4636,interaction,3351
CID4636,interaction,3352
CID4636,interaction,3354
CID4636,interaction,3356
CID4636,interaction,3357
CID4636,interaction,3358
CID4636,interaction,3362
CID4641,interaction,10919
CID4641,interaction,2357
CID4641,interaction,30814
CID4641,interaction,4088
CID4641,interaction,5740
CID4641,interaction,6311
CID4641,interaction,7421
CID4649,interaction,1147
CID4649,interaction,2100
CID4649,interaction,240
CID4649,interaction,30814
CID4649,interaction,390245
CID4649,interaction,5743
CID4649,interaction,5770
CID4659569,interaction,1312
CID4659569,interaction,2859
CID4659569,interaction,7071
CID4674,interaction,2224
CID4679,interaction,146802
CID4679,interaction,2194
CID4679,interaction,476
CID4679,interaction,495
CID4679,interaction,55244
CID4679,interaction,6582
CID4679,interaction,9429
CID4680,interaction,10846
CID4680,interaction,3757
CID4680,interaction,5138
CID4680,interaction,5139
CID4680,interaction,5140
CID4680,interaction,5142
CID4680,interaction,8654
CID468595,interaction,1576
CID4688,interaction,4128
CID4688,interaction,4129
CID46907787,interaction,23476
CID46907787,interaction,6046
CID46907787,interaction,676
CID46907787,interaction,8019
CID46926973,interaction,64840
CID4708,interaction,1956
CID4708,interaction,2064
CID4708,interaction,2066
CID4708,interaction,3718
CID4708,interaction,640
CID4708,interaction,660
CID4708,interaction,6714
CID4708,interaction,695
CID47320,interaction,1135
CID4735,interaction,11156
CID4735,interaction,11201
CID4735,interaction,1129
CID4735,interaction,1132
CID4735,interaction,1133
CID4735,interaction,146
CID4735,interaction,146802
CID4735,interaction,150
CID4735,interaction,1787
CID4735,interaction,1814
CID4735,interaction,26
CID4735,interaction,3356
CID4735,interaction,3358
CID4735,interaction,367
CID4735,interaction,3757
CID4735,interaction,4128
CID4735,interaction,4780
CID4735,interaction,5423
CID4735,interaction,55244
CID4735,interaction,5644
CID4735,interaction,6285
CID4735,interaction,6303
CID4735,interaction,6530
CID4735,interaction,6531
CID4735,interaction,6580
CID4735,interaction,6581
CID4735,interaction,6582
CID4735,interaction,6768
CID4746,interaction,10280
CID4746,interaction,1128
CID4746,interaction,1131
CID4746,interaction,1132
CID4746,interaction,1133
CID4746,interaction,1374
CID4746,interaction,1376
CID4746,interaction,1565
CID4746,interaction,1956
CID4746,interaction,2534
CID4746,interaction,3757
CID4746,interaction,6530
CID4746,interaction,8911
CID4746,interaction,8912
CID4746,interaction,8913
CID4746,interaction,9290
CID47471,interaction,3320
CID47472,interaction,3320
CID47528,interaction,3758
CID47528,interaction,3764
CID47528,interaction,3767
CID47528,interaction,4881
CID4756,interaction,6323
CID4760,interaction,2147
CID4760,interaction,79001
CID4761,interaction,3269
CID4761,interaction,59340
CID4768,interaction,148
CID4768,interaction,150
CID4768,interaction,151
CID4768,interaction,152
CID4768,interaction,154
CID4768,interaction,6580
CID4768,interaction,6581
CID4768,interaction,6582
CID4768,interaction,801
CID4781,interaction,10919
CID4781,interaction,1559
CID4781,interaction,2357
CID4781,interaction,3676
CID4781,interaction,5740
CID4781,interaction,5742
CID4781,interaction,5743
CID47811,interaction,146
CID47811,interaction,147
CID47811,interaction,148
CID47811,interaction,150
CID47811,interaction,151
CID47811,interaction,152
CID47811,interaction,1812
CID47811,interaction,1813
CID47811,interaction,1814
CID47811,interaction,1815
CID47811,interaction,1816
CID47811,interaction,3350
CID47811,interaction,3351
CID47811,interaction,3352
CID47811,interaction,3356
CID47811,interaction,3357
CID47811,interaction,3358
CID47811,interaction,3757
CID47812,interaction,146
CID47812,interaction,147
CID47812,interaction,148
CID47812,interaction,150
CID47812,interaction,151
CID47812,interaction,152
CID47812,interaction,1565
CID47812,interaction,1812
CID47812,interaction,1813
CID47812,interaction,1814
CID47812,interaction,1815
CID47812,interaction,1816
CID47812,interaction,3350
CID47812,interaction,3351
CID47812,interaction,3352
CID47812,interaction,3356
CID47812,interaction,3357
CID47812,interaction,3358
CID47812,interaction,3362
CID47812,interaction,3363
CID47812,interaction,3757
CID4788,interaction,2099
CID47936,interaction,107
CID47936,interaction,108
CID47936,interaction,111
CID47936,interaction,2778
CID47936,interaction,6513
CID4810,interaction,11188
CID4810,interaction,150
CID4810,interaction,152
CID4810,interaction,3350
CID4829,interaction,4128
CID4829,interaction,4129
CID4829,interaction,5465
CID4829,interaction,5467
CID4829,interaction,5468
CID4829,interaction,7525
CID4829,interaction,760
CID4829,interaction,8647
CID483926009,interaction,43
CID4842,interaction,216
CID4875,interaction,762
CID4887,interaction,10800
CID4887,interaction,2840
CID4887,interaction,3567
CID4887,interaction,4583
CID4887,interaction,4790
CID4887,interaction,57105
CID4887,interaction,6037
CID4887,interaction,7124
CID4891,interaction,8647
CID4893,interaction,140
CID4893,interaction,146
CID4893,interaction,146802
CID4893,interaction,147
CID4893,interaction,148
CID4893,interaction,150
CID4893,interaction,151
CID4893,interaction,152
CID4893,interaction,1815
CID4893,interaction,3350
CID4893,interaction,3352
CID4893,interaction,3356
CID4893,interaction,3357
CID4893,interaction,3757
CID4893,interaction,4312
CID4893,interaction,4318
CID4893,interaction,4504
CID4893,interaction,4835
CID4893,interaction,51053
CID4893,interaction,55244
CID4893,interaction,6580
CID4893,interaction,6582
CID4893,interaction,81033
CID4893,interaction,90134
CID4906,interaction,6331
CID4908,interaction,123228
CID4908,interaction,1544
CID4908,interaction,196
CID4908,interaction,2539
CID4908,interaction,3039
CID4908,interaction,3091
CID4908,interaction,3320
CID4908,interaction,3757
CID4908,interaction,3855
CID4908,interaction,4128
CID4908,interaction,4129
CID4908,interaction,4835
CID4908,interaction,5893
CID4908,interaction,6532
CID4908,interaction,7398
CID4908,interaction,834
CID4908,interaction,839
CID4908,interaction,840
CID4909,interaction,1137
CID4909,interaction,1139
CID4909,interaction,2554
CID4909,interaction,2555
CID4909,interaction,2556
CID4909,interaction,2557
CID4909,interaction,2558
CID4909,interaction,2559
CID4909,interaction,2560
CID4909,interaction,2561
CID4909,interaction,2562
CID4909,interaction,2563
CID4909,interaction,2564
CID4909,interaction,2565
CID4909,interaction,2566
CID4909,interaction,2567
CID4909,interaction,2568
CID4909,interaction,2891
CID4909,interaction,2898
CID4909,interaction,55879
CID4909,interaction,89832
CID4911,interaction,116085
CID4911,interaction,24145
CID4911,interaction,50833
CID4911,interaction,54577
CID4911,interaction,55867
CID4911,interaction,760
CID4911,interaction,768
CID4911,interaction,771
CID4911,interaction,9356
CID4911,interaction,9376
CID4912,interaction,1066
CID4912,interaction,19
CID4912,interaction,246
CID4912,interaction,3249
CID4912,interaction,3757
CID4914,interaction,1135
CID4914,interaction,116443
CID4914,interaction,3359
CID4914,interaction,6336
CID4915,interaction,246
CID4915,interaction,4128
CID4915,interaction,4129
CID4917,interaction,10280
CID4917,interaction,10919
CID4917,interaction,1128
CID4917,interaction,1129
CID4917,interaction,1131
CID4917,interaction,1132
CID4917,interaction,1133
CID4917,interaction,146
CID4917,interaction,148
CID4917,interaction,150
CID4917,interaction,151
CID4917,interaction,152
CID4917,interaction,1544
CID4917,interaction,1565
CID4917,interaction,1812
CID4917,interaction,1813
CID4917,interaction,1814
CID4917,interaction,1815
CID4917,interaction,2534
CID4917,interaction,3269
CID4917,interaction,3350
CID4917,interaction,3356
CID4917,interaction,3357
CID4917,interaction,3358
CID4917,interaction,3362
CID4917,interaction,3757
CID4917,interaction,4170
CID4917,interaction,4780
CID4917,interaction,6530
CID4917,interaction,6531
CID4917,interaction,6532
CID4917,interaction,6580
CID4919,interaction,1128
CID4919,interaction,1129
CID4919,interaction,1131
CID4919,interaction,1132
CID4919,interaction,1133
CID4932,interaction,10060
CID4932,interaction,3757
CID4932,interaction,5243
CID4932,interaction,6331
CID4935,interaction,10280
CID4935,interaction,4128
CID4935,interaction,6336
CID493570,interaction,55312
CID493570,interaction,645
CID4943,interaction,2561
CID4943,interaction,2562
CID4943,interaction,6326
CID4943,interaction,6329
CID4946,interaction,153
CID4946,interaction,154
CID4946,interaction,155
CID4946,interaction,1565
CID4946,interaction,3350
CID4946,interaction,3351
CID4946,interaction,3356
CID4946,interaction,6554
CID49846579,interaction,596
CID4991,interaction,43
CID4991,interaction,590
CID4993,interaction,1128
CID4993,interaction,1559
CID4993,interaction,1719
CID4993,interaction,3073
CID4993,interaction,3074
CID4993,interaction,3417
CID4993,interaction,367
CID4993,interaction,55244
CID4993,interaction,5742
CID5002,interaction,1128
CID5002,interaction,1129
CID5002,interaction,1131
CID5002,interaction,1132
CID5002,interaction,1133
CID5002,interaction,146
CID5002,interaction,147
CID5002,interaction,148
CID5002,interaction,150
CID5002,interaction,151
CID5002,interaction,152
CID5002,interaction,153
CID5002,interaction,154
CID5002,interaction,1812
CID5002,interaction,1813
CID5002,interaction,1814
CID5002,interaction,1815
CID5002,interaction,1816
CID5002,interaction,3269
CID5002,interaction,3350
CID5002,interaction,3351
CID5002,interaction,3352
CID5002,interaction,3354
CID5002,interaction,3355
CID5002,interaction,3356
CID5002,interaction,3358
CID5002,interaction,3359
CID5002,interaction,3362
CID5002,interaction,3363
CID5002,interaction,3757
CID5002,interaction,6530
CID5002,interaction,6532
CID5002,interaction,6915
CID5018304,interaction,213
CID5018304,interaction,2169
CID5018304,interaction,240
CID5018304,interaction,3091
CID5018304,interaction,3576
CID5018304,interaction,3577
CID5018304,interaction,3785
CID5018304,interaction,3786
CID5018304,interaction,41
CID5018304,interaction,5320
CID5018304,interaction,54575
CID5018304,interaction,54577
CID5018304,interaction,54578
CID5018304,interaction,54600
CID5018304,interaction,54658
CID5018304,interaction,5468
CID5018304,interaction,57016
CID5018304,interaction,5742
CID5018304,interaction,5743
CID5018304,interaction,6329
CID5018304,interaction,7276
CID5018304,interaction,8644
CID5018304,interaction,9311
CID5018304,interaction,9356
CID5035,interaction,10280
CID5035,interaction,10682
CID5035,interaction,135
CID5035,interaction,146
CID5035,interaction,150
CID5035,interaction,151
CID5035,interaction,152
CID5035,interaction,1559
CID5035,interaction,1812
CID5035,interaction,1813
CID5035,interaction,1814
CID5035,interaction,2099
CID5035,interaction,2100
CID5035,interaction,216
CID5035,interaction,2534
CID5035,interaction,2629
CID5035,interaction,3028
CID5035,interaction,316
CID5035,interaction,3352
CID5035,interaction,3356
CID5035,interaction,3357
CID5035,interaction,3358
CID5035,interaction,3362
CID5035,interaction,3569
CID5035,interaction,43
CID5035,interaction,4985
CID5035,interaction,4986
CID5035,interaction,4988
CID5035,interaction,5272
CID5035,interaction,5337
CID5035,interaction,5338
CID5035,interaction,6530
CID5035,interaction,6531
CID5035,interaction,6532
CID5035,interaction,6865
CID5035,interaction,7031
CID5035,interaction,8856
CID5035,interaction,9971
CID5070,interaction,116443
CID5070,interaction,23657
CID5070,interaction,3780
CID5070,interaction,3781
CID5070,interaction,3782
CID5070,interaction,3783
CID5070,interaction,50801
CID5070,interaction,54207
CID5070,interaction,6326
CID5070,interaction,6331
CID5070,interaction,6530
CID5071,interaction,55244
CID5071,interaction,6582
CID5073,interaction,10280
CID5073,interaction,1128
CID5073,interaction,1129
CID5073,interaction,1131
CID5073,interaction,1132
CID5073,interaction,146
CID5073,interaction,147
CID5073,interaction,148
CID5073,interaction,150
CID5073,interaction,151
CID5073,interaction,152
CID5073,interaction,153
CID5073,interaction,154
CID5073,interaction,1565
CID5073,interaction,1812
CID5073,interaction,1813
CID5073,interaction,1814
CID5073,interaction,1815
CID5073,interaction,1816
CID5073,interaction,2741
CID5073,interaction,3005
CID5073,interaction,3269
CID5073,interaction,3274
CID5073,interaction,3350
CID5073,interaction,3351
CID5073,interaction,3352
CID5073,interaction,3354
CID5073,interaction,3355
CID5073,interaction,3356
CID5073,interaction,3357
CID5073,interaction,3358
CID5073,interaction,3361
CID5073,interaction,3362
CID5073,interaction,3363
CID5073,interaction,3757
CID5073,interaction,55244
CID5073,interaction,6532
CID5073,interaction,6582
CID5073,interaction,6915
CID5078,interaction,3350
CID5078,interaction,3351
CID5078,interaction,3352
CID5078,interaction,3355
CID5078,interaction,3356
CID5078,interaction,3358
CID5090,interaction,2006
CID5090,interaction,216
CID5090,interaction,5732
CID5090,interaction,5742
CID5090,interaction,5743
CID5092,interaction,5142
CID5092,interaction,5144
CID5095,interaction,150
CID5095,interaction,151
CID5095,interaction,152
CID5095,interaction,1812
CID5095,interaction,1813
CID5095,interaction,1814
CID5095,interaction,1815
CID5095,interaction,1816
CID5095,interaction,3350
CID5095,interaction,3351
CID5095,interaction,3352
CID5095,interaction,3356
CID5095,interaction,3357
CID5095,interaction,3358
CID5095,interaction,3363
CID51001932,interaction,5287
CID51039095,interaction,2260
CID51039095,interaction,2261
CID51039095,interaction,2263
CID51040,interaction,7299
CID51042438,interaction,10000
CID51042438,interaction,207
CID51042438,interaction,208
CID51081,interaction,1544
CID51081,interaction,23113
CID51081,interaction,7153
CID51371303,interaction,6198
CID5161,interaction,5742
CID5161,interaction,5743
CID51634,interaction,178
CID51634,interaction,2548
CID51634,interaction,4015
CID51634,interaction,57704
CID51634,interaction,6476
CID51634,interaction,7357
CID51634,interaction,8972
CID5215,interaction,10919
CID5215,interaction,246
CID5215,interaction,3028
CID5215,interaction,3356
CID5215,interaction,3357
CID5215,interaction,60482
CID5215,interaction,6790
CID5253,interaction,153
CID5253,interaction,154
CID5253,interaction,155
CID5253,interaction,3757
CID5278396,interaction,472
CID5280343,interaction,1017
CID5280343,interaction,1021
CID5280343,interaction,10783
CID5280343,interaction,11238
CID5280343,interaction,11330
CID5280343,interaction,1233
CID5280343,interaction,140
CID5280343,interaction,1432
CID5280343,interaction,1457
CID5280343,interaction,1504
CID5280343,interaction,1543
CID5280343,interaction,1544
CID5280343,interaction,1545
CID5280343,interaction,1588
CID5280343,interaction,1612
CID5280343,interaction,1803
CID5280343,interaction,1815
CID5280343,interaction,1956
CID5280343,interaction,2053
CID5280343,interaction,207
CID5280343,interaction,2147
CID5280343,interaction,231
CID5280343,interaction,2322
CID5280343,interaction,23621
CID5280343,interaction,23632
CID5280343,interaction,238
CID5280343,interaction,239
CID5280343,interaction,240
CID5280343,interaction,246
CID5280343,interaction,26275
CID5280343,interaction,2739
CID5280343,interaction,276
CID5280343,interaction,2859
CID5280343,interaction,2932
CID5280343,interaction,3055
CID5280343,interaction,3294
CID5280343,interaction,3480
CID5280343,interaction,3577
CID5280343,interaction,3735
CID5280343,interaction,3791
CID5280343,interaction,3932
CID5280343,interaction,4128
CID5280343,interaction,4129
CID5280343,interaction,4233
CID5280343,interaction,43
CID5280343,interaction,4313
CID5280343,interaction,4314
CID5280343,interaction,4318
CID5280343,interaction,4321
CID5280343,interaction,4322
CID5280343,interaction,4353
CID5280343,interaction,4363
CID5280343,interaction,4751
CID5280343,interaction,498
CID5280343,interaction,50507
CID5280343,interaction,506
CID5280343,interaction,509
CID5280343,interaction,5243
CID5280343,interaction,5292
CID5280343,interaction,5294
CID5280343,interaction,5295
CID5280343,interaction,5319
CID5280343,interaction,5328
CID5280343,interaction,5347
CID5280343,interaction,554
CID5280343,interaction,5550
CID5280343,interaction,55662
CID5280343,interaction,558
CID5280343,interaction,5585
CID5280343,interaction,5602
CID5280343,interaction,5743
CID5280343,interaction,5747
CID5280343,interaction,5770
CID5280343,interaction,5836
CID5280343,interaction,590
CID5280343,interaction,6652
CID5280343,interaction,6714
CID5280343,interaction,6850
CID5280343,interaction,7498
CID5280343,interaction,759
CID5280343,interaction,760
CID5280343,interaction,761
CID5280343,interaction,762
CID5280343,interaction,763
CID5280343,interaction,765
CID5280343,interaction,766
CID5280343,interaction,768
CID5280343,interaction,771
CID5280343,interaction,801
CID5280343,interaction,816
CID5280343,interaction,9212
CID5280343,interaction,9262
CID5280343,interaction,9429
CID5280343,interaction,952
CID5280343,interaction,983
CID5280343,interaction,9891
CID5280360,interaction,11251
CID5280360,interaction,117144
CID5280360,interaction,117155
CID5280360,interaction,27306
CID5280360,interaction,347732
CID5280360,interaction,378807
CID5280360,interaction,5729
CID5280360,interaction,5731
CID5280360,interaction,5732
CID5280360,interaction,5733
CID5280360,interaction,5734
CID5280360,interaction,5737
CID5280360,interaction,5739
CID5280360,interaction,6915
CID5280360,interaction,7253
CID5280443,interaction,1020
CID5280443,interaction,1021
CID5280443,interaction,1432
CID5280443,interaction,1457
CID5280443,interaction,1543
CID5280443,interaction,1544
CID5280443,interaction,1545
CID5280443,interaction,1588
CID5280443,interaction,2099
CID5280443,interaction,2100
CID5280443,interaction,2322
CID5280443,interaction,3292
CID5280443,interaction,3293
CID5280443,interaction,367
CID5280443,interaction,3735
CID5280443,interaction,4128
CID5280443,interaction,4363
CID5280443,interaction,50507
CID5280443,interaction,5243
CID5280443,interaction,5292
CID5280443,interaction,5602
CID5280443,interaction,5743
CID5280443,interaction,7498
CID5280443,interaction,80351
CID5280443,interaction,8658
CID5280443,interaction,9429
CID5280453,interaction,120227
CID5280453,interaction,1594
CID5280453,interaction,2638
CID5280453,interaction,3206
CID5280453,interaction,7421
CID5280567,interaction,3028
CID5280567,interaction,3293
CID5280567,interaction,768
CID5280567,interaction,771
CID5280723,interaction,11251
CID5280723,interaction,117144
CID5280723,interaction,117155
CID5280723,interaction,347732
CID5280723,interaction,378807
CID5280723,interaction,5729
CID5280723,interaction,5731
CID5280723,interaction,5732
CID5280723,interaction,5733
CID5280723,interaction,5734
CID5280723,interaction,5739
CID5280723,interaction,7253
CID5280793,interaction,7421
CID5280795,interaction,7421
CID5280805,interaction,8644
CID5280961,interaction,10499
CID5280961,interaction,10599
CID5280961,interaction,1432
CID5280961,interaction,1956
CID5280961,interaction,2099
CID5280961,interaction,2100
CID5280961,interaction,2101
CID5280961,interaction,2103
CID5280961,interaction,2185
CID5280961,interaction,25
CID5280961,interaction,28234
CID5280961,interaction,316
CID5280961,interaction,3292
CID5280961,interaction,3293
CID5280961,interaction,5578
CID5280961,interaction,7153
CID5280961,interaction,8648
CID5280961,interaction,8972
CID5280961,interaction,9429
CID5281004,interaction,2908
CID5281004,interaction,3091
CID5281004,interaction,3458
CID5281004,interaction,3567
CID5281004,interaction,367
CID5281004,interaction,4318
CID5281004,interaction,5243
CID5281025,interaction,10280
CID5281025,interaction,1128
CID5281025,interaction,1129
CID5281025,interaction,1131
CID5281025,interaction,1132
CID5281025,interaction,1133
CID5281025,interaction,146
CID5281025,interaction,147
CID5281025,interaction,148
CID5281025,interaction,150
CID5281025,interaction,151
CID5281025,interaction,152
CID5281025,interaction,153
CID5281025,interaction,154
CID5281025,interaction,1812
CID5281025,interaction,1813
CID5281025,interaction,1814
CID5281025,interaction,1815
CID5281025,interaction,1816
CID5281025,interaction,3005
CID5281025,interaction,316
CID5281025,interaction,3269
CID5281025,interaction,3350
CID5281025,interaction,3351
CID5281025,interaction,3352
CID5281025,interaction,3354
CID5281025,interaction,3355
CID5281025,interaction,3356
CID5281025,interaction,3357
CID5281025,interaction,3358
CID5281025,interaction,3359
CID5281025,interaction,3361
CID5281025,interaction,3362
CID5281025,interaction,3363
CID5281025,interaction,3757
CID5281025,interaction,6530
CID5281025,interaction,6532
CID5281025,interaction,6915
CID5281032,interaction,10280
CID5281032,interaction,10919
CID5281032,interaction,1128
CID5281032,interaction,1129
CID5281032,interaction,1131
CID5281032,interaction,1132
CID5281032,interaction,1133
CID5281032,interaction,146
CID5281032,interaction,148
CID5281032,interaction,150
CID5281032,interaction,151
CID5281032,interaction,152
CID5281032,interaction,1544
CID5281032,interaction,1565
CID5281032,interaction,1812
CID5281032,interaction,1813
CID5281032,interaction,1814
CID5281032,interaction,1815
CID5281032,interaction,2534
CID5281032,interaction,3269
CID5281032,interaction,3350
CID5281032,interaction,3356
CID5281032,interaction,3357
CID5281032,interaction,3358
CID5281032,interaction,3362
CID5281032,interaction,3757
CID5281032,interaction,4170
CID5281032,interaction,4780
CID5281032,interaction,6530
CID5281032,interaction,6531
CID5281032,interaction,6532
CID5281032,interaction,6580
CID5281034,interaction,2099
CID5281034,interaction,216
CID5281034,interaction,367
CID5281034,interaction,387129
CID5281034,interaction,4780
CID5281034,interaction,4879
CID5281040,interaction,10800
CID5281040,interaction,240
CID5281056,interaction,153
CID5281056,interaction,154
CID5281056,interaction,155
CID5281056,interaction,3350
CID5281065,interaction,3757
CID5281065,interaction,3767
CID5281065,interaction,3775
CID5281065,interaction,775
CID5281065,interaction,781
CID5281065,interaction,782
CID5281065,interaction,786
CID5281065,interaction,81033
CID5281065,interaction,90134
CID5281065,interaction,9424
CID5281068,interaction,10280
CID5281068,interaction,1128
CID5281068,interaction,1129
CID5281068,interaction,1131
CID5281068,interaction,1132
CID5281068,interaction,1133
CID5281068,interaction,150
CID5281068,interaction,151
CID5281068,interaction,1565
CID5281068,interaction,26013
CID5281068,interaction,3269
CID5281068,interaction,3274
CID5281068,interaction,3356
CID5281068,interaction,3357
CID5281068,interaction,3358
CID5281068,interaction,3757
CID5281068,interaction,54799
CID5281068,interaction,59340
CID5281068,interaction,6530
CID5281068,interaction,6531
CID5281068,interaction,6532
CID5281068,interaction,84456
CID5281069,interaction,10280
CID5281069,interaction,1128
CID5281069,interaction,1129
CID5281069,interaction,1131
CID5281069,interaction,1132
CID5281069,interaction,1133
CID5281069,interaction,146
CID5281069,interaction,150
CID5281069,interaction,151
CID5281069,interaction,152
CID5281069,interaction,1557
CID5281069,interaction,1565
CID5281069,interaction,1812
CID5281069,interaction,1813
CID5281069,interaction,1814
CID5281069,interaction,3269
CID5281069,interaction,3274
CID5281069,interaction,3356
CID5281069,interaction,3357
CID5281069,interaction,3358
CID5281069,interaction,3362
CID5281069,interaction,3757
CID5281069,interaction,51053
CID5281069,interaction,6530
CID5281069,interaction,6531
CID5281069,interaction,6580
CID5281069,interaction,7066
CID5281078,interaction,3614
CID5281078,interaction,3615
CID5281078,interaction,367
CID5281081,interaction,1312
CID5281081,interaction,2859
CID5281081,interaction,51426
CID5281107,interaction,7421
CID5281417,interaction,367
CID5281613,interaction,196
CID5281613,interaction,9212
CID5281614,interaction,1017
CID5281614,interaction,1020
CID5281614,interaction,1021
CID5281614,interaction,1432
CID5281614,interaction,239
CID5281614,interaction,246
CID5281614,interaction,3293
CID5281614,interaction,5292
CID5281614,interaction,5602
CID5281614,interaction,7498
CID5281672,interaction,1432
CID5281672,interaction,1543
CID5281672,interaction,1545
CID5281672,interaction,1588
CID5281672,interaction,2322
CID5281672,interaction,3293
CID5281672,interaction,3643
CID5281672,interaction,3735
CID5281672,interaction,390245
CID5281672,interaction,4137
CID5281672,interaction,4363
CID5281672,interaction,4638
CID5281672,interaction,5292
CID5281672,interaction,5294
CID5281672,interaction,5602
CID5281672,interaction,7498
CID5281855,interaction,10733
CID5281855,interaction,1326
CID5281855,interaction,1457
CID5281855,interaction,1956
CID5281855,interaction,2050
CID5281855,interaction,2064
CID5281855,interaction,207
CID5281855,interaction,231
CID5281855,interaction,2324
CID5281855,interaction,23621
CID5281855,interaction,23632
CID5281855,interaction,2932
CID5281855,interaction,3480
CID5281855,interaction,3643
CID5281855,interaction,377677
CID5281855,interaction,3791
CID5281855,interaction,4233
CID5281855,interaction,5159
CID5281855,interaction,5347
CID5281855,interaction,5747
CID5281855,interaction,6714
CID5281855,interaction,673
CID5281855,interaction,6790
CID5281855,interaction,7010
CID5281855,interaction,759
CID5281855,interaction,760
CID5281855,interaction,762
CID5281855,interaction,763
CID5281855,interaction,765
CID5281855,interaction,766
CID5281855,interaction,768
CID5281855,interaction,771
CID5281855,interaction,9212
CID5281855,interaction,9356
CID5281855,interaction,9891
CID5282054,interaction,2194
CID5282138,interaction,774
CID5282138,interaction,775
CID5282139,interaction,3269
CID5282139,interaction,59340
CID5282139,interaction,9970
CID5282181,interaction,6256
CID5282181,interaction,6530
CID5282181,interaction,7421
CID5282226,interaction,5737
CID5282230,interaction,27306
CID5282379,interaction,10170
CID5282379,interaction,127
CID5282379,interaction,140
CID5282379,interaction,1432
CID5282379,interaction,151
CID5282379,interaction,3357
CID5282379,interaction,5467
CID5282379,interaction,5594
CID5282379,interaction,5914
CID5282379,interaction,5915
CID5282379,interaction,5959
CID5282379,interaction,6096
CID5282379,interaction,8630
CID5282386,interaction,146
CID5282386,interaction,147
CID5282386,interaction,148
CID5282386,interaction,150
CID5282386,interaction,151
CID5282386,interaction,152
CID5282386,interaction,3350
CID5282386,interaction,3351
CID5282386,interaction,3352
CID5282386,interaction,3354
CID5282402,interaction,3269
CID5282402,interaction,6271
CID5282402,interaction,6273
CID5282402,interaction,6283
CID5282402,interaction,6284
CID5282402,interaction,6285
CID5282407,interaction,10280
CID5282407,interaction,1128
CID5282407,interaction,1131
CID5282407,interaction,1132
CID5282407,interaction,1133
CID5282407,interaction,1268
CID5282407,interaction,140
CID5282407,interaction,146
CID5282407,interaction,150
CID5282407,interaction,151
CID5282407,interaction,152
CID5282407,interaction,1812
CID5282407,interaction,1813
CID5282407,interaction,1814
CID5282407,interaction,3091
CID5282407,interaction,3269
CID5282407,interaction,3350
CID5282407,interaction,3356
CID5282407,interaction,3357
CID5282407,interaction,3358
CID5282407,interaction,3757
CID5282407,interaction,3776
CID5282407,interaction,4985
CID5282407,interaction,4986
CID5282407,interaction,4988
CID5282407,interaction,6323
CID5282407,interaction,6530
CID5282407,interaction,6531
CID5282407,interaction,6532
CID5282407,interaction,774
CID5282407,interaction,801
CID5282407,interaction,805
CID5282407,interaction,808
CID5282407,interaction,8911
CID5282407,interaction,8912
CID5282407,interaction,8913
CID5282407,interaction,9986
CID5282408,interaction,1128
CID5282408,interaction,1129
CID5282408,interaction,1131
CID5282408,interaction,1132
CID5282408,interaction,1133
CID5282408,interaction,146
CID5282408,interaction,150
CID5282408,interaction,151
CID5282408,interaction,1812
CID5282408,interaction,1814
CID5282408,interaction,27115
CID5282408,interaction,3269
CID5282408,interaction,3274
CID5282408,interaction,3350
CID5282408,interaction,3356
CID5282408,interaction,3357
CID5282408,interaction,3358
CID5282408,interaction,3362
CID5282408,interaction,5141
CID5282408,interaction,5142
CID5282408,interaction,5143
CID5282408,interaction,5144
CID5282408,interaction,5150
CID5282408,interaction,5151
CID5282408,interaction,5226
CID5282408,interaction,5243
CID5282408,interaction,8622
CID5282451,interaction,3156
CID5282451,interaction,367
CID5282474,interaction,185
CID5282481,interaction,10280
CID5282481,interaction,150
CID5282481,interaction,1565
CID5282481,interaction,6530
CID5282481,interaction,6713
CID5283731,interaction,7421
CID5284373,interaction,10105
CID5284373,interaction,5478
CID5284373,interaction,5535
CID5284373,interaction,819
CID5284441,interaction,10951
CID5284441,interaction,146
CID5284441,interaction,147
CID5284441,interaction,148
CID5284441,interaction,150
CID5284441,interaction,151
CID5284441,interaction,152
CID5284441,interaction,154
CID5284441,interaction,3091
CID5284441,interaction,6580
CID5284441,interaction,6581
CID5284441,interaction,6582
CID5284441,interaction,801
CID5284441,interaction,805
CID5284441,interaction,808
CID5284443,interaction,146
CID5284443,interaction,147
CID5284443,interaction,148
CID5284443,interaction,154
CID5284443,interaction,1812
CID5284513,interaction,11069
CID5284513,interaction,51053
CID5284513,interaction,5914
CID5284513,interaction,5915
CID5284513,interaction,5916
CID5284513,interaction,5947
CID5284513,interaction,6256
CID5284513,interaction,6257
CID5284513,interaction,6258
CID5284513,interaction,8647
CID5284549,interaction,23632
CID5284549,interaction,759
CID5284549,interaction,760
CID5284549,interaction,761
CID5284549,interaction,762
CID5284549,interaction,765
CID5284549,interaction,768
CID5284583,interaction,6323
CID5284583,interaction,759
CID5284583,interaction,774
CID5284583,interaction,8913
CID5284583,interaction,9900
CID5284592,interaction,1268
CID5284592,interaction,1269
CID5284596,interaction,1385
CID5284596,interaction,2099
CID5284596,interaction,2831
CID5284596,interaction,4985
CID5284596,interaction,4986
CID5284596,interaction,4988
CID5284616,interaction,1557
CID5284616,interaction,1559
CID5284616,interaction,1576
CID5284616,interaction,1977
CID5284616,interaction,2247
CID5284616,interaction,2280
CID5284616,interaction,2281
CID5284616,interaction,2287
CID5284616,interaction,2289
CID5284616,interaction,2475
CID5284616,interaction,27250
CID5284616,interaction,5243
CID5284616,interaction,9154
CID5284627,interaction,11238
CID5284627,interaction,23632
CID5284627,interaction,2554
CID5284627,interaction,2555
CID5284627,interaction,2556
CID5284627,interaction,2557
CID5284627,interaction,2558
CID5284627,interaction,2559
CID5284627,interaction,2560
CID5284627,interaction,2561
CID5284627,interaction,2562
CID5284627,interaction,2563
CID5284627,interaction,2564
CID5284627,interaction,2565
CID5284627,interaction,2566
CID5284627,interaction,2567
CID5284627,interaction,2568
CID5284627,interaction,2897
CID5284627,interaction,377677
CID5284627,interaction,55879
CID5284627,interaction,6323
CID5284627,interaction,6331
CID5284627,interaction,759
CID5284627,interaction,760
CID5284627,interaction,761
CID5284627,interaction,762
CID5284627,interaction,763
CID5284627,interaction,765
CID5284627,interaction,766
CID5284627,interaction,768
CID5284627,interaction,771
CID5284627,interaction,8856
CID5287541,interaction,11238
CID5287541,interaction,23632
CID5287541,interaction,412
CID5287541,interaction,759
CID5287541,interaction,760
CID5287541,interaction,762
CID5287541,interaction,763
CID5287541,interaction,765
CID5287541,interaction,766
CID5287541,interaction,768
CID5287541,interaction,771
CID5287620,interaction,375
CID5287620,interaction,9266
CID5287969,interaction,10114
CID5287969,interaction,1017
CID5287969,interaction,1019
CID5287969,interaction,1020
CID5287969,interaction,1021
CID5287969,interaction,1022
CID5287969,interaction,1024
CID5287969,interaction,1025
CID5287969,interaction,10645
CID5287969,interaction,10733
CID5287969,interaction,10746
CID5287969,interaction,11040
CID5287969,interaction,1195
CID5287969,interaction,1196
CID5287969,interaction,1198
CID5287969,interaction,120892
CID5287969,interaction,122011
CID5287969,interaction,131890
CID5287969,interaction,140901
CID5287969,interaction,1452
CID5287969,interaction,147746
CID5287969,interaction,1859
CID5287969,interaction,1956
CID5287969,interaction,202374
CID5287969,interaction,2041
CID5287969,interaction,2044
CID5287969,interaction,2047
CID5287969,interaction,204851
CID5287969,interaction,2065
CID5287969,interaction,2066
CID5287969,interaction,2185
CID5287969,interaction,22858
CID5287969,interaction,2322
CID5287969,interaction,23396
CID5287969,interaction,2444
CID5287969,interaction,25
CID5287969,interaction,25778
CID5287969,interaction,2580
CID5287969,interaction,27102
CID5287969,interaction,27330
CID5287969,interaction,2872
CID5287969,interaction,28996
CID5287969,interaction,29110
CID5287969,interaction,3654
CID5287969,interaction,3717
CID5287969,interaction,3718
CID5287969,interaction,3815
CID5287969,interaction,4117
CID5287969,interaction,4215
CID5287969,interaction,50488
CID5287969,interaction,51135
CID5287969,interaction,5127
CID5287969,interaction,51347
CID5287969,interaction,5156
CID5287969,interaction,5261
CID5287969,interaction,5292
CID5287969,interaction,53944
CID5287969,interaction,5562
CID5287969,interaction,5578
CID5287969,interaction,5580
CID5287969,interaction,5581
CID5287969,interaction,5599
CID5287969,interaction,5606
CID5287969,interaction,5607
CID5287969,interaction,57551
CID5287969,interaction,5837
CID5287969,interaction,5871
CID5287969,interaction,6011
CID5287969,interaction,6093
CID5287969,interaction,6195
CID5287969,interaction,6196
CID5287969,interaction,6197
CID5287969,interaction,6198
CID5287969,interaction,6416
CID5287969,interaction,65061
CID5287969,interaction,658
CID5287969,interaction,6792
CID5287969,interaction,6885
CID5287969,interaction,7297
CID5287969,interaction,7444
CID5287969,interaction,79837
CID5287969,interaction,815
CID5287969,interaction,816
CID5287969,interaction,817
CID5287969,interaction,818
CID5287969,interaction,84254
CID5287969,interaction,8621
CID5287969,interaction,92
CID5287969,interaction,9252
CID5287969,interaction,9262
CID5287969,interaction,9263
CID5287969,interaction,9344
CID5287969,interaction,94
CID5287969,interaction,9475
CID5287969,interaction,9706
CID5287969,interaction,983
CID5288149,interaction,7421
CID5288209,interaction,5950
CID5288382,interaction,3320
CID5288382,interaction,3326
CID5289501,interaction,5914
CID5289501,interaction,5915
CID5289501,interaction,5916
CID5291,interaction,10733
CID5291,interaction,11238
CID5291,interaction,1195
CID5291,interaction,1432
CID5291,interaction,1436
CID5291,interaction,146802
CID5291,interaction,147746
CID5291,interaction,1956
CID5291,interaction,2046
CID5291,interaction,2047
CID5291,interaction,2050
CID5291,interaction,2139
CID5291,interaction,2260
CID5291,interaction,2263
CID5291,interaction,2268
CID5291,interaction,23097
CID5291,interaction,2322
CID5291,interaction,23632
CID5291,interaction,2444
CID5291,interaction,25
CID5291,interaction,2534
CID5291,interaction,2580
CID5291,interaction,27
CID5291,interaction,3274
CID5291,interaction,3356
CID5291,interaction,3643
CID5291,interaction,3654
CID5291,interaction,3717
CID5291,interaction,3735
CID5291,interaction,3791
CID5291,interaction,3815
CID5291,interaction,3932
CID5291,interaction,4067
CID5291,interaction,4363
CID5291,interaction,4835
CID5291,interaction,4914
CID5291,interaction,4921
CID5291,interaction,51086
CID5291,interaction,5156
CID5291,interaction,5159
CID5291,interaction,51776
CID5291,interaction,5243
CID5291,interaction,55244
CID5291,interaction,5599
CID5291,interaction,5601
CID5291,interaction,5602
CID5291,interaction,57396
CID5291,interaction,57551
CID5291,interaction,5894
CID5291,interaction,5979
CID5291,interaction,640
CID5291,interaction,6532
CID5291,interaction,6581
CID5291,interaction,6582
CID5291,interaction,660
CID5291,interaction,6714
CID5291,interaction,673
CID5291,interaction,6850
CID5291,interaction,6916
CID5291,interaction,7297
CID5291,interaction,759
CID5291,interaction,760
CID5291,interaction,761
CID5291,interaction,762
CID5291,interaction,763
CID5291,interaction,765
CID5291,interaction,766
CID5291,interaction,768
CID5291,interaction,771
CID5291,interaction,780
CID5291,interaction,79837
CID5291,interaction,9263
CID5291,interaction,9429
CID5291,interaction,9833
CID5310966,interaction,1136
CID5310966,interaction,1137
CID5310966,interaction,1139
CID5310966,interaction,1141
CID5310966,interaction,8973
CID5310966,interaction,89832
CID5311,interaction,10013
CID5311,interaction,10014
CID5311,interaction,1080
CID5311,interaction,11981
CID5311,interaction,190
CID5311,interaction,23028
CID5311,interaction,3065
CID5311,interaction,3066
CID5311,interaction,390245
CID5311,interaction,4780
CID5311,interaction,50771
CID5311,interaction,51053
CID5311,interaction,51564
CID5311,interaction,55869
CID5311,interaction,7849
CID5311,interaction,79885
CID5311,interaction,8114
CID5311,interaction,83933
CID5311,interaction,8841
CID5311,interaction,9611
CID5311,interaction,9734
CID5311,interaction,9759
CID5311027,interaction,5731
CID5311027,interaction,5733
CID5311027,interaction,5737
CID5311027,interaction,8644
CID5311066,interaction,2908
CID5311066,interaction,367
CID5311068,interaction,146
CID5311068,interaction,147
CID5311068,interaction,148
CID5311068,interaction,150
CID5311068,interaction,151
CID5311068,interaction,152
CID5311068,interaction,6530
CID5311167,interaction,2908
CID5311181,interaction,11251
CID5311181,interaction,27306
CID5311181,interaction,5141
CID5311181,interaction,5142
CID5311181,interaction,5143
CID5311181,interaction,5144
CID5311181,interaction,5327
CID5311181,interaction,5729
CID5311181,interaction,5731
CID5311181,interaction,5732
CID5311181,interaction,5733
CID5311181,interaction,5734
CID5311181,interaction,5737
CID5311181,interaction,5739
CID5311181,interaction,6578
CID5311181,interaction,6915
CID5311217,interaction,140
CID5311217,interaction,1557
CID5311217,interaction,1559
CID5311217,interaction,1576
CID5311217,interaction,1814
CID5311217,interaction,6530
CID5311217,interaction,6916
CID5311309,interaction,5468
CID5311309,interaction,6833
CID5311497,interaction,203068
CID5312125,interaction,148
CID53232,interaction,10013
CID53232,interaction,134
CID53232,interaction,3065
CID53232,interaction,3066
CID53232,interaction,3156
CID53232,interaction,338442
CID53232,interaction,3417
CID53232,interaction,3683
CID53232,interaction,5243
CID53232,interaction,6097
CID53232,interaction,6530
CID53232,interaction,6531
CID53232,interaction,6865
CID53232,interaction,8843
CID53232,interaction,8856
CID5323714,interaction,7157
CID5324346,interaction,10280
CID5324346,interaction,1544
CID5324346,interaction,3757
CID5324346,interaction,6530
CID5324346,interaction,6531
CID5324346,interaction,6532
CID53276,interaction,10919
CID53276,interaction,11201
CID53276,interaction,150
CID53276,interaction,3091
CID53276,interaction,3785
CID53276,interaction,3786
CID53276,interaction,5347
CID53276,interaction,5999
CID53276,interaction,7421
CID53276,interaction,842
CID5328,interaction,1576
CID5328940,interaction,10114
CID5328940,interaction,1017
CID5328940,interaction,10188
CID5328940,interaction,1022
CID5328940,interaction,10461
CID5328940,interaction,10494
CID5328940,interaction,10645
CID5328940,interaction,10746
CID5328940,interaction,10769
CID5328940,interaction,11011
CID5328940,interaction,1111
CID5328940,interaction,11113
CID5328940,interaction,11183
CID5328940,interaction,11184
CID5328940,interaction,11200
CID5328940,interaction,1195
CID5328940,interaction,1196
CID5328940,interaction,1198
CID5328940,interaction,120892
CID5328940,interaction,122011
CID5328940,interaction,131890
CID5328940,interaction,140469
CID5328940,interaction,140901
CID5328940,interaction,1436
CID5328940,interaction,1445
CID5328940,interaction,1452
CID5328940,interaction,1453
CID5328940,interaction,1454
CID5328940,interaction,147746
CID5328940,interaction,150094
CID5328940,interaction,167359
CID5328940,interaction,1760
CID5328940,interaction,1956
CID5328940,interaction,1969
CID5328940,interaction,202374
CID5328940,interaction,2041
CID5328940,interaction,2042
CID5328940,interaction,2043
CID5328940,interaction,2044
CID5328940,interaction,2046
CID5328940,interaction,2047
CID5328940,interaction,2048
CID5328940,interaction,204851
CID5328940,interaction,2049
CID5328940,interaction,2050
CID5328940,interaction,2051
CID5328940,interaction,2064
CID5328940,interaction,2065
CID5328940,interaction,2066
CID5328940,interaction,2185
CID5328940,interaction,2241
CID5328940,interaction,2242
CID5328940,interaction,2268
CID5328940,interaction,22848
CID5328940,interaction,22983
CID5328940,interaction,23043
CID5328940,interaction,2322
CID5328940,interaction,23235
CID5328940,interaction,23387
CID5328940,interaction,23683
CID5328940,interaction,238
CID5328940,interaction,2444
CID5328940,interaction,25
CID5328940,interaction,2534
CID5328940,interaction,255239
CID5328940,interaction,25778
CID5328940,interaction,2580
CID5328940,interaction,25989
CID5328940,interaction,26576
CID5328940,interaction,27
CID5328940,interaction,27102
CID5328940,interaction,27148
CID5328940,interaction,27330
CID5328940,interaction,27347
CID5328940,interaction,285220
CID5328940,interaction,2868
CID5328940,interaction,28996
CID5328940,interaction,29110
CID5328940,interaction,3055
CID5328940,interaction,30811
CID5328940,interaction,3654
CID5328940,interaction,3702
CID5328940,interaction,3717
CID5328940,interaction,3718
CID5328940,interaction,3815
CID5328940,interaction,3932
CID5328940,interaction,4058
CID5328940,interaction,4067
CID5328940,interaction,4145
CID5328940,interaction,4214
CID5328940,interaction,4215
CID5328940,interaction,4216
CID5328940,interaction,4233
CID5328940,interaction,4293
CID5328940,interaction,4296
CID5328940,interaction,440275
CID5328940,interaction,4486
CID5328940,interaction,4638
CID5328940,interaction,4751
CID5328940,interaction,4869
CID5328940,interaction,4914
CID5328940,interaction,4915
CID5328940,interaction,4916
CID5328940,interaction,4921
CID5328940,interaction,494551
CID5328940,interaction,50488
CID5328940,interaction,5058
CID5328940,interaction,5062
CID5328940,interaction,5063
CID5328940,interaction,51086
CID5328940,interaction,51135
CID5328940,interaction,5127
CID5328940,interaction,51347
CID5328940,interaction,5156
CID5328940,interaction,5159
CID5328940,interaction,51701
CID5328940,interaction,51765
CID5328940,interaction,51776
CID5328940,interaction,5218
CID5328940,interaction,5260
CID5328940,interaction,5261
CID5328940,interaction,5347
CID5328940,interaction,53904
CID5328940,interaction,55589
CID5328940,interaction,5562
CID5328940,interaction,558
CID5328940,interaction,5580
CID5328940,interaction,5581
CID5328940,interaction,5585
CID5328940,interaction,5586
CID5328940,interaction,5588
CID5328940,interaction,5598
CID5328940,interaction,5604
CID5328940,interaction,5605
CID5328940,interaction,5606
CID5328940,interaction,5607
CID5328940,interaction,5608
CID5328940,interaction,5609
CID5328940,interaction,57118
CID5328940,interaction,57396
CID5328940,interaction,5747
CID5328940,interaction,57551
CID5328940,interaction,5871
CID5328940,interaction,5979
CID5328940,interaction,6093
CID5328940,interaction,613
CID5328940,interaction,6196
CID5328940,interaction,6197
CID5328940,interaction,6198
CID5328940,interaction,640
CID5328940,interaction,6416
CID5328940,interaction,65061
CID5328940,interaction,659
CID5328940,interaction,65975
CID5328940,interaction,660
CID5328940,interaction,6714
CID5328940,interaction,6725
CID5328940,interaction,6788
CID5328940,interaction,6789
CID5328940,interaction,6793
CID5328940,interaction,6850
CID5328940,interaction,6885
CID5328940,interaction,695
CID5328940,interaction,7006
CID5328940,interaction,7010
CID5328940,interaction,7075
CID5328940,interaction,7294
CID5328940,interaction,7297
CID5328940,interaction,7301
CID5328940,interaction,7444
CID5328940,interaction,7465
CID5328940,interaction,7525
CID5328940,interaction,7535
CID5328940,interaction,7786
CID5328940,interaction,780
CID5328940,interaction,79858
CID5328940,interaction,80122
CID5328940,interaction,815
CID5328940,interaction,81788
CID5328940,interaction,818
CID5328940,interaction,83732
CID5328940,interaction,8394
CID5328940,interaction,83942
CID5328940,interaction,8408
CID5328940,interaction,8428
CID5328940,interaction,8491
CID5328940,interaction,85443
CID5328940,interaction,8573
CID5328940,interaction,8767
CID5328940,interaction,8780
CID5328940,interaction,9088
CID5328940,interaction,9175
CID5328940,interaction,9344
CID5328940,interaction,9448
CID5328940,interaction,9475
CID5328940,interaction,9641
CID5328940,interaction,9706
CID5328940,interaction,9748
CID5328940,interaction,9874
CID5328940,interaction,9891
CID5329,interaction,2950
CID5329102,interaction,10114
CID5329102,interaction,1017
CID5329102,interaction,10188
CID5329102,interaction,1019
CID5329102,interaction,1020
CID5329102,interaction,1022
CID5329102,interaction,10298
CID5329102,interaction,10461
CID5329102,interaction,10494
CID5329102,interaction,10645
CID5329102,interaction,10733
CID5329102,interaction,10746
CID5329102,interaction,10769
CID5329102,interaction,11011
CID5329102,interaction,11040
CID5329102,interaction,1111
CID5329102,interaction,11113
CID5329102,interaction,11183
CID5329102,interaction,11184
CID5329102,interaction,11200
CID5329102,interaction,11213
CID5329102,interaction,11329
CID5329102,interaction,1147
CID5329102,interaction,1195
CID5329102,interaction,1196
CID5329102,interaction,120892
CID5329102,interaction,122011
CID5329102,interaction,131890
CID5329102,interaction,140469
CID5329102,interaction,140609
CID5329102,interaction,140901
CID5329102,interaction,1436
CID5329102,interaction,1452
CID5329102,interaction,1453
CID5329102,interaction,1454
CID5329102,interaction,1455
CID5329102,interaction,1456
CID5329102,interaction,1457
CID5329102,interaction,1459
CID5329102,interaction,147746
CID5329102,interaction,150094
CID5329102,interaction,1612
CID5329102,interaction,1613
CID5329102,interaction,166614
CID5329102,interaction,1859
CID5329102,interaction,1956
CID5329102,interaction,2011
CID5329102,interaction,2042
CID5329102,interaction,2044
CID5329102,interaction,2045
CID5329102,interaction,2047
CID5329102,interaction,204851
CID5329102,interaction,2050
CID5329102,interaction,2051
CID5329102,interaction,208
CID5329102,interaction,2081
CID5329102,interaction,2185
CID5329102,interaction,2241
CID5329102,interaction,2242
CID5329102,interaction,2260
CID5329102,interaction,2261
CID5329102,interaction,2263
CID5329102,interaction,2264
CID5329102,interaction,2268
CID5329102,interaction,22848
CID5329102,interaction,22858
CID5329102,interaction,22983
CID5329102,interaction,23012
CID5329102,interaction,23043
CID5329102,interaction,2321
CID5329102,interaction,2322
CID5329102,interaction,23235
CID5329102,interaction,2324
CID5329102,interaction,23476
CID5329102,interaction,23604
CID5329102,interaction,23678
CID5329102,interaction,23683
CID5329102,interaction,238
CID5329102,interaction,2444
CID5329102,interaction,25
CID5329102,interaction,2534
CID5329102,interaction,255239
CID5329102,interaction,25778
CID5329102,interaction,2580
CID5329102,interaction,25865
CID5329102,interaction,25989
CID5329102,interaction,26524
CID5329102,interaction,26576
CID5329102,interaction,27
CID5329102,interaction,27330
CID5329102,interaction,27347
CID5329102,interaction,285220
CID5329102,interaction,2868
CID5329102,interaction,2872
CID5329102,interaction,28996
CID5329102,interaction,29110
CID5329102,interaction,3055
CID5329102,interaction,30811
CID5329102,interaction,340156
CID5329102,interaction,3480
CID5329102,interaction,3643
CID5329102,interaction,3645
CID5329102,interaction,3654
CID5329102,interaction,3702
CID5329102,interaction,3716
CID5329102,interaction,3717
CID5329102,interaction,3718
CID5329102,interaction,3757
CID5329102,interaction,3791
CID5329102,interaction,3815
CID5329102,interaction,388228
CID5329102,interaction,389840
CID5329102,interaction,3932
CID5329102,interaction,4058
CID5329102,interaction,4067
CID5329102,interaction,4139
CID5329102,interaction,4140
CID5329102,interaction,4145
CID5329102,interaction,415116
CID5329102,interaction,4215
CID5329102,interaction,4216
CID5329102,interaction,4233
CID5329102,interaction,4293
CID5329102,interaction,4296
CID5329102,interaction,440275
CID5329102,interaction,4593
CID5329102,interaction,4638
CID5329102,interaction,4751
CID5329102,interaction,4914
CID5329102,interaction,4915
CID5329102,interaction,4916
CID5329102,interaction,4921
CID5329102,interaction,50488
CID5329102,interaction,5063
CID5329102,interaction,51135
CID5329102,interaction,5127
CID5329102,interaction,5128
CID5329102,interaction,5129
CID5329102,interaction,51347
CID5329102,interaction,5156
CID5329102,interaction,5159
CID5329102,interaction,5170
CID5329102,interaction,5218
CID5329102,interaction,5260
CID5329102,interaction,5261
CID5329102,interaction,5290
CID5329102,interaction,5293
CID5329102,interaction,5294
CID5329102,interaction,53904
CID5329102,interaction,53944
CID5329102,interaction,54101
CID5329102,interaction,54861
CID5329102,interaction,55589
CID5329102,interaction,5562
CID5329102,interaction,5563
CID5329102,interaction,5578
CID5329102,interaction,55781
CID5329102,interaction,558
CID5329102,interaction,5585
CID5329102,interaction,5586
CID5329102,interaction,5587
CID5329102,interaction,5588
CID5329102,interaction,5598
CID5329102,interaction,5601
CID5329102,interaction,5602
CID5329102,interaction,5604
CID5329102,interaction,5605
CID5329102,interaction,5606
CID5329102,interaction,5607
CID5329102,interaction,5608
CID5329102,interaction,5610
CID5329102,interaction,56924
CID5329102,interaction,57118
CID5329102,interaction,57172
CID5329102,interaction,57396
CID5329102,interaction,5747
CID5329102,interaction,5753
CID5329102,interaction,57551
CID5329102,interaction,57787
CID5329102,interaction,5871
CID5329102,interaction,5979
CID5329102,interaction,6011
CID5329102,interaction,6093
CID5329102,interaction,6195
CID5329102,interaction,6196
CID5329102,interaction,6197
CID5329102,interaction,6198
CID5329102,interaction,640
CID5329102,interaction,6416
CID5329102,interaction,658
CID5329102,interaction,659
CID5329102,interaction,65975
CID5329102,interaction,6714
CID5329102,interaction,6732
CID5329102,interaction,6733
CID5329102,interaction,6788
CID5329102,interaction,6789
CID5329102,interaction,6790
CID5329102,interaction,6793
CID5329102,interaction,6794
CID5329102,interaction,6795
CID5329102,interaction,6885
CID5329102,interaction,695
CID5329102,interaction,7075
CID5329102,interaction,7272
CID5329102,interaction,7297
CID5329102,interaction,7301
CID5329102,interaction,7465
CID5329102,interaction,7525
CID5329102,interaction,7786
CID5329102,interaction,780
CID5329102,interaction,80122
CID5329102,interaction,80351
CID5329102,interaction,814
CID5329102,interaction,815
CID5329102,interaction,816
CID5329102,interaction,817
CID5329102,interaction,81788
CID5329102,interaction,818
CID5329102,interaction,83732
CID5329102,interaction,8394
CID5329102,interaction,83942
CID5329102,interaction,8396
CID5329102,interaction,8408
CID5329102,interaction,84254
CID5329102,interaction,8428
CID5329102,interaction,84446
CID5329102,interaction,8445
CID5329102,interaction,8491
CID5329102,interaction,8536
CID5329102,interaction,85366
CID5329102,interaction,85443
CID5329102,interaction,8569
CID5329102,interaction,8576
CID5329102,interaction,8711
CID5329102,interaction,8737
CID5329102,interaction,8780
CID5329102,interaction,8788
CID5329102,interaction,8899
CID5329102,interaction,8986
CID5329102,interaction,8999
CID5329102,interaction,9024
CID5329102,interaction,9113
CID5329102,interaction,9128
CID5329102,interaction,9149
CID5329102,interaction,9175
CID5329102,interaction,91807
CID5329102,interaction,9201
CID5329102,interaction,9212
CID5329102,interaction,9252
CID5329102,interaction,9262
CID5329102,interaction,9263
CID5329102,interaction,9448
CID5329102,interaction,9475
CID5329102,interaction,9641
CID5329102,interaction,9706
CID5329102,interaction,9748
CID5329102,interaction,9833
CID5329102,interaction,9874
CID5329102,interaction,9891
CID5329102,interaction,9943
CID5330286,interaction,1019
CID5330286,interaction,1020
CID5330286,interaction,1021
CID5330286,interaction,1025
CID5330286,interaction,10298
CID5330286,interaction,1111
CID5330286,interaction,11183
CID5330286,interaction,1196
CID5330286,interaction,120892
CID5330286,interaction,1613
CID5330286,interaction,1859
CID5330286,interaction,2322
CID5330286,interaction,23683
CID5330286,interaction,238
CID5330286,interaction,3718
CID5330286,interaction,4233
CID5330286,interaction,4486
CID5330286,interaction,4751
CID5330286,interaction,5562
CID5330286,interaction,5599
CID5330286,interaction,5601
CID5330286,interaction,5613
CID5330286,interaction,57396
CID5330286,interaction,57551
CID5330286,interaction,5871
CID5330286,interaction,5979
CID5330286,interaction,6195
CID5330286,interaction,6197
CID5330286,interaction,9149
CID5330286,interaction,9448
CID5330286,interaction,9475
CID5333,interaction,11238
CID5333,interaction,23632
CID5333,interaction,377677
CID5333,interaction,759
CID5333,interaction,760
CID5333,interaction,761
CID5333,interaction,762
CID5333,interaction,763
CID5333,interaction,765
CID5333,interaction,766
CID5333,interaction,768
CID5333,interaction,771
CID5335,interaction,1559
CID5335,interaction,3028
CID5335,interaction,4790
CID53359,interaction,10327
CID53359,interaction,231
CID53359,interaction,57016
CID5339,interaction,10599
CID5339,interaction,11309
CID5339,interaction,113235
CID5339,interaction,1147
CID5339,interaction,23657
CID5339,interaction,240
CID5339,interaction,3091
CID5339,interaction,3551
CID5339,interaction,38
CID5339,interaction,4312
CID5339,interaction,5319
CID5339,interaction,5468
CID5339,interaction,5594
CID5339,interaction,5742
CID5339,interaction,5743
CID5339,interaction,6916
CID5339,interaction,759
CID5339,interaction,760
CID5339,interaction,834
CID5352062,interaction,10013
CID5352062,interaction,10014
CID5352062,interaction,3065
CID5352062,interaction,3066
CID5352062,interaction,51564
CID5352062,interaction,55869
CID5352062,interaction,8841
CID5352062,interaction,9734
CID5352062,interaction,9759
CID5355,interaction,11238
CID5355,interaction,150
CID5355,interaction,1813
CID5355,interaction,1814
CID5355,interaction,1815
CID5355,interaction,3757
CID5355,interaction,759
CID5355,interaction,760
CID5355,interaction,761
CID5355,interaction,763
CID5355,interaction,765
CID5355,interaction,766
CID5355,interaction,768
CID5355,interaction,771
CID5358,interaction,3350
CID5358,interaction,3351
CID5358,interaction,3352
CID5358,interaction,3354
CID5358,interaction,3355
CID5358,interaction,3356
CID5358,interaction,3358
CID5358,interaction,3359
CID5358,interaction,3361
CID5358,interaction,3362
CID5358,interaction,3363
CID5358,interaction,55244
CID5359,interaction,1559
CID5359,interaction,5742
CID5359,interaction,5743
CID5360373,interaction,3978
CID5360373,interaction,3980
CID5360515,interaction,1139
CID5360515,interaction,1565
CID5360515,interaction,4985
CID5360515,interaction,4986
CID5360515,interaction,4988
CID5360696,interaction,10280
CID5360696,interaction,10857
CID5360696,interaction,1135
CID5360696,interaction,1136
CID5360696,interaction,1137
CID5360696,interaction,1139
CID5360696,interaction,1141
CID5360696,interaction,1143
CID5360696,interaction,116443
CID5360696,interaction,1535
CID5360696,interaction,1536
CID5360696,interaction,1565
CID5360696,interaction,2905
CID5360696,interaction,4688
CID5360696,interaction,4689
CID5360696,interaction,4985
CID5360696,interaction,4986
CID5360696,interaction,4988
CID5360696,interaction,5879
CID5360696,interaction,5880
CID5360696,interaction,6530
CID5360696,interaction,6532
CID5360696,interaction,653361
CID5360696,interaction,89832
CID5361,interaction,2147
CID5361,interaction,22933
CID5361,interaction,23408
CID5361,interaction,23411
CID5361,interaction,2492
CID5361,interaction,3276
CID5361,interaction,5024
CID5361,interaction,5025
CID5361,interaction,5028
CID5361,interaction,5029
CID5361,interaction,5031
CID5361,interaction,5032
CID5361,interaction,5320
CID5361,interaction,53829
CID5361,interaction,5591
CID5361,interaction,6261
CID5362124,interaction,1636
CID5362129,interaction,1636
CID5362129,interaction,246
CID5362129,interaction,623
CID5362376,interaction,146
CID5362376,interaction,147
CID5362376,interaction,148
CID5362376,interaction,150
CID5362376,interaction,152
CID5362376,interaction,1813
CID5362376,interaction,1814
CID5362376,interaction,3350
CID5362376,interaction,3363
CID5362422,interaction,10863
CID5362422,interaction,11096
CID5362422,interaction,4312
CID5362422,interaction,4313
CID5362422,interaction,4314
CID5362422,interaction,4316
CID5362422,interaction,4317
CID5362422,interaction,4318
CID5362422,interaction,4321
CID5362422,interaction,4322
CID5362422,interaction,4323
CID5362422,interaction,4325
CID5362422,interaction,6868
CID5379,interaction,23113
CID5381,interaction,5914
CID5381,interaction,5915
CID5381,interaction,5916
CID5381,interaction,6257
CID5388961,interaction,1636
CID5388983,interaction,1244
CID5388983,interaction,203068
CID5388983,interaction,3725
CID5388983,interaction,4363
CID5388983,interaction,51174
CID5388983,interaction,51175
CID5388983,interaction,5243
CID5388983,interaction,6916
CID5388983,interaction,7283
CID5388983,interaction,7846
CID5388983,interaction,89845
CID5394,interaction,6749
CID5401,interaction,146
CID5401,interaction,147
CID5401,interaction,148
CID5401,interaction,150
CID5401,interaction,151
CID5401,interaction,152
CID5401,interaction,3064
CID5401,interaction,3356
CID5401,interaction,3757
CID5401,interaction,4835
CID5401,interaction,6580
CID5401,interaction,81033
CID5401,interaction,90134
CID5405,interaction,1128
CID5405,interaction,1129
CID5405,interaction,1131
CID5405,interaction,1132
CID5405,interaction,1133
CID5405,interaction,1234
CID5405,interaction,152
CID5405,interaction,1573
CID5405,interaction,1576
CID5405,interaction,1812
CID5405,interaction,1813
CID5405,interaction,1814
CID5405,interaction,1956
CID5405,interaction,2475
CID5405,interaction,2534
CID5405,interaction,3269
CID5405,interaction,3320
CID5405,interaction,3356
CID5405,interaction,3357
CID5405,interaction,3358
CID5405,interaction,3362
CID5405,interaction,3756
CID5405,interaction,3757
CID5405,interaction,5243
CID5405,interaction,6331
CID5405,interaction,6530
CID5405,interaction,6531
CID5405,interaction,6865
CID5405,interaction,7066
CID5405,interaction,7494
CID5405,interaction,775
CID5426,interaction,2263
CID5426,interaction,4790
CID5426,interaction,5004
CID5426,interaction,5005
CID5426,interaction,51185
CID5426,interaction,5742
CID5426,interaction,5743
CID5426,interaction,7124
CID5429,interaction,134
CID5429,interaction,135
CID5429,interaction,5142
CID5430,interaction,10988
CID5430,interaction,1544
CID5430,interaction,2280
CID5430,interaction,23173
CID5430,interaction,6606
CID54360,interaction,11255
CID54360,interaction,147
CID54360,interaction,148
CID54360,interaction,1565
CID54360,interaction,3269
CID54360,interaction,3417
CID54360,interaction,3757
CID54360,interaction,5243
CID54454,interaction,10002
CID54454,interaction,10599
CID54454,interaction,3156
CID54454,interaction,3417
CID54454,interaction,3683
CID54454,interaction,3689
CID54454,interaction,5243
CID54454,interaction,9970
CID5452,interaction,1129
CID5452,interaction,1131
CID5452,interaction,147
CID5452,interaction,148
CID5452,interaction,150
CID5452,interaction,151
CID5452,interaction,152
CID5452,interaction,1812
CID5452,interaction,1813
CID5452,interaction,1814
CID5452,interaction,1815
CID5452,interaction,1816
CID5452,interaction,3269
CID5452,interaction,3350
CID5452,interaction,3356
CID5452,interaction,3358
CID5452,interaction,3362
CID5452,interaction,3363
CID5452,interaction,3757
CID5453,interaction,10919
CID5453,interaction,3248
CID5453,interaction,51053
CID54585,interaction,240
CID54585,interaction,5468
CID54585,interaction,5742
CID54585,interaction,5743
CID5459110,interaction,1128
CID5459110,interaction,1129
CID5459110,interaction,1131
CID5460033,interaction,10057
CID5460033,interaction,1133
CID5460033,interaction,1244
CID5460033,interaction,140
CID5460033,interaction,1814
CID5460033,interaction,1956
CID5460033,interaction,2
CID5460033,interaction,23468
CID5460033,interaction,2534
CID5460033,interaction,3579
CID5460033,interaction,368
CID5460033,interaction,3932
CID5460033,interaction,4161
CID5460033,interaction,4350
CID5460033,interaction,475
CID5460033,interaction,5595
CID5460033,interaction,6916
CID5460033,interaction,7018
CID5460033,interaction,729230
CID5462501,interaction,1636
CID5462501,interaction,623
CID5464025,interaction,10280
CID5464025,interaction,1135
CID5464025,interaction,116443
CID5464025,interaction,1565
CID5464092,interaction,1066
CID5464092,interaction,1385
CID5464092,interaction,140
CID5464092,interaction,1565
CID5464092,interaction,2099
CID5464092,interaction,2831
CID5464092,interaction,4985
CID5464092,interaction,4986
CID5464092,interaction,4988
CID5464092,interaction,7099
CID54670067,interaction,10536
CID54670067,interaction,112398
CID54670067,interaction,112399
CID54670067,interaction,121642
CID54670067,interaction,151
CID54670067,interaction,1621
CID54670067,interaction,221120
CID54670067,interaction,3938
CID54670067,interaction,5033
CID54670067,interaction,5066
CID54670067,interaction,5264
CID54670067,interaction,5351
CID54670067,interaction,5352
CID54670067,interaction,54583
CID54670067,interaction,54681
CID54670067,interaction,55214
CID54670067,interaction,55217
CID54670067,interaction,55239
CID54670067,interaction,64175
CID54670067,interaction,79676
CID54670067,interaction,8284
CID54670067,interaction,8424
CID54670067,interaction,8985
CID54671008,interaction,1230
CID54671203,interaction,10919
CID54671203,interaction,23569
CID54671203,interaction,29994
CID54671203,interaction,4313
CID54671203,interaction,4314
CID54671203,interaction,4316
CID54671203,interaction,4317
CID54671203,interaction,4322
CID54671203,interaction,51053
CID54671203,interaction,567
CID54675769,interaction,9429
CID54675776,interaction,23569
CID54675776,interaction,3028
CID54675776,interaction,390245
CID54675776,interaction,5621
CID54675776,interaction,5778
CID54675779,interaction,10919
CID54675779,interaction,10951
CID54675779,interaction,216
CID54675779,interaction,2744
CID54675779,interaction,29994
CID54675779,interaction,3028
CID54675779,interaction,3091
CID54675779,interaction,3248
CID54675779,interaction,328
CID54675779,interaction,390245
CID54675779,interaction,4137
CID54675779,interaction,51426
CID54675779,interaction,5347
CID54675779,interaction,5423
CID54675779,interaction,5429
CID54675779,interaction,5965
CID54675779,interaction,9682
CID54675783,interaction,10919
CID54675783,interaction,240
CID54675783,interaction,3553
CID54675783,interaction,4318
CID54675783,interaction,54205
CID54675783,interaction,7422
CID54675783,interaction,834
CID54675783,interaction,836
CID54676228,interaction,10919
CID54676228,interaction,1576
CID54676228,interaction,5742
CID54676228,interaction,5743
CID54676228,interaction,9376
CID54677470,interaction,5742
CID54677470,interaction,5743
CID54677971,interaction,5742
CID54677971,interaction,5743
CID54678486,interaction,213
CID54678486,interaction,79001
CID54679224,interaction,1806
CID54680692,interaction,79001
CID54684141,interaction,1723
CID54686904,interaction,2744
CID54690031,interaction,5444
CID54690031,interaction,5742
CID54690031,interaction,5743
CID5472,interaction,10280
CID5472,interaction,150
CID5472,interaction,151
CID5472,interaction,152
CID5472,interaction,1548
CID5472,interaction,1555
CID5472,interaction,1557
CID5472,interaction,1565
CID5472,interaction,390245
CID5472,interaction,5742
CID5472,interaction,5743
CID5472,interaction,64805
CID5472,interaction,8647
CID54726191,interaction,6582
CID5482,interaction,1586
CID54840,interaction,1128
CID54840,interaction,1129
CID54840,interaction,116443
CID54840,interaction,116444
CID54840,interaction,150
CID54840,interaction,1565
CID54840,interaction,1813
CID54840,interaction,2902
CID54840,interaction,2903
CID54840,interaction,2904
CID54840,interaction,2905
CID54840,interaction,2906
CID54840,interaction,3269
CID54840,interaction,3350
CID54840,interaction,3351
CID54840,interaction,3352
CID54840,interaction,3356
CID54840,interaction,3358
CID54840,interaction,3362
CID54840,interaction,3363
CID54840,interaction,3757
CID54840,interaction,3763
CID54840,interaction,4543
CID54840,interaction,4886
CID54840,interaction,6530
CID54840,interaction,6531
CID54840,interaction,6532
CID54840,interaction,7071
CID54841,interaction,3757
CID54841,interaction,6530
CID54841,interaction,6531
CID54841,interaction,6532
CID5485201,interaction,1139
CID5485201,interaction,1565
CID5485201,interaction,4985
CID5485201,interaction,4986
CID5485201,interaction,4988
CID5486971,interaction,773
CID5486971,interaction,781
CID5486971,interaction,8140
CID5486971,interaction,9254
CID5487,interaction,11188
CID5487,interaction,150
CID5487,interaction,151
CID5487,interaction,152
CID5487426,interaction,1128
CID5487426,interaction,1129
CID5487426,interaction,1131
CID5488548,interaction,4985
CID5488548,interaction,4986
CID5488548,interaction,4988
CID5488548,interaction,775
CID54892,interaction,1636
CID54900,interaction,10280
CID54900,interaction,10682
CID54900,interaction,135
CID54900,interaction,146
CID54900,interaction,150
CID54900,interaction,151
CID54900,interaction,152
CID54900,interaction,1559
CID54900,interaction,1812
CID54900,interaction,1813
CID54900,interaction,1814
CID54900,interaction,2099
CID54900,interaction,2100
CID54900,interaction,216
CID54900,interaction,2534
CID54900,interaction,2629
CID54900,interaction,3028
CID54900,interaction,316
CID54900,interaction,3352
CID54900,interaction,3356
CID54900,interaction,3357
CID54900,interaction,3358
CID54900,interaction,3362
CID54900,interaction,3569
CID54900,interaction,43
CID54900,interaction,4985
CID54900,interaction,4986
CID54900,interaction,4988
CID54900,interaction,5272
CID54900,interaction,5337
CID54900,interaction,5338
CID54900,interaction,6530
CID54900,interaction,6531
CID54900,interaction,6532
CID54900,interaction,6865
CID54900,interaction,7031
CID54900,interaction,8856
CID54900,interaction,9971
CID5493444,interaction,1576
CID5493444,interaction,5243
CID5493444,interaction,5972
CID5494425,interaction,1017
CID5494425,interaction,1445
CID5494425,interaction,1613
CID5494425,interaction,2263
CID5494425,interaction,2321
CID5494425,interaction,2324
CID5494425,interaction,2534
CID5494425,interaction,3055
CID5494425,interaction,3551
CID5494425,interaction,3716
CID5494425,interaction,3717
CID5494425,interaction,3718
CID5494425,interaction,3791
CID5494425,interaction,5578
CID5494425,interaction,7297
CID5494449,interaction,6790
CID5494449,interaction,6795
CID5494449,interaction,9212
CID5504,interaction,134864
CID5504,interaction,148
CID5504,interaction,150
CID5504,interaction,151
CID5504,interaction,152
CID5504,interaction,3269
CID5504,interaction,3274
CID5505,interaction,213
CID5505,interaction,3758
CID5505,interaction,6833
CID5509,interaction,3576
CID5509,interaction,5742
CID5509,interaction,5743
CID5510,interaction,1557
CID5510,interaction,1595
CID5510,interaction,3357
CID55245,interaction,10280
CID55245,interaction,10919
CID55245,interaction,1432
CID55245,interaction,151
CID55245,interaction,1576
CID55245,interaction,1812
CID55245,interaction,2099
CID55245,interaction,2100
CID55245,interaction,246
CID55245,interaction,2534
CID55245,interaction,2908
CID55245,interaction,354
CID55245,interaction,367
CID55245,interaction,4306
CID55245,interaction,4986
CID55245,interaction,4988
CID55245,interaction,5241
CID55245,interaction,7066
CID55245,interaction,8856
CID5526,interaction,5340
CID55283,interaction,1233
CID55283,interaction,1576
CID55283,interaction,1595
CID55283,interaction,2534
CID55283,interaction,3320
CID55283,interaction,3577
CID55283,interaction,4137
CID55283,interaction,5243
CID55283,interaction,554
CID5530,interaction,134864
CID5530,interaction,1548
CID5530,interaction,221656
CID5530,interaction,23028
CID5530,interaction,3350
CID5530,interaction,3358
CID5530,interaction,4128
CID5530,interaction,4129
CID5530,interaction,6530
CID5530,interaction,6531
CID5533,interaction,10280
CID5533,interaction,146
CID5533,interaction,148
CID5533,interaction,150
CID5533,interaction,151
CID5533,interaction,152
CID5533,interaction,1812
CID5533,interaction,1813
CID5533,interaction,1814
CID5533,interaction,1815
CID5533,interaction,3269
CID5533,interaction,3274
CID5533,interaction,3350
CID5533,interaction,3352
CID5533,interaction,3356
CID5533,interaction,3357
CID5533,interaction,3358
CID5533,interaction,3363
CID5533,interaction,3757
CID5533,interaction,6530
CID5533,interaction,6531
CID5533,interaction,6532
CID5546,interaction,1452
CID5546,interaction,1453
CID5546,interaction,1454
CID5546,interaction,1511
CID5546,interaction,1565
CID5546,interaction,3028
CID5546,interaction,3091
CID5546,interaction,3417
CID5546,interaction,3717
CID5546,interaction,6337
CID5546,interaction,6338
CID5546,interaction,6339
CID5546,interaction,6340
CID5546,interaction,6557
CID5546,interaction,834
CID5560,interaction,11238
CID5560,interaction,23632
CID5560,interaction,476
CID5560,interaction,759
CID5560,interaction,760
CID5560,interaction,762
CID5560,interaction,763
CID5560,interaction,765
CID5560,interaction,768
CID5560,interaction,771
CID5564,interaction,1666
CID5564,interaction,3248
CID5564,interaction,3320
CID5564,interaction,3623
CID5564,interaction,367
CID5564,interaction,5468
CID5564,interaction,7173
CID5564,interaction,873
CID5564,interaction,8856
CID5564,interaction,9970
CID5566,interaction,10280
CID5566,interaction,10682
CID5566,interaction,1129
CID5566,interaction,1131
CID5566,interaction,148
CID5566,interaction,150
CID5566,interaction,151
CID5566,interaction,152
CID5566,interaction,1812
CID5566,interaction,1813
CID5566,interaction,1814
CID5566,interaction,1815
CID5566,interaction,2740
CID5566,interaction,3269
CID5566,interaction,3350
CID5566,interaction,3356
CID5566,interaction,3358
CID5566,interaction,3362
CID5566,interaction,3363
CID5566,interaction,3757
CID5566,interaction,50632
CID5566,interaction,5243
CID5566,interaction,5591
CID5566,interaction,6275
CID5566,interaction,7134
CID5566,interaction,801
CID5566,interaction,805
CID5566,interaction,808
CID5566,interaction,84650
CID5568,interaction,1128
CID5568,interaction,1129
CID5568,interaction,1812
CID5568,interaction,1813
CID5568,interaction,3356
CID5568,interaction,3357
CID5568,interaction,3757
CID5568,interaction,51053
CID5568,interaction,5243
CID5572,interaction,10280
CID5572,interaction,1128
CID5572,interaction,1129
CID5572,interaction,1131
CID5572,interaction,1132
CID5572,interaction,1133
CID5572,interaction,1565
CID5578,interaction,10951
CID5578,interaction,1719
CID5578,interaction,5742
CID5578,interaction,6580
CID5578,interaction,7298
CID5583,interaction,10919
CID5583,interaction,1719
CID5583,interaction,2356
CID5583,interaction,5742
CID5583,interaction,7421
CID5585,interaction,135
CID5585,interaction,3358
CID5585,interaction,4128
CID5587,interaction,3269
CID5591,interaction,140
CID5591,interaction,1559
CID5591,interaction,1576
CID5591,interaction,2030
CID5591,interaction,2101
CID5591,interaction,2104
CID5591,interaction,2182
CID5591,interaction,231
CID5591,interaction,247
CID5591,interaction,2950
CID5591,interaction,2998
CID5591,interaction,3357
CID5591,interaction,4128
CID5591,interaction,4129
CID5591,interaction,5054
CID5591,interaction,54578
CID5591,interaction,5465
CID5591,interaction,5467
CID5591,interaction,5468
CID5591,interaction,5594
CID5591,interaction,5770
CID5591,interaction,6916
CID5591,interaction,760
CID5591,interaction,8647
CID5591,interaction,8856
CID5593,interaction,1128
CID5593,interaction,1129
CID5593,interaction,1131
CID5593,interaction,1132
CID5593,interaction,1133
CID5593,interaction,1557
CID5593,interaction,1559
CID56069,interaction,367
CID56329,interaction,1636
CID56330,interaction,1636
CID564,interaction,4018
CID564,interaction,5327
CID564,interaction,5340
CID5656,interaction,1128
CID5656,interaction,1129
CID5656,interaction,150
CID5656,interaction,3356
CID5656,interaction,3358
CID5656,interaction,3362
CID5656,interaction,4886
CID5656,interaction,6530
CID5656,interaction,6531
CID5656,interaction,6532
CID56649450,interaction,5290
CID56704,interaction,3274
CID56844015,interaction,5689
CID56844015,interaction,5690
CID56844015,interaction,5693
CID56959,interaction,3757
CID56959,interaction,5243
CID56959,interaction,6331
CID56959,interaction,6335
CID5702160,interaction,146802
CID5702160,interaction,3274
CID5702160,interaction,3320
CID5702160,interaction,55244
CID5702160,interaction,6581
CID5702160,interaction,6582
CID5702220,interaction,10280
CID5702220,interaction,1565
CID5702220,interaction,6532
CID5709,interaction,146
CID5709,interaction,147
CID5709,interaction,148
CID5709,interaction,150
CID5709,interaction,151
CID5709,interaction,152
CID5709,interaction,3350
CID5709,interaction,3351
CID5709,interaction,3352
CID5709,interaction,3354
CID5717,interaction,10800
CID5717,interaction,1241
CID5717,interaction,140
CID5717,interaction,1432
CID5717,interaction,146802
CID5717,interaction,1559
CID5717,interaction,1576
CID5717,interaction,1956
CID5717,interaction,2648
CID5717,interaction,5321
CID5717,interaction,55244
CID5717,interaction,5594
CID5717,interaction,5595
CID5717,interaction,57105
CID5717,interaction,6582
CID5717,interaction,6916
CID5717,interaction,8856
CID5719,interaction,2554
CID5719,interaction,706
CID5734,interaction,11238
CID5734,interaction,11280
CID5734,interaction,23632
CID5734,interaction,377677
CID5734,interaction,4128
CID5734,interaction,4129
CID5734,interaction,55800
CID5734,interaction,56934
CID5734,interaction,6323
CID5734,interaction,6324
CID5734,interaction,6326
CID5734,interaction,6327
CID5734,interaction,6328
CID5734,interaction,6329
CID5734,interaction,6330
CID5734,interaction,6331
CID5734,interaction,6335
CID5734,interaction,759
CID5734,interaction,760
CID5734,interaction,761
CID5734,interaction,762
CID5734,interaction,763
CID5734,interaction,765
CID5734,interaction,766
CID5734,interaction,767
CID5734,interaction,768
CID5734,interaction,770
CID5734,interaction,771
CID5734,interaction,8911
CID5734,interaction,8912
CID5734,interaction,8913
CID57363,interaction,1557
CID57363,interaction,1559
CID57363,interaction,3283
CID57363,interaction,6715
CID57363,interaction,6716
CID57363,interaction,6718
CID57379345,interaction,1017
CID57379345,interaction,1019
CID57379345,interaction,1956
CID57379345,interaction,2120
CID57379345,interaction,2261
CID57379345,interaction,2263
CID57379345,interaction,2264
CID57379345,interaction,2268
CID57379345,interaction,2322
CID57379345,interaction,238
CID57379345,interaction,25
CID57379345,interaction,2872
CID57379345,interaction,3480
CID57379345,interaction,3643
CID57379345,interaction,3716
CID57379345,interaction,3717
CID57379345,interaction,3718
CID57379345,interaction,3757
CID57379345,interaction,3791
CID57379345,interaction,3815
CID57379345,interaction,3932
CID57379345,interaction,4067
CID57379345,interaction,4233
CID57379345,interaction,4914
CID57379345,interaction,4915
CID57379345,interaction,5156
CID57379345,interaction,5979
CID57379345,interaction,6098
CID57379345,interaction,6714
CID57379345,interaction,6850
CID57379345,interaction,695
CID57379345,interaction,7535
CID57379345,interaction,83942
CID57379345,interaction,9475
CID5742,interaction,1742
CID5742,interaction,217
CID5742,interaction,2593
CID5742,interaction,445
CID5742,interaction,6035
CID5743,interaction,190
CID5743,interaction,2908
CID5743,interaction,301
CID5743,interaction,3565
CID5743,interaction,3567
CID5743,interaction,367
CID5743,interaction,4306
CID5743,interaction,4843
CID5743,interaction,5241
CID5743,interaction,5319
CID5743,interaction,5743
CID5743,interaction,8856
CID5745,interaction,2908
CID5745,interaction,301
CID5745,interaction,3736
CID5745,interaction,55244
CID5745,interaction,6462
CID5745,interaction,866
CID5746,interaction,3620
CID57469,interaction,135
CID57469,interaction,146
CID57469,interaction,3274
CID57469,interaction,51053
CID57469,interaction,51284
CID57469,interaction,51311
CID5748,interaction,1128
CID5748,interaction,1131
CID5748,interaction,4780
CID5754,interaction,2908
CID5754,interaction,301
CID5754,interaction,3091
CID5754,interaction,3283
CID5754,interaction,3291
CID5754,interaction,367
CID5754,interaction,4780
CID5754,interaction,4790
CID5754,interaction,4843
CID5754,interaction,6462
CID5754,interaction,866
CID5755,interaction,2752
CID5755,interaction,2908
CID5755,interaction,301
CID5755,interaction,3569
CID5755,interaction,367
CID5755,interaction,4306
CID5755,interaction,4780
CID5755,interaction,6868
CID5755,interaction,866
CID5756,interaction,2099
CID5756,interaction,2100
CID5756,interaction,2908
CID5756,interaction,367
CID5756,interaction,6462
CID5756,interaction,6532
CID5756,interaction,866
CID5757,interaction,10499
CID5757,interaction,1137
CID5757,interaction,2099
CID5757,interaction,2100
CID5757,interaction,2101
CID5757,interaction,2103
CID5757,interaction,2104
CID5757,interaction,2852
CID5757,interaction,2908
CID5757,interaction,316
CID5757,interaction,3294
CID5757,interaction,367
CID5757,interaction,3778
CID5757,interaction,412
CID5757,interaction,4508
CID5757,interaction,6462
CID5757,interaction,6531
CID5757,interaction,6532
CID5757,interaction,6580
CID5757,interaction,6581
CID5757,interaction,6817
CID5757,interaction,866
CID5757,interaction,8678
CID5757,interaction,8856
CID5770,interaction,1812
CID5770,interaction,1813
CID5770,interaction,1814
CID5770,interaction,3091
CID5770,interaction,332
CID5770,interaction,3350
CID5770,interaction,3757
CID5770,interaction,390245
CID5770,interaction,4137
CID5770,interaction,4988
CID5770,interaction,5243
CID5770,interaction,6532
CID5770,interaction,6570
CID5770,interaction,6571
CID5770,interaction,79915
CID5770,interaction,9429
CID5775,interaction,10280
CID5775,interaction,11188
CID5775,interaction,146
CID5775,interaction,147
CID5775,interaction,148
CID5775,interaction,150
CID5775,interaction,151
CID5775,interaction,152
CID5775,interaction,3269
CID5775,interaction,3350
CID5790,interaction,7298
CID5803,interaction,3091
CID5803,interaction,7067
CID5803,interaction,7068
CID5815,interaction,10919
CID5815,interaction,146
CID5815,interaction,147
CID5815,interaction,148
CID5815,interaction,150
CID5815,interaction,151
CID5815,interaction,152
CID5815,interaction,153
CID5815,interaction,154
CID5815,interaction,155
CID5815,interaction,156
CID5815,interaction,1812
CID5815,interaction,3028
CID5815,interaction,3091
CID5815,interaction,328
CID5815,interaction,390245
CID5815,interaction,4137
CID5815,interaction,5053
CID5815,interaction,51426
CID5815,interaction,6530
CID5815,interaction,6647
CID5815,interaction,7124
CID5816,interaction,10919
CID5816,interaction,146
CID5816,interaction,147
CID5816,interaction,148
CID5816,interaction,150
CID5816,interaction,151
CID5816,interaction,152
CID5816,interaction,153
CID5816,interaction,154
CID5816,interaction,155
CID5816,interaction,156
CID5816,interaction,1812
CID5816,interaction,3028
CID5816,interaction,3091
CID5816,interaction,328
CID5816,interaction,390245
CID5816,interaction,4137
CID5816,interaction,5053
CID5816,interaction,51426
CID5816,interaction,6530
CID5816,interaction,6647
CID5816,interaction,7124
CID5819,interaction,3028
CID5819,interaction,353189
CID5819,interaction,55145
CID5819,interaction,7067
CID5819,interaction,7068
CID5819,interaction,7276
CID5819,interaction,9971
CID5831,interaction,1128
CID5831,interaction,1129
CID5831,interaction,1131
CID5831,interaction,1132
CID5831,interaction,1133
CID5831,interaction,1135
CID5831,interaction,1137
CID5831,interaction,1139
CID5831,interaction,43
CID5833,interaction,1557
CID5833,interaction,2099
CID5833,interaction,2100
CID5833,interaction,2908
CID5833,interaction,367
CID5833,interaction,4306
CID5833,interaction,5241
CID5833,interaction,55244
CID5833,interaction,55799
CID5833,interaction,6462
CID5833,interaction,6715
CID5833,interaction,6716
CID5833,interaction,773
CID5833,interaction,774
CID5833,interaction,775
CID5833,interaction,776
CID5833,interaction,778
CID5833,interaction,779
CID5833,interaction,781
CID5833,interaction,782
CID5833,interaction,783
CID5833,interaction,784
CID5833,interaction,785
CID5833,interaction,786
CID5833,interaction,79644
CID5833,interaction,79915
CID5833,interaction,8856
CID5833,interaction,8911
CID5833,interaction,8912
CID5833,interaction,8913
CID5833,interaction,9254
CID5849,interaction,1136
CID5849,interaction,1143
CID5849,interaction,57053
CID5865,interaction,2908
CID5865,interaction,301
CID5865,interaction,3028
CID5865,interaction,3290
CID5865,interaction,367
CID5865,interaction,4780
CID5865,interaction,9154
CID5870,interaction,2099
CID5870,interaction,2100
CID5870,interaction,23435
CID5870,interaction,3292
CID5870,interaction,3357
CID5870,interaction,367
CID5870,interaction,412
CID5870,interaction,6462
CID5870,interaction,6532
CID5870,interaction,866
CID5870,interaction,9429
CID5878,interaction,367
CID5881,interaction,2539
CID5881,interaction,3292
CID5881,interaction,6462
CID5881,interaction,6820
CID5881,interaction,6822
CID5905,interaction,7083
CID5909,interaction,1128
CID5909,interaction,1129
CID5909,interaction,1131
CID5909,interaction,1132
CID5909,interaction,1133
CID5910,interaction,1128
CID5910,interaction,1129
CID5910,interaction,1131
CID5920,interaction,10919
CID5920,interaction,134
CID5920,interaction,1559
CID5920,interaction,216
CID5920,interaction,5111
CID5920,interaction,55145
CID5920,interaction,7067
CID5920,interaction,7068
CID5935,interaction,4780
CID5959,interaction,1576
CID5959,interaction,1604
CID59768,interaction,153
CID59772,interaction,3350
CID59772,interaction,3351
CID59772,interaction,3352
CID59772,interaction,3354
CID59772,interaction,3355
CID59772,interaction,3356
CID59772,interaction,3358
CID59772,interaction,3359
CID59772,interaction,3361
CID59772,interaction,3362
CID59772,interaction,3363
CID59772,interaction,55244
CID5978,interaction,1244
CID5978,interaction,203068
CID5978,interaction,4363
CID5978,interaction,5243
CID5978,interaction,7277
CID5978,interaction,89845
CID5991,interaction,1244
CID5991,interaction,1312
CID5991,interaction,1544
CID5991,interaction,1555
CID5991,interaction,1557
CID5991,interaction,1558
CID5991,interaction,1559
CID5991,interaction,1576
CID5991,interaction,1577
CID5991,interaction,2099
CID5991,interaction,2100
CID5991,interaction,213
CID5991,interaction,2908
CID5991,interaction,316
CID5991,interaction,367
CID5991,interaction,5243
CID5991,interaction,54600
CID5991,interaction,54657
CID5991,interaction,54658
CID5991,interaction,54659
CID5991,interaction,6462
CID5991,interaction,6530
CID5991,interaction,6531
CID5991,interaction,6532
CID5991,interaction,6554
CID5991,interaction,6579
CID5991,interaction,6582
CID5991,interaction,6783
CID5991,interaction,6817
CID5991,interaction,6818
CID5991,interaction,7364
CID5991,interaction,8647
CID5991,interaction,8856
CID5994,interaction,10280
CID5994,interaction,117144
CID5994,interaction,117155
CID5994,interaction,151306
CID5994,interaction,1559
CID5994,interaction,2099
CID5994,interaction,2169
CID5994,interaction,2908
CID5994,interaction,347732
CID5994,interaction,367
CID5994,interaction,378807
CID5994,interaction,4306
CID5994,interaction,4986
CID5994,interaction,5004
CID5994,interaction,5241
CID5994,interaction,5243
CID5994,interaction,6097
CID5994,interaction,6462
CID5994,interaction,6580
CID5994,interaction,6581
CID5994,interaction,6646
CID5994,interaction,7224
CID5994,interaction,866
CID5994,interaction,8856
CID5994,interaction,9154
CID5995,interaction,1586
CID5995,interaction,2099
CID5995,interaction,367
CID6010,interaction,2099
CID6010,interaction,2908
CID6010,interaction,367
CID6010,interaction,6462
CID6013,interaction,10280
CID6013,interaction,1576
CID6013,interaction,1588
CID6013,interaction,1595
CID6013,interaction,2099
CID6013,interaction,2908
CID6013,interaction,367
CID6013,interaction,4306
CID6013,interaction,6462
CID6013,interaction,866
CID60164,interaction,2741
CID60164,interaction,5914
CID60164,interaction,5915
CID60164,interaction,5916
CID60164,interaction,6256
CID60164,interaction,6257
CID60164,interaction,6258
CID6018,interaction,150
CID6018,interaction,152
CID6018,interaction,1813
CID6018,interaction,6570
CID6018,interaction,6571
CID6019,interaction,29968
CID6019,interaction,501
CID6019,interaction,55163
CID6019,interaction,57026
CID6019,interaction,6470
CID6019,interaction,8566
CID6019,interaction,875
CID60198,interaction,1588
CID60198,interaction,367
CID60198,interaction,4780
CID6041,interaction,146
CID6041,interaction,147
CID6041,interaction,148
CID60464,interaction,23113
CID60464,interaction,3757
CID60464,interaction,7153
CID6047,interaction,1812
CID6047,interaction,1813
CID6047,interaction,1814
CID6047,interaction,1815
CID6047,interaction,1816
CID6048,interaction,134864
CID6048,interaction,148
CID6048,interaction,150
CID6048,interaction,151
CID6048,interaction,152
CID6048,interaction,3269
CID6048,interaction,3274
CID60490,interaction,1241
CID60490,interaction,2053
CID60490,interaction,240
CID60490,interaction,241
CID60490,interaction,4048
CID60490,interaction,57105
CID60560,interaction,4128
CID60560,interaction,4129
CID60560,interaction,5465
CID60560,interaction,5467
CID60560,interaction,5468
CID60560,interaction,7525
CID60560,interaction,760
CID60560,interaction,8647
CID6058,interaction,4887
CID6058,interaction,6750
CID60606,interaction,1555
CID60606,interaction,64805
CID60606,interaction,6532
CID60648,interaction,6529
CID60656,interaction,153
CID60656,interaction,154
CID60699,interaction,10257
CID60699,interaction,116447
CID60699,interaction,1244
CID60699,interaction,146802
CID60699,interaction,1576
CID60699,interaction,3091
CID60699,interaction,3417
CID60699,interaction,367
CID60699,interaction,4780
CID60699,interaction,5243
CID60699,interaction,5347
CID60699,interaction,55244
CID60699,interaction,6582
CID60699,interaction,7150
CID60699,interaction,7251
CID60699,interaction,7849
CID60699,interaction,8856
CID60699,interaction,9429
CID60700,interaction,10257
CID60700,interaction,116447
CID60700,interaction,1244
CID60700,interaction,146802
CID60700,interaction,1576
CID60700,interaction,3091
CID60700,interaction,3417
CID60700,interaction,367
CID60700,interaction,4780
CID60700,interaction,5243
CID60700,interaction,5347
CID60700,interaction,55244
CID60700,interaction,6582
CID60700,interaction,7150
CID60700,interaction,7251
CID60700,interaction,7849
CID60700,interaction,8856
CID60700,interaction,9429
CID60726,interaction,5742
CID60726,interaction,5743
CID60749,interaction,1633
CID60749,interaction,367
CID60749,interaction,51727
CID60749,interaction,6240
CID60749,interaction,6241
CID60749,interaction,7298
CID60750,interaction,1111
CID60750,interaction,1633
CID60750,interaction,367
CID60750,interaction,51727
CID60750,interaction,6240
CID60750,interaction,6241
CID60750,interaction,7298
CID60753,interaction,3757
CID60753,interaction,3767
CID60753,interaction,3775
CID60753,interaction,775
CID60753,interaction,781
CID60753,interaction,782
CID60753,interaction,786
CID60753,interaction,81033
CID60753,interaction,90134
CID60753,interaction,9424
CID60795,interaction,1128
CID60795,interaction,1129
CID60795,interaction,1131
CID60795,interaction,1132
CID60795,interaction,1133
CID60795,interaction,147
CID60795,interaction,148
CID60795,interaction,150
CID60795,interaction,151
CID60795,interaction,152
CID60795,interaction,153
CID60795,interaction,154
CID60795,interaction,1812
CID60795,interaction,1813
CID60795,interaction,1814
CID60795,interaction,1815
CID60795,interaction,1816
CID60795,interaction,3005
CID60795,interaction,3269
CID60795,interaction,3350
CID60795,interaction,3351
CID60795,interaction,3352
CID60795,interaction,3354
CID60795,interaction,3356
CID60795,interaction,3357
CID60795,interaction,3358
CID60795,interaction,3359
CID60795,interaction,3361
CID60795,interaction,3362
CID60795,interaction,3363
CID60795,interaction,3757
CID60795,interaction,5243
CID60795,interaction,5582
CID60795,interaction,6530
CID60795,interaction,6531
CID60795,interaction,6532
CID60822,interaction,10013
CID60822,interaction,10599
CID60822,interaction,1311
CID60822,interaction,1576
CID60822,interaction,1803
CID60822,interaction,196
CID60822,interaction,27032
CID60822,interaction,28234
CID60822,interaction,3065
CID60822,interaction,3066
CID60822,interaction,3156
CID60822,interaction,6285
CID60822,interaction,7125
CID60822,interaction,7134
CID60822,interaction,775
CID60822,interaction,801
CID60822,interaction,831
CID60822,interaction,9970
CID60825,interaction,1633
CID60825,interaction,213
CID60834,interaction,1128
CID60834,interaction,1129
CID60834,interaction,150
CID60834,interaction,1565
CID60834,interaction,3269
CID60834,interaction,3350
CID60834,interaction,3351
CID60834,interaction,3352
CID60834,interaction,3354
CID60834,interaction,3355
CID60834,interaction,3356
CID60834,interaction,3357
CID60834,interaction,3358
CID60834,interaction,3362
CID60834,interaction,3363
CID60834,interaction,3757
CID60834,interaction,4886
CID60834,interaction,6331
CID60834,interaction,6530
CID60834,interaction,6531
CID60834,interaction,6532
CID60835,interaction,1129
CID60835,interaction,150
CID60835,interaction,1565
CID60835,interaction,3269
CID60835,interaction,3350
CID60835,interaction,3351
CID60835,interaction,3352
CID60835,interaction,3354
CID60835,interaction,3355
CID60835,interaction,3356
CID60835,interaction,3357
CID60835,interaction,3358
CID60835,interaction,3362
CID60835,interaction,4886
CID60835,interaction,6530
CID60835,interaction,6531
CID60835,interaction,6532
CID60838,interaction,10257
CID60838,interaction,1132
CID60838,interaction,116447
CID60838,interaction,1244
CID60838,interaction,146802
CID60838,interaction,152
CID60838,interaction,367
CID60838,interaction,43
CID60838,interaction,4312
CID60838,interaction,4363
CID60838,interaction,5243
CID60838,interaction,55244
CID60838,interaction,6580
CID60838,interaction,6581
CID60838,interaction,6582
CID60838,interaction,7150
CID60838,interaction,7849
CID60838,interaction,8202
CID60838,interaction,8648
CID60838,interaction,9429
CID60846,interaction,185
CID60854,interaction,1128
CID60854,interaction,1129
CID60854,interaction,1131
CID60854,interaction,1132
CID60854,interaction,1133
CID60854,interaction,147
CID60854,interaction,148
CID60854,interaction,150
CID60854,interaction,151
CID60854,interaction,152
CID60854,interaction,153
CID60854,interaction,154
CID60854,interaction,1812
CID60854,interaction,1813
CID60854,interaction,1814
CID60854,interaction,1815
CID60854,interaction,1816
CID60854,interaction,3005
CID60854,interaction,3269
CID60854,interaction,3274
CID60854,interaction,3350
CID60854,interaction,3351
CID60854,interaction,3352
CID60854,interaction,3354
CID60854,interaction,3356
CID60854,interaction,3357
CID60854,interaction,3358
CID60854,interaction,3359
CID60854,interaction,3361
CID60854,interaction,3362
CID60854,interaction,3363
CID60854,interaction,3757
CID60854,interaction,6530
CID60854,interaction,6531
CID60854,interaction,6532
CID60854,interaction,6915
CID60854,interaction,79915
CID60855,interaction,10825
CID60855,interaction,4759
CID60857,interaction,3350
CID60857,interaction,3351
CID60857,interaction,3352
CID60857,interaction,3354
CID60857,interaction,3355
CID60871,interaction,10919
CID60871,interaction,4780
CID60871,interaction,5428
CID60877,interaction,213
CID60953,interaction,7298
CID60961,interaction,100
CID60961,interaction,132
CID60961,interaction,134
CID60961,interaction,135
CID60961,interaction,136
CID60961,interaction,140
CID60961,interaction,191
CID60961,interaction,2597
CID60961,interaction,55300
CID60961,interaction,55361
CID60974,interaction,10280
CID60974,interaction,10682
CID60974,interaction,1128
CID60974,interaction,1129
CID60974,interaction,1131
CID60974,interaction,1132
CID60974,interaction,1133
CID60974,interaction,114548
CID60974,interaction,140
CID60974,interaction,150
CID60974,interaction,151
CID60974,interaction,152
CID60974,interaction,155
CID60974,interaction,1565
CID60974,interaction,1814
CID60974,interaction,1956
CID60974,interaction,2064
CID60974,interaction,2099
CID60974,interaction,2534
CID60974,interaction,3269
CID60974,interaction,3356
CID60974,interaction,3357
CID60974,interaction,3358
CID60974,interaction,3362
CID60974,interaction,3757
CID60974,interaction,387129
CID60974,interaction,51053
CID60974,interaction,5742
CID60974,interaction,6462
CID60974,interaction,6530
CID60974,interaction,6531
CID60974,interaction,6532
CID60974,interaction,6865
CID6100,interaction,153
CID6100,interaction,154
CID6100,interaction,476
CID6100,interaction,6530
CID610479,interaction,2169
CID610479,interaction,23192
CID610479,interaction,3091
CID610479,interaction,367
CID610479,interaction,5319
CID610479,interaction,5742
CID610479,interaction,5743
CID610479,interaction,7276
CID610479,interaction,8644
CID6167,interaction,10383
CID6167,interaction,1387
CID6167,interaction,1576
CID6167,interaction,203068
CID6167,interaction,2741
CID6167,interaction,2742
CID6167,interaction,3417
CID6167,interaction,3576
CID6167,interaction,367
CID6167,interaction,3725
CID6167,interaction,4286
CID6167,interaction,4363
CID6167,interaction,4780
CID6167,interaction,51053
CID6167,interaction,5243
CID6167,interaction,6097
CID6167,interaction,6581
CID6167,interaction,7849
CID6167,interaction,79915
CID6167,interaction,81027
CID6172,interaction,1128
CID6172,interaction,1129
CID6172,interaction,1135
CID6172,interaction,43
CID6175,interaction,7371
CID6178111,interaction,1719
CID6209,interaction,1137
CID6209,interaction,1139
CID6209,interaction,162466
CID6209,interaction,43
CID6209,interaction,5130
CID6209,interaction,5337
CID6209,interaction,5338
CID6209,interaction,590
CID6209,interaction,89832
CID6209,interaction,9468
CID6215,interaction,2908
CID6215,interaction,367
CID6230,interaction,5241
CID6230,interaction,6462
CID6234,interaction,116443
CID6234,interaction,116444
CID6234,interaction,1576
CID6234,interaction,2671
CID6234,interaction,2902
CID6234,interaction,2903
CID6234,interaction,2904
CID6234,interaction,2905
CID6234,interaction,2906
CID6234,interaction,3091
CID6239,interaction,10919
CID6239,interaction,11201
CID6239,interaction,1128
CID6239,interaction,1129
CID6239,interaction,1131
CID6239,interaction,1132
CID6239,interaction,1133
CID6239,interaction,146
CID6239,interaction,150
CID6239,interaction,151
CID6239,interaction,152
CID6239,interaction,1814
CID6239,interaction,3028
CID6239,interaction,3043
CID6239,interaction,316
CID6239,interaction,3274
CID6239,interaction,3356
CID6239,interaction,387129
CID6239,interaction,43
CID6239,interaction,51426
CID6239,interaction,5321
CID6239,interaction,5334
CID6239,interaction,5423
CID6239,interaction,5621
CID6239,interaction,6530
CID6239,interaction,7066
CID6239,interaction,7157
CID6239,interaction,79915
CID6239,interaction,8398
CID6240,interaction,10280
CID6240,interaction,11255
CID6240,interaction,1128
CID6240,interaction,1129
CID6240,interaction,1131
CID6240,interaction,1132
CID6240,interaction,1133
CID6240,interaction,146
CID6240,interaction,147
CID6240,interaction,148
CID6240,interaction,150
CID6240,interaction,151
CID6240,interaction,152
CID6240,interaction,1565
CID6240,interaction,1812
CID6240,interaction,1813
CID6240,interaction,1814
CID6240,interaction,1815
CID6240,interaction,1816
CID6240,interaction,1956
CID6240,interaction,2064
CID6240,interaction,2534
CID6240,interaction,2671
CID6240,interaction,316
CID6240,interaction,3269
CID6240,interaction,3274
CID6240,interaction,3350
CID6240,interaction,3351
CID6240,interaction,3352
CID6240,interaction,3354
CID6240,interaction,3356
CID6240,interaction,3357
CID6240,interaction,3358
CID6240,interaction,3359
CID6240,interaction,3361
CID6240,interaction,3362
CID6240,interaction,3363
CID6240,interaction,3757
CID6240,interaction,4159
CID6240,interaction,4160
CID6240,interaction,4161
CID6240,interaction,4985
CID6240,interaction,4986
CID6240,interaction,4988
CID6240,interaction,5004
CID6240,interaction,5005
CID6240,interaction,5243
CID6240,interaction,5621
CID6240,interaction,59340
CID6240,interaction,6261
CID6240,interaction,6332
CID6240,interaction,6530
CID6240,interaction,6531
CID6240,interaction,6532
CID6240,interaction,6580
CID6240,interaction,6582
CID6240,interaction,6609
CID6240,interaction,6865
CID6240,interaction,7157
CID6240,interaction,801
CID6240,interaction,805
CID6240,interaction,808
CID6241,interaction,134
CID6241,interaction,135
CID6241,interaction,3757
CID6241,interaction,43
CID6241,interaction,5142
CID6241,interaction,6261
CID6252,interaction,390245
CID6252,interaction,5423
CID6252,interaction,55
CID6252,interaction,8202
CID6253,interaction,390245
CID6253,interaction,5423
CID6253,interaction,55
CID6253,interaction,8202
CID6256,interaction,7298
CID62770,interaction,2078
CID62770,interaction,2099
CID62770,interaction,2516
CID62770,interaction,2740
CID62770,interaction,3064
CID62770,interaction,328
CID62770,interaction,3320
CID62770,interaction,3417
CID62770,interaction,367
CID62770,interaction,368
CID62770,interaction,4088
CID62770,interaction,4137
CID62770,interaction,4297
CID62770,interaction,4313
CID62770,interaction,4363
CID62770,interaction,51426
CID62770,interaction,5243
CID62770,interaction,6256
CID62770,interaction,6275
CID62770,interaction,6311
CID62770,interaction,7068
CID62770,interaction,7153
CID62770,interaction,7155
CID62770,interaction,7157
CID62770,interaction,7398
CID62770,interaction,7421
CID62770,interaction,7486
CID62770,interaction,7532
CID62770,interaction,7849
CID62770,interaction,79915
CID62770,interaction,9429
CID6279,interaction,1645
CID6279,interaction,1646
CID6279,interaction,2099
CID6279,interaction,2908
CID6279,interaction,367
CID6279,interaction,387129
CID6279,interaction,4306
CID6279,interaction,4780
CID6279,interaction,5241
CID6279,interaction,6462
CID6279,interaction,8644
CID62878,interaction,10280
CID62878,interaction,1128
CID62878,interaction,1129
CID62878,interaction,1131
CID62878,interaction,1132
CID62878,interaction,1133
CID62878,interaction,150
CID62878,interaction,153
CID62878,interaction,1544
CID62878,interaction,1565
CID62878,interaction,1814
CID62878,interaction,2475
CID62878,interaction,2740
CID62878,interaction,3350
CID62878,interaction,3356
CID62878,interaction,3757
CID62878,interaction,5025
CID62878,interaction,6530
CID62878,interaction,6531
CID62878,interaction,6532
CID62878,interaction,6869
CID62878,interaction,7157
CID62886,interaction,1135
CID6291,interaction,1268
CID6291,interaction,2099
CID6291,interaction,6530
CID6291,interaction,6532
CID62920,interaction,10919
CID62920,interaction,1576
CID62920,interaction,3356
CID62920,interaction,3359
CID62920,interaction,3757
CID62920,interaction,5243
CID62920,interaction,6332
CID62920,interaction,6580
CID62920,interaction,775
CID62920,interaction,779
CID62920,interaction,786
CID62920,interaction,8912
CID62935,interaction,10280
CID62935,interaction,146
CID62935,interaction,148
CID62935,interaction,150
CID62935,interaction,151
CID62935,interaction,152
CID62935,interaction,1812
CID62935,interaction,1813
CID62935,interaction,1814
CID62935,interaction,1815
CID62935,interaction,3269
CID62935,interaction,3274
CID62935,interaction,3350
CID62935,interaction,3352
CID62935,interaction,3356
CID62935,interaction,3357
CID62935,interaction,3358
CID62935,interaction,3363
CID62935,interaction,3757
CID62935,interaction,6530
CID62935,interaction,6531
CID62935,interaction,6532
CID62969,interaction,10021
CID62969,interaction,146
CID62969,interaction,147
CID62969,interaction,148
CID62969,interaction,150
CID62969,interaction,151
CID62969,interaction,1576
CID62969,interaction,1814
CID62969,interaction,219931
CID62969,interaction,222962
CID62969,interaction,316
CID62969,interaction,3274
CID62969,interaction,3350
CID62969,interaction,3356
CID62969,interaction,3357
CID62969,interaction,3358
CID62969,interaction,3738
CID62969,interaction,3743
CID62969,interaction,3744
CID62969,interaction,3747
CID62969,interaction,3757
CID62969,interaction,3763
CID62969,interaction,3767
CID62969,interaction,4363
CID62969,interaction,5243
CID62969,interaction,53373
CID62969,interaction,5965
CID62969,interaction,6331
CID62969,interaction,6532
CID62969,interaction,6580
CID62969,interaction,6582
CID62969,interaction,759
CID62969,interaction,773
CID62969,interaction,774
CID62969,interaction,775
CID62969,interaction,776
CID62969,interaction,778
CID62969,interaction,779
CID62969,interaction,782
CID62969,interaction,783
CID62969,interaction,784
CID62969,interaction,785
CID62969,interaction,8911
CID62969,interaction,8912
CID62969,interaction,8913
CID62969,interaction,9429
CID62978,interaction,146
CID62978,interaction,147
CID62978,interaction,148
CID62978,interaction,150
CID62978,interaction,152
CID62978,interaction,154
CID62978,interaction,3357
CID62978,interaction,3358
CID62978,interaction,3757
CID62978,interaction,4312
CID62978,interaction,5243
CID62978,interaction,6531
CID62978,interaction,6532
CID62978,interaction,81033
CID62978,interaction,90134
CID63002,interaction,3269
CID63002,interaction,3757
CID63002,interaction,5243
CID63002,interaction,6579
CID63009,interaction,10280
CID63009,interaction,1128
CID63009,interaction,1129
CID63009,interaction,1131
CID63009,interaction,1132
CID63009,interaction,1133
CID63009,interaction,148
CID63009,interaction,150
CID63009,interaction,151
CID63009,interaction,152
CID63009,interaction,1557
CID63009,interaction,1812
CID63009,interaction,3356
CID63009,interaction,3357
CID63009,interaction,3358
CID63009,interaction,3417
CID63009,interaction,3757
CID63009,interaction,4161
CID63009,interaction,6530
CID63009,interaction,6531
CID63009,interaction,6532
CID6321424,interaction,1128
CID6321424,interaction,1131
CID6321424,interaction,1133
CID6321424,interaction,1139
CID6321424,interaction,140
CID6321424,interaction,150
CID6321424,interaction,152
CID6321424,interaction,1812
CID6321424,interaction,1814
CID6321424,interaction,2562
CID6321424,interaction,5243
CID6321424,interaction,6530
CID6321424,interaction,6531
CID6321424,interaction,8001
CID6321424,interaction,9971
CID6323266,interaction,1890
CID6337614,interaction,3359
CID6337614,interaction,3757
CID636362,interaction,11201
CID636362,interaction,1812
CID636362,interaction,2078
CID636362,interaction,2475
CID636362,interaction,3064
CID636362,interaction,3091
CID636362,interaction,3417
CID636362,interaction,367
CID636362,interaction,3757
CID636362,interaction,4137
CID636362,interaction,4363
CID636362,interaction,51426
CID636362,interaction,5243
CID636362,interaction,5347
CID636362,interaction,5467
CID636362,interaction,6275
CID636362,interaction,7066
CID636362,interaction,7153
CID636362,interaction,7849
CID636362,interaction,79915
CID636402,interaction,10599
CID636402,interaction,28234
CID636402,interaction,3290
CID636403,interaction,3290
CID637568,interaction,338442
CID637568,interaction,5970
CID637568,interaction,9817
CID638278,interaction,231
CID64139,interaction,387129
CID64139,interaction,8856
CID6419954,interaction,1719
CID6420023,interaction,150
CID6420040,interaction,6336
CID6433119,interaction,2159
CID6433151,interaction,3269
CID6433151,interaction,3357
CID6433151,interaction,3757
CID6433151,interaction,59340
CID6435335,interaction,10919
CID6435335,interaction,11201
CID6435335,interaction,150
CID6435335,interaction,3091
CID6435335,interaction,3785
CID6435335,interaction,3786
CID6435335,interaction,5347
CID6435335,interaction,5999
CID6435335,interaction,7421
CID6435335,interaction,842
CID6435415,interaction,1800
CID6436,interaction,2908
CID6436173,interaction,8856
CID6436223,interaction,523
CID6437380,interaction,3757
CID6442177,interaction,2280
CID6442177,interaction,2475
CID6442177,interaction,5243
CID644241,interaction,11184
CID644241,interaction,11238
CID644241,interaction,1195
CID644241,interaction,1432
CID644241,interaction,1436
CID644241,interaction,1445
CID644241,interaction,1969
CID644241,interaction,2041
CID644241,interaction,2042
CID644241,interaction,2043
CID644241,interaction,2044
CID644241,interaction,2046
CID644241,interaction,2047
CID644241,interaction,2048
CID644241,interaction,2049
CID644241,interaction,2050
CID644241,interaction,2051
CID644241,interaction,2260
CID644241,interaction,2263
CID644241,interaction,2268
CID644241,interaction,2322
CID644241,interaction,23632
CID644241,interaction,2444
CID644241,interaction,25
CID644241,interaction,2534
CID644241,interaction,27
CID644241,interaction,285220
CID644241,interaction,3055
CID644241,interaction,3643
CID644241,interaction,3717
CID644241,interaction,3757
CID644241,interaction,3815
CID644241,interaction,3932
CID644241,interaction,4067
CID644241,interaction,4915
CID644241,interaction,4916
CID644241,interaction,4921
CID644241,interaction,51086
CID644241,interaction,51347
CID644241,interaction,5156
CID644241,interaction,5159
CID644241,interaction,51776
CID644241,interaction,5599
CID644241,interaction,5600
CID644241,interaction,5601
CID644241,interaction,5602
CID644241,interaction,5607
CID644241,interaction,57396
CID644241,interaction,57551
CID644241,interaction,5894
CID644241,interaction,5979
CID644241,interaction,640
CID644241,interaction,660
CID644241,interaction,6714
CID644241,interaction,673
CID644241,interaction,6793
CID644241,interaction,7010
CID644241,interaction,7075
CID644241,interaction,7297
CID644241,interaction,7525
CID644241,interaction,759
CID644241,interaction,760
CID644241,interaction,761
CID644241,interaction,762
CID644241,interaction,763
CID644241,interaction,765
CID644241,interaction,766
CID644241,interaction,768
CID644241,interaction,771
CID644241,interaction,780
CID644241,interaction,79837
CID644241,interaction,9578
CID6445540,interaction,10381
CID6450551,interaction,10188
CID6450551,interaction,10298
CID6450551,interaction,10461
CID6450551,interaction,10645
CID6450551,interaction,10733
CID6450551,interaction,11183
CID6450551,interaction,11184
CID6450551,interaction,120892
CID6450551,interaction,1436
CID6450551,interaction,1445
CID6450551,interaction,1459
CID6450551,interaction,150094
CID6450551,interaction,1956
CID6450551,interaction,2051
CID6450551,interaction,2260
CID6450551,interaction,2261
CID6450551,interaction,2263
CID6450551,interaction,2268
CID6450551,interaction,22848
CID6450551,interaction,23043
CID6450551,interaction,2321
CID6450551,interaction,2322
CID6450551,interaction,2324
CID6450551,interaction,25
CID6450551,interaction,255239
CID6450551,interaction,2580
CID6450551,interaction,25989
CID6450551,interaction,26576
CID6450551,interaction,27
CID6450551,interaction,2868
CID6450551,interaction,30811
CID6450551,interaction,3654
CID6450551,interaction,3702
CID6450551,interaction,3717
CID6450551,interaction,3718
CID6450551,interaction,3791
CID6450551,interaction,3815
CID6450551,interaction,3932
CID6450551,interaction,4215
CID6450551,interaction,4216
CID6450551,interaction,4233
CID6450551,interaction,4293
CID6450551,interaction,4914
CID6450551,interaction,4921
CID6450551,interaction,50488
CID6450551,interaction,5127
CID6450551,interaction,5156
CID6450551,interaction,5159
CID6450551,interaction,51776
CID6450551,interaction,53904
CID6450551,interaction,54101
CID6450551,interaction,55589
CID6450551,interaction,558
CID6450551,interaction,5586
CID6450551,interaction,5599
CID6450551,interaction,5602
CID6450551,interaction,5604
CID6450551,interaction,5605
CID6450551,interaction,5607
CID6450551,interaction,5610
CID6450551,interaction,5871
CID6450551,interaction,5979
CID6450551,interaction,6098
CID6450551,interaction,640
CID6450551,interaction,658
CID6450551,interaction,6732
CID6450551,interaction,6788
CID6450551,interaction,6789
CID6450551,interaction,6790
CID6450551,interaction,6793
CID6450551,interaction,6795
CID6450551,interaction,7010
CID6450551,interaction,7016
CID6450551,interaction,7075
CID6450551,interaction,7272
CID6450551,interaction,7294
CID6450551,interaction,7297
CID6450551,interaction,7525
CID6450551,interaction,7786
CID6450551,interaction,780
CID6450551,interaction,80122
CID6450551,interaction,81788
CID6450551,interaction,83732
CID6450551,interaction,84254
CID6450551,interaction,8491
CID6450551,interaction,85366
CID6450551,interaction,8576
CID6450551,interaction,8711
CID6450551,interaction,8737
CID6450551,interaction,8767
CID6450551,interaction,8780
CID6450551,interaction,8999
CID6450551,interaction,91807
CID6450551,interaction,9212
CID6450551,interaction,93
CID6450551,interaction,9448
CID6450551,interaction,9578
CID6450551,interaction,9706
CID6450551,interaction,9748
CID6451164,interaction,8856
CID6456015,interaction,10114
CID6456015,interaction,1017
CID6456015,interaction,10188
CID6456015,interaction,1019
CID6456015,interaction,1020
CID6456015,interaction,1022
CID6456015,interaction,10298
CID6456015,interaction,10461
CID6456015,interaction,10494
CID6456015,interaction,10645
CID6456015,interaction,10733
CID6456015,interaction,10746
CID6456015,interaction,10769
CID6456015,interaction,11011
CID6456015,interaction,11040
CID6456015,interaction,1111
CID6456015,interaction,11113
CID6456015,interaction,11183
CID6456015,interaction,11184
CID6456015,interaction,11200
CID6456015,interaction,11213
CID6456015,interaction,11329
CID6456015,interaction,1147
CID6456015,interaction,1195
CID6456015,interaction,1196
CID6456015,interaction,120892
CID6456015,interaction,122011
CID6456015,interaction,131890
CID6456015,interaction,140469
CID6456015,interaction,140609
CID6456015,interaction,140901
CID6456015,interaction,1436
CID6456015,interaction,1452
CID6456015,interaction,1453
CID6456015,interaction,1454
CID6456015,interaction,1455
CID6456015,interaction,1456
CID6456015,interaction,1457
CID6456015,interaction,1459
CID6456015,interaction,147746
CID6456015,interaction,150094
CID6456015,interaction,1612
CID6456015,interaction,1613
CID6456015,interaction,166614
CID6456015,interaction,1859
CID6456015,interaction,1956
CID6456015,interaction,2011
CID6456015,interaction,2042
CID6456015,interaction,2044
CID6456015,interaction,2045
CID6456015,interaction,2047
CID6456015,interaction,204851
CID6456015,interaction,2050
CID6456015,interaction,2051
CID6456015,interaction,208
CID6456015,interaction,2081
CID6456015,interaction,2185
CID6456015,interaction,2241
CID6456015,interaction,2242
CID6456015,interaction,2260
CID6456015,interaction,2261
CID6456015,interaction,2263
CID6456015,interaction,2264
CID6456015,interaction,2268
CID6456015,interaction,22848
CID6456015,interaction,22858
CID6456015,interaction,22983
CID6456015,interaction,23012
CID6456015,interaction,23043
CID6456015,interaction,2321
CID6456015,interaction,2322
CID6456015,interaction,23235
CID6456015,interaction,2324
CID6456015,interaction,23476
CID6456015,interaction,23604
CID6456015,interaction,23678
CID6456015,interaction,23683
CID6456015,interaction,238
CID6456015,interaction,2444
CID6456015,interaction,25
CID6456015,interaction,2534
CID6456015,interaction,255239
CID6456015,interaction,25778
CID6456015,interaction,2580
CID6456015,interaction,25865
CID6456015,interaction,25989
CID6456015,interaction,26524
CID6456015,interaction,26576
CID6456015,interaction,27
CID6456015,interaction,27330
CID6456015,interaction,27347
CID6456015,interaction,285220
CID6456015,interaction,2868
CID6456015,interaction,2872
CID6456015,interaction,28996
CID6456015,interaction,29110
CID6456015,interaction,3055
CID6456015,interaction,30811
CID6456015,interaction,340156
CID6456015,interaction,3480
CID6456015,interaction,3643
CID6456015,interaction,3645
CID6456015,interaction,3654
CID6456015,interaction,3702
CID6456015,interaction,3716
CID6456015,interaction,3717
CID6456015,interaction,3718
CID6456015,interaction,3757
CID6456015,interaction,3791
CID6456015,interaction,3815
CID6456015,interaction,388228
CID6456015,interaction,389840
CID6456015,interaction,3932
CID6456015,interaction,4058
CID6456015,interaction,4067
CID6456015,interaction,4139
CID6456015,interaction,4140
CID6456015,interaction,4145
CID6456015,interaction,415116
CID6456015,interaction,4215
CID6456015,interaction,4216
CID6456015,interaction,4233
CID6456015,interaction,4293
CID6456015,interaction,4296
CID6456015,interaction,440275
CID6456015,interaction,4593
CID6456015,interaction,4638
CID6456015,interaction,4751
CID6456015,interaction,4914
CID6456015,interaction,4915
CID6456015,interaction,4916
CID6456015,interaction,4921
CID6456015,interaction,50488
CID6456015,interaction,5063
CID6456015,interaction,51135
CID6456015,interaction,5127
CID6456015,interaction,5128
CID6456015,interaction,5129
CID6456015,interaction,51347
CID6456015,interaction,5156
CID6456015,interaction,5159
CID6456015,interaction,5170
CID6456015,interaction,5218
CID6456015,interaction,5260
CID6456015,interaction,5261
CID6456015,interaction,5290
CID6456015,interaction,5293
CID6456015,interaction,5294
CID6456015,interaction,53904
CID6456015,interaction,53944
CID6456015,interaction,54101
CID6456015,interaction,54861
CID6456015,interaction,55589
CID6456015,interaction,5562
CID6456015,interaction,5563
CID6456015,interaction,5578
CID6456015,interaction,55781
CID6456015,interaction,558
CID6456015,interaction,5585
CID6456015,interaction,5586
CID6456015,interaction,5587
CID6456015,interaction,5588
CID6456015,interaction,5598
CID6456015,interaction,5601
CID6456015,interaction,5602
CID6456015,interaction,5604
CID6456015,interaction,5605
CID6456015,interaction,5606
CID6456015,interaction,5607
CID6456015,interaction,5608
CID6456015,interaction,5610
CID6456015,interaction,56924
CID6456015,interaction,57118
CID6456015,interaction,57172
CID6456015,interaction,57396
CID6456015,interaction,5747
CID6456015,interaction,5753
CID6456015,interaction,57551
CID6456015,interaction,57787
CID6456015,interaction,5871
CID6456015,interaction,5979
CID6456015,interaction,6011
CID6456015,interaction,6093
CID6456015,interaction,6195
CID6456015,interaction,6196
CID6456015,interaction,6197
CID6456015,interaction,6198
CID6456015,interaction,640
CID6456015,interaction,6416
CID6456015,interaction,658
CID6456015,interaction,659
CID6456015,interaction,65975
CID6456015,interaction,6714
CID6456015,interaction,6732
CID6456015,interaction,6733
CID6456015,interaction,6788
CID6456015,interaction,6789
CID6456015,interaction,6790
CID6456015,interaction,6793
CID6456015,interaction,6794
CID6456015,interaction,6795
CID6456015,interaction,6885
CID6456015,interaction,695
CID6456015,interaction,7075
CID6456015,interaction,7272
CID6456015,interaction,7297
CID6456015,interaction,7301
CID6456015,interaction,7465
CID6456015,interaction,7525
CID6456015,interaction,7786
CID6456015,interaction,780
CID6456015,interaction,80122
CID6456015,interaction,80351
CID6456015,interaction,814
CID6456015,interaction,815
CID6456015,interaction,816
CID6456015,interaction,817
CID6456015,interaction,81788
CID6456015,interaction,818
CID6456015,interaction,83732
CID6456015,interaction,8394
CID6456015,interaction,83942
CID6456015,interaction,8396
CID6456015,interaction,8408
CID6456015,interaction,84254
CID6456015,interaction,8428
CID6456015,interaction,84446
CID6456015,interaction,8445
CID6456015,interaction,8491
CID6456015,interaction,8536
CID6456015,interaction,85366
CID6456015,interaction,85443
CID6456015,interaction,8569
CID6456015,interaction,8576
CID6456015,interaction,8711
CID6456015,interaction,8737
CID6456015,interaction,8780
CID6456015,interaction,8788
CID6456015,interaction,8899
CID6456015,interaction,8986
CID6456015,interaction,8999
CID6456015,interaction,9024
CID6456015,interaction,9113
CID6456015,interaction,9128
CID6456015,interaction,9149
CID6456015,interaction,9175
CID6456015,interaction,91807
CID6456015,interaction,9201
CID6456015,interaction,9212
CID6456015,interaction,9252
CID6456015,interaction,9262
CID6456015,interaction,9263
CID6456015,interaction,9448
CID6456015,interaction,9475
CID6456015,interaction,9641
CID6456015,interaction,9706
CID6456015,interaction,9748
CID6456015,interaction,9833
CID6456015,interaction,9874
CID6456015,interaction,9891
CID6456015,interaction,9943
CID6461,interaction,1128
CID6461,interaction,1129
CID6461,interaction,1131
CID6461,interaction,6580
CID64715,interaction,3156
CID64737,interaction,1565
CID64737,interaction,3359
CID64737,interaction,3741
CID64737,interaction,3752
CID64737,interaction,3757
CID64737,interaction,3763
CID64737,interaction,5731
CID64737,interaction,6323
CID64737,interaction,6329
CID64737,interaction,6336
CID65015,interaction,1233
CID65015,interaction,6387
CID65015,interaction,729230
CID65015,interaction,7852
CID65016,interaction,1509
CID65016,interaction,1576
CID65016,interaction,1577
CID65016,interaction,6916
CID65028,interaction,1066
CID65028,interaction,4758
CID65028,interaction,4759
CID6503,interaction,124583
CID6503,interaction,1634
CID6503,interaction,23590
CID6503,interaction,262
CID6503,interaction,7422
CID6503,interaction,79661
CID6509979,interaction,2280
CID6509979,interaction,2475
CID6509979,interaction,3458
CID6509979,interaction,3558
CID6509979,interaction,3567
CID6509979,interaction,5533
CID65264,interaction,1136
CID65264,interaction,3359
CID65264,interaction,3757
CID65264,interaction,55244
CID65264,interaction,6582
CID65264,interaction,9177
CID65335,interaction,10280
CID65335,interaction,150
CID65335,interaction,151
CID65335,interaction,152
CID65335,interaction,1548
CID65335,interaction,1555
CID65335,interaction,1557
CID65335,interaction,1565
CID65335,interaction,390245
CID65335,interaction,5742
CID65335,interaction,5743
CID65335,interaction,64805
CID65335,interaction,8647
CID65348,interaction,1105
CID65348,interaction,1128
CID65348,interaction,1717
CID65348,interaction,2064
CID65348,interaction,2099
CID65348,interaction,2237
CID65348,interaction,2516
CID65348,interaction,2534
CID65348,interaction,2740
CID65348,interaction,3064
CID65348,interaction,328
CID65348,interaction,3320
CID65348,interaction,3417
CID65348,interaction,367
CID65348,interaction,4088
CID65348,interaction,4137
CID65348,interaction,4313
CID65348,interaction,4780
CID65348,interaction,51426
CID65348,interaction,5243
CID65348,interaction,5423
CID65348,interaction,5429
CID65348,interaction,5467
CID65348,interaction,5965
CID65348,interaction,6256
CID65348,interaction,6275
CID65348,interaction,6311
CID65348,interaction,6622
CID65348,interaction,672
CID65348,interaction,6778
CID65348,interaction,6790
CID65348,interaction,7068
CID65348,interaction,7153
CID65348,interaction,7157
CID65348,interaction,7486
CID65348,interaction,7532
CID65348,interaction,7849
CID65348,interaction,9971
CID65495,interaction,1128
CID65495,interaction,1131
CID65495,interaction,1132
CID65495,interaction,1133
CID65495,interaction,140
CID65495,interaction,150
CID65495,interaction,151
CID65495,interaction,152
CID65495,interaction,1544
CID65495,interaction,1557
CID65495,interaction,1559
CID65495,interaction,1565
CID65495,interaction,1576
CID65495,interaction,1814
CID65495,interaction,249
CID65495,interaction,2534
CID65495,interaction,3320
CID65495,interaction,3356
CID65495,interaction,3357
CID65495,interaction,3358
CID65495,interaction,3620
CID65495,interaction,4190
CID65495,interaction,6530
CID65495,interaction,6531
CID65495,interaction,6532
CID65495,interaction,6865
CID65495,interaction,6916
CID65495,interaction,9971
CID65628,interaction,10013
CID65628,interaction,3065
CID65628,interaction,3066
CID65628,interaction,55869
CID65628,interaction,83933
CID65628,interaction,8841
CID656583,interaction,2099
CID656583,interaction,2100
CID656583,interaction,3283
CID656583,interaction,3284
CID656583,interaction,367
CID656586,interaction,10280
CID656586,interaction,10682
CID656586,interaction,148
CID656586,interaction,2902
CID656586,interaction,2904
CID656586,interaction,3269
CID656586,interaction,3757
CID656631,interaction,3350
CID656631,interaction,3351
CID656631,interaction,3352
CID656631,interaction,3354
CID656631,interaction,3355
CID656631,interaction,3357
CID656631,interaction,3363
CID656667,interaction,5243
CID656667,interaction,775
CID656667,interaction,8912
CID656867,interaction,1128
CID656867,interaction,1129
CID656867,interaction,1131
CID656867,interaction,1137
CID656867,interaction,57053
CID656867,interaction,89832
CID656954,interaction,2099
CID656954,interaction,2100
CID656954,interaction,8648
CID657201,interaction,1128
CID657201,interaction,1129
CID657201,interaction,1131
CID657237,interaction,140
CID657237,interaction,1633
CID657237,interaction,2740
CID657237,interaction,3417
CID657237,interaction,4088
CID657237,interaction,4780
CID657237,interaction,51053
CID657237,interaction,5422
CID657237,interaction,6240
CID657237,interaction,6241
CID657237,interaction,6311
CID657298,interaction,1733
CID657298,interaction,4353
CID657298,interaction,7173
CID657302,interaction,1559
CID657302,interaction,6323
CID657302,interaction,6324
CID657302,interaction,6326
CID657302,interaction,6328
CID657302,interaction,6329
CID657302,interaction,6331
CID657302,interaction,6334
CID657302,interaction,6335
CID657302,interaction,8856
CID657302,interaction,9970
CID65833,interaction,6530
CID65833,interaction,6532
CID65981,interaction,10599
CID65981,interaction,5468
CID65981,interaction,6580
CID65981,interaction,6833
CID65999,interaction,10599
CID65999,interaction,10919
CID65999,interaction,1636
CID65999,interaction,185
CID65999,interaction,186
CID65999,interaction,2741
CID65999,interaction,28234
CID65999,interaction,387129
CID65999,interaction,5468
CID65999,interaction,55244
CID6604165,interaction,43
CID6604165,interaction,4881
CID6604165,interaction,590
CID66062,interaction,10280
CID66062,interaction,1128
CID66062,interaction,1129
CID66062,interaction,1131
CID66062,interaction,1132
CID66062,interaction,1133
CID66062,interaction,146
CID66062,interaction,147
CID66062,interaction,148
CID66062,interaction,150
CID66062,interaction,151
CID66062,interaction,152
CID66062,interaction,1544
CID66062,interaction,1557
CID66062,interaction,1565
CID66062,interaction,1812
CID66062,interaction,1813
CID66062,interaction,1814
CID66062,interaction,1815
CID66062,interaction,1816
CID66062,interaction,1956
CID66062,interaction,2534
CID66062,interaction,316
CID66062,interaction,3269
CID66062,interaction,3274
CID66062,interaction,3350
CID66062,interaction,3351
CID66062,interaction,3352
CID66062,interaction,3354
CID66062,interaction,3356
CID66062,interaction,3357
CID66062,interaction,3358
CID66062,interaction,3361
CID66062,interaction,3362
CID66062,interaction,3363
CID66062,interaction,3757
CID66062,interaction,3763
CID66062,interaction,4986
CID66062,interaction,5292
CID66062,interaction,5594
CID66062,interaction,59340
CID66062,interaction,6331
CID66062,interaction,6530
CID66062,interaction,6531
CID66062,interaction,6532
CID66062,interaction,775
CID66062,interaction,9970
CID66064,interaction,10280
CID66064,interaction,10682
CID66064,interaction,1129
CID66064,interaction,1131
CID66064,interaction,148
CID66064,interaction,150
CID66064,interaction,151
CID66064,interaction,152
CID66064,interaction,1812
CID66064,interaction,1813
CID66064,interaction,1814
CID66064,interaction,1815
CID66064,interaction,2740
CID66064,interaction,3269
CID66064,interaction,3350
CID66064,interaction,3356
CID66064,interaction,3358
CID66064,interaction,3362
CID66064,interaction,3363
CID66064,interaction,3757
CID66064,interaction,50632
CID66064,interaction,5243
CID66064,interaction,5591
CID66064,interaction,6275
CID66064,interaction,7134
CID66064,interaction,801
CID66064,interaction,805
CID66064,interaction,808
CID66064,interaction,84650
CID6613,interaction,10432
CID6613,interaction,367
CID667467,interaction,11255
CID667467,interaction,1128
CID667467,interaction,1129
CID667467,interaction,1131
CID667467,interaction,1132
CID667467,interaction,1133
CID667467,interaction,1812
CID667467,interaction,1813
CID667467,interaction,1814
CID667467,interaction,1815
CID667467,interaction,1816
CID667467,interaction,3269
CID667467,interaction,3356
CID667467,interaction,3357
CID667467,interaction,3358
CID667467,interaction,3362
CID667467,interaction,6580
CID667476,interaction,154
CID667476,interaction,2099
CID667476,interaction,51053
CID667476,interaction,6462
CID667484,interaction,151
CID667484,interaction,1584
CID667484,interaction,1585
CID667484,interaction,2554
CID667484,interaction,2555
CID667484,interaction,2556
CID667484,interaction,2557
CID667484,interaction,2558
CID667484,interaction,2559
CID667484,interaction,2560
CID667484,interaction,2561
CID667484,interaction,2562
CID667484,interaction,2563
CID667484,interaction,2564
CID667484,interaction,2565
CID667484,interaction,2566
CID667484,interaction,2567
CID667484,interaction,2568
CID667484,interaction,55879
CID667490,interaction,10057
CID667490,interaction,10257
CID667490,interaction,216
CID667490,interaction,3043
CID667490,interaction,3251
CID667490,interaction,3417
CID667490,interaction,3614
CID667490,interaction,3615
CID667490,interaction,4780
CID667490,interaction,4860
CID667490,interaction,5471
CID667490,interaction,5742
CID667490,interaction,7157
CID667490,interaction,7172
CID667490,interaction,9682
CID667639,interaction,3735
CID667639,interaction,3932
CID667639,interaction,498
CID667639,interaction,506
CID667639,interaction,509
CID6726,interaction,3269
CID6726,interaction,6783
CID67356,interaction,10280
CID67356,interaction,10951
CID67356,interaction,1128
CID67356,interaction,1129
CID67356,interaction,1131
CID67356,interaction,1132
CID67356,interaction,1133
CID67356,interaction,140
CID67356,interaction,146
CID67356,interaction,147
CID67356,interaction,148
CID67356,interaction,150
CID67356,interaction,151
CID67356,interaction,152
CID67356,interaction,155
CID67356,interaction,1812
CID67356,interaction,1813
CID67356,interaction,1814
CID67356,interaction,1815
CID67356,interaction,1816
CID67356,interaction,1956
CID67356,interaction,2064
CID67356,interaction,2534
CID67356,interaction,3269
CID67356,interaction,3274
CID67356,interaction,3350
CID67356,interaction,3351
CID67356,interaction,3352
CID67356,interaction,3354
CID67356,interaction,3356
CID67356,interaction,3357
CID67356,interaction,3358
CID67356,interaction,3361
CID67356,interaction,3362
CID67356,interaction,3363
CID67356,interaction,367
CID67356,interaction,3757
CID67356,interaction,3776
CID67356,interaction,4161
CID67356,interaction,4985
CID67356,interaction,4986
CID67356,interaction,4988
CID67356,interaction,51053
CID67356,interaction,5243
CID67356,interaction,6530
CID67356,interaction,6531
CID67356,interaction,6532
CID67356,interaction,6865
CID67356,interaction,801
CID67356,interaction,805
CID67356,interaction,808
CID6741,interaction,2908
CID6741,interaction,301
CID6741,interaction,3091
CID6741,interaction,367
CID6741,interaction,4780
CID681,interaction,10919
CID681,interaction,134864
CID681,interaction,153
CID681,interaction,154
CID681,interaction,1621
CID681,interaction,1812
CID681,interaction,1813
CID681,interaction,1814
CID681,interaction,1815
CID681,interaction,1816
CID681,interaction,2237
CID681,interaction,2548
CID681,interaction,2671
CID681,interaction,3028
CID681,interaction,3091
CID681,interaction,328
CID681,interaction,3350
CID681,interaction,3359
CID681,interaction,3363
CID681,interaction,390245
CID681,interaction,4543
CID681,interaction,4544
CID681,interaction,4780
CID681,interaction,54737
CID681,interaction,6530
CID681,interaction,6531
CID681,interaction,6532
CID681,interaction,6571
CID681,interaction,6647
CID681,interaction,9177
CID68304,interaction,10919
CID68304,interaction,216
CID68304,interaction,367
CID68304,interaction,6336
CID68304,interaction,7068
CID68304,interaction,7421
CID68539,interaction,10280
CID68539,interaction,1128
CID68539,interaction,1129
CID68539,interaction,1131
CID68539,interaction,1132
CID68539,interaction,1133
CID68539,interaction,146
CID68539,interaction,148
CID68539,interaction,150
CID68539,interaction,151
CID68539,interaction,152
CID68539,interaction,1565
CID68539,interaction,1812
CID68539,interaction,1813
CID68539,interaction,1814
CID68539,interaction,2950
CID68539,interaction,316
CID68539,interaction,3269
CID68539,interaction,3274
CID68539,interaction,3356
CID68539,interaction,3357
CID68539,interaction,3358
CID68539,interaction,3362
CID68539,interaction,3757
CID68539,interaction,3763
CID68539,interaction,6530
CID68539,interaction,6531
CID68539,interaction,6532
CID68539,interaction,6580
CID68540,interaction,135
CID68540,interaction,26
CID68540,interaction,28988
CID68540,interaction,40
CID68540,interaction,41
CID68540,interaction,4128
CID68540,interaction,5328
CID68540,interaction,5347
CID68540,interaction,5587
CID68540,interaction,6337
CID68540,interaction,6338
CID68540,interaction,6339
CID68540,interaction,6340
CID68540,interaction,6548
CID68540,interaction,6553
CID68540,interaction,6580
CID68540,interaction,9311
CID68546,interaction,140
CID68546,interaction,146
CID68546,interaction,146802
CID68546,interaction,147
CID68546,interaction,148
CID68546,interaction,150
CID68546,interaction,151
CID68546,interaction,152
CID68546,interaction,1815
CID68546,interaction,3350
CID68546,interaction,3352
CID68546,interaction,3356
CID68546,interaction,3357
CID68546,interaction,3757
CID68546,interaction,4312
CID68546,interaction,4318
CID68546,interaction,4504
CID68546,interaction,4835
CID68546,interaction,51053
CID68546,interaction,55244
CID68546,interaction,6580
CID68546,interaction,6582
CID68546,interaction,81033
CID68546,interaction,90134
CID68553,interaction,10242
CID68553,interaction,1128
CID68553,interaction,1129
CID68553,interaction,1131
CID68553,interaction,1132
CID68553,interaction,1268
CID68553,interaction,134
CID68553,interaction,135
CID68553,interaction,140
CID68553,interaction,146
CID68553,interaction,150
CID68553,interaction,151
CID68553,interaction,153
CID68553,interaction,155
CID68553,interaction,1557
CID68553,interaction,1559
CID68553,interaction,1565
CID68553,interaction,1576
CID68553,interaction,1586
CID68553,interaction,1588
CID68553,interaction,1595
CID68553,interaction,1812
CID68553,interaction,1813
CID68553,interaction,1814
CID68553,interaction,1815
CID68553,interaction,186
CID68553,interaction,1956
CID68553,interaction,2064
CID68553,interaction,249
CID68553,interaction,2534
CID68553,interaction,27094
CID68553,interaction,27345
CID68553,interaction,2916
CID68553,interaction,3274
CID68553,interaction,3320
CID68553,interaction,3350
CID68553,interaction,3356
CID68553,interaction,3357
CID68553,interaction,3358
CID68553,interaction,3362
CID68553,interaction,3620
CID68553,interaction,3757
CID68553,interaction,3778
CID68553,interaction,3779
CID68553,interaction,3780
CID68553,interaction,3781
CID68553,interaction,3782
CID68553,interaction,3783
CID68553,interaction,4159
CID68553,interaction,4160
CID68553,interaction,4161
CID68553,interaction,4190
CID68553,interaction,43
CID68553,interaction,4843
CID68553,interaction,4846
CID68553,interaction,4985
CID68553,interaction,4986
CID68553,interaction,4988
CID68553,interaction,5243
CID68553,interaction,5743
CID68553,interaction,6530
CID68553,interaction,6531
CID68553,interaction,6532
CID68553,interaction,6865
CID68553,interaction,6869
CID68553,interaction,6916
CID68553,interaction,7226
CID68553,interaction,81033
CID68553,interaction,8856
CID68553,interaction,90134
CID68589,interaction,10280
CID68589,interaction,1128
CID68589,interaction,1129
CID68589,interaction,1131
CID68589,interaction,1132
CID68589,interaction,1268
CID68589,interaction,134
CID68589,interaction,135
CID68589,interaction,140
CID68589,interaction,146
CID68589,interaction,150
CID68589,interaction,151
CID68589,interaction,153
CID68589,interaction,1544
CID68589,interaction,155
CID68589,interaction,1557
CID68589,interaction,1559
CID68589,interaction,1565
CID68589,interaction,1576
CID68589,interaction,1586
CID68589,interaction,1595
CID68589,interaction,1812
CID68589,interaction,1813
CID68589,interaction,1814
CID68589,interaction,1815
CID68589,interaction,1956
CID68589,interaction,2064
CID68589,interaction,2534
CID68589,interaction,3274
CID68589,interaction,3320
CID68589,interaction,3350
CID68589,interaction,3356
CID68589,interaction,3357
CID68589,interaction,3358
CID68589,interaction,3362
CID68589,interaction,3620
CID68589,interaction,3757
CID68589,interaction,4159
CID68589,interaction,4161
CID68589,interaction,4190
CID68589,interaction,43
CID68589,interaction,4318
CID68589,interaction,4886
CID68589,interaction,4887
CID68589,interaction,4985
CID68589,interaction,4986
CID68589,interaction,4988
CID68589,interaction,6530
CID68589,interaction,6531
CID68589,interaction,6532
CID68589,interaction,6865
CID68589,interaction,6869
CID68589,interaction,6916
CID68589,interaction,7226
CID68589,interaction,8856
CID68617,interaction,10280
CID68617,interaction,1128
CID68617,interaction,1129
CID68617,interaction,1131
CID68617,interaction,1132
CID68617,interaction,1133
CID68617,interaction,148
CID68617,interaction,150
CID68617,interaction,151
CID68617,interaction,152
CID68617,interaction,1557
CID68617,interaction,1565
CID68617,interaction,1576
CID68617,interaction,1812
CID68617,interaction,3356
CID68617,interaction,3357
CID68617,interaction,3358
CID68617,interaction,3417
CID68617,interaction,3757
CID68617,interaction,4161
CID68617,interaction,6530
CID68617,interaction,6531
CID68617,interaction,6532
CID68624,interaction,23113
CID68624,interaction,7153
CID68727,interaction,150
CID68727,interaction,151
CID68727,interaction,152
CID68727,interaction,1812
CID68727,interaction,1813
CID68727,interaction,1814
CID68727,interaction,1815
CID68727,interaction,1816
CID68727,interaction,3350
CID68727,interaction,3351
CID68727,interaction,3352
CID68727,interaction,3356
CID68727,interaction,3357
CID68727,interaction,3358
CID68727,interaction,3363
CID68727,interaction,3757
CID68740,interaction,2224
CID68740,interaction,23632
CID68740,interaction,4313
CID68740,interaction,4317
CID68740,interaction,4318
CID68740,interaction,4323
CID68740,interaction,760
CID68740,interaction,768
CID68740,interaction,771
CID68740,interaction,9453
CID6883,interaction,4881
CID68844,interaction,11238
CID68844,interaction,23632
CID68844,interaction,377677
CID68844,interaction,759
CID68844,interaction,760
CID68844,interaction,761
CID68844,interaction,762
CID68844,interaction,763
CID68844,interaction,765
CID68844,interaction,766
CID68844,interaction,768
CID68844,interaction,771
CID688563,interaction,154
CID68861,interaction,367
CID68861,interaction,5241
CID68873,interaction,367
CID68873,interaction,4306
CID68873,interaction,5241
CID6914273,interaction,4137
CID6914273,interaction,6261
CID6914273,interaction,6263
CID6914666,interaction,3091
CID6914666,interaction,54583
CID6914666,interaction,79068
CID6915744,interaction,2862
CID6915744,interaction,5243
CID6915944,interaction,4353
CID6915944,interaction,58190
CID6915944,interaction,7341
CID6917698,interaction,10280
CID6917698,interaction,146
CID6917698,interaction,150
CID6917698,interaction,151
CID6917698,interaction,152
CID6917698,interaction,1565
CID6917698,interaction,1576
CID6917698,interaction,1812
CID6917698,interaction,1813
CID6917698,interaction,1814
CID6917698,interaction,3156
CID6917698,interaction,3350
CID6917698,interaction,3356
CID6917698,interaction,3357
CID6917698,interaction,3358
CID6917698,interaction,3359
CID6917698,interaction,3360
CID6917698,interaction,3363
CID6917698,interaction,3757
CID6917698,interaction,6532
CID6917715,interaction,2099
CID6917715,interaction,367
CID6917715,interaction,5241
CID6917715,interaction,6462
CID6917864,interaction,3064
CID6917864,interaction,367
CID6918078,interaction,43
CID6918078,interaction,590
CID6918132,interaction,11238
CID6918132,interaction,23632
CID6918132,interaction,377677
CID6918132,interaction,759
CID6918132,interaction,760
CID6918132,interaction,761
CID6918132,interaction,762
CID6918132,interaction,763
CID6918132,interaction,765
CID6918132,interaction,766
CID6918132,interaction,768
CID6918132,interaction,771
CID6918178,interaction,2908
CID6918289,interaction,2280
CID6918289,interaction,2287
CID6918289,interaction,2475
CID6918289,interaction,5243
CID6918296,interaction,2741
CID6918296,interaction,6715
CID6918296,interaction,6716
CID6918313,interaction,1813
CID6918313,interaction,1814
CID6918313,interaction,3269
CID6918313,interaction,3350
CID6918313,interaction,3360
CID6918313,interaction,6532
CID6918314,interaction,1813
CID6918314,interaction,1814
CID6918314,interaction,3269
CID6918314,interaction,3350
CID6918314,interaction,3360
CID6918314,interaction,6532
CID6918456,interaction,64805
CID6918493,interaction,1909
CID6918493,interaction,1910
CID6918537,interaction,1803
CID6918537,interaction,2191
CID6918537,interaction,54878
CID6918537,interaction,91039
CID6918554,interaction,153
CID6918554,interaction,154
CID6918558,interaction,1128
CID6918558,interaction,1129
CID6918558,interaction,1131
CID6918558,interaction,1132
CID6918558,interaction,1133
CID6918638,interaction,10013
CID6918638,interaction,10014
CID6918638,interaction,3065
CID6918638,interaction,3066
CID6918638,interaction,51564
CID6918638,interaction,55869
CID6918638,interaction,7525
CID6918638,interaction,79885
CID6918638,interaction,83933
CID6918638,interaction,8841
CID6918638,interaction,9734
CID6918638,interaction,9759
CID6918664,interaction,6530
CID6918664,interaction,6531
CID6918664,interaction,6532
CID6918670,interaction,5578
CID6918670,interaction,5579
CID6918670,interaction,5580
CID6918670,interaction,5581
CID6918670,interaction,5582
CID6918670,interaction,5587
CID6918678,interaction,1136
CID6918678,interaction,1137
CID6918678,interaction,1139
CID6918678,interaction,1141
CID6918678,interaction,8973
CID6918678,interaction,89832
CID6918837,interaction,10013
CID6918837,interaction,10014
CID6918837,interaction,3065
CID6918837,interaction,3066
CID6918837,interaction,51564
CID6918837,interaction,55869
CID6918837,interaction,79885
CID6918837,interaction,83933
CID6918837,interaction,8841
CID6918837,interaction,9734
CID6918837,interaction,9759
CID6918852,interaction,1017
CID6918852,interaction,1018
CID6918852,interaction,1019
CID6918852,interaction,1020
CID6918852,interaction,1022
CID6918852,interaction,1025
CID6918852,interaction,10645
CID6918852,interaction,1195
CID6918852,interaction,1196
CID6918852,interaction,1198
CID6918852,interaction,1760
CID6918852,interaction,1859
CID6918852,interaction,1956
CID6918852,interaction,225689
CID6918852,interaction,22858
CID6918852,interaction,25
CID6918852,interaction,25778
CID6918852,interaction,2931
CID6918852,interaction,2932
CID6918852,interaction,4117
CID6918852,interaction,4214
CID6918852,interaction,51086
CID6918852,interaction,5127
CID6918852,interaction,5128
CID6918852,interaction,5129
CID6918852,interaction,51347
CID6918852,interaction,5218
CID6918852,interaction,5298
CID6918852,interaction,5586
CID6918852,interaction,5598
CID6918852,interaction,57396
CID6918852,interaction,57551
CID6918852,interaction,5871
CID6918852,interaction,6093
CID6918852,interaction,6196
CID6918852,interaction,65061
CID6918852,interaction,6792
CID6918852,interaction,6793
CID6918852,interaction,7272
CID6918852,interaction,728642
CID6918852,interaction,815
CID6918852,interaction,816
CID6918852,interaction,817
CID6918852,interaction,818
CID6918852,interaction,85443
CID6918852,interaction,8573
CID6918852,interaction,8621
CID6918852,interaction,9149
CID6918852,interaction,9344
CID6918852,interaction,9475
CID6918852,interaction,9748
CID6918852,interaction,984
CID71158,interaction,116443
CID71158,interaction,116444
CID71158,interaction,2554
CID71158,interaction,2555
CID71158,interaction,2556
CID71158,interaction,2557
CID71158,interaction,2558
CID71158,interaction,2559
CID71158,interaction,2560
CID71158,interaction,2561
CID71158,interaction,2562
CID71158,interaction,2563
CID71158,interaction,2564
CID71158,interaction,2565
CID71158,interaction,2566
CID71158,interaction,2567
CID71158,interaction,2568
CID71158,interaction,2902
CID71158,interaction,2903
CID71158,interaction,2904
CID71158,interaction,2905
CID71158,interaction,2906
CID71158,interaction,2911
CID71158,interaction,2912
CID71158,interaction,2913
CID71158,interaction,2915
CID71158,interaction,55879
CID71301,interaction,153
CID71301,interaction,154
CID71301,interaction,3350
CID71301,interaction,3757
CID71301,interaction,6331
CID71329,interaction,3756
CID71329,interaction,3757
CID71329,interaction,3768
CID71329,interaction,3776
CID71352,interaction,6532
CID71360,interaction,10280
CID71360,interaction,1128
CID71360,interaction,1129
CID71360,interaction,1132
CID71360,interaction,148
CID71360,interaction,150
CID71360,interaction,151
CID71360,interaction,152
CID71360,interaction,1812
CID71360,interaction,1813
CID71360,interaction,1814
CID71360,interaction,1815
CID71360,interaction,1816
CID71360,interaction,3269
CID71360,interaction,3350
CID71360,interaction,3351
CID71360,interaction,3352
CID71360,interaction,3356
CID71360,interaction,3358
CID71360,interaction,3362
CID71360,interaction,3363
CID71360,interaction,6530
CID71360,interaction,6531
CID71360,interaction,887
CID71384,interaction,10919
CID71384,interaction,7153
CID71384,interaction,7155
CID71386,interaction,2908
CID71398,interaction,1588
CID71398,interaction,239
CID71398,interaction,240
CID71398,interaction,3480
CID71399,interaction,1128
CID71399,interaction,1129
CID71399,interaction,1131
CID71399,interaction,1132
CID71399,interaction,1133
CID71399,interaction,147
CID71399,interaction,148
CID71399,interaction,150
CID71399,interaction,151
CID71399,interaction,152
CID71399,interaction,153
CID71399,interaction,1812
CID71399,interaction,1813
CID71399,interaction,1814
CID71399,interaction,1815
CID71399,interaction,1816
CID71399,interaction,3269
CID71399,interaction,3274
CID71399,interaction,3350
CID71399,interaction,3351
CID71399,interaction,3352
CID71399,interaction,3354
CID71399,interaction,3356
CID71399,interaction,3358
CID71399,interaction,3359
CID71399,interaction,3361
CID71399,interaction,3362
CID71399,interaction,3363
CID71399,interaction,3757
CID71399,interaction,57582
CID71399,interaction,59340
CID71399,interaction,6530
CID71399,interaction,6531
CID71399,interaction,6532
CID71420,interaction,10280
CID71420,interaction,146
CID71420,interaction,154
CID71420,interaction,1565
CID71420,interaction,1814
CID71420,interaction,2903
CID71420,interaction,2904
CID71420,interaction,2905
CID71420,interaction,2906
CID71420,interaction,316
CID71420,interaction,3269
CID71420,interaction,3274
CID71420,interaction,3357
CID71420,interaction,3757
CID71420,interaction,4985
CID71420,interaction,4986
CID71420,interaction,4988
CID71420,interaction,5243
CID71420,interaction,5443
CID71420,interaction,6532
CID71420,interaction,6580
CID71420,interaction,6755
CID71420,interaction,7010
CID71420,interaction,7253
CID71420,interaction,773
CID71420,interaction,801
CID71420,interaction,805
CID71420,interaction,808
CID71420,interaction,9970
CID71478,interaction,11255
CID71478,interaction,1128
CID71478,interaction,1129
CID71478,interaction,1131
CID71478,interaction,1132
CID71478,interaction,1133
CID71478,interaction,146
CID71478,interaction,147
CID71478,interaction,148
CID71478,interaction,150
CID71478,interaction,151
CID71478,interaction,152
CID71478,interaction,1576
CID71478,interaction,1812
CID71478,interaction,1813
CID71478,interaction,1814
CID71478,interaction,1816
CID71478,interaction,2475
CID71478,interaction,316
CID71478,interaction,3269
CID71478,interaction,3274
CID71478,interaction,3356
CID71478,interaction,3357
CID71478,interaction,3358
CID71478,interaction,3362
CID71478,interaction,3363
CID71478,interaction,3763
CID71478,interaction,6530
CID71478,interaction,6531
CID71478,interaction,6532
CID71478,interaction,9429
CID71496458,interaction,1956
CID71496458,interaction,3643
CID71496458,interaction,3757
CID71616,interaction,1555
CID71616,interaction,1557
CID71616,interaction,1559
CID71616,interaction,1576
CID7172,interaction,56923
CID71764,interaction,146
CID71764,interaction,147
CID71764,interaction,148
CID71764,interaction,3757
CID72172,interaction,290
CID72172,interaction,4048
CID72172,interaction,4313
CID72172,interaction,51056
CID72271,interaction,5170
CID72281,interaction,1432
CID72281,interaction,1543
CID72281,interaction,1545
CID72281,interaction,2932
CID72281,interaction,4547
CID72281,interaction,6462
CID72281,interaction,6646
CID72281,interaction,762
CID72281,interaction,766
CID72281,interaction,771
CID72281,interaction,8435
CID73957,interaction,10280
CID74989,interaction,1723
CID74989,interaction,4519
CID74989,interaction,4780
CID74989,interaction,51053
CID74990,interaction,10257
CID74990,interaction,1132
CID74990,interaction,116447
CID74990,interaction,1244
CID74990,interaction,146802
CID74990,interaction,152
CID74990,interaction,367
CID74990,interaction,43
CID74990,interaction,4312
CID74990,interaction,4363
CID74990,interaction,5243
CID74990,interaction,55244
CID74990,interaction,6580
CID74990,interaction,6581
CID74990,interaction,6582
CID74990,interaction,7150
CID74990,interaction,7849
CID74990,interaction,8202
CID74990,interaction,8648
CID74990,interaction,9429
CID7550,interaction,10951
CID7550,interaction,213
CID7550,interaction,43
CID7550,interaction,590
CID7638,interaction,5742
CID7638,interaction,5743
CID7638,interaction,6530
CID7638,interaction,7299
CID764764,interaction,3320
CID764764,interaction,3326
CID764764,interaction,5166
CID77082,interaction,10013
CID77082,interaction,3065
CID77082,interaction,3066
CID77082,interaction,55869
CID77082,interaction,83933
CID77082,interaction,8841
CID774,interaction,11255
CID774,interaction,3269
CID774,interaction,3274
CID774,interaction,59340
CID77991,interaction,43
CID77991,interaction,590
CID77993,interaction,3350
CID77993,interaction,3351
CID77993,interaction,3352
CID77993,interaction,3354
CID77993,interaction,3355
CID77993,interaction,3357
CID77993,interaction,3363
CID77999,interaction,2182
CID77999,interaction,2864
CID77999,interaction,4128
CID77999,interaction,4129
CID77999,interaction,5465
CID77999,interaction,5467
CID77999,interaction,5468
CID77999,interaction,5916
CID77999,interaction,6256
CID77999,interaction,6257
CID77999,interaction,6258
CID77999,interaction,6916
CID77999,interaction,7224
CID77999,interaction,760
CID77999,interaction,8647
CID78000,interaction,1066
CID78000,interaction,4758
CID78000,interaction,4759
CID78357807,interaction,1956
CID78357807,interaction,3643
CID78357807,interaction,3757
CID794323,interaction,3832
CID80311,interaction,3269
CID80311,interaction,5747
CID82146,interaction,2648
CID82146,interaction,5468
CID82146,interaction,5914
CID82146,interaction,5915
CID82146,interaction,5916
CID82146,interaction,6256
CID82146,interaction,6257
CID82146,interaction,6258
CID82148,interaction,3356
CID82148,interaction,3357
CID82148,interaction,3358
CID82148,interaction,4543
CID82148,interaction,4544
CID82153,interaction,2908
CID8226,interaction,10919
CID8226,interaction,150
CID8226,interaction,151
CID8226,interaction,1565
CID8226,interaction,1812
CID8226,interaction,1813
CID8226,interaction,1814
CID8226,interaction,216
CID8226,interaction,3350
CID8226,interaction,3354
CID8226,interaction,3355
CID8226,interaction,3356
CID8226,interaction,3357
CID8226,interaction,3358
CID8226,interaction,3362
CID8226,interaction,839
CID8228,interaction,10280
CID8228,interaction,1128
CID8228,interaction,1129
CID8228,interaction,1131
CID8228,interaction,1132
CID8228,interaction,1133
CID8228,interaction,140
CID8228,interaction,146
CID8228,interaction,147
CID8228,interaction,148
CID8228,interaction,150
CID8228,interaction,151
CID8228,interaction,1812
CID8228,interaction,1813
CID8228,interaction,1814
CID8228,interaction,1816
CID8228,interaction,3269
CID8228,interaction,3274
CID8228,interaction,3350
CID8228,interaction,3356
CID8228,interaction,3358
CID8228,interaction,3362
CID8228,interaction,3363
CID8228,interaction,3751
CID8228,interaction,3752
CID8228,interaction,3756
CID8228,interaction,3757
CID8228,interaction,3762
CID8228,interaction,3763
CID8228,interaction,5005
CID8228,interaction,55244
CID8228,interaction,5621
CID8228,interaction,6332
CID8228,interaction,6530
CID8228,interaction,6531
CID8228,interaction,6532
CID8228,interaction,6580
CID8228,interaction,6582
CID8249,interaction,3764
CID8249,interaction,5562
CID8249,interaction,6580
CID83823,interaction,1128
CID83823,interaction,1129
CID83823,interaction,1131
CID83823,interaction,1132
CID83823,interaction,1133
CID83823,interaction,116443
CID83823,interaction,116444
CID83823,interaction,150
CID83823,interaction,151
CID83823,interaction,1565
CID83823,interaction,2902
CID83823,interaction,2906
CID83823,interaction,3269
CID83823,interaction,3274
CID83823,interaction,3356
CID83823,interaction,3357
CID83823,interaction,3358
CID83823,interaction,3362
CID83823,interaction,3757
CID83823,interaction,6323
CID83823,interaction,6329
CID83823,interaction,6331
CID83823,interaction,6335
CID83823,interaction,6336
CID83823,interaction,6530
CID83823,interaction,6532
CID83823,interaction,6580
CID83823,interaction,6582
CID84029,interaction,10599
CID84029,interaction,28234
CID84029,interaction,3757
CID84029,interaction,5243
CID854026,interaction,43
CID8617,interaction,28639
CID8617,interaction,28755
CID8617,interaction,3105
CID8617,interaction,567
CID8695,interaction,10280
CID8695,interaction,3356
CID8695,interaction,3358
CID8695,interaction,4128
CID8695,interaction,6261
CID8695,interaction,6262
CID8695,interaction,6326
CID8695,interaction,6331
CID8695,interaction,6335
CID8813,interaction,11156
CID8813,interaction,11201
CID8813,interaction,1129
CID8813,interaction,1132
CID8813,interaction,1133
CID8813,interaction,146
CID8813,interaction,146802
CID8813,interaction,150
CID8813,interaction,1787
CID8813,interaction,1814
CID8813,interaction,26
CID8813,interaction,3356
CID8813,interaction,3358
CID8813,interaction,367
CID8813,interaction,3757
CID8813,interaction,4128
CID8813,interaction,4780
CID8813,interaction,5423
CID8813,interaction,55244
CID8813,interaction,5644
CID8813,interaction,6285
CID8813,interaction,6303
CID8813,interaction,6530
CID8813,interaction,6531
CID8813,interaction,6580
CID8813,interaction,6581
CID8813,interaction,6582
CID8813,interaction,6768
CID8955,interaction,6462
CID8955,interaction,6820
CID89594,interaction,1135
CID89594,interaction,1136
CID89594,interaction,1137
CID89594,interaction,1138
CID89594,interaction,1139
CID89594,interaction,1141
CID89594,interaction,1143
CID89594,interaction,55584
CID896,interaction,2099
CID896,interaction,3357
CID896,interaction,4353
CID896,interaction,438
CID896,interaction,4504
CID896,interaction,4543
CID896,interaction,4544
CID896,interaction,4835
CID896,interaction,6095
CID896,interaction,6096
CID896,interaction,801
CID896,interaction,805
CID896,interaction,808
CID896,interaction,811
CID896,interaction,8288
CID8969,interaction,146
CID8969,interaction,147
CID8969,interaction,148
CID8969,interaction,150
CID8969,interaction,151
CID8969,interaction,152
CID8969,interaction,1565
CID8969,interaction,1813
CID8969,interaction,1814
CID8969,interaction,3350
CID8969,interaction,3351
CID8969,interaction,3352
CID8969,interaction,3354
CID8969,interaction,3355
CID8969,interaction,3356
CID8969,interaction,3357
CID8969,interaction,3358
CID8969,interaction,6532
CID8980,interaction,1128
CID8980,interaction,1129
CID8980,interaction,1131
CID8980,interaction,1132
CID8980,interaction,1133
CID8980,interaction,1565
CID8980,interaction,3269
CID8980,interaction,3356
CID8980,interaction,3357
CID8980,interaction,3358
CID8980,interaction,3757
CID8980,interaction,59340
CID8980,interaction,6530
CID8980,interaction,6531
CID8980,interaction,6532
CID8980,interaction,6582
CID9051,interaction,367
CID9051,interaction,5241
CID9051,interaction,7101
CID91270,interaction,1636
CID91270,interaction,59272
CID91430,interaction,10280
CID91430,interaction,11188
CID91430,interaction,146
CID91430,interaction,147
CID91430,interaction,148
CID91430,interaction,150
CID91430,interaction,151
CID91430,interaction,152
CID91430,interaction,1565
CID91430,interaction,3269
CID91430,interaction,3350
CID91430,interaction,3354
CID91430,interaction,3356
CID91430,interaction,3357
CID91430,interaction,3358
CID91430,interaction,3757
CID91430,interaction,4780
CID91505,interaction,10280
CID91505,interaction,1128
CID91505,interaction,1129
CID91505,interaction,1131
CID91505,interaction,1132
CID91505,interaction,1133
CID91505,interaction,1557
CID91505,interaction,1814
CID91505,interaction,3357
CID91505,interaction,3757
CID91505,interaction,6530
CID91505,interaction,6531
CID91610,interaction,3764
CID91610,interaction,390245
CID91610,interaction,6833
CID92151,interaction,1128
CID92151,interaction,1129
CID92151,interaction,1131
CID92151,interaction,1132
CID92151,interaction,1133
CID92151,interaction,1135
CID9270,interaction,2099
CID9270,interaction,5241
CID92722,interaction,2147
CID92722,interaction,2159
CID92722,interaction,5327
CID92722,interaction,5644
CID92727,interaction,3757
CID92727,interaction,5243
CID9351,interaction,10919
CID9351,interaction,1786
CID9351,interaction,1788
CID9351,interaction,1789
CID9351,interaction,316
CID9351,interaction,4864
CID9351,interaction,5033
CID9351,interaction,5315
CID9351,interaction,6262
CID9351,interaction,6606
CID9351,interaction,7066
CID9351,interaction,7157
CID9351,interaction,775
CID9351,interaction,79915
CID9351,interaction,8639
CID9351,interaction,9367
CID936,interaction,142
CID936,interaction,22933
CID936,interaction,23408
CID936,interaction,23410
CID936,interaction,23411
CID936,interaction,23475
CID936,interaction,338442
CID936,interaction,3939
CID936,interaction,4837
CID936,interaction,683
CID936,interaction,8843
CID938,interaction,23475
CID938,interaction,338442
CID938,interaction,4837
CID938,interaction,8843
CID941361,interaction,10280
CID941361,interaction,1128
CID941361,interaction,1131
CID941361,interaction,1132
CID941361,interaction,1133
CID941361,interaction,1268
CID941361,interaction,140
CID941361,interaction,146
CID941361,interaction,150
CID941361,interaction,151
CID941361,interaction,152
CID941361,interaction,1812
CID941361,interaction,1813
CID941361,interaction,1814
CID941361,interaction,3091
CID941361,interaction,3269
CID941361,interaction,3350
CID941361,interaction,3356
CID941361,interaction,3357
CID941361,interaction,3358
CID941361,interaction,3757
CID941361,interaction,3776
CID941361,interaction,4985
CID941361,interaction,4986
CID941361,interaction,4988
CID941361,interaction,6323
CID941361,interaction,6530
CID941361,interaction,6531
CID941361,interaction,6532
CID941361,interaction,774
CID941361,interaction,801
CID941361,interaction,805
CID941361,interaction,808
CID941361,interaction,8911
CID941361,interaction,8912
CID941361,interaction,8913
CID941361,interaction,9986
CID9433,interaction,134
CID9433,interaction,135
CID9433,interaction,136
CID9433,interaction,140
CID9433,interaction,3066
CID9433,interaction,5139
CID9444,interaction,134
CID9444,interaction,140
CID9444,interaction,1786
CID9444,interaction,1788
CID9444,interaction,2908
CID9444,interaction,3043
CID9444,interaction,3091
CID9444,interaction,3417
CID9444,interaction,367
CID9444,interaction,4780
CID9444,interaction,51053
CID9444,interaction,6097
CID9444,interaction,6311
CID9444,interaction,7066
CID9444,interaction,7157
CID9444,interaction,79915
CID9458,interaction,10846
CID9458,interaction,4790
CID9458,interaction,4843
CID9458,interaction,5742
CID9574101,interaction,2147
CID9574101,interaction,2155
CID9574101,interaction,2159
CID9574101,interaction,2160
CID9574101,interaction,5327
CID9574101,interaction,5340
CID9574101,interaction,5624
CID9642,interaction,2908
CID9642,interaction,367
CID9642,interaction,6608
CID9651,interaction,1134
CID9651,interaction,1135
CID9651,interaction,1136
CID9651,interaction,1137
CID9651,interaction,1138
CID9651,interaction,1139
CID9651,interaction,1140
CID9651,interaction,1141
CID9651,interaction,1142
CID9651,interaction,1143
CID9651,interaction,1144
CID9651,interaction,1145
CID9651,interaction,1146
CID9651,interaction,3417
CID9651,interaction,43
CID9651,interaction,55584
CID9651,interaction,57053
CID9651,interaction,590
CID9651,interaction,8973
CID9651,interaction,89832
CID967,interaction,1723
CID9690109,interaction,147
CID9690109,interaction,1544
CID9690109,interaction,1557
CID9690109,interaction,1813
CID9690109,interaction,6531
CID969472,interaction,2554
CID969472,interaction,2555
CID969472,interaction,2556
CID969472,interaction,2557
CID969472,interaction,2558
CID969472,interaction,706
CID9703,interaction,246
CID9703,interaction,4128
CID9703,interaction,4129
CID9782,interaction,10919
CID9782,interaction,2908
CID9782,interaction,301
CID9782,interaction,3091
CID9782,interaction,367
CID9782,interaction,4306
CID9782,interaction,4780
CID9782,interaction,4790
CID9782,interaction,5241
CID9782,interaction,5319
CID9782,interaction,5322
CID9782,interaction,5743
CID9811704,interaction,2548
CID9811704,interaction,276
CID9811704,interaction,279
CID9811704,interaction,6476
CID9811704,interaction,8972
CID9823820,interaction,1956
CID9823820,interaction,2260
CID9823820,interaction,2261
CID9823820,interaction,2263
CID9823820,interaction,2264
CID9823820,interaction,2321
CID9823820,interaction,2324
CID9823820,interaction,3791
CID9823820,interaction,3815
CID9823820,interaction,5156
CID9823820,interaction,5159
CID9823820,interaction,5979
CID9823820,interaction,7525
CID9824562,interaction,367
CID9826528,interaction,5604
CID984170,interaction,3320
CID984170,interaction,3326
CID9853654,interaction,886
CID9853654,interaction,887
CID9854073,interaction,7277
CID9854073,interaction,81027
CID9858940,interaction,130399
CID9858940,interaction,7046
CID9858940,interaction,91
CID9865528,interaction,153
CID9865528,interaction,154
CID9865528,interaction,155
CID9869929,interaction,5146
CID9869929,interaction,8654
CID9871419,interaction,2030
CID9871419,interaction,64805
CID9875401,interaction,2159
CID9875401,interaction,6768
CID9880,interaction,2908
CID9880,interaction,354
CID9880,interaction,367
CID9880,interaction,4988
CID9880,interaction,5241
CID9887053,interaction,6749
CID9887712,interaction,115584
CID9887712,interaction,6523
CID9887712,interaction,6524
CID9887712,interaction,6527
CID9890250,interaction,23113
CID9890250,interaction,7153
CID9909368,interaction,2741
CID9909368,interaction,2742
CID9910986,interaction,10114
CID9910986,interaction,1017
CID9910986,interaction,1019
CID9910986,interaction,1020
CID9910986,interaction,1021
CID9910986,interaction,1022
CID9910986,interaction,1024
CID9910986,interaction,1025
CID9910986,interaction,10645
CID9910986,interaction,10733
CID9910986,interaction,10746
CID9910986,interaction,11040
CID9910986,interaction,1195
CID9910986,interaction,1196
CID9910986,interaction,1198
CID9910986,interaction,120892
CID9910986,interaction,122011
CID9910986,interaction,131890
CID9910986,interaction,140901
CID9910986,interaction,1452
CID9910986,interaction,147746
CID9910986,interaction,1859
CID9910986,interaction,1956
CID9910986,interaction,202374
CID9910986,interaction,2041
CID9910986,interaction,2044
CID9910986,interaction,2047
CID9910986,interaction,204851
CID9910986,interaction,2065
CID9910986,interaction,2066
CID9910986,interaction,2185
CID9910986,interaction,22858
CID9910986,interaction,2322
CID9910986,interaction,23396
CID9910986,interaction,2444
CID9910986,interaction,25
CID9910986,interaction,25778
CID9910986,interaction,2580
CID9910986,interaction,27102
CID9910986,interaction,27330
CID9910986,interaction,2872
CID9910986,interaction,28996
CID9910986,interaction,29110
CID9910986,interaction,3654
CID9910986,interaction,3717
CID9910986,interaction,3718
CID9910986,interaction,3815
CID9910986,interaction,4117
CID9910986,interaction,4215
CID9910986,interaction,50488
CID9910986,interaction,51135
CID9910986,interaction,5127
CID9910986,interaction,51347
CID9910986,interaction,5156
CID9910986,interaction,5261
CID9910986,interaction,5292
CID9910986,interaction,53944
CID9910986,interaction,5562
CID9910986,interaction,5578
CID9910986,interaction,5580
CID9910986,interaction,5581
CID9910986,interaction,5599
CID9910986,interaction,5606
CID9910986,interaction,5607
CID9910986,interaction,57551
CID9910986,interaction,5837
CID9910986,interaction,5871
CID9910986,interaction,6011
CID9910986,interaction,6093
CID9910986,interaction,6195
CID9910986,interaction,6196
CID9910986,interaction,6197
CID9910986,interaction,6198
CID9910986,interaction,6416
CID9910986,interaction,65061
CID9910986,interaction,658
CID9910986,interaction,6792
CID9910986,interaction,6885
CID9910986,interaction,7297
CID9910986,interaction,7444
CID9910986,interaction,79837
CID9910986,interaction,815
CID9910986,interaction,816
CID9910986,interaction,817
CID9910986,interaction,818
CID9910986,interaction,84254
CID9910986,interaction,8621
CID9910986,interaction,92
CID9910986,interaction,9252
CID9910986,interaction,9262
CID9910986,interaction,9263
CID9910986,interaction,9344
CID9910986,interaction,94
CID9910986,interaction,9475
CID9910986,interaction,9706
CID9910986,interaction,983
CID9914412,interaction,6790
CID9914412,interaction,9212
CID9926791,interaction,1024
CID9926791,interaction,11183
CID9926791,interaction,120892
CID9926791,interaction,131890
CID9926791,interaction,1760
CID9926791,interaction,2011
CID9926791,interaction,23235
CID9926791,interaction,25
CID9926791,interaction,2534
CID9926791,interaction,25989
CID9926791,interaction,27330
CID9926791,interaction,2872
CID9926791,interaction,29110
CID9926791,interaction,3716
CID9926791,interaction,3717
CID9926791,interaction,3718
CID9926791,interaction,3932
CID9926791,interaction,4140
CID9926791,interaction,55589
CID9926791,interaction,5580
CID9926791,interaction,5582
CID9926791,interaction,5585
CID9926791,interaction,5586
CID9926791,interaction,57118
CID9926791,interaction,57787
CID9926791,interaction,5871
CID9926791,interaction,5979
CID9926791,interaction,6093
CID9926791,interaction,6195
CID9926791,interaction,6196
CID9926791,interaction,6788
CID9926791,interaction,6789
CID9926791,interaction,7297
CID9926791,interaction,7525
CID9926791,interaction,815
CID9926791,interaction,817
CID9926791,interaction,81788
CID9926791,interaction,8491
CID9926791,interaction,8536
CID9926791,interaction,85443
CID9926791,interaction,8711
CID9926791,interaction,9201
CID9926791,interaction,9475
CID9926791,interaction,9748
CID9927978,interaction,10919
CID9927978,interaction,10951
CID9927978,interaction,3091
CID9931953,interaction,10038
CID9931953,interaction,10039
CID9931953,interaction,142
CID9931953,interaction,143
CID9931953,interaction,165631
CID9931953,interaction,54625
CID9931953,interaction,64761
CID9931953,interaction,80351
CID9931953,interaction,84875
CID9931953,interaction,8658
CID9931954,interaction,10038
CID9931954,interaction,10039
CID9931954,interaction,142
CID9931954,interaction,143
CID9931954,interaction,165631
CID9931954,interaction,54625
CID9931954,interaction,64761
CID9931954,interaction,80351
CID9931954,interaction,84875
CID9931954,interaction,8658
CID9933475,interaction,10461
CID9933475,interaction,10733
CID9933475,interaction,11183
CID9933475,interaction,11184
CID9933475,interaction,11200
CID9933475,interaction,140901
CID9933475,interaction,1436
CID9933475,interaction,1454
CID9933475,interaction,1956
CID9933475,interaction,2041
CID9933475,interaction,2042
CID9933475,interaction,2045
CID9933475,interaction,2046
CID9933475,interaction,2050
CID9933475,interaction,2051
CID9933475,interaction,2064
CID9933475,interaction,2065
CID9933475,interaction,2066
CID9933475,interaction,2081
CID9933475,interaction,2241
CID9933475,interaction,2260
CID9933475,interaction,2261
CID9933475,interaction,2263
CID9933475,interaction,2264
CID9933475,interaction,2268
CID9933475,interaction,23043
CID9933475,interaction,2321
CID9933475,interaction,2322
CID9933475,interaction,23235
CID9933475,interaction,2324
CID9933475,interaction,238
CID9933475,interaction,2444
CID9933475,interaction,25
CID9933475,interaction,2534
CID9933475,interaction,2580
CID9933475,interaction,25865
CID9933475,interaction,27
CID9933475,interaction,27102
CID9933475,interaction,285220
CID9933475,interaction,3055
CID9933475,interaction,3791
CID9933475,interaction,3815
CID9933475,interaction,3932
CID9933475,interaction,4058
CID9933475,interaction,4067
CID9933475,interaction,4233
CID9933475,interaction,4486
CID9933475,interaction,4921
CID9933475,interaction,50488
CID9933475,interaction,51347
CID9933475,interaction,5156
CID9933475,interaction,5159
CID9933475,interaction,51765
CID9933475,interaction,558
CID9933475,interaction,5605
CID9933475,interaction,5607
CID9933475,interaction,5753
CID9933475,interaction,57551
CID9933475,interaction,5871
CID9933475,interaction,5979
CID9933475,interaction,640
CID9933475,interaction,65975
CID9933475,interaction,6714
CID9933475,interaction,6788
CID9933475,interaction,6789
CID9933475,interaction,6793
CID9933475,interaction,6795
CID9933475,interaction,6850
CID9933475,interaction,695
CID9933475,interaction,7010
CID9933475,interaction,7046
CID9933475,interaction,7075
CID9933475,interaction,7301
CID9933475,interaction,7525
CID9933475,interaction,780
CID9933475,interaction,80122
CID9933475,interaction,816
CID9933475,interaction,8491
CID9933475,interaction,8767
CID9933475,interaction,90
CID9933475,interaction,91
CID9933475,interaction,9212
CID9933475,interaction,9344
CID9933475,interaction,9448
CID9933475,interaction,9748
