entity,internal_id,embedding_source,has_kg_relation,embedding_dimension
CID10237,0,trained,True,128
CID46907787,1,trained,True,128
CID91466,2,trained,True,128
CID442614,3,missing_zero,False,128
CID5342,4,missing_zero,False,128
CID5287792,5,missing_zero,False,128
CID65064,6,trained,True,128
CID105066,7,trained,True,128
CID449069,8,trained,True,128
CID16219612,9,missing_zero,False,128
CID6710658,10,missing_zero,False,128
CID9966538,11,missing_zero,False,128
CID135398645,12,missing_zero,False,128
CID5327721,13,trained,True,128
CID448055,14,trained,True,128
CID701891,15,missing_zero,False,128
CID4979942,16,missing_zero,False,128
CID400633,17,trained,True,128
CID12620,18,missing_zero,False,128
CID2682,19,missing_zero,False,128
CID405012,20,trained,True,128
CID11064619,21,missing_zero,False,128
CID10995177,22,trained,True,128
CID154272,23,trained,True,128
CID97226,24,missing_zero,False,128
CID154943,25,missing_zero,False,128
CID1271002,26,trained,True,128
CID2836600,27,missing_zero,False,128
CID515328,28,trained,True,128
CID46215462,29,missing_zero,False,128
CID135564749,30,missing_zero,False,128
CID45942672,31,missing_zero,False,128
CID44156921,32,missing_zero,False,128
CID25195294,33,trained,True,128
CID25093235,34,missing_zero,False,128
CID3047796,35,trained,True,128
CID130966,36,missing_zero,False,128
CID46898058,37,trained,True,128
CID25108829,38,missing_zero,False,128
CID9796370,39,trained,True,128
CID25168990,40,missing_zero,False,128
CID9803932,41,missing_zero,False,128
CID104794,42,missing_zero,False,128
CID25265312,43,missing_zero,False,128
CID135564631,44,missing_zero,False,128
CID72686,45,trained,True,128
CID3651377,46,missing_zero,False,128
CID44519124,47,missing_zero,False,128
CID44599690,48,trained,True,128
CID23681107,49,missing_zero,False,128
CID44246499,50,missing_zero,False,128
CID11381449,51,trained,True,128
CID71304818,52,missing_zero,False,128
CID52934180,53,missing_zero,False,128
CID108187,54,missing_zero,False,128
CID2404,55,missing_zero,False,128
CID135398735,56,trained,True,128
CID5328779,57,trained,True,128
CID49830260,58,trained,True,128
CID54766013,59,missing_zero,False,128
CID46742353,60,missing_zero,False,128
CID57412684,61,missing_zero,False,128
CID72551586,62,missing_zero,False,128
CID71571562,63,missing_zero,False,128
CID4705,64,missing_zero,False,128
CID3922,65,trained,True,128
CID65014,66,missing_zero,False,128
CID78320750,67,missing_zero,False,128
CID5283066,68,missing_zero,False,128
CID81689696,69,missing_zero,False,128
CID644215,70,trained,True,128
CID11750009,71,missing_zero,False,128
CID6505803,72,trained,True,128
CID9852573,73,trained,True,128
CID9867340,74,missing_zero,False,128
CID3203,75,missing_zero,False,128
CID3003565,76,missing_zero,False,128
CID3378093,77,missing_zero,False,128
CID10317566,78,trained,True,128
CID118572017,79,missing_zero,False,128
CID5327916,80,missing_zero,False,128
CID118693658,81,missing_zero,False,128
CID9863367,82,missing_zero,False,128
CID23063810,83,missing_zero,False,128
CID9810884,84,missing_zero,False,128
CID657237,85,trained,True,128
CID8975,86,trained,True,128
CID66414,87,trained,True,128
CID66414,88,trained,True,128
CID6604437,89,missing_zero,False,128
CID1269845,90,missing_zero,False,128
CID92045137,91,missing_zero,False,128
CID3549980,92,missing_zero,False,128
CID5459840,93,trained,True,128
CID148198,94,missing_zero,False,128
CID9819927,95,missing_zero,False,128
CID135565674,96,trained,True,128
CID3008319,97,missing_zero,False,128
CID512282,98,missing_zero,False,128
CID4248455,99,missing_zero,False,128
CID9804433,100,trained,True,128
CID9811611,101,missing_zero,False,128
CID5329099,102,trained,True,128
CID196970,103,missing_zero,False,128
CID2518,104,trained,True,128
CID65725,105,trained,True,128
CID16216349,106,missing_zero,False,128
CID70684,107,missing_zero,False,128
CID358177,108,trained,True,128
CID135398661,109,trained,True,128
CID8617,110,trained,True,128
CID9950176,111,missing_zero,False,128
CID397888,112,missing_zero,False,128
CID2888648,113,trained,True,128
CID1067700,114,missing_zero,False,128
CID1069686,115,trained,True,128
CID9803963,116,trained,True,128
CID9934283,117,missing_zero,False,128
CID13988706,118,trained,True,128
CID10070893,119,missing_zero,False,128
CID10275789,120,missing_zero,False,128
CID1548887,121,trained,True,128
CID14825856,122,missing_zero,False,128
CID4649,123,trained,True,128
CID11273,124,trained,True,128
CID5280567,125,trained,True,128
CID764764,126,missing_zero,False,128
CID135564599,127,missing_zero,False,128
CID11313361,128,missing_zero,False,128
CID1317464,129,missing_zero,False,128
CID9813758,130,missing_zero,False,128
CID9806229,131,missing_zero,False,128
CID10271028,132,trained,True,128
CID9968854,133,missing_zero,False,128
CID12934390,134,trained,True,128
CID41867,135,missing_zero,False,128
CID70983934,136,missing_zero,False,128
CID9444,137,trained,True,128
CID44403842,138,missing_zero,False,128
CID3385,139,trained,True,128
CID144,140,trained,True,128
CID5056,141,trained,True,128
CID6433119,142,missing_zero,False,128
CID439280,143,missing_zero,False,128
CID169371,144,trained,True,128
CID92577,145,missing_zero,False,128
CID5978,146,trained,True,128
CID42640,147,missing_zero,False,128
CID459617,148,missing_zero,False,128
CID9883029,149,trained,True,128
CID9930913,150,trained,True,128
CID1005654,151,trained,True,128
CID6914657,152,trained,True,128
CID1213452,153,missing_zero,False,128
CID448949,154,trained,True,128
CID104920,155,missing_zero,False,128
CID72271,156,trained,True,128
CID5351307,157,trained,True,128
CID11598628,158,trained,True,128
CID135403646,159,trained,True,128
CID147569,160,missing_zero,False,128
CID44250175,161,missing_zero,False,128
CID57353643,162,trained,True,128
CID11414799,163,missing_zero,False,128
CID11399764,164,missing_zero,False,128
CID4787937,165,missing_zero,False,128
CID24882589,166,trained,True,128
CID11349170,167,missing_zero,False,128
CID6918638,168,trained,True,128
CID11973736,169,missing_zero,False,128
CID4076092,170,missing_zero,False,128
CID53398697,171,missing_zero,False,128
CID135398512,172,missing_zero,False,128
CID46189838,173,trained,True,128
CID21081761,174,missing_zero,False,128
CID46239014,175,trained,True,128
CID656665,176,missing_zero,False,128
CID29971118,177,trained,True,128
CID449171,178,trained,True,128
CID11630874,179,trained,True,128
CID16720766,180,missing_zero,False,128
CID16218924,181,missing_zero,False,128
CID11950170,182,missing_zero,False,128
CID5284330,183,missing_zero,False,128
CID24180125,184,trained,True,128
CID136173253,185,missing_zero,False,128
CID25134521,186,missing_zero,False,128
CID16722834,187,missing_zero,False,128
CID16723044,188,missing_zero,False,128
CID16048654,189,missing_zero,False,128
CID17754765,190,missing_zero,False,128
CID24866313,191,trained,True,128
CID51346455,192,missing_zero,False,128
CID42623900,193,missing_zero,False,128
CID53322732,194,missing_zero,False,128
CID16719221,195,missing_zero,False,128
CID135565545,196,trained,True,128
CID6539952,197,missing_zero,False,128
CID11673921,198,trained,True,128
CID53325875,199,missing_zero,False,128
CID9839311,200,missing_zero,False,128
CID10172943,201,missing_zero,False,128
CID118958122,202,missing_zero,False,128
CID11314340,203,trained,True,128
CID54708532,204,missing_zero,False,128
CID9549184,205,trained,True,128
CID16038374,206,missing_zero,False,128
CID16218924,207,missing_zero,False,128
CID24768261,208,trained,True,128
CID16666333,209,trained,True,128
CID42636535,210,trained,True,128
CID54684141,211,trained,True,128
CID15604015,212,trained,True,128
CID49846579,213,trained,True,128
CID24978538,214,trained,True,128
CID1973,215,missing_zero,False,128
CID11228183,216,missing_zero,False,128
CID3035714,217,trained,True,128
CID45480520,218,trained,True,128
CID11530459,219,missing_zero,False,128
CID52943938,220,trained,True,128
CID10437018,221,trained,True,128
CID23653175,222,missing_zero,False,128
CID57381425,223,missing_zero,False,128
CID46931003,224,missing_zero,False,128
CID11383075,225,missing_zero,False,128
CID10297043,226,trained,True,128
CID10297043,227,trained,True,128
CID10184653,228,trained,True,128
CID9807431,229,missing_zero,False,128
CID2044,230,trained,True,128
CID9840076,231,trained,True,128
CID2051,232,missing_zero,False,128
CID5328779,233,trained,True,128
CID117817422,234,trained,True,128
CID56645356,235,missing_zero,False,128
CID11501591,236,missing_zero,False,128
CID49806720,237,trained,True,128
CID24771867,238,trained,True,128
CID10207,239,trained,True,128
CID42628503,240,missing_zero,False,128
CID58299817,241,missing_zero,False,128
CID10141893,242,missing_zero,False,128
CID2125,243,trained,True,128
CID177358,244,missing_zero,False,128
CID10830874,245,missing_zero,False,128
CID24864821,246,trained,True,128
CID58573469,247,missing_zero,False,128
CID24879368,248,missing_zero,False,128
CID44181686,249,missing_zero,False,128
CID24764449,250,missing_zero,False,128
CID16086114,251,trained,True,128
CID11858109,252,missing_zero,False,128
CID11167112,253,missing_zero,False,128
CID24856041,254,trained,True,128
CID60202647,255,missing_zero,False,128
CID16108977,256,trained,True,128
CID11282283,257,trained,True,128
CID11556427,258,trained,True,128
CID454216,259,trained,True,128
CID5284616,260,trained,True,128
CID68165256,261,trained,True,128
CID9826188,262,missing_zero,False,128
CID1901244,263,trained,True,128
CID11960271,264,missing_zero,False,128
CID42627755,265,missing_zero,False,128
CID23634362,266,missing_zero,False,128
CID11717001,267,missing_zero,False,128
CID6918848,268,missing_zero,False,128
CID448014,269,trained,True,128
CID10226546,270,trained,True,128
CID24872560,271,trained,True,128
CID25110841,272,missing_zero,False,128
CID44224257,273,trained,True,128
CID10109823,274,trained,True,128
CID10195250,275,trained,True,128
CID5287855,276,trained,True,128
CID10377751,277,trained,True,128
CID25134326,278,trained,True,128
CID44156902,279,trained,True,128
CID24739943,280,missing_zero,False,128
CID11409972,281,trained,True,128
CID135397708,282,trained,True,128
CID227456,283,trained,True,128
CID11955716,284,missing_zero,False,128
CID11338033,285,trained,True,128
CID11175137,286,trained,True,128
CID135398495,287,trained,True,128
CID11219835,288,trained,True,128
CID11700696,289,trained,True,128
CID46883536,290,trained,True,128
CID59174488,291,trained,True,128
CID9918559,292,trained,True,128
CID56949412,293,missing_zero,False,128
CID72716071,294,missing_zero,False,128
CID46244454,295,trained,True,128
CID16097523,296,trained,True,128
CID56973724,297,trained,True,128
CID11676786,298,trained,True,128
CID91885438,299,trained,True,128
CID25099184,300,trained,True,128
CID135564570,301,missing_zero,False,128
CID16659841,302,missing_zero,False,128
CID24856436,303,trained,True,128
CID11292191,304,trained,True,128
CID25262792,305,trained,True,128
CID44199317,306,trained,True,128
CID56953649,307,trained,True,128
CID10138980,308,trained,True,128
CID91666658,309,missing_zero,False,128
CID56599293,310,missing_zero,False,128
CID10369242,311,trained,True,128
CID51039095,312,trained,True,128
CID25227436,313,trained,True,128
CID16747683,314,trained,True,128
CID44137675,315,trained,True,128
CID16741245,316,missing_zero,False,128
CID11152667,317,trained,True,128
CID25262965,318,trained,True,128
CID52913813,319,missing_zero,False,128
CID16666708,320,missing_zero,False,128
CID11965767,321,missing_zero,False,128
CID76685059,322,missing_zero,False,128
CID11488320,323,trained,True,128
CID92044376,324,missing_zero,False,128
CID86287635,325,trained,True,128
CID441300,326,trained,True,128
CID15664,327,missing_zero,False,128
CID46220502,328,trained,True,128
CID132971,329,missing_zero,False,128
CID9821849,330,missing_zero,False,128
CID138403267,331,missing_zero,False,128
CID17513,332,trained,True,128
CID71226662,333,missing_zero,False,128
CID11618268,334,missing_zero,False,128
CID71158,335,trained,True,128
CID9811704,336,trained,True,128
CID441307,337,missing_zero,False,128
CID170367,338,missing_zero,False,128
CID1981,339,trained,True,128
CID11074431,340,trained,True,128
CID904,341,missing_zero,False,128
CID1985,342,trained,True,128
CID1986,343,trained,True,128
CID1989,344,trained,True,128
CID1990,345,trained,True,128
CID12035,346,trained,True,128
CID135465539,347,missing_zero,False,128
CID135398513,348,trained,True,128
CID5310993,349,missing_zero,False,128
CID5284513,350,trained,True,128
CID451415,351,trained,True,128
CID11519741,352,trained,True,128
CID5311007,353,missing_zero,False,128
CID457193,354,trained,True,128
CID60164,355,trained,True,128
CID60871,356,trained,True,128
CID60961,357,trained,True,128
CID16070111,358,trained,True,128
CID5763,359,missing_zero,False,128
CID16307093,360,trained,True,128
CID443939,361,trained,True,128
CID91933867,362,missing_zero,False,128
CID66136,363,missing_zero,False,128
CID10184653,364,trained,True,128
CID135411,365,trained,True,128
CID135398501,366,trained,True,128
CID73014064,367,trained,True,128
CID135398501,368,trained,True,128
CID71992,369,missing_zero,False,128
CID2082,370,trained,True,128
CID83969,371,trained,True,128
CID9810709,372,missing_zero,False,128
CID2088,373,trained,True,128
CID17684448,374,trained,True,128
CID5282181,375,trained,True,128
CID2092,376,trained,True,128
CID71764,377,trained,True,128
CID71764,378,trained,True,128
CID71916,379,missing_zero,False,128
CID24771867,380,trained,True,128
CID5493444,381,trained,True,128
CID6918427,382,trained,True,128
CID6293,383,trained,True,128
CID135401907,384,trained,True,128
CID123606,385,trained,True,128
CID9866696,386,trained,True,128
CID14989,387,trained,True,128
CID162147,388,missing_zero,False,128
CID65663,389,missing_zero,False,128
CID56649450,390,trained,True,128
CID73265232,391,missing_zero,False,128
CID5280723,392,trained,True,128
CID10041070,393,trained,True,128
CID2123,394,trained,True,128
CID21718,395,trained,True,128
CID9852573,396,trained,True,128
CID5488548,397,trained,True,128
CID2130,398,trained,True,128
CID64150,399,missing_zero,False,128
CID439518,400,missing_zero,False,128
CID6918493,401,trained,True,128
CID444,402,trained,True,128
CID23663941,403,missing_zero,False,128
CID6009,404,missing_zero,False,128
CID2141,405,trained,True,128
CID16231,406,trained,True,128
CID68540,407,trained,True,128
CID68540,408,trained,True,128
CID2145,409,trained,True,128
CID123608,410,trained,True,128
CID9433,411,trained,True,128
CID169371,412,trained,True,128
CID2155,413,trained,True,128
CID441325,414,trained,True,128
CID441325,415,trained,True,128
CID2159,416,trained,True,128
CID11065,417,trained,True,128
CID2161,418,trained,True,128
CID2162,419,trained,True,128
CID62074,420,trained,True,128
CID64646,421,trained,True,128
CID2165,422,trained,True,128
CID50515,423,trained,True,128
CID54260,424,trained,True,128
CID54259,425,trained,True,128
CID54259,426,trained,True,128
CID2170,427,trained,True,128
CID33613,428,trained,True,128
CID23663126,429,trained,True,128
CID23663979,430,trained,True,128
CID23565,431,trained,True,128
CID2176,432,trained,True,128
CID65016,433,trained,True,128
CID8732,434,missing_zero,False,128
CID2179,435,trained,True,128
CID135409400,436,trained,True,128
CID135413494,437,trained,True,128
CID9828911,438,missing_zero,False,128
CID2187,439,trained,True,128
CID9824562,440,trained,True,128
CID5318517,441,missing_zero,False,128
CID2196,442,trained,True,128
CID657201,443,trained,True,128
CID25017411,444,missing_zero,False,128
CID5282049,445,trained,True,128
CID17275,446,trained,True,128
CID14957,447,missing_zero,False,128
CID2206,448,trained,True,128
CID73427118,449,missing_zero,False,128
CID24872560,450,trained,True,128
CID45139106,451,missing_zero,False,128
CID5813717,452,missing_zero,False,128
CID5280443,453,trained,True,128
CID10173277,454,missing_zero,False,128
CID10182969,455,trained,True,128
CID11452716,456,missing_zero,False,128
CID135413536,457,trained,True,128
CID453548,458,trained,True,128
CID9958103,459,missing_zero,False,128
CID440936,460,trained,True,128
CID2230,461,trained,True,128
CID92722,462,trained,True,128
CID5574924,463,missing_zero,False,128
CID60795,464,trained,True,128
CID9690109,465,trained,True,128
CID14888,466,trained,True,128
CID49777740,467,missing_zero,False,128
CID68911,468,trained,True,128
CID68827,469,missing_zero,False,128
CID3000518,470,missing_zero,False,128
CID10475633,471,trained,True,128
CID6917864,472,trained,True,128
CID32169,473,missing_zero,False,128
CID20525,474,missing_zero,False,128
CID163091,475,trained,True,128
CID6917875,476,missing_zero,False,128
CID119034,477,missing_zero,False,128
CID134601,478,trained,True,128
CID2244,479,trained,True,128
CID13943299,480,trained,True,128
CID158550,481,trained,True,128
CID2249,482,trained,True,128
CID129869,483,missing_zero,False,128
CID54840,484,trained,True,128
CID60822,485,trained,True,128
CID74989,486,trained,True,128
CID5321018,487,missing_zero,False,128
CID47320,488,trained,True,128
CID159594,489,missing_zero,False,128
CID121488167,490,missing_zero,False,128
CID16667669,491,trained,True,128
CID10621,492,trained,True,128
CID44139710,493,trained,True,128
CID49841217,494,trained,True,128
CID9869929,495,trained,True,128
CID166558,496,missing_zero,False,128
CID72734520,497,missing_zero,False,128
CID51040,498,trained,True,128
CID6450551,499,trained,True,128
CID9444,500,trained,True,128
CID15723,501,trained,True,128
CID9444,502,trained,True,128
CID15443,503,trained,True,128
CID115000,504,missing_zero,False,128
CID19861,505,trained,True,128
CID5281066,506,trained,True,128
CID2265,507,trained,True,128
CID54360,508,trained,True,128
CID65948,509,trained,True,128
CID135415867,510,trained,True,128
CID135409642,511,trained,True,128
CID447043,512,trained,True,128
CID11638255,513,missing_zero,False,128
CID23685176,514,trained,True,128
CID10701,515,missing_zero,False,128
CID5742832,516,missing_zero,False,128
CID44599207,517,missing_zero,False,128
CID24882589,518,trained,True,128
CID3101542,519,trained,True,128
CID16007391,520,missing_zero,False,128
CID5362422,521,trained,True,128
CID5353431,522,trained,True,128
CID70817911,523,missing_zero,False,128
CID118310260,524,missing_zero,False,128
CID118869362,525,missing_zero,False,128
CID9798973,526,missing_zero,False,128
CID9953906,527,missing_zero,False,128
CID135564787,528,missing_zero,False,128
CID11784504,529,missing_zero,False,128
CID118191391,530,trained,True,128
CID188914,531,missing_zero,False,128
CID42647289,532,trained,True,128
CID6918638,533,trained,True,128
CID73425805,534,missing_zero,False,128
CID3885,535,trained,True,128
CID68643,536,missing_zero,False,128
CID11977753,537,trained,True,128
CID135565884,538,missing_zero,False,128
CID53235510,539,missing_zero,False,128
CID9884807,540,missing_zero,False,128
CID11978790,541,missing_zero,False,128
CID57336745,542,missing_zero,False,128
CID11364421,543,trained,True,128
CID45270144,544,trained,True,128
CID2747117,545,missing_zero,False,128
CID135567102,546,missing_zero,False,128
CID117072549,547,missing_zero,False,128
CID25023738,548,trained,True,128
CID9927531,549,trained,True,128
CID16736529,550,trained,True,128
CID135398521,551,missing_zero,False,128
CID156422,552,trained,True,128
CID8344,553,missing_zero,False,128
CID25150857,554,trained,True,128
CID135398492,555,trained,True,128
CID135659062,556,trained,True,128
CID16654980,557,trained,True,128
CID91885617,558,missing_zero,False,128
CID72710839,559,missing_zero,False,128
CID46184986,560,missing_zero,False,128
CID2415,561,trained,True,128
CID11249248,562,missing_zero,False,128
CID448545,563,missing_zero,False,128
CID135402864,564,trained,True,128
CID73265272,565,trained,True,128
CID9926054,566,missing_zero,False,128
CID5495818,567,trained,True,128
CID56965901,568,missing_zero,False,128
CID11467730,569,missing_zero,False,128
CID135440466,570,missing_zero,False,128
CID10409068,571,missing_zero,False,128
CID11635371,572,missing_zero,False,128
CID24785538,573,trained,True,128
CID24794418,574,missing_zero,False,128
CID44155856,575,trained,True,128
CID57662985,576,trained,True,128
CID50922691,577,missing_zero,False,128
CID73388374,578,missing_zero,False,128
CID118196485,579,missing_zero,False,128
CID121328278,580,missing_zero,False,128
CID210172,581,trained,True,128
CID5328940,582,trained,True,128
CID53388144,583,trained,True,128
CID443289,584,missing_zero,False,128
CID11234052,585,trained,True,128
CID11154925,586,missing_zero,False,128
CID3654103,587,missing_zero,False,128
CID2438,588,trained,True,128
CID49867928,589,trained,True,128
CID25125014,590,trained,True,128
CID90309855,591,trained,True,128
CID72188603,592,missing_zero,False,128
CID42609849,593,missing_zero,False,128
CID49769085,594,missing_zero,False,128
CID6918663,595,missing_zero,False,128
CID10077147,596,trained,True,128
CID11754511,597,trained,True,128
CID56649450,598,trained,True,128
CID70687193,599,trained,True,128
CID2284,600,trained,True,128
CID11387605,601,trained,True,128
CID5281605,602,trained,True,128
CID64982,603,missing_zero,False,128
CID10201696,604,missing_zero,False,128
CID65958,605,trained,True,128
CID135413496,606,trained,True,128
CID11497983,607,missing_zero,False,128
CID400769,608,missing_zero,False,128
CID44205240,609,missing_zero,False,128
CID5362422,610,trained,True,128
CID73265273,611,missing_zero,False,128
CID154257,612,trained,True,128
CID154256,613,missing_zero,False,128
CID9936012,614,missing_zero,False,128
CID6918638,615,trained,True,128
CID57345941,616,missing_zero,False,128
CID2310,617,trained,True,128
CID5362124,618,trained,True,128
CID5362123,619,trained,True,128
CID65628,620,trained,True,128
CID77082,621,trained,True,128
CID2315,622,trained,True,128
CID3032771,623,missing_zero,False,128
CID656667,624,trained,True,128
CID2327,625,missing_zero,False,128
CID26964,626,trained,True,128
CID10195250,627,trained,True,128
CID108107,628,missing_zero,False,128
CID2333,629,trained,True,128
CID8478,630,trained,True,128
CID2337,631,trained,True,128
CID243,632,trained,True,128
CID238053,633,trained,True,128
CID54678490,634,trained,True,128
CID164521,635,missing_zero,False,128
CID2351,636,trained,True,128
CID2353,637,trained,True,128
CID2355,638,missing_zero,False,128
CID59472121,639,missing_zero,False,128
CID72172,640,trained,True,128
CID5280489,641,missing_zero,False,128
CID9782,642,trained,True,128
CID21800,643,trained,True,128
CID16533,644,trained,True,128
CID71651,645,missing_zero,False,128
CID2369,646,trained,True,128
CID107952,647,trained,True,128
CID2370,648,trained,True,128
CID11548,649,trained,True,128
CID82146,650,trained,True,128
CID39042,651,trained,True,128
CID71339,652,missing_zero,False,128
CID2375,653,trained,True,128
CID2377,654,trained,True,128
CID2378,655,trained,True,128
CID73581,656,missing_zero,False,128
CID5311027,657,trained,True,128
CID58507717,658,missing_zero,False,128
CID71354,659,missing_zero,False,128
CID5280373,660,trained,True,128
CID92151,661,trained,True,128
CID49836020,662,trained,True,128
CID2391,663,trained,True,128
CID5281064,664,trained,True,128
CID3476986,665,missing_zero,False,128
CID5360373,666,trained,True,128
CID71587153,667,missing_zero,False,128
CID387447,668,trained,True,128
CID104865,669,trained,True,128
CID5328940,670,trained,True,128
CID3372016,671,missing_zero,False,128
CID5287620,672,trained,True,128
CID57030,673,missing_zero,False,128
CID6100,674,trained,True,128
CID11248490,675,missing_zero,False,128
CID56941241,676,missing_zero,False,128
CID483477,677,missing_zero,False,128
CID5052,678,trained,True,128
CID56843850,679,trained,True,128
CID68844,680,trained,True,128
CID11234052,681,trained,True,128
CID446727,682,trained,True,128
CID2442,683,trained,True,128
CID5702220,684,trained,True,128
CID5702220,685,trained,True,128
CID5281067,686,trained,True,128
CID2453,687,trained,True,128
CID5281304,688,missing_zero,False,128
CID442021,689,missing_zero,False,128
CID5281004,690,trained,True,128
CID2466,691,trained,True,128
CID6420013,692,missing_zero,False,128
CID2471,693,trained,True,128
CID16654980,694,trained,True,128
CID64737,695,trained,True,128
CID3033050,696,missing_zero,False,128
CID2477,697,trained,True,128
CID2478,698,trained,True,128
CID5281222,699,missing_zero,False,128
CID443867,700,trained,True,128
CID47472,701,trained,True,128
CID47471,702,trained,True,128
CID1324494,703,missing_zero,False,128
CID6610318,704,missing_zero,False,128
CID50909779,705,missing_zero,False,128
CID156414,706,trained,True,128
CID6918265,707,missing_zero,False,128
CID135705561,708,missing_zero,False,128
CID11556711,709,trained,True,128
CID44457280,710,missing_zero,False,128
CID24951314,711,missing_zero,False,128
CID9938280,712,trained,True,128
CID10430360,713,missing_zero,False,128
CID24788636,714,missing_zero,False,128
CID984170,715,trained,True,128
CID17751819,716,missing_zero,False,128
CID16202152,717,missing_zero,False,128
CID25154041,718,trained,True,128
CID117996749,719,missing_zero,False,128
CID135411,720,trained,True,128
CID138402877,721,missing_zero,False,128
CID66577006,722,missing_zero,False,128
CID9933475,723,trained,True,128
CID24800541,724,missing_zero,False,128
CID56846693,725,missing_zero,False,128
CID57336812,726,missing_zero,False,128
CID5974,727,trained,True,128
CID504670,728,missing_zero,False,128
CID24857323,729,missing_zero,False,128
CID6605258,730,missing_zero,False,128
CID53240420,731,trained,True,128
CID10256643,732,missing_zero,False,128
CID49784945,733,trained,True,128
CID16666332,734,trained,True,128
CID46933992,735,missing_zero,False,128
CID24825971,736,trained,True,128
CID52948550,737,trained,True,128
CID9820526,738,missing_zero,False,128
CID3838,739,missing_zero,False,128
CID2331284,740,missing_zero,False,128
CID16224745,741,trained,True,128
CID3570748,742,trained,True,128
CID46925884,743,trained,True,128
CID1546,744,trained,True,128
CID11248978,745,missing_zero,False,128
CID46927888,746,missing_zero,False,128
CID46918825,747,missing_zero,False,128
CID3938007,748,missing_zero,False,128
CID46192505,749,missing_zero,False,128
CID151178,750,missing_zero,False,128
CID57519549,751,missing_zero,False,128
CID56603532,752,trained,True,128
CID53316142,753,missing_zero,False,128
CID57519538,754,missing_zero,False,128
CID54706679,755,trained,True,128
CID57519551,756,trained,True,128
CID57519547,757,missing_zero,False,128
CID53401057,758,missing_zero,False,128
CID57519554,759,trained,True,128
CID57519528,760,missing_zero,False,128
CID57519512,761,trained,True,128
CID11719130,762,missing_zero,False,128
CID57519529,763,missing_zero,False,128
CID57519550,764,trained,True,128
CID25105690,765,trained,True,128
CID25256849,766,missing_zero,False,128
CID53252516,767,missing_zero,False,128
CID70679466,768,missing_zero,False,128
CID71300295,769,missing_zero,False,128
CID25169382,770,missing_zero,False,128
CID15057856,771,trained,True,128
CID354624,772,trained,True,128
CID71307851,773,missing_zero,False,128
CID3474778,774,missing_zero,False,128
CID72710568,775,missing_zero,False,128
CID44329754,776,trained,True,128
CID72295940,777,missing_zero,False,128
CID73265342,778,missing_zero,False,128
CID204100,779,missing_zero,False,128
CID56645961,780,trained,True,128
CID73265364,781,missing_zero,False,128
CID72959169,782,trained,True,128
CID68234129,783,trained,True,128
CID6746983,784,missing_zero,False,128
CID73265233,785,trained,True,128
CID5483090,786,missing_zero,False,128
CID73265226,787,trained,True,128
CID46930984,788,missing_zero,False,128
CID73259,789,missing_zero,False,128
CID73265344,790,missing_zero,False,128
CID73265326,791,missing_zero,False,128
CID73265324,792,missing_zero,False,128
CID73265304,793,missing_zero,False,128
CID73265230,794,trained,True,128
CID70701134,795,missing_zero,False,128
CID73265352,796,missing_zero,False,128
CID67310049,797,missing_zero,False,128
CID73265403,798,missing_zero,False,128
CID73265294,799,missing_zero,False,128
CID73265201,800,trained,True,128
CID29985980,801,trained,True,128
CID73265399,802,trained,True,128
CID73265309,803,trained,True,128
CID73265368,804,missing_zero,False,128
CID73265229,805,missing_zero,False,128
CID73265183,806,missing_zero,False,128
CID73265377,807,trained,True,128
CID73265401,808,missing_zero,False,128
CID73265408,809,trained,True,128
CID73265288,810,missing_zero,False,128
CID73265277,811,missing_zero,False,128
CID73265302,812,missing_zero,False,128
CID73265281,813,missing_zero,False,128
CID73265316,814,missing_zero,False,128
CID73265205,815,missing_zero,False,128
CID73265323,816,missing_zero,False,128
CID73265383,817,trained,True,128
CID73265376,818,trained,True,128
CID73265380,819,trained,True,128
CID73265357,820,missing_zero,False,128
CID73265223,821,trained,True,128
CID6325199,822,missing_zero,False,128
CID73265289,823,missing_zero,False,128
CID73265362,824,trained,True,128
CID73265412,825,missing_zero,False,128
CID73265292,826,missing_zero,False,128
CID68938909,827,missing_zero,False,128
CID11271909,828,missing_zero,False,128
CID71543365,829,trained,True,128
CID7566371,830,missing_zero,False,128
CID17571905,831,missing_zero,False,128
CID35028115,832,missing_zero,False,128
CID66646767,833,missing_zero,False,128
CID9849040,834,trained,True,128
CID44315352,835,missing_zero,False,128
CID44573504,836,missing_zero,False,128
CID25263033,837,missing_zero,False,128
CID11957503,838,trained,True,128
CID4259181,839,trained,True,128
CID11440648,840,missing_zero,False,128
CID135399748,841,missing_zero,False,128
CID11656518,842,trained,True,128
CID53396311,843,trained,True,128
CID9847557,844,missing_zero,False,128
CID9956119,845,missing_zero,False,128
CID71295844,846,missing_zero,False,128
CID91885989,847,missing_zero,False,128
CID2746,848,missing_zero,False,128
CID16736529,849,trained,True,128
CID56968072,850,missing_zero,False,128
CID59174579,851,missing_zero,False,128
CID57335384,852,missing_zero,False,128
CID25151504,853,missing_zero,False,128
CID5351344,854,missing_zero,False,128
CID9826309,855,trained,True,128
CID44551660,856,trained,True,128
CID10158940,857,trained,True,128
CID9874913,858,trained,True,128
CID9843900,859,trained,True,128
CID25105690,860,trained,True,128
CID151118,861,missing_zero,False,128
CID78320408,862,trained,True,128
CID71291068,863,missing_zero,False,128
CID73442743,864,missing_zero,False,128
CID90442348,865,missing_zero,False,128
CID24770514,866,trained,True,128
CID121271792,867,missing_zero,False,128
CID10366136,868,missing_zero,False,128
CID53396311,869,trained,True,128
CID9956119,870,missing_zero,False,128
CID11646823,871,trained,True,128
CID24756910,872,missing_zero,False,128
CID54575456,873,trained,True,128
CID6918386,874,missing_zero,False,128
CID24748573,875,missing_zero,False,128
CID25257557,876,missing_zero,False,128
CID44545852,877,missing_zero,False,128
CID6420138,878,missing_zero,False,128
CID67533,879,trained,True,128
CID25062766,880,missing_zero,False,128
CID42623951,881,trained,True,128
CID9854073,882,trained,True,128
CID25102847,883,trained,True,128
CID5281787,884,missing_zero,False,128
CID2519,885,trained,True,128
CID6241,886,trained,True,128
CID5283731,887,trained,True,128
CID5280453,888,trained,True,128
CID135430945,889,trained,True,128
CID62859,890,trained,True,128
CID11849514,891,trained,True,128
CID9882793,892,trained,True,128
CID644274,893,trained,True,128
CID2536,894,missing_zero,False,128
CID5284360,895,missing_zero,False,128
CID24360,896,trained,True,128
CID34458,897,trained,True,128
CID24812758,898,trained,True,128
CID2541,899,missing_zero,False,128
CID2540,900,trained,True,128
CID156414,901,trained,True,128
CID13789,902,trained,True,128
CID5944,903,trained,True,128
CID60953,904,trained,True,128
CID60953,905,trained,True,128
CID1548943,906,trained,True,128
CID44093,907,trained,True,128
CID5831,908,trained,True,128
CID135403805,909,missing_zero,False,128
CID2554,910,trained,True,128
CID20933,911,trained,True,128
CID636402,912,trained,True,128
CID34359,913,trained,True,128
CID31072,914,trained,True,128
CID10339178,915,trained,True,128
CID108144,916,missing_zero,False,128
CID11345983,917,missing_zero,False,128
CID11556711,918,trained,True,128
CID121396,919,trained,True,128
CID2576,920,trained,True,128
CID2577,921,trained,True,128
CID2578,922,trained,True,128
CID65709,923,missing_zero,False,128
CID2581,924,trained,True,128
CID2585,925,trained,True,128
CID2882155,926,missing_zero,False,128
CID6850808,927,trained,True,128
CID5458190,928,missing_zero,False,128
CID10365033,929,missing_zero,False,128
CID135473382,930,trained,True,128
CID11848225,931,missing_zero,False,128
CID9933475,932,trained,True,128
CID6915944,933,trained,True,128
CID6437877,934,missing_zero,False,128
CID9570757,935,missing_zero,False,128
CID44187,936,trained,True,128
CID23663974,937,trained,True,128
CID9830519,938,missing_zero,False,128
CID6328657,939,trained,True,128
CID9937686,940,trained,True,128
CID9937686,941,trained,True,128
CID122724,942,missing_zero,False,128
CID2662,943,trained,True,128
CID27447,944,trained,True,128
CID6436208,945,trained,True,128
CID10206,946,missing_zero,False,128
CID44595079,947,missing_zero,False,128
CID57379345,948,trained,True,128
CID446156,949,trained,True,128
CID55182,950,missing_zero,False,128
CID31239,951,missing_zero,False,128
CID25137844,952,trained,True,128
CID11488110,953,missing_zero,False,128
CID2703,954,missing_zero,False,128
CID72311,955,missing_zero,False,128
CID10133,956,trained,True,128
CID9800555,957,missing_zero,False,128
CID2708,958,trained,True,128
CID5959,959,trained,True,128
CID443382,960,missing_zero,False,128
CID2717,961,trained,True,128
CID3035850,962,trained,True,128
CID1794427,963,trained,True,128
CID2719,964,trained,True,128
CID2720,965,trained,True,128
CID2722,966,trained,True,128
CID7697,967,missing_zero,False,128
CID5281068,968,trained,True,128
CID6240,969,trained,True,128
CID2727,970,trained,True,128
CID667467,971,trained,True,128
CID6301,972,missing_zero,False,128
CID2733,973,trained,True,128
CID221493,974,trained,True,128
CID6209,975,trained,True,128
CID2741,976,trained,True,128
CID5281607,977,missing_zero,False,128
CID10208,978,trained,True,128
CID2749,979,trained,True,128
CID38911,980,missing_zero,False,128
CID6435415,981,trained,True,128
CID56329,982,trained,True,128
CID176873,983,trained,True,128
CID136257953,984,missing_zero,False,128
CID5282138,985,trained,True,128
CID151170,986,trained,True,128
CID2754,987,trained,True,128
CID2756,988,trained,True,128
CID156419,989,trained,True,128
CID156418,990,trained,True,128
CID156418,991,trained,True,128
CID9808022,992,missing_zero,False,128
CID101744,993,trained,True,128
CID8593,994,trained,True,128
CID5282458,995,missing_zero,False,128
CID2762,996,trained,True,128
CID2763,997,trained,True,128
CID2764,998,trained,True,128
CID6422124,999,trained,True,128
CID6917698,1000,trained,True,128
CID62886,1001,trained,True,128
CID5460033,1002,trained,True,128
,1003,missing_zero,False,128
CID2771,1004,trained,True,128
CID77995,1005,missing_zero,False,128
CID53340426,1006,trained,True,128
CID9600409,1007,missing_zero,False,128
CID20279,1008,trained,True,128
CID84029,1009,trained,True,128
CID5281069,1010,trained,True,128
CID153994,1011,trained,True,128
CID73115,1012,trained,True,128
CID446598,1013,missing_zero,False,128
CID16051951,1014,missing_zero,False,128
CID16052038,1015,trained,True,128
CID2787,1016,trained,True,128
CID32798,1017,trained,True,128
CID71386,1018,trained,True,128
CID119182,1019,trained,True,128
CID2794,1020,trained,True,128
CID2796,1021,trained,True,128
CID2797,1022,missing_zero,False,128
CID60974,1023,trained,True,128
CID2800,1024,trained,True,128
CID60974,1025,trained,True,128
CID68539,1026,trained,True,128
CID60606,1027,trained,True,128
CID21784,1028,trained,True,128
CID43231,1029,missing_zero,False,128
CID23683671,1030,trained,True,128
CID2812,1031,trained,True,128
CID23675320,1032,missing_zero,False,128
CID16222096,1033,trained,True,128
CID16222097,1034,trained,True,128
CID5281915,1035,missing_zero,False,128
CID6167,1036,trained,True,128
CID5311194,1037,trained,True,128
CID950368,1038,trained,True,128
CID135565596,1039,missing_zero,False,128
CID5745,1040,trained,True,128
CID66249,1041,missing_zero,False,128
CID5281437,1042,trained,True,128
CID44143370,1043,missing_zero,False,128
CID323,1044,trained,True,128
CID447371,1045,trained,True,128
CID10366136,1046,missing_zero,False,128
CID11626560,1047,trained,True,128
CID2882,1048,trained,True,128
CID160254,1049,trained,True,128
CID11057,1050,trained,True,128
CID21585658,1051,trained,True,128
CID5281321,1052,missing_zero,False,128
CID969516,1053,trained,True,128
CID969516,1054,trained,True,128
CID14240392,1055,trained,True,128
CID9907323,1056,trained,True,128
CID9907323,1057,trained,True,128
CID5287620,1058,trained,True,128
CID7533,1059,trained,True,128
CID2893,1060,trained,True,128
CID25050,1061,missing_zero,False,128
CID9049,1062,trained,True,128
CID6197,1063,missing_zero,False,128
CID442972,1064,missing_zero,False,128
CID2907,1065,trained,True,128
CID5284373,1066,trained,True,128
CID5284373,1067,trained,True,128
CID260439,1068,missing_zero,False,128
CID5748293,1069,trained,True,128
CID9880,1070,trained,True,128
CID47866,1071,trained,True,128
CID9082,1072,trained,True,128
CID6253,1073,trained,True,128
CID6252,1074,trained,True,128
CID6175,1075,trained,True,128
CID10235,1076,trained,True,128
CID6234,1077,trained,True,128
CID6251,1078,missing_zero,False,128
CID6613,1079,trained,True,128
CID44462760,1080,trained,True,128
CID25154714,1081,trained,True,128
CID11285588,1082,missing_zero,False,128
CID11442891,1083,missing_zero,False,128
CID214347,1084,trained,True,128
CID5311272,1085,trained,True,128
CID44543605,1086,trained,True,128
CID25066467,1087,trained,True,128
CID25066467,1088,trained,True,128
CID11222830,1089,trained,True,128
CID1461,1090,trained,True,128
CID11358077,1091,trained,True,128
CID90045,1092,trained,True,128
CID5970,1093,missing_zero,False,128
CID123964,1094,trained,True,128
CID54726191,1095,trained,True,128
CID135985126,1096,missing_zero,False,128
CID51066577,1097,trained,True,128
CID216210,1098,trained,True,128
CID135565674,1099,trained,True,128
CID44462760,1100,trained,True,128
CID135398738,1101,trained,True,128
CID6445533,1102,missing_zero,False,128
CID25154713,1103,trained,True,128
CID11511120,1104,trained,True,128
CID11977753,1105,trained,True,128
CID5281708,1106,trained,True,128
CID107971,1107,trained,True,128
CID6918540,1108,missing_zero,False,128
CID15331,1109,trained,True,128
CID24780598,1110,missing_zero,False,128
CID6914273,1111,trained,True,128
CID11442891,1112,missing_zero,False,128
CID9887712,1113,trained,True,128
CID5280569,1114,trained,True,128
CID6914657,1115,trained,True,128
CID71352,1116,trained,True,128
CID91617630,1117,trained,True,128
CID21585658,1118,trained,True,128
CID444030,1119,missing_zero,False,128
CID67171867,1120,missing_zero,False,128
CID213039,1121,missing_zero,False,128
CID23725083,1122,missing_zero,False,128
CID3062316,1123,trained,True,128
CID30323,1124,trained,True,128
CID62770,1125,trained,True,128
CID676352,1126,trained,True,128
CID3032474,1127,missing_zero,False,128
CID10921,1128,trained,True,128
CID59422203,1129,missing_zero,False,128
CID451668,1130,trained,True,128
CID29112,1131,missing_zero,False,128
CID25117126,1132,missing_zero,False,128
CID214348,1133,trained,True,128
CID189821,1134,trained,True,128
CID11222830,1135,trained,True,128
CID107935,1136,trained,True,128
CID220401,1137,missing_zero,False,128
CID11745519,1138,trained,True,128
CID46834118,1139,missing_zero,False,128
CID9819382,1140,missing_zero,False,128
CID124087,1141,trained,True,128
CID5311066,1142,trained,True,128
CID11876263,1143,trained,True,128
CID125017,1144,trained,True,128
CID6918664,1145,trained,True,128
CID56031,1146,missing_zero,False,128
CID5743,1147,trained,True,128
CID107778,1148,missing_zero,False,128
CID33036,1149,missing_zero,False,128
CID60196361,1150,trained,True,128
CID9578005,1151,missing_zero,False,128
CID5311068,1152,trained,True,128
CID71384,1153,trained,True,128
CID6918223,1154,missing_zero,False,128
CID5360696,1155,trained,True,128
CID26248,1156,missing_zero,False,128
CID3019,1157,trained,True,128
CID3023,1158,trained,True,128
CID3038,1159,trained,True,128
CID456389,1160,trained,True,128
CID115087,1161,trained,True,128
CID5018304,1162,trained,True,128
CID68871,1163,missing_zero,False,128
CID23667628,1164,trained,True,128
CID441344,1165,trained,True,128
CID135398739,1166,trained,True,128
CID667476,1167,trained,True,128
CID68861,1168,trained,True,128
CID3052,1169,trained,True,128
CID448537,1170,trained,True,128
CID441207,1171,trained,True,128
CID2724385,1172,trained,True,128
CID3000518,1173,missing_zero,False,128
CID10531,1174,trained,True,128
CID161557,1175,trained,True,128
CID439533,1176,trained,True,128
CID3071,1177,missing_zero,False,128
CID39186,1178,trained,True,128
CID62920,1179,trained,True,128
CID62920,1180,trained,True,128
CID65625,1181,missing_zero,False,128
CID637568,1182,trained,True,128
CID46926350,1183,missing_zero,False,128
CID46926350,1184,missing_zero,False,128
CID119245,1185,missing_zero,False,128
CID5281613,1186,trained,True,128
CID10830,1187,trained,True,128
CID8980,1188,trained,True,128
CID8980,1189,trained,True,128
CID3055,1190,trained,True,128
CID3108,1191,trained,True,128
CID6473883,1192,missing_zero,False,128
CID3114,1193,trained,True,128
CID6440181,1194,trained,True,128
CID3117,1195,trained,True,128
CID23663956,1196,trained,True,128
CID36811,1197,trained,True,128
CID148124,1198,trained,True,128
CID213040,1199,missing_zero,False,128
CID71329,1200,trained,True,128
CID9810929,1201,missing_zero,False,128
CID54726191,1202,trained,True,128
CID10866,1203,trained,True,128
CID3151,1204,trained,True,128
CID681,1205,trained,True,128
CID156422,1206,trained,True,128
CID636377,1207,trained,True,128
CID11524144,1208,trained,True,128
CID6918132,1209,trained,True,128
CID135398510,1210,missing_zero,False,128
CID3156,1211,trained,True,128
CID62978,1212,trained,True,128
CID3158,1213,trained,True,128
CID5281107,1214,trained,True,128
CID18343,1215,missing_zero,False,128
CID50942,1216,missing_zero,False,128
CID31703,1217,trained,True,128
CID443939,1218,trained,True,128
CID54671203,1219,trained,True,128
CID11224,1220,trained,True,128
CID208898,1221,trained,True,128
CID219025,1222,trained,True,128
CID219025,1223,trained,True,128
CID3168,1224,trained,True,128
CID3169,1225,missing_zero,False,128
CID68873,1226,trained,True,128
CID568416,1227,trained,True,128
CID60834,1228,trained,True,128
CID6918296,1229,trained,True,128
CID68304,1230,trained,True,128
CID9051,1231,trained,True,128
CID135533054,1232,trained,True,128
CID3182,1233,trained,True,128
CID123985,1234,trained,True,128
CID135565981,1235,trained,True,128
CID46836227,1236,missing_zero,False,128
CID123132228,1237,trained,True,128
CID51031035,1238,trained,True,128
CID62705067,1239,missing_zero,False,128
CID24197464,1240,trained,True,128
CID54611422,1241,missing_zero,False,128
CID44182398,1242,missing_zero,False,128
CID16041424,1243,trained,True,128
CID16041424,1244,trained,True,128
CID4261,1245,trained,True,128
CID15951529,1246,trained,True,128
CID60160561,1247,missing_zero,False,128
CID73670548,1248,missing_zero,False,128
CID90241673,1249,missing_zero,False,128
CID118946372,1250,missing_zero,False,128
CID57345410,1251,missing_zero,False,128
CID66558664,1252,trained,True,128
CID42596951,1253,missing_zero,False,128
CID49836058,1254,trained,True,128
CID5113032,1255,missing_zero,False,128
CID3191,1256,trained,True,128
CID54677973,1257,missing_zero,False,128
CID19212,1258,missing_zero,False,128
CID6857732,1259,trained,True,128
CID3198,1260,trained,True,128
CID68589,1261,trained,True,128
CID4021,1262,trained,True,128
CID10280735,1263,trained,True,128
CID5003929,1264,trained,True,128
CID2725048,1265,trained,True,128
CID64139,1266,trained,True,128
CID3009,1267,trained,True,128
CID441361,1268,trained,True,128
CID119373,1269,trained,True,128
CID6444206,1270,trained,True,128
CID300471,1271,trained,True,128
CID656631,1272,trained,True,128
CID60703,1273,missing_zero,False,128
CID5281855,1274,trained,True,128
CID135449332,1275,trained,True,128
CID135449331,1276,trained,True,128
CID5277135,1277,missing_zero,False,128
CID3218,1278,missing_zero,False,128
CID10219,1279,trained,True,128
CID3220,1280,trained,True,128
CID71599640,1281,missing_zero,False,128
CID12000240,1282,trained,True,128
CID60877,1283,trained,True,128
CID5388961,1284,trained,True,128
CID5462501,1285,trained,True,128
CID89683805,1286,missing_zero,False,128
CID50922675,1287,missing_zero,False,128
CID10090750,1288,missing_zero,False,128
CID46242512,1289,trained,True,128
CID3229,1290,trained,True,128
CID71188,1291,trained,True,128
CID56960363,1292,missing_zero,False,128
CID5281081,1293,trained,True,128
CID135526609,1294,trained,True,128
CID4261,1295,trained,True,128
CID25141092,1296,missing_zero,False,128
CID15951529,1297,trained,True,128
CID176167,1298,missing_zero,False,128
CID1549120,1299,trained,True,128
CID441302,1300,trained,True,128
CID5816,1301,trained,True,128
CID5815,1302,trained,True,128
CID65348,1303,trained,True,128
CID65348,1304,trained,True,128
CID443872,1305,trained,True,128
CID448799,1306,missing_zero,False,128
CID448013,1307,trained,True,128
CID447865,1308,trained,True,128
CID11226684,1309,missing_zero,False,128
CID5282474,1310,trained,True,128
CID448812,1311,trained,True,128
CID11214940,1312,missing_zero,False,128
CID67462786,1313,missing_zero,False,128
CID65632,1314,trained,True,128
CID444679,1315,missing_zero,False,128
CID17755248,1316,trained,True,128
CID24775005,1317,trained,True,128
CID176870,1318,trained,True,128
CID176871,1319,trained,True,128
CID10286159,1320,trained,True,128
CID222285,1321,trained,True,128
CID146571,1322,trained,True,128
CID5281417,1323,trained,True,128
CID104769,1324,trained,True,128
CID23674541,1325,trained,True,128
CID5757,1326,trained,True,128
CID13791,1327,trained,True,128
CID5756,1328,trained,True,128
CID5870,1329,trained,True,128
CID165457,1330,missing_zero,False,128
CID14052,1331,trained,True,128
CID14051,1332,trained,True,128
CID5991,1333,trained,True,128
CID5991,1334,trained,True,128
CID2761171,1335,trained,True,128
CID3291,1336,trained,True,128
CID66144,1337,trained,True,128
CID3308,1338,trained,True,128
CID65777,1339,trained,True,128
CID667484,1340,trained,True,128
CID6917715,1341,trained,True,128
CID36462,1342,trained,True,128
CID6442177,1343,trained,True,128
CID71479709,1344,missing_zero,False,128
CID442088,1345,trained,True,128
CID11984561,1346,trained,True,128
CID151115,1347,missing_zero,False,128
CID60198,1348,trained,True,128
CID5310939,1349,missing_zero,False,128
CID150311,1350,trained,True,128
CID9894653,1351,trained,True,128
CID25109292,1352,missing_zero,False,128
CID163751,1353,trained,True,128
CID4068248,1354,missing_zero,False,128
CID6914666,1355,trained,True,128
CID11256664,1356,trained,True,128
CID118036971,1357,missing_zero,False,128
CID107969,1358,trained,True,128
CID5282407,1359,trained,True,128
CID56965963,1360,trained,True,128
CID42642645,1361,trained,True,128
CID11671467,1362,trained,True,128
CID162204,1363,trained,True,128
CID71557891,1364,missing_zero,False,128
CID68060125,1365,trained,True,128
CID70934541,1366,missing_zero,False,128
CID5386,1367,trained,True,128
CID3324,1368,missing_zero,False,128
CID5702160,1369,trained,True,128
CID3326,1370,missing_zero,False,128
CID73293,1371,missing_zero,False,128
CID54706679,1372,trained,True,128
CID163751,1373,trained,True,128
CID492405,1374,trained,True,128
CID47751,1375,trained,True,128
CID3330,1376,trained,True,128
CID63224,1377,trained,True,128
CID134018,1378,trained,True,128
CID3331,1379,trained,True,128
CID3333,1380,trained,True,128
CID3336,1381,trained,True,128
CID135497698,1382,missing_zero,False,128
CID3339,1383,trained,True,128
CID3341,1384,trained,True,128
CID3342,1385,trained,True,128
CID5288209,1386,trained,True,128
CID68626,1387,missing_zero,False,128
CID51755,1388,missing_zero,False,128
CID51754,1389,missing_zero,False,128
CID6918558,1390,trained,True,128
CID9849808,1391,missing_zero,False,128
CID63002,1392,trained,True,128
CID10034073,1393,trained,True,128
CID44224257,1394,trained,True,128
CID49831257,1395,missing_zero,False,128
CID57363,1396,trained,True,128
CID107970,1397,trained,True,128
CID107969,1398,trained,True,128
CID5281614,1399,trained,True,128
CID5287969,1400,trained,True,128
CID9910986,1401,trained,True,128
CID41022,1402,trained,True,128
CID3362,1403,trained,True,128
CID114811,1404,trained,True,128
CID5790,1405,trained,True,128
CID35802,1406,trained,True,128
CID3365,1407,trained,True,128
CID3366,1408,trained,True,128
CID3367,1409,missing_zero,False,128
CID30751,1410,trained,True,128
CID3371,1411,trained,True,128
CID3373,1412,trained,True,128
CID3374,1413,trained,True,128
CID16490,1414,trained,True,128
CID941361,1415,trained,True,128
CID5282407,1416,trained,True,128
CID6215,1417,trained,True,128
CID9642,1418,trained,True,128
CID240767,1419,trained,True,128
CID62857,1420,trained,True,128
CID3372,1421,trained,True,128
CID67356,1422,trained,True,128
CID67356,1423,trained,True,128
CID53276,1424,trained,True,128
CID6435335,1425,trained,True,128
CID3394,1426,trained,True,128
CID3396,1427,trained,True,128
CID3397,1428,trained,True,128
CID444036,1429,trained,True,128
CID1548972,1430,trained,True,128
CID23679527,1431,trained,True,128
CID5324346,1432,trained,True,128
CID72327,1433,trained,True,128
CID644243,1434,missing_zero,False,128
CID3406,1435,trained,True,128
CID11273,1436,trained,True,128
CID9832292,1437,trained,True,128
CID47936,1438,trained,True,128
CID135564864,1439,missing_zero,False,128
CID3415,1440,missing_zero,False,128
CID44561,1441,missing_zero,False,128
CID446987,1442,trained,True,128
CID572,1443,trained,True,128
CID11671467,1444,trained,True,128
CID104799,1445,trained,True,128
CID44480399,1446,missing_zero,False,128
CID104741,1447,trained,True,128
CID9576185,1448,trained,True,128
CID5323714,1449,trained,True,128
CID3440,1450,trained,True,128
CID253078,1451,trained,True,128
CID421610,1452,trained,True,128
CID49843509,1453,missing_zero,False,128
CID24788740,1454,trained,True,128
CID46940575,1455,trained,True,128
CID58204997,1456,missing_zero,False,128
CID73603034,1457,missing_zero,False,128
CID59239165,1458,trained,True,128
CID42642654,1459,missing_zero,False,128
CID25235170,1460,missing_zero,False,128
CID11717001,1461,missing_zero,False,128
CID17755052,1462,trained,True,128
CID25254071,1463,trained,True,128
CID25254071,1464,trained,True,128
CID356653,1465,missing_zero,False,128
CID10294813,1466,missing_zero,False,128
CID9804991,1467,missing_zero,False,128
CID53340771,1468,trained,True,128
CID3099980,1469,missing_zero,False,128
CID148198,1470,missing_zero,False,128
CID70676303,1471,missing_zero,False,128
CID72547959,1472,missing_zero,False,128
CID25207689,1473,trained,True,128
CID46180666,1474,missing_zero,False,128
CID25242324,1475,trained,True,128
CID89730041,1476,missing_zero,False,128
CID66613669,1477,trained,True,128
CID5311510,1478,trained,True,128
CID59397065,1479,missing_zero,False,128
CID11478363,1480,missing_zero,False,128
CID83979,1481,trained,True,128
CID3499,1482,missing_zero,False,128
CID16118392,1483,missing_zero,False,128
CID46241268,1484,missing_zero,False,128
CID5311272,1485,trained,True,128
CID71729974,1486,missing_zero,False,128
CID23630211,1487,trained,True,128
CID23582824,1488,trained,True,128
CID46885626,1489,trained,True,128
CID68210102,1490,missing_zero,False,128
CID24996872,1491,missing_zero,False,128
CID52912222,1492,missing_zero,False,128
CID25113169,1493,missing_zero,False,128
CID25124816,1494,missing_zero,False,128
CID57519543,1495,missing_zero,False,128
CID25167777,1496,missing_zero,False,128
CID25167777,1497,missing_zero,False,128
CID73352604,1498,missing_zero,False,128
CID46214930,1499,trained,True,128
CID46215815,1500,trained,True,128
CID11548023,1501,missing_zero,False,128
CID9827968,1502,trained,True,128
CID68107965,1503,missing_zero,False,128
CID53469448,1504,trained,True,128
CID56949517,1505,missing_zero,False,128
CID53469059,1506,missing_zero,False,128
CID16095342,1507,trained,True,128
CID70983932,1508,trained,True,128
CID71268957,1509,missing_zero,False,128
CID2800647,1510,missing_zero,False,128
CID447905,1511,missing_zero,False,128
CID50905018,1512,missing_zero,False,128
CID11373846,1513,trained,True,128
CID15983966,1514,trained,True,128
CID15983966,1515,trained,True,128
CID86340175,1516,missing_zero,False,128
CID67469117,1517,missing_zero,False,128
CID52934829,1518,missing_zero,False,128
CID67469084,1519,missing_zero,False,128
CID23582824,1520,trained,True,128
CID25022668,1521,missing_zero,False,128
CID57519517,1522,missing_zero,False,128
CID46898058,1523,trained,True,128
CID56963315,1524,missing_zero,False,128
CID73010924,1525,missing_zero,False,128
CID71729975,1526,trained,True,128
CID126843232,1527,missing_zero,False,128
CID121232405,1528,missing_zero,False,128
CID16725726,1529,missing_zero,False,128
CID9934458,1530,missing_zero,False,128
CID6518171,1531,missing_zero,False,128
CID11617559,1532,missing_zero,False,128
CID5034,1533,missing_zero,False,128
CID447905,1534,missing_zero,False,128
CID16078973,1535,missing_zero,False,128
CID9893571,1536,trained,True,128
CID9893571,1537,trained,True,128
CID9943465,1538,trained,True,128
CID6476900,1539,trained,True,128
CID9803963,1540,trained,True,128
CID5924208,1541,missing_zero,False,128
CID446738,1542,missing_zero,False,128
CID3392731,1543,missing_zero,False,128
CID5326956,1544,missing_zero,False,128
CID10202642,1545,trained,True,128
CID10253143,1546,trained,True,128
CID11595431,1547,trained,True,128
CID644213,1548,trained,True,128
CID126758,1549,missing_zero,False,128
CID51038269,1550,missing_zero,False,128
CID3446,1551,trained,True,128
CID6604561,1552,missing_zero,False,128
CID9651,1553,trained,True,128
CID11188409,1554,trained,True,128
CID10090485,1555,trained,True,128
CID135398740,1556,trained,True,128
CID135564985,1557,trained,True,128
CID135564985,1558,trained,True,128
CID44592366,1559,missing_zero,False,128
CID16759177,1560,missing_zero,False,128
CID123631,1561,trained,True,128
CID5288382,1562,trained,True,128
CID60750,1563,trained,True,128
CID60749,1564,trained,True,128
CID3463,1565,trained,True,128
CID442424,1566,trained,True,128
CID107848,1567,trained,True,128
CID443354,1568,trained,True,128
CID5280961,1569,trained,True,128
CID5281377,1570,trained,True,128
CID9855350,1571,missing_zero,False,128
CID3468,1572,trained,True,128
CID53248764,1573,trained,True,128
CID53494972,1574,missing_zero,False,128
CID3033968,1575,trained,True,128
CID49803313,1576,missing_zero,False,128
CID54679224,1577,trained,True,128
CID9909368,1578,trained,True,128
CID11973122,1579,trained,True,128
CID10095659,1580,missing_zero,False,128
CID3085326,1581,trained,True,128
CID3475,1582,trained,True,128
CID3476,1583,trained,True,128
CID3478,1584,trained,True,128
CID91610,1585,trained,True,128
CID3488,1586,trained,True,128
CID14982,1587,trained,True,128
CID3501,1588,missing_zero,False,128
CID25113626,1589,trained,True,128
CID3503,1590,missing_zero,False,128
CID16130140,1591,trained,True,128
CID6890,1592,trained,True,128
CID65264,1593,trained,True,128
CID6918003,1594,trained,True,128
CID441140,1595,trained,True,128
CID3516,1596,missing_zero,False,128
CID38521,1597,trained,True,128
CID65328,1598,missing_zero,False,128
CID3519,1599,trained,True,128
CID5742,1600,trained,True,128
CID135398635,1601,trained,True,128
CID5702541,1602,trained,True,128
CID3549,1603,trained,True,128
CID3037209,1604,missing_zero,False,128
CID2742550,1605,missing_zero,False,128
CID1150897,1606,missing_zero,False,128
CID24779775,1607,trained,True,128
CID59783754,1608,trained,True,128
CID42598643,1609,trained,True,128
CID53302361,1610,trained,True,128
CID135403620,1611,missing_zero,False,128
CID9888590,1612,trained,True,128
CID73265271,1613,trained,True,128
CID68234129,1614,trained,True,128
CID2926768,1615,missing_zero,False,128
CID46216556,1616,missing_zero,False,128
CID91513,1617,trained,True,128
CID5283820,1618,trained,True,128
CID443943,1619,trained,True,128
CID6918178,1620,trained,True,128
CID37393,1621,trained,True,128
CID37392,1622,trained,True,128
CID3559,1623,trained,True,128
CID442514,1624,missing_zero,False,128
CID135421442,1625,trained,True,128
CID72281,1626,trained,True,128
CID10621,1627,trained,True,128
CID192197,1628,trained,True,128
CID285033,1629,trained,True,128
CID68313,1630,missing_zero,False,128
CID3637,1631,trained,True,128
CID9351,1632,trained,True,128
CID3639,1633,trained,True,128
CID5754,1634,trained,True,128
CID44475014,1635,trained,True,128
CID3652,1636,trained,True,128
CID12947,1637,missing_zero,False,128
CID91649,1638,trained,True,128
CID121858,1639,missing_zero,False,128
CID3657,1640,trained,True,128
CID5283820,1641,trained,True,128
CID9929643,1642,trained,True,128
CID52912189,1643,trained,True,128
CID46943432,1644,missing_zero,False,128
CID24821094,1645,trained,True,128
CID9908783,1646,missing_zero,False,128
CID11238147,1647,missing_zero,False,128
CID119081,1648,trained,True,128
CID791637,1649,missing_zero,False,128
CID9887867,1650,missing_zero,False,128
CID9549298,1651,trained,True,128
CID136216943,1652,missing_zero,False,128
CID5081913,1653,trained,True,128
CID25145656,1654,trained,True,128
CID3712,1655,missing_zero,False,128
CID9796068,1656,trained,True,128
CID45375953,1657,trained,True,128
CID11272610,1658,trained,True,128
CID135565181,1659,missing_zero,False,128
CID54685215,1660,trained,True,128
CID521106,1661,trained,True,128
CID50905713,1662,missing_zero,False,128
CID3747,1663,trained,True,128
CID11987888,1664,missing_zero,False,128
CID11983295,1665,missing_zero,False,128
CID6851740,1666,trained,True,128
CID44135961,1667,trained,True,128
CID1362865,1668,trained,True,128
CID16220172,1669,trained,True,128
CID2155128,1670,missing_zero,False,128
CID71601111,1671,trained,True,128
CID44483163,1672,trained,True,128
CID60199242,1673,trained,True,128
CID24821094,1674,trained,True,128
CID3672,1675,trained,True,128
CID178024,1676,trained,True,128
CID6450830,1677,missing_zero,False,128
CID6450830,1678,missing_zero,False,128
CID60753,1679,trained,True,128
CID5281065,1680,trained,True,128
CID5318997,1681,missing_zero,False,128
CID22024915,1682,trained,True,128
CID636362,1683,trained,True,128
CID53358942,1684,missing_zero,False,128
CID3686,1685,trained,True,128
CID11625818,1686,trained,True,128
CID5905,1687,trained,True,128
CID656586,1688,trained,True,128
CID3690,1689,trained,True,128
CID124246,1690,missing_zero,False,128
CID132519,1691,trained,True,128
CID71360,1692,trained,True,128
CID5311181,1693,trained,True,128
CID5291,1694,trained,True,128
CID123596,1695,trained,True,128
CID3696,1696,trained,True,128
CID8228,1697,trained,True,128
CID57469,1698,trained,True,128
CID54678924,1699,missing_zero,False,128
CID9827599,1700,missing_zero,False,128
CID3702,1701,trained,True,128
CID2929,1702,missing_zero,False,128
CID45027820,1703,missing_zero,False,128
CID11519397,1704,trained,True,128
CID10177,1705,missing_zero,False,128
CID216468,1706,missing_zero,False,128
CID3715,1707,trained,True,128
CID25113758,1708,missing_zero,False,128
CID11533060,1709,missing_zero,False,128
CID53235510,1710,missing_zero,False,128
CID6918670,1711,trained,True,128
CID135398641,1712,trained,True,128
CID24788740,1713,trained,True,128
CID3749,1714,trained,True,128
CID1005519,1715,trained,True,128
CID60838,1716,trained,True,128
CID60837,1717,trained,True,128
CID74990,1718,trained,True,128
CID5287541,1719,trained,True,128
CID3752,1720,missing_zero,False,128
CID636375,1721,trained,True,128
CID159968,1722,trained,True,128
CID2900,1723,missing_zero,False,128
CID5321010,1724,trained,True,128
CID638278,1725,missing_zero,False,128
CID3767,1726,trained,True,128
CID3779,1727,trained,True,128
CID12597,1728,trained,True,128
CID6883,1729,trained,True,128
CID5282379,1730,trained,True,128
CID6851740,1731,trained,True,128
CID3784,1732,trained,True,128
CID5311037,1733,trained,True,128
CID53380437,1734,missing_zero,False,128
CID20635522,1735,missing_zero,False,128
CID55283,1736,trained,True,128
CID3045381,1737,trained,True,128
CID3045381,1738,trained,True,128
CID16220172,1739,trained,True,128
CID11201705,1740,missing_zero,False,128
CID6321424,1741,trained,True,128
CID71657455,1742,missing_zero,False,128
CID6445540,1743,trained,True,128
CID25183872,1744,trained,True,128
CID56844015,1745,trained,True,128
CID5311194,1746,trained,True,128
CID6519698,1747,trained,True,128
CID1069686,1748,trained,True,128
CID2809273,1749,trained,True,128
CID11609586,1750,trained,True,128
CID16742063,1751,missing_zero,False,128
CID46911863,1752,missing_zero,False,128
CID54576693,1753,missing_zero,False,128
CID5330790,1754,missing_zero,False,128
CID4908365,1755,trained,True,128
CID57340685,1756,missing_zero,False,128
CID24853505,1757,missing_zero,False,128
CID46907787,1758,trained,True,128
CID124112581,1759,missing_zero,False,128
CID5311339,1760,missing_zero,False,128
CID25021165,1761,trained,True,128
CID46232606,1762,missing_zero,False,128
CID5281929,1763,missing_zero,False,128
CID766949,1764,trained,True,128
CID46173038,1765,trained,True,128
CID66774402,1766,trained,True,128
CID44237094,1767,trained,True,128
CID9913405,1768,trained,True,128
CID10367662,1769,missing_zero,False,128
CID9869779,1770,missing_zero,False,128
CID11317348,1771,trained,True,128
CID53495165,1772,trained,True,128
CID71496742,1773,missing_zero,False,128
CID71481097,1774,missing_zero,False,128
CID86345880,1775,missing_zero,False,128
CID72547474,1776,trained,True,128
CID9549295,1777,trained,True,128
CID151183,1778,trained,True,128
CID11964036,1779,trained,True,128
CID16736978,1780,trained,True,128
CID5278396,1781,trained,True,128
CID15953870,1782,missing_zero,False,128
CID11427553,1783,missing_zero,False,128
CID23116321,1784,missing_zero,False,128
CID23635314,1785,trained,True,128
CID23635314,1786,trained,True,128
CID8582409,1787,missing_zero,False,128
CID5280863,1788,missing_zero,False,128
CID6032,1789,trained,True,128
CID3822,1790,trained,True,128
CID3825,1791,trained,True,128
CID3826,1792,trained,True,128
CID3827,1793,trained,True,128
CID5282408,1794,trained,True,128
CID3830,1795,missing_zero,False,128
CID49831008,1796,trained,True,128
CID5312122,1797,missing_zero,False,128
CID20849066,1798,trained,True,128
CID132449,1799,missing_zero,False,128
CID54680660,1800,missing_zero,False,128
CID10917,1801,trained,True,128
CID5819,1802,trained,True,128
CID216454,1803,missing_zero,False,128
CID9941095,1804,trained,True,128
CID6445533,1805,missing_zero,False,128
CID45101433,1806,missing_zero,False,128
CID57379345,1807,trained,True,128
CID25195294,1808,trained,True,128
CID16760696,1809,trained,True,128
CID9823820,1810,trained,True,128
CID3922,1811,trained,True,128
CID44814409,1812,trained,True,128
CID46926973,1813,trained,True,128
CID11485656,1814,trained,True,128
CID46911017,1815,trained,True,128
CID91623361,1816,trained,True,128
CID11751549,1817,missing_zero,False,128
CID46843906,1818,missing_zero,False,128
CID10029385,1819,missing_zero,False,128
CID11655119,1820,missing_zero,False,128
CID10090485,1821,trained,True,128
CID11570805,1822,missing_zero,False,128
CID11552757,1823,missing_zero,False,128
CID11955855,1824,missing_zero,False,128
CID46832368,1825,missing_zero,False,128
CID46213929,1826,trained,True,128
CID44251605,1827,trained,True,128
CID46220502,1828,trained,True,128
CID46944259,1829,missing_zero,False,128
CID49837968,1830,trained,True,128
CID3973,1831,trained,True,128
CID49848070,1832,trained,True,128
CID71721540,1833,missing_zero,False,128
CID57519748,1834,missing_zero,False,128
CID121408882,1835,missing_zero,False,128
CID447966,1836,trained,True,128
CID10435235,1837,missing_zero,False,128
CID5311217,1838,trained,True,128
CID219078,1839,trained,True,128
CID11333,1840,trained,True,128
CID5282136,1841,trained,True,128
CID60825,1842,trained,True,128
CID3878,1843,trained,True,128
CID3883,1844,trained,True,128
CID208908,1845,trained,True,128
CID51346120,1846,missing_zero,False,128
CID90479327,1847,trained,True,128
CID54677946,1848,missing_zero,False,128
CID9867642,1849,missing_zero,False,128
CID46188928,1850,trained,True,128
CID3899,1851,trained,True,128
CID56944144,1852,missing_zero,False,128
CID216326,1853,trained,True,128
CID9823820,1854,trained,True,128
CID6917907,1855,missing_zero,False,128
CID126565,1856,missing_zero,False,128
CID3902,1857,trained,True,128
CID26879,1858,trained,True,128
CID5284583,1859,trained,True,128
CID60656,1860,trained,True,128
CID149096,1861,trained,True,128
CID13109,1862,trained,True,128
CID3033825,1863,trained,True,128
CID688272,1864,missing_zero,False,128
CID11351021,1865,trained,True,128
,1866,missing_zero,False,128
CID60652,1867,missing_zero,False,128
CID133021,1868,trained,True,128
CID3676,1869,trained,True,128
CID3926,1870,trained,True,128
CID5712,1871,missing_zero,False,128
CID179651,1872,missing_zero,False,128
CID10096344,1873,trained,True,128
CID441401,1874,trained,True,128
CID11485656,1875,trained,True,128
CID3932,1876,trained,True,128
CID11640390,1877,trained,True,128
CID5920,1878,trained,True,128
CID23666110,1879,trained,True,128
CID6433118,1880,missing_zero,False,128
CID13520,1881,missing_zero,False,128
CID9903,1882,trained,True,128
CID25167017,1883,missing_zero,False,128
CID3948,1884,trained,True,128
CID68624,1885,trained,True,128
CID68624,1886,trained,True,128
CID3025944,1887,trained,True,128
CID122125,1888,trained,True,128
CID122125,1889,trained,True,128
CID3950,1890,trained,True,128
CID148195,1891,trained,True,128
CID39562,1892,missing_zero,False,128
CID3955,1893,trained,True,128
CID71420,1894,trained,True,128
CID92727,1895,trained,True,128
CID71731823,1896,missing_zero,False,128
CID54690031,1897,trained,True,128
CID444025,1898,trained,True,128
CID53232,1899,trained,True,128
CID71399,1900,trained,True,128
CID157920,1901,trained,True,128
CID10180,1902,trained,True,128
CID3003141,1903,missing_zero,False,128
CID16678941,1904,trained,True,128
CID6437380,1905,trained,True,128
CID135539077,1906,trained,True,128
CID259846,1907,trained,True,128
CID57327016,1908,missing_zero,False,128
CID5280445,1909,trained,True,128
CID89808643,1910,missing_zero,False,128
CID3994,1911,trained,True,128
CID150762,1912,trained,True,128
CID10074640,1913,trained,True,128
CID11381449,1914,trained,True,128
CID3825829,1915,trained,True,128
CID64713,1916,missing_zero,False,128
CID10288191,1917,trained,True,128
CID5284419,1918,trained,True,128
CID1615267,1919,missing_zero,False,128
CID49864204,1920,missing_zero,False,128
CID9868928,1921,missing_zero,False,128
CID462382,1922,missing_zero,False,128
CID24901704,1923,trained,True,128
CID54765302,1924,missing_zero,False,128
CID91667931,1925,missing_zero,False,128
CID117636625,1926,missing_zero,False,128
CID16718576,1927,trained,True,128
CID72699186,1928,missing_zero,False,128
CID11159621,1929,missing_zero,False,128
CID11491176,1930,missing_zero,False,128
CID9803433,1931,trained,True,128
CID24856436,1932,trained,True,128
CID54698642,1933,missing_zero,False,128
CID24964624,1934,trained,True,128
CID46930998,1935,trained,True,128
CID44137946,1936,missing_zero,False,128
CID11326715,1937,missing_zero,False,128
CID25019940,1938,missing_zero,False,128
CID16222379,1939,missing_zero,False,128
CID59691338,1940,trained,True,128
CID10354063,1941,missing_zero,False,128
CID24958200,1942,trained,True,128
CID24748204,1943,trained,True,128
CID23672584,1944,missing_zero,False,128
CID151183,1945,trained,True,128
CID24988881,1946,missing_zero,False,128
CID11520894,1947,trained,True,128
CID11676373,1948,missing_zero,False,128
CID16224745,1949,trained,True,128
CID5327686,1950,missing_zero,False,128
CID59599728,1951,trained,True,128
CID44247466,1952,trained,True,128
CID2950007,1953,missing_zero,False,128
CID1048267,1954,trained,True,128
CID49852229,1955,trained,True,128
CID49849912,1956,trained,True,128
CID49830258,1957,missing_zero,False,128
CID51003603,1958,missing_zero,False,128
CID60167849,1959,missing_zero,False,128
CID44143209,1960,missing_zero,False,128
CID60167648,1961,missing_zero,False,128
CID12387471,1962,missing_zero,False,128
CID70789348,1963,missing_zero,False,128
CID56846691,1964,trained,True,128
CID4216,1965,trained,True,128
CID9929127,1966,trained,True,128
CID25183872,1967,trained,True,128
CID11712649,1968,trained,True,128
CID49867936,1969,trained,True,128
CID50985821,1970,missing_zero,False,128
CID1357397,1971,missing_zero,False,128
CID9865515,1972,missing_zero,False,128
CID4235,1973,trained,True,128
CID16097729,1974,trained,True,128
CID46909588,1975,missing_zero,False,128
CID15953832,1976,missing_zero,False,128
CID16078986,1977,missing_zero,False,128
CID121513855,1978,missing_zero,False,128
CID4075607,1979,missing_zero,False,128
CID72300,1980,trained,True,128
CID4006,1981,trained,True,128
CID15605952,1982,missing_zero,False,128
CID4008,1983,trained,True,128
CID6251,1984,missing_zero,False,128
CID6437368,1985,trained,True,128
CID4011,1986,trained,True,128
CID71478,1987,trained,True,128
CID71478,1988,trained,True,128
CID3002977,1989,trained,True,128
CID60651,1990,trained,True,128
CID119031,1991,trained,True,128
CID11347535,1992,trained,True,128
CID11347535,1993,trained,True,128
CID73659,1994,trained,True,128
CID91668194,1995,missing_zero,False,128
CID24800108,1996,missing_zero,False,128
CID4030,1997,trained,True,128
CID6151,1998,missing_zero,False,128
CID4032,1999,trained,True,128
CID616236,2000,missing_zero,False,128
CID4033,2001,trained,True,128
CID5935,2002,trained,True,128
CID119192,2003,missing_zero,False,128
CID4034,2004,trained,True,128
CID173612,2005,trained,True,128
CID4037,2006,trained,True,128
CID68601,2007,trained,True,128
CID6279,2008,trained,True,128
CID4044,2009,trained,True,128
CID4046,2010,trained,True,128
CID11683,2011,trained,True,128
CID8567,2012,trained,True,128
CID135742497,2013,missing_zero,False,128
CID896,2014,trained,True,128
CID54677470,2015,trained,True,128
CID460612,2016,trained,True,128
CID9927978,2017,trained,True,128
CID4054,2018,trained,True,128
CID181458,2019,trained,True,128
CID4055,2020,trained,True,128
CID6461,2021,trained,True,128
CID4060,2022,trained,True,128
CID71668,2023,missing_zero,False,128
CID5284587,2024,trained,True,128
CID65483,2025,trained,True,128
CID9015,2026,trained,True,128
CID667490,2027,trained,True,128
CID44603533,2028,missing_zero,False,128
CID441130,2029,missing_zero,False,128
CID4075,2030,trained,True,128
CID23662354,2031,trained,True,128
CID6291,2032,trained,True,128
CID15459,2033,trained,True,128
CID4091,2034,trained,True,128
CID4100,2035,trained,True,128
CID14676,2036,trained,True,128
CID4101,2037,missing_zero,False,128
CID4107,2038,trained,True,128
CID126941,2039,trained,True,128
CID4114,2040,trained,True,128
CID71183,2041,missing_zero,False,128
CID4121,2042,trained,True,128
CID38853,2043,trained,True,128
CID6099,2044,trained,True,128
CID4139,2045,trained,True,128
CID8226,2046,trained,True,128
CID6741,2047,trained,True,128
CID11057,2048,trained,True,128
CID6010,2049,trained,True,128
CID667493,2050,missing_zero,False,128
CID4165,2051,missing_zero,False,128
CID4170,2052,trained,True,128
CID441308,2053,trained,True,128
CID4173,2054,trained,True,128
CID441350,2055,trained,True,128
CID64715,2056,missing_zero,False,128
CID21467,2057,missing_zero,False,128
CID23685177,2058,trained,True,128
CID4184,2059,trained,True,128
CID4189,2060,trained,True,128
CID68553,2061,trained,True,128
CID9829523,2062,missing_zero,False,128
CID55245,2063,trained,True,128
CID441314,2064,trained,True,128
CID51634,2065,trained,True,128
CID16718576,2066,trained,True,128
CID163701,2067,missing_zero,False,128
CID4197,2068,trained,True,128
CID54675783,2069,trained,True,128
CID4201,2070,trained,True,128
CID4219798,2071,trained,True,128
CID9865528,2072,trained,True,128
CID53262401,2073,trained,True,128
CID4205,2074,trained,True,128
CID59634741,2075,missing_zero,False,128
CID163659,2076,trained,True,128
CID163659,2077,trained,True,128
CID5478927,2078,missing_zero,False,128
CID5746,2079,trained,True,128
,2080,missing_zero,False,128
CID4211,2081,trained,True,128
CID4212,2082,trained,True,128
CID51082,2083,trained,True,128
CID71600087,2084,missing_zero,False,128
CID65906,2085,missing_zero,False,128
CID9865515,2086,missing_zero,False,128
CID54889,2087,trained,True,128
CID105115,2088,missing_zero,False,128
CID59603622,2089,missing_zero,False,128
CID441336,2090,trained,True,128
CID60810,2091,missing_zero,False,128
CID23667299,2092,missing_zero,False,128
CID7638,2093,trained,True,128
CID23663996,2094,trained,True,128
CID34633,2095,trained,True,128
CID18542136,2096,trained,True,128
CID119584,2097,missing_zero,False,128
CID119583,2098,trained,True,128
CID11667893,2099,missing_zero,False,128
CID16049404,2100,missing_zero,False,128
CID441242,2101,trained,True,128
CID101526,2102,trained,True,128
CID101526,2103,trained,True,128
CID9890250,2104,missing_zero,False,128
CID4810,2105,trained,True,128
CID119369,2106,trained,True,128
CID3025961,2107,trained,True,128
CID25195352,2108,missing_zero,False,128
CID6444692,2109,missing_zero,False,128
CID5281078,2110,trained,True,128
CID446541,2111,trained,True,128
CID5281672,2112,trained,True,128
CID5281673,2113,trained,True,128
CID102175,2114,trained,True,128
CID25136944,2115,trained,True,128
CID45784923,2116,missing_zero,False,128
CID91801204,2117,trained,True,128
CID443593,2118,trained,True,128
CID441328,2119,missing_zero,False,128
CID133053818,2120,missing_zero,False,128
CID73265389,2121,trained,True,128
CID15558393,2122,trained,True,128
CID73265225,2123,missing_zero,False,128
CID13018151,2124,trained,True,128
CID57519541,2125,missing_zero,False,128
CID2331284,2126,missing_zero,False,128
CID73265414,2127,trained,True,128
CID73265311,2128,missing_zero,False,128
CID73265318,2129,trained,True,128
CID16757846,2130,trained,True,128
CID16757877,2131,missing_zero,False,128
CID73265308,2132,missing_zero,False,128
CID73265336,2133,trained,True,128
CID73265279,2134,trained,True,128
CID73265363,2135,trained,True,128
CID73265382,2136,missing_zero,False,128
CID73265184,2137,missing_zero,False,128
CID73265348,2138,missing_zero,False,128
CID57519508,2139,missing_zero,False,128
CID73265206,2140,missing_zero,False,128
CID57519537,2141,missing_zero,False,128
CID5316290,2142,missing_zero,False,128
CID11754200,2143,missing_zero,False,128
CID73265328,2144,missing_zero,False,128
CID73265283,2145,missing_zero,False,128
CID73265351,2146,missing_zero,False,128
CID60060499,2147,trained,True,128
CID73265375,2148,missing_zero,False,128
CID493027,2149,missing_zero,False,128
CID73265360,2150,missing_zero,False,128
CID2723920,2151,trained,True,128
CID5484444,2152,trained,True,128
CID136153010,2153,missing_zero,False,128
CID73265234,2154,missing_zero,False,128
CID73265358,2155,missing_zero,False,128
CID7048968,2156,missing_zero,False,128
CID73265397,2157,trained,True,128
CID73265406,2158,trained,True,128
CID73265221,2159,missing_zero,False,128
CID44341259,2160,trained,True,128
CID46925884,2161,trained,True,128
CID147912,2162,trained,True,128
CID46926062,2163,missing_zero,False,128
CID49852941,2164,missing_zero,False,128
CID11987888,2165,missing_zero,False,128
CID11634725,2166,missing_zero,False,128
CID53316140,2167,trained,True,128
CID46933992,2168,missing_zero,False,128
CID57519509,2169,missing_zero,False,128
CID57519518,2170,missing_zero,False,128
CID57519527,2171,trained,True,128
CID57519555,2172,missing_zero,False,128
CID73265220,2173,missing_zero,False,128
CID70789547,2174,trained,True,128
CID70789547,2175,trained,True,128
CID56832449,2176,missing_zero,False,128
CID46927888,2177,missing_zero,False,128
CID53484170,2178,missing_zero,False,128
CID57519522,2179,missing_zero,False,128
CID57519546,2180,trained,True,128
CID44451493,2181,trained,True,128
CID57519540,2182,missing_zero,False,128
CID57519533,2183,missing_zero,False,128
CID57519535,2184,missing_zero,False,128
CID57519524,2185,missing_zero,False,128
CID57519542,2186,missing_zero,False,128
CID57519526,2187,trained,True,128
CID73265200,2188,missing_zero,False,128
CID73265405,2189,missing_zero,False,128
CID73265209,2190,missing_zero,False,128
CID73265222,2191,missing_zero,False,128
CID73265372,2192,missing_zero,False,128
CID73265293,2193,missing_zero,False,128
CID73265393,2194,missing_zero,False,128
CID73265337,2195,missing_zero,False,128
CID73265228,2196,missing_zero,False,128
CID73265327,2197,trained,True,128
CID73265190,2198,missing_zero,False,128
CID73265297,2199,missing_zero,False,128
CID73265391,2200,missing_zero,False,128
CID73265390,2201,missing_zero,False,128
CID73265310,2202,missing_zero,False,128
CID73265204,2203,missing_zero,False,128
CID73265392,2204,missing_zero,False,128
CID72726,2205,trained,True,128
CID73265301,2206,missing_zero,False,128
CID73265369,2207,missing_zero,False,128
CID73265367,2208,missing_zero,False,128
CID73265332,2209,trained,True,128
CID73265321,2210,missing_zero,False,128
CID131955127,2211,trained,True,128
CID14033269,2212,missing_zero,False,128
CID9196193,2213,missing_zero,False,128
CID118957930,2214,trained,True,128
CID46911228,2215,trained,True,128
CID2828334,2216,trained,True,128
CID9915743,2217,missing_zero,False,128
CID936,2218,trained,True,128
CID44469321,2219,trained,True,128
CID66558287,2220,missing_zero,False,128
CID22880,2221,trained,True,128
CID71607189,2222,missing_zero,False,128
CID71521142,2223,missing_zero,False,128
CID49843531,2224,missing_zero,False,128
CID6918446,2225,trained,True,128
CID158797,2226,trained,True,128
CID451668,2227,trained,True,128
CID36462,2228,trained,True,128
CID409805,2229,missing_zero,False,128
CID91885392,2230,missing_zero,False,128
,2231,missing_zero,False,128
,2232,missing_zero,False,128
CID346721,2233,trained,True,128
CID515328,2234,trained,True,128
CID379077,2235,missing_zero,False,128
CID352500,2236,missing_zero,False,128
CID11354606,2237,trained,True,128
CID54608520,2238,trained,True,128
,2239,missing_zero,False,128
CID398148,2240,trained,True,128
CID4566,2241,missing_zero,False,128
CID11327430,2242,trained,True,128
CID11327430,2243,trained,True,128
CID4096211,2244,missing_zero,False,128
CID9825149,2245,missing_zero,False,128
CID11476171,2246,trained,True,128
CID135539077,2247,trained,True,128
CID25210273,2248,trained,True,128
CID57336745,2249,missing_zero,False,128
CID16747388,2250,trained,True,128
CID46398810,2251,trained,True,128
CID57339395,2252,trained,True,128
CID44206063,2253,missing_zero,False,128
CID53240420,2254,trained,True,128
CID136237316,2255,missing_zero,False,128
CID135418940,2256,trained,True,128
CID117072550,2257,missing_zero,False,128
CID6440181,2258,trained,True,128
CID44424838,2259,missing_zero,False,128
CID5284592,2260,trained,True,128
CID4409,2261,trained,True,128
CID4410,2262,trained,True,128
CID4413,2263,trained,True,128
CID5311180,2264,trained,True,128
CID5311180,2265,trained,True,128
CID23667630,2266,trained,True,128
CID4418,2267,missing_zero,False,128
CID4421,2268,trained,True,128
CID5464092,2269,trained,True,128
CID5360515,2270,trained,True,128
CID5485201,2271,trained,True,128
CID5485201,2272,trained,True,128
CID24840086,2273,missing_zero,False,128
CID92044379,2274,missing_zero,False,128
CID86278937,2275,trained,True,128
CID229455,2276,trained,True,128
CID10331844,2277,missing_zero,False,128
CID11079,2278,trained,True,128
CID156391,2279,trained,True,128
CID23681059,2280,missing_zero,False,128
CID92135932,2281,missing_zero,False,128
CID4440,2282,trained,True,128
CID60875,2283,missing_zero,False,128
CID439246,2284,trained,True,128
CID442428,2285,trained,True,128
CID9894584,2286,missing_zero,False,128
CID5284447,2287,trained,True,128
CID5311309,2288,trained,True,128
CID24978538,2289,trained,True,128
CID24978538,2290,trained,True,128
CID70914230,2291,missing_zero,False,128
CID71301,2292,trained,True,128
CID11288934,2293,missing_zero,False,128
CID44404825,2294,missing_zero,False,128
CID9796440,2295,trained,True,128
CID71157,2296,missing_zero,False,128
CID155290,2297,missing_zero,False,128
CID3011155,2298,trained,True,128
CID442439,2299,trained,True,128
CID151075,2300,trained,True,128
CID9915743,2301,missing_zero,False,128
CID11561383,2302,missing_zero,False,128
CID4463,2303,missing_zero,False,128
CID938,2304,trained,True,128
CID936,2305,trained,True,128
CID4472,2306,trained,True,128
CID4474,2307,trained,True,128
CID41114,2308,trained,True,128
CID4477,2309,trained,True,128
CID47528,2310,trained,True,128
CID11957628,2311,missing_zero,False,128
CID4485,2312,trained,True,128
CID4486,2313,trained,True,128
CID4488,2314,trained,True,128
CID5337997,2315,trained,True,128
CID60602,2316,missing_zero,False,128
CID644241,2317,trained,True,128
CID4493,2318,trained,True,128
CID4494,2319,trained,True,128
CID4495,2320,trained,True,128
CID4497,2321,trained,True,128
CID23009,2322,missing_zero,False,128
CID135423438,2323,trained,True,128
CID24958200,2324,trained,True,128
CID449035,2325,trained,True,128
CID46224413,2326,missing_zero,False,128
CID4499,2327,trained,True,128
CID41684,2328,trained,True,128
CID8798,2329,missing_zero,False,128
CID115355,2330,trained,True,128
CID99474,2331,missing_zero,False,128
CID4507,2332,trained,True,128
CID104858,2333,missing_zero,False,128
CID19910,2334,trained,True,128
CID4513,2335,trained,True,128
CID13387,2336,missing_zero,False,128
CID72344,2337,missing_zero,False,128
CID4122,2338,trained,True,128
CID3047796,2339,trained,True,128
CID3019427,2340,trained,True,128
CID6230,2341,trained,True,128
CID4539,2342,trained,True,128
CID275196,2343,trained,True,128
CID9933439,2344,missing_zero,False,128
CID54675769,2345,trained,True,128
CID23663939,2346,trained,True,128
CID216345,2347,missing_zero,False,128
CID11433190,2348,trained,True,128
CID16681698,2349,missing_zero,False,128
CID11462174,2350,trained,True,128
CID10152654,2351,missing_zero,False,128
CID11689883,2352,trained,True,128
CID6918736,2353,missing_zero,False,128
CID56649281,2354,missing_zero,False,128
CID23642227,2355,missing_zero,False,128
CID25067547,2356,trained,True,128
CID44828492,2357,trained,True,128
CID967,2358,missing_zero,False,128
CID71664305,2359,trained,True,128
CID10317566,2360,trained,True,128
CID9811611,2361,missing_zero,False,128
CID11640390,2362,trained,True,128
CID9868037,2363,trained,True,128
CID10027278,2364,trained,True,128
CID10027278,2365,trained,True,128
CID118986645,2366,trained,True,128
CID89675898,2367,missing_zero,False,128
CID135398499,2368,missing_zero,False,128
CID54675779,2369,trained,True,128
CID11404337,2370,trained,True,128
CID22571,2371,trained,True,128
CID102484,2372,trained,True,128
CID448601,2373,trained,True,128
CID4583,2374,trained,True,128
CID100094,2375,missing_zero,False,128
CID135398745,2376,trained,True,128
CID23725625,2377,trained,True,128
CID52947716,2378,trained,True,128
CID158781,2379,trained,True,128
CID130881,2380,trained,True,128
CID4593,2381,missing_zero,False,128
CID135413505,2382,missing_zero,False,128
CID285033,2383,trained,True,128
CID71811910,2384,missing_zero,False,128
CID6918405,2385,missing_zero,False,128
CID4594,2386,trained,True,128
CID6419718,2387,missing_zero,False,128
CID68647,2388,trained,True,128
CID5329099,2389,trained,True,128
CID11740218,2390,trained,True,128
CID5321010,2391,trained,True,128
CID3034010,2392,trained,True,128
CID28061,2393,trained,True,128
CID83823,2394,trained,True,128
CID9796590,2395,missing_zero,False,128
CID219077,2396,missing_zero,False,128
CID65028,2397,trained,True,128
CID449381,2398,missing_zero,False,128
CID78000,2399,trained,True,128
CID71496458,2400,trained,True,128
CID78357807,2401,trained,True,128
CID3036505,2402,trained,True,128
CID10228,2403,trained,True,128
CID10228,2404,trained,True,128
CID10052040,2405,missing_zero,False,128
CID2723920,2406,trained,True,128
CID72092,2407,trained,True,128
CID9887053,2408,trained,True,128
CID5353852,2409,missing_zero,False,128
CID5878,2410,trained,True,128
CID4614,2411,trained,True,128
CID34312,2412,trained,True,128
CID9936727,2413,missing_zero,False,128
CID4621,2414,trained,True,128
CID40854,2415,trained,True,128
CID4622,2416,missing_zero,False,128
CID6420040,2417,trained,True,128
CID4634,2418,trained,True,128
CID91505,2419,trained,True,128
CID24864132,2420,missing_zero,False,128
CID4636,2421,trained,True,128
CID66259,2422,trained,True,128
CID66259,2423,trained,True,128
CID5281034,2424,trained,True,128
CID4641,2425,trained,True,128
CID5748,2426,trained,True,128
CID54675779,2427,trained,True,128
CID5282440,2428,missing_zero,False,128
CID6438130,2429,trained,True,128
CID6438130,2430,trained,True,128
CID52938427,2431,missing_zero,False,128
CID56682557,2432,missing_zero,False,128
CID46931953,2433,missing_zero,False,128
CID23643975,2434,trained,True,128
CID2819993,2435,trained,True,128
CID456199,2436,trained,True,128
CID135421197,2437,trained,True,128
CID46216796,2438,missing_zero,False,128
CID11431660,2439,missing_zero,False,128
CID11998575,2440,missing_zero,False,128
CID10474335,2441,missing_zero,False,128
CID11749858,2442,missing_zero,False,128
CID24753719,2443,trained,True,128
CID9849040,2444,trained,True,128
CID9826528,2445,trained,True,128
CID5311345,2446,trained,True,128
CID115107,2447,trained,True,128
CID11957668,2448,trained,True,128
CID9839500,2449,missing_zero,False,128
CID5311382,2450,missing_zero,False,128
CID9887870,2451,missing_zero,False,128
CID4708,2452,trained,True,128
CID1401,2453,trained,True,128
CID447077,2454,trained,True,128
CID6918454,2455,missing_zero,False,128
CID9956637,2456,missing_zero,False,128
CID10231331,2457,trained,True,128
CID9826528,2458,trained,True,128
CID4713,2459,trained,True,128
CID117951478,2460,missing_zero,False,128
CID49766501,2461,missing_zero,False,128
CID6445562,2462,missing_zero,False,128
CID57519531,2463,missing_zero,False,128
CID51346455,2464,missing_zero,False,128
CID17754438,2465,trained,True,128
CID25114442,2466,missing_zero,False,128
CID24771824,2467,missing_zero,False,128
CID25033539,2468,trained,True,128
CID53356806,2469,trained,True,128
CID44195571,2470,trained,True,128
CID46866705,2471,missing_zero,False,128
CID44516953,2472,trained,True,128
CID44516953,2473,trained,True,128
CID71571306,2474,missing_zero,False,128
CID118572065,2475,missing_zero,False,128
CID11511120,2476,trained,True,128
CID25227462,2477,trained,True,128
CID25154867,2478,missing_zero,False,128
CID11598628,2479,trained,True,128
CID51371303,2480,trained,True,128
CID135565545,2481,trained,True,128
CID51033720,2482,missing_zero,False,128
CID56956240,2483,trained,True,128
CID66577038,2484,missing_zero,False,128
CID11713159,2485,missing_zero,False,128
CID11612883,2486,trained,True,128
CID119081417,2487,missing_zero,False,128
CID71271629,2488,missing_zero,False,128
CID78243717,2489,missing_zero,False,128
CID22049997,2490,trained,True,128
CID22291652,2491,missing_zero,False,128
CID10461815,2492,trained,True,128
CID11249084,2493,trained,True,128
CID9902100,2494,trained,True,128
CID11715767,2495,missing_zero,False,128
CID46191454,2496,missing_zero,False,128
CID44240850,2497,missing_zero,False,128
CID327653,2498,missing_zero,False,128
CID53245636,2499,trained,True,128
CID24905149,2500,trained,True,128
CID9825070,2501,trained,True,128
CID135398491,2502,trained,True,128
CID6852167,2503,missing_zero,False,128
CID44187362,2504,trained,True,128
CID4858,2505,trained,True,128
CID1345,2506,missing_zero,False,128
CID44187953,2507,missing_zero,False,128
CID225362,2508,missing_zero,False,128
CID24180719,2509,trained,True,128
CID90116945,2510,missing_zero,False,128
CID311434,2511,trained,True,128
CID11243536,2512,missing_zero,False,128
CID60119583,2513,trained,True,128
CID24826799,2514,trained,True,128
CID1400,2515,trained,True,128
CID24905142,2516,trained,True,128
CID4878,2517,missing_zero,False,128
CID135565635,2518,trained,True,128
CID9549305,2519,trained,True,128
CID2817763,2520,missing_zero,False,128
CID49855250,2521,trained,True,128
CID11493841,2522,missing_zero,False,128
CID44462758,2523,missing_zero,False,128
CID56948527,2524,missing_zero,False,128
CID9949093,2525,missing_zero,False,128
CID11219835,2526,trained,True,128
CID71660551,2527,missing_zero,False,128
CID5335621,2528,trained,True,128
CID36314,2529,trained,True,128
CID46216796,2530,missing_zero,False,128
CID442534,2531,trained,True,128
CID11092,2532,trained,True,128
CID5330286,2533,trained,True,128
CID73442,2534,trained,True,128
CID6337614,2535,trained,True,128
CID4674,2536,trained,True,128
CID27350,2537,missing_zero,False,128
CID27350,2538,missing_zero,False,128
CID6918837,2539,trained,True,128
CID4679,2540,trained,True,128
CID6613,2541,trained,True,128
CID26596,2542,trained,True,128
CID4688,2543,trained,True,128
CID165580,2544,trained,True,128
CID43815,2545,trained,True,128
CID62878,2546,trained,True,128
CID6473881,2547,missing_zero,False,128
CID16367,2548,trained,True,128
CID25027363,2549,trained,True,128
CID448013,2550,trained,True,128
CID10113978,2551,trained,True,128
CID11525740,2552,trained,True,128
CID764764,2553,missing_zero,False,128
CID57928403,2554,missing_zero,False,128
CID51081,2555,trained,True,128
CID119525,2556,trained,True,128
CID6445562,2557,missing_zero,False,128
CID135410875,2558,trained,True,128
CID135398748,2559,trained,True,128
CID23668834,2560,missing_zero,False,128
CID9853654,2561,trained,True,128
CID4735,2562,trained,True,128
CID8813,2563,trained,True,128
CID5849,2564,trained,True,128
CID439693,2565,trained,True,128
CID5478883,2566,trained,True,128
CID154234,2567,trained,True,128
CID47812,2568,trained,True,128
CID4746,2569,trained,True,128
CID148177,2570,trained,True,128
CID16720766,2571,missing_zero,False,128
CID25151352,2572,missing_zero,False,128
CID24765037,2573,missing_zero,False,128
CID13266,2574,trained,True,128
CID4760,2575,trained,True,128
CID5282139,2576,trained,True,128
CID7108,2577,trained,True,128
CID5284441,2578,trained,True,128
CID54680692,2579,trained,True,128
CID6839,2580,trained,True,128
CID91430,2581,trained,True,128
CID4781,2582,trained,True,128
CID5284443,2583,trained,True,128
CID1775,2584,trained,True,128
CID657302,2585,trained,True,128
CID4788,2586,missing_zero,False,128
CID6072,2587,missing_zero,False,128
CID8574,2588,trained,True,128
CID177336,2589,trained,True,128
CID177335,2590,trained,True,128
CID667639,2591,trained,True,128
CID72435,2592,missing_zero,False,128
CID17755052,2593,trained,True,128
CID65944,2594,trained,True,128
CID56599306,2595,missing_zero,False,128
CID5909,2596,trained,True,128
CID2765355,2597,missing_zero,False,128
CID6509979,2598,trained,True,128
CID4823,2599,missing_zero,False,128
CID55329,2600,trained,True,128
,2601,missing_zero,False,128
CID4829,2602,trained,True,128
CID60560,2603,trained,True,128
CID60560,2604,trained,True,128
CID19675,2605,missing_zero,False,128
CID23666879,2606,trained,True,128
CID122262,2607,trained,True,128
CID120181,2608,trained,True,128
CID638024,2609,trained,True,128
CID4842,2610,trained,True,128
CID4843,2611,missing_zero,False,128
CID11296583,2612,trained,True,128
CID40632,2613,trained,True,128
CID4855,2614,trained,True,128
CID54676228,2615,trained,True,128
CID5282451,2616,trained,True,128
CID27400,2617,missing_zero,False,128
CID168993,2618,trained,True,128
CID65015,2619,trained,True,128
CID65015,2620,trained,True,128
CID163659,2621,trained,True,128
CID9949641,2622,trained,True,128
CID12003241,2623,missing_zero,False,128
CID4784,2624,missing_zero,False,128
CID10607,2625,trained,True,128
CID10607,2626,trained,True,128
CID5281718,2627,trained,True,128
CID134780,2628,trained,True,128
CID24826799,2629,trained,True,128
CID13116,2630,missing_zero,False,128
CID468595,2631,trained,True,128
CID23671691,2632,trained,True,128
CID4875,2633,trained,True,128
CID25127713,2634,missing_zero,False,128
CID4881,2635,trained,True,128
CID49855250,2636,trained,True,128
CID53387035,2637,trained,True,128
CID148121,2638,trained,True,128
CID153270,2639,trained,True,128
CID119570,2640,trained,True,128
CID51712,2641,trained,True,128
CID73957,2642,trained,True,128
CID4887,2643,trained,True,128
CID11979774,2644,missing_zero,False,128
CID4888,2645,trained,True,128
CID56463,2646,missing_zero,False,128
CID16759173,2647,missing_zero,False,128
CID4891,2648,trained,True,128
CID4893,2649,trained,True,128
CID68546,2650,trained,True,128
CID5755,2651,trained,True,128
CID5834,2652,trained,True,128
CID5865,2653,trained,True,128
CID5486971,2654,trained,True,128
CID8955,2655,trained,True,128
CID46700756,2656,missing_zero,False,128
CID165542,2657,trained,True,128
CID4908,2658,trained,True,128
CID6135,2659,missing_zero,False,128
CID4909,2660,trained,True,128
CID656954,2661,trained,True,128
CID65341,2662,trained,True,128
CID4911,2663,trained,True,128
CID4912,2664,trained,True,128
CID5795,2665,trained,True,128
CID4915,2666,trained,True,128
CID9703,2667,trained,True,128
CID4917,2668,trained,True,128
CID5281032,2669,trained,True,128
CID207841,2670,trained,True,128
CID5994,2671,trained,True,128
CID4922,2672,missing_zero,False,128
CID6178111,2673,trained,True,128
CID36708,2674,trained,True,128
CID36708,2675,trained,True,128
CID4935,2676,trained,True,128
CID517321,2677,trained,True,128
CID657298,2678,trained,True,128
CID5284613,2679,missing_zero,False,128
CID5280360,2680,trained,True,128
CID666418,2681,missing_zero,False,128
CID3052762,2682,trained,True,128
CID9870009,2683,trained,True,128
CID5281807,2684,trained,True,128
CID5284329,2685,missing_zero,False,128
CID456214,2686,trained,True,128
CID448991,2687,missing_zero,False,128
CID5281033,2688,missing_zero,False,128
CID1046,2689,trained,True,128
CID1047,2690,trained,True,128
CID25227847,2691,missing_zero,False,128
CID7550,2692,trained,True,128
CID6019,2693,trained,True,128
CID4993,2694,trained,True,128
CID107771,2695,missing_zero,False,128
CID4996,2696,trained,True,128
CID12314839,2697,missing_zero,False,128
CID71748056,2698,missing_zero,False,128
CID11538455,2699,missing_zero,False,128
CID24889392,2700,trained,True,128
CID5280343,2701,trained,True,128
CID5284452,2702,missing_zero,False,128
CID5281025,2703,trained,True,128
CID237,2704,trained,True,128
CID2725002,2705,trained,True,128
CID6239,2706,trained,True,128
CID54891,2707,missing_zero,False,128
CID441074,2708,trained,True,128
CID3034034,2709,trained,True,128
CID11538455,2710,missing_zero,False,128
CID24889392,2711,trained,True,128
CID11984591,2712,trained,True,128
CID11213558,2713,missing_zero,False,128
CID6918852,2714,trained,True,128
CID11656518,2715,trained,True,128
CID71279,2716,missing_zero,False,128
CID11167602,2717,trained,True,128
CID344265,2718,trained,True,128
CID56654642,2719,trained,True,128
CID11285001,2720,missing_zero,False,128
CID56650312,2721,trained,True,128
CID122108,2722,trained,True,128
CID23696523,2723,trained,True,128
CID374536,2724,trained,True,128
CID60138149,2725,trained,True,128
CID136240579,2726,trained,True,128
CID49867930,2727,missing_zero,False,128
CID57519505,2728,missing_zero,False,128
CID11548630,2729,missing_zero,False,128
CID24883277,2730,missing_zero,False,128
CID53340666,2731,missing_zero,False,128
CID196968,2732,trained,True,128
CID89084603,2733,missing_zero,False,128
CID11242315,2734,missing_zero,False,128
CID11619093,2735,missing_zero,False,128
CID107751,2736,missing_zero,False,128
CID14010333,2737,trained,True,128
CID23654923,2738,missing_zero,False,128
CID11539025,2739,missing_zero,False,128
CID5035,2740,trained,True,128
CID54900,2741,trained,True,128
CID54671008,2742,trained,True,128
CID135400182,2743,trained,True,128
CID208902,2744,trained,True,128
CID5362129,2745,trained,True,128
CID3001055,2746,trained,True,128
CID56959,2747,trained,True,128
CID5042,2748,trained,True,128
CID73110,2749,missing_zero,False,128
CID127150,2750,trained,True,128
CID44182295,2751,missing_zero,False,128
CID11167602,2752,trained,True,128
CID10348973,2753,missing_zero,False,128
CID65981,2754,trained,True,128
CID449054,2755,trained,True,128
CID11703255,2756,missing_zero,False,128
CID5770,2757,trained,True,128
CID159603,2758,missing_zero,False,128
CID135430323,2759,missing_zero,False,128
CID11609955,2760,trained,True,128
CID445154,2761,trained,True,128
CID6918462,2762,trained,True,128
CID11685945,2763,missing_zero,False,128
CID210332,2764,trained,True,128
CID10168,2765,missing_zero,False,128
CID10639,2766,missing_zero,False,128
CID37542,2767,trained,True,128
CID6912,2768,trained,True,128
CID44631912,2769,trained,True,128
CID44631912,2770,trained,True,128
CID11520894,2771,trained,True,128
CID135415564,2772,trained,True,128
CID135398735,2773,trained,True,128
CID135398735,2774,trained,True,128
CID135403821,2775,trained,True,128
CID135403821,2776,trained,True,128
CID6436173,2777,trained,True,128
CID73265218,2778,missing_zero,False,128
CID68712,2779,missing_zero,False,128
CID6451164,2780,trained,True,128
CID5070,2781,trained,True,128
CID5071,2782,trained,True,128
CID104850,2783,trained,True,128
CID11304743,2784,trained,True,128
CID9863672,2785,missing_zero,False,128
CID4194514,2786,trained,True,128
CID5073,2787,trained,True,128
,2788,missing_zero,False,128
CID3040551,2789,trained,True,128
CID392622,2790,trained,True,128
CID9875401,2791,trained,True,128
CID77991,2792,trained,True,128
CID6918078,2793,trained,True,128
CID24887371,2794,missing_zero,False,128
CID9952923,2795,missing_zero,False,128
CID25109985,2796,trained,True,128
CID441351,2797,trained,True,128
CID5090,2798,trained,True,128
CID449193,2799,trained,True,128
CID5092,2800,trained,True,128
CID5352062,2801,trained,True,128
CID73461,2802,trained,True,128
CID71494949,2803,missing_zero,False,128
CID5094,2804,missing_zero,False,128
CID68727,2805,trained,True,128
CID32343,2806,missing_zero,False,128
CID77999,2807,trained,True,128
CID5282455,2808,trained,True,128
CID6758,2809,trained,True,128
CID5417,2810,trained,True,128
CID56704,2811,trained,True,128
CID6915744,2812,trained,True,128
CID11577725,2813,missing_zero,False,128
CID9931954,2814,trained,True,128
CID9931953,2815,trained,True,128
CID129228,2816,trained,True,128
CID6440352,2817,missing_zero,False,128
CID65752,2818,trained,True,128
CID25126798,2819,trained,True,128
CID158758,2820,trained,True,128
CID59437537,2821,missing_zero,False,128
CID50878566,2822,missing_zero,False,128
CID76044,2823,trained,True,128
CID252682,2824,missing_zero,False,128
CID122197581,2825,trained,True,128
CID10158562,2826,missing_zero,False,128
CID6878030,2827,trained,True,128
CID1367095,2828,missing_zero,False,128
CID71295845,2829,trained,True,128
CID67081200,2830,missing_zero,False,128
CID49867926,2831,missing_zero,False,128
CID72709209,2832,missing_zero,False,128
CID10302451,2833,trained,True,128
CID16739650,2834,missing_zero,False,128
CID46216796,2835,missing_zero,False,128
CID5169,2836,trained,True,128
CID5169,2837,trained,True,128
CID176155,2838,trained,True,128
CID5163,2839,missing_zero,False,128
CID176158,2840,trained,True,128
CID443390,2841,trained,True,128
CID9841667,2842,missing_zero,False,128
CID11957684,2843,trained,True,128
CID5312149,2844,trained,True,128
CID4331799,2845,missing_zero,False,128
CID4210951,2846,missing_zero,False,128
CID4521392,2847,missing_zero,False,128
CID9858940,2848,trained,True,128
CID9967941,2849,trained,True,128
CID135564599,2850,missing_zero,False,128
CID10047612,2851,trained,True,128
CID9910486,2852,trained,True,128
CID11256720,2853,missing_zero,False,128
CID9936388,2854,trained,True,128
CID11393719,2855,missing_zero,False,128
CID24866313,2856,trained,True,128
CID11717074,2857,missing_zero,False,128
CID46239015,2858,trained,True,128
CID59669121,2859,trained,True,128
CID22570509,2860,missing_zero,False,128
CID9938203,2861,missing_zero,False,128
CID58221879,2862,missing_zero,False,128
CID73265276,2863,missing_zero,False,128
CID121277860,2864,missing_zero,False,128
CID57519523,2865,trained,True,128
CID73265219,2866,trained,True,128
CID135440386,2867,missing_zero,False,128
CID73265224,2868,missing_zero,False,128
CID11963194,2869,trained,True,128
CID45279469,2870,trained,True,128
CID11717641,2871,missing_zero,False,128
CID22508903,2872,missing_zero,False,128
CID53348204,2873,trained,True,128
CID57441923,2874,trained,True,128
CID24822275,2875,trained,True,128
CID25226117,2876,missing_zero,False,128
CID69923936,2877,missing_zero,False,128
CID22833280,2878,missing_zero,False,128
CID53396328,2879,missing_zero,False,128
CID44195701,2880,missing_zero,False,128
CID174277,2881,trained,True,128
CID10127622,2882,trained,True,128
CID9843750,2883,missing_zero,False,128
CID5329098,2884,trained,True,128
CID44180156,2885,missing_zero,False,128
CID56962337,2886,trained,True,128
CID72201027,2887,missing_zero,False,128
CID24858111,2888,trained,True,128
CID24795070,2889,trained,True,128
CID46870258,2890,missing_zero,False,128
CID24779724,2891,trained,True,128
CID118238298,2892,missing_zero,False,128
CID1317464,2893,missing_zero,False,128
CID393111,2894,missing_zero,False,128
CID6917797,2895,trained,True,128
CID24906275,2896,missing_zero,False,128
CID17756618,2897,missing_zero,False,128
CID1361334,2898,trained,True,128
CID3025986,2899,trained,True,128
CID3025986,2900,trained,True,128
CID24995524,2901,trained,True,128
CID24995523,2902,missing_zero,False,128
CID24772860,2903,missing_zero,False,128
CID44195571,2904,trained,True,128
CID16218900,2905,trained,True,128
CID2724368,2906,missing_zero,False,128
CID8515,2907,trained,True,128
CID6710614,2908,trained,True,128
CID60196195,2909,missing_zero,False,128
CID57519510,2910,missing_zero,False,128
CID129426,2911,missing_zero,False,128
CID57394021,2912,missing_zero,False,128
CID76073169,2913,missing_zero,False,128
CID2797577,2914,trained,True,128
CID24180125,2915,trained,True,128
CID46245047,2916,missing_zero,False,128
CID68853159,2917,missing_zero,False,128
CID9954540,2918,missing_zero,False,128
CID9872438,2919,missing_zero,False,128
CID18283,2920,trained,True,128
CID46199207,2921,missing_zero,False,128
CID729483,2922,missing_zero,False,128
CID20916937,2923,trained,True,128
CID704473,2924,trained,True,128
CID3038502,2925,missing_zero,False,128
CID439503,2926,trained,True,128
CID159278,2927,missing_zero,False,128
CID3085092,2928,missing_zero,False,128
CID5469318,2929,missing_zero,False,128
CID5717801,2930,missing_zero,False,128
CID11488320,2931,trained,True,128
CID60934,2932,missing_zero,False,128
CID10302451,2933,trained,True,128
CID56208,2934,missing_zero,False,128
CID56207,2935,trained,True,128
CID56207,2936,trained,True,128
CID5160,2937,trained,True,128
CID5161,2938,trained,True,128
CID11243969,2939,trained,True,128
CID163263,2940,trained,True,128
CID929262,2941,trained,True,128
CID1274465,2942,missing_zero,False,128
CID24720972,2943,trained,True,128
CID5186,2944,trained,True,128
CID71815,2945,trained,True,128
CID65373,2946,missing_zero,False,128
CID26757,2947,trained,True,128
CID26758,2948,trained,True,128
CID160355,2949,trained,True,128
CID10127622,2950,trained,True,128
CID5288149,2951,missing_zero,False,128
CID10126189,2952,missing_zero,False,128
CID11178236,2953,missing_zero,False,128
CID70798655,2954,missing_zero,False,128
CID2449,2955,missing_zero,False,128
CID160436,2956,missing_zero,False,128
CID200103,2957,trained,True,128
CID68617,2958,trained,True,128
CID63009,2959,trained,True,128
CID63009,2960,trained,True,128
CID72307,2961,missing_zero,False,128
CID8742,2962,missing_zero,False,128
CID479503,2963,missing_zero,False,128
CID135398744,2964,trained,True,128
CID135413523,2965,trained,True,128
CID31553,2966,trained,True,128
CID24748573,2967,missing_zero,False,128
CID441244,2968,missing_zero,False,128
CID135564531,2969,missing_zero,False,128
CID54454,2970,trained,True,128
CID5459308,2971,missing_zero,False,128
CID60803,2972,missing_zero,False,128
CID44599207,2973,missing_zero,False,128
CID5284616,2974,trained,True,128
CID2827646,2975,missing_zero,False,128
CID461399,2976,trained,True,128
CID4369359,2977,trained,True,128
CID11591741,2978,trained,True,128
CID11477084,2979,trained,True,128
CID107706,2980,missing_zero,False,128
CID753704,2981,trained,True,128
CID23667548,2982,trained,True,128
CID27503,2983,trained,True,128
CID23711819,2984,missing_zero,False,128
CID517546,2985,missing_zero,False,128
CID23668193,2986,trained,True,128
CID6604165,2987,trained,True,128
CID68654,2988,trained,True,128
CID16760658,2989,trained,True,128
CID45375808,2990,trained,True,128
CID5477212,2991,missing_zero,False,128
CID44603362,2992,missing_zero,False,128
CID216457,2993,missing_zero,False,128
CID24775005,2994,trained,True,128
CID115269,2995,missing_zero,False,128
CID216239,2996,trained,True,128
CID406563,2997,trained,True,128
CID5780,2998,trained,True,128
CID5253,2999,trained,True,128
CID10296883,3000,missing_zero,False,128
CID60464,3001,trained,True,128
CID5289394,3002,trained,True,128
CID5833,3003,trained,True,128
CID25249,3004,trained,True,128
CID2779853,3005,missing_zero,False,128
CID46245328,3006,missing_zero,False,128
CID44259,3007,trained,True,128
CID176517025,3008,missing_zero,False,128
CID19648,3009,trained,True,128
CID29327,3010,trained,True,128
CID6918182,3011,missing_zero,False,128
CID22475,3012,trained,True,128
CID656867,3013,trained,True,128
CID71485,3014,trained,True,128
CID3038517,3015,trained,True,128
CID130313,3016,trained,True,128
CID23663973,3017,trained,True,128
CID65495,3018,trained,True,128
CID6419954,3019,trained,True,128
CID5215,3020,trained,True,128
CID17134,3021,trained,True,128
CID5324,3022,missing_zero,False,128
CID5325,3023,trained,True,128
CID5326,3024,trained,True,128
CID5327,3025,trained,True,128
CID5328,3026,missing_zero,False,128
CID5329,3027,trained,True,128
CID5330,3028,trained,True,128
CID5333,3029,trained,True,128
CID5335,3030,trained,True,128
CID5336,3031,trained,True,128
CID5339,3032,trained,True,128
CID1548887,3033,trained,True,128
CID5355,3034,trained,True,128
CID9818479,3035,trained,True,128
CID9818478,3036,trained,True,128
CID5358,3037,trained,True,128
CID59772,3038,trained,True,128
CID5329102,3039,trained,True,128
CID6456015,3040,trained,True,128
CID71774,3041,missing_zero,False,128
CID71773,3042,trained,True,128
CID5359,3043,trained,True,128
CID5361,3044,trained,True,128
CID8514,3045,missing_zero,False,128
CID672296,3046,trained,True,128
CID7172,3047,trained,True,128
CID42609626,3048,missing_zero,False,128
CID447912,3049,trained,True,128
CID91691130,3050,missing_zero,False,128
CID9934347,3051,missing_zero,False,128
CID16038120,3052,trained,True,128
CID16038120,3053,trained,True,128
CID11620908,3054,trained,True,128
CID45375887,3055,missing_zero,False,128
CID24767976,3056,missing_zero,False,128
CID46209401,3057,missing_zero,False,128
CID9883029,3058,trained,True,128
CID9952773,3059,missing_zero,False,128
CID24963252,3060,trained,True,128
CID24857286,3061,trained,True,128
CID16124208,3062,missing_zero,False,128
CID3038522,3063,trained,True,128
CID67501411,3064,missing_zero,False,128
CID439533,3065,trained,True,128
CID73774610,3066,missing_zero,False,128
CID3010818,3067,trained,True,128
CID1013376,3068,missing_zero,False,128
CID10427712,3069,trained,True,128
CID17751063,3070,missing_zero,False,128
CID16722832,3071,missing_zero,False,128
CID16722836,3072,trained,True,128
CID9907093,3073,missing_zero,False,128
CID73602827,3074,trained,True,128
CID78357763,3075,missing_zero,False,128
CID118025540,3076,missing_zero,False,128
CID336423,3077,missing_zero,False,128
CID73777259,3078,trained,True,128
CID23625762,3079,trained,True,128
CID9911830,3080,missing_zero,False,128
CID10174505,3081,missing_zero,False,128
CID49836027,3082,trained,True,128
CID51358113,3083,trained,True,128
CID15547703,3084,trained,True,128
CID66598080,3085,missing_zero,False,128
CID9903786,3086,trained,True,128
CID135565923,3087,missing_zero,False,128
CID11707110,3088,trained,True,128
CID444732,3089,trained,True,128
CID66064,3090,trained,True,128
CID129010078,3091,trained,True,128
CID76971721,3092,trained,True,128
CID5289501,3093,trained,True,128
CID11455910,3094,missing_zero,False,128
CID9549289,3095,missing_zero,False,128
CID5614,3096,missing_zero,False,128
CID2049,3097,missing_zero,False,128
CID135419190,3098,trained,True,128
CID1935,3099,trained,True,128
CID2723754,3100,trained,True,128
CID445643,3101,trained,True,128
CID110635,3102,trained,True,128
CID115358,3103,missing_zero,False,128
CID25206185,3104,trained,True,128
CID49848070,3105,trained,True,128
CID164509,3106,missing_zero,False,128
CID9799888,3107,missing_zero,False,128
CID44421596,3108,trained,True,128
CID135565082,3109,missing_zero,False,128
CID165411828,3110,trained,True,128
CID9871074,3111,missing_zero,False,128
CID1550286,3112,missing_zero,False,128
CID108143,3113,trained,True,128
CID2733526,3114,trained,True,128
CID2733525,3115,trained,True,128
CID3038522,3116,trained,True,128
CID6505803,3117,trained,True,128
CID68077,3118,trained,True,128
CID114917,3119,missing_zero,False,128
CID164676,3120,missing_zero,False,128
CID148201,3121,trained,True,128
CID51001932,3122,trained,True,128
CID10160238,3123,trained,True,128
CID54682876,3124,missing_zero,False,128
CID11499245,3125,trained,True,128
CID5381,3126,trained,True,128
CID2729042,3127,missing_zero,False,128
CID9892071,3128,trained,True,128
CID158797,3129,trained,True,128
CID135409453,3130,trained,True,128
CID135413539,3131,trained,True,128
CID133065662,3132,missing_zero,False,128
CID9808844,3133,trained,True,128
CID159269,3134,trained,True,128
CID65999,3135,trained,True,128
CID25253377,3136,trained,True,128
CID443873,3137,missing_zero,False,128
CID5394,3138,trained,True,128
CID6918289,3139,trained,True,128
CID452548,3140,trained,True,128
CID6398764,3141,missing_zero,False,128
CID54677971,3142,trained,True,128
CID476861,3143,trained,True,128
CID5401,3144,trained,True,128
CID44383,3145,trained,True,128
CID1549008,3146,trained,True,128
CID5282481,3147,trained,True,128
CID5405,3148,trained,True,128
CID10458325,3149,missing_zero,False,128
CID108092,3150,trained,True,128
CID175534,3151,trained,True,128
CID13769,3152,trained,True,128
CID6013,3153,trained,True,128
CID441404,3154,missing_zero,False,128
CID5995,3155,trained,True,128
CID6018,3156,trained,True,128
CID8695,3157,trained,True,128
CID54675776,3158,trained,True,128
CID54675776,3159,trained,True,128
CID54704426,3160,missing_zero,False,128
CID34458,3161,trained,True,128
CID16667431,3162,trained,True,128
CID29243,3163,missing_zero,False,128
CID10648,3164,trained,True,128
CID73078,3165,missing_zero,False,128
CID5426,3166,trained,True,128
CID446378,3167,trained,True,128
CID2153,3168,trained,True,128
CID5430,3169,trained,True,128
CID27200,3170,trained,True,128
CID46209426,3171,trained,True,128
CID2723601,3172,missing_zero,False,128
CID135403829,3173,trained,True,128
CID92178,3174,trained,True,128
CID66062,3175,trained,True,128
CID5453,3176,trained,True,128
CID11102,3177,trained,True,128
CID60648,3178,trained,True,128
CID91274,3179,missing_zero,False,128
CID23663953,3180,trained,True,128
CID9871419,3181,trained,True,128
CID470375,3182,missing_zero,False,128
CID5472,3183,trained,True,128
CID65335,3184,trained,True,128
CID65335,3185,trained,True,128
CID11313622,3186,trained,True,128
CID54686904,3187,trained,True,128
CID5282521,3188,trained,True,128
CID5281056,3189,trained,True,128
CID5479,3190,missing_zero,False,128
CID5482,3191,trained,True,128
CID5483,3192,missing_zero,False,128
CID5487426,3193,trained,True,128
CID11431811,3194,trained,True,128
CID72139,3195,missing_zero,False,128
CID159324,3196,trained,True,128
CID6323266,3197,trained,True,128
CID6450819,3198,trained,True,128
CID6450819,3199,trained,True,128
CID135413511,3200,missing_zero,False,128
CID5803,3201,trained,True,128
CID11494412,3202,trained,True,128
CID5487,3203,trained,True,128
CID114869,3204,trained,True,128
CID114869,3205,trained,True,128
CID394397,3206,missing_zero,False,128
CID36294,3207,missing_zero,False,128
CID5329106,3208,missing_zero,False,128
CID6604870,3209,missing_zero,False,128
CID9926791,3210,trained,True,128
CID5504,3211,trained,True,128
CID6048,3212,trained,True,128
CID5505,3213,trained,True,128
CID4659569,3214,trained,True,128
CID610479,3215,trained,True,128
CID23665411,3216,trained,True,128
CID5510,3217,trained,True,128
CID92965,3218,trained,True,128
CID53359,3219,trained,True,128
CID443878,3220,trained,True,128
CID68591,3221,trained,True,128
CID216237,3222,trained,True,128
CID5284627,3223,trained,True,128
CID60700,3224,trained,True,128
CID60699,3225,trained,True,128
CID159325,3226,missing_zero,False,128
CID3005572,3227,trained,True,128
CID41781,3228,trained,True,128
CID15547703,3229,trained,True,128
CID5494449,3230,trained,True,128
CID439647,3231,trained,True,128
CID108150,3232,trained,True,128
CID11707110,3233,trained,True,128
CID5526,3234,trained,True,128
CID5282230,3235,trained,True,128
CID5530,3236,trained,True,128
CID5533,3237,trained,True,128
CID62935,3238,trained,True,128
CID62935,3239,trained,True,128
CID444795,3240,trained,True,128
CID6436,3241,trained,True,128
CID5546,3242,trained,True,128
CID444732,3243,trained,True,128
CID65399,3244,missing_zero,False,128
CID73265227,3245,missing_zero,False,128
CID5564,3246,trained,True,128
CID5799,3247,trained,True,128
CID5566,3248,trained,True,128
CID66064,3249,trained,True,128
CID5568,3250,trained,True,128
CID6256,3251,trained,True,128
CID5572,3252,trained,True,128
CID656583,3253,trained,True,128
CID5577,3254,trained,True,128
CID5578,3255,trained,True,128
CID5583,3256,trained,True,128
CID5585,3257,trained,True,128
CID9066,3258,trained,True,128
CID107985,3259,missing_zero,False,128
CID65411,3260,missing_zero,False,128
CID5591,3261,trained,True,128
CID6503,3262,trained,True,128
CID5593,3263,trained,True,128
CID5284631,3264,trained,True,128
CID454194,3265,missing_zero,False,128
CID5486699,3266,missing_zero,False,128
CID6675804,3267,trained,True,128
CID49850262,3268,missing_zero,False,128
CID57336514,3269,trained,True,128
CID60196281,3270,missing_zero,False,128
CID310360,3271,missing_zero,False,128
CID104794,3272,missing_zero,False,128
CID3006531,3273,missing_zero,False,128
CID16220066,3274,trained,True,128
CID86763204,3275,missing_zero,False,128
CID9818682,3276,trained,True,128
CID53315868,3277,missing_zero,False,128
CID46224516,3278,trained,True,128
CID53315882,3279,trained,True,128
CID57339144,3280,missing_zero,False,128
CID72551585,3281,trained,True,128
CID73425588,3282,missing_zero,False,128
CID73211763,3283,trained,True,128
CID101043861,3284,missing_zero,False,128
CID53355503,3285,missing_zero,False,128
CID198693,3286,missing_zero,False,128
CID46175189,3287,missing_zero,False,128
CID46916694,3288,missing_zero,False,128
CID90479372,3289,missing_zero,False,128
CID70004430,3290,missing_zero,False,128
CID24776050,3291,missing_zero,False,128
CID399465,3292,missing_zero,False,128
CID10056071,3293,missing_zero,False,128
CID1383884,3294,missing_zero,False,128
CID130904,3295,trained,True,128
CID11719003,3296,missing_zero,False,128
CID51042438,3297,trained,True,128
CID1174,3298,trained,True,128
CID6194,3299,trained,True,128
CID167980,3300,trained,True,128
CID6029,3301,trained,True,128
CID20058,3302,trained,True,128
CID64945,3303,trained,True,128
CID16760703,3304,trained,True,128
CID155815,3305,missing_zero,False,128
CID22386467,3306,trained,True,128
CID70945511,3307,missing_zero,False,128
CID46930992,3308,trained,True,128
CID51000408,3309,trained,True,128
CID59472121,3310,missing_zero,False,128
CID25195348,3311,missing_zero,False,128
CID11957577,3312,trained,True,128
CID6918537,3313,missing_zero,False,128
CID165339223,3314,trained,True,128
CID71523377,3315,missing_zero,False,128
CID10461508,3316,trained,True,128
CID67983918,3317,missing_zero,False,128
CID25073775,3318,trained,True,128
CID46912230,3319,missing_zero,False,128
CID2296132,3320,missing_zero,False,128
CID44191096,3321,missing_zero,False,128
CID46934289,3322,missing_zero,False,128
CID836002,3323,trained,True,128
CID134828256,3324,missing_zero,False,128
CID11634725,3325,missing_zero,False,128
CID46199646,3326,missing_zero,False,128
CID5494449,3327,trained,True,128
CID10341154,3328,missing_zero,False,128
CID3038525,3329,trained,True,128
CID11398092,3330,missing_zero,False,128
CID16678941,3331,trained,True,128
CID135398741,3332,missing_zero,False,128
CID119607,3333,trained,True,128
CID135413534,3334,trained,True,128
CID60195218,3335,trained,True,128
CID3121,3336,trained,True,128
CID16760703,3337,trained,True,128
CID454216,3338,trained,True,128
CID60846,3339,trained,True,128
CID5281884,3340,missing_zero,False,128
CID6420023,3341,trained,True,128
CID3081361,3342,trained,True,128
CID1183,3343,trained,True,128
CID31211,3344,trained,True,128
CID6918029,3345,missing_zero,False,128
CID135400189,3346,trained,True,128
CID135413545,3347,missing_zero,False,128
CID5310966,3348,trained,True,128
CID6918678,3349,trained,True,128
CID42642648,3350,missing_zero,False,128
CID44225877,3351,missing_zero,False,128
CID151194,3352,trained,True,128
CID39764,3353,trained,True,128
CID123723,3354,missing_zero,False,128
CID11960529,3355,trained,True,128
CID42611257,3356,trained,True,128
CID49846579,3357,trained,True,128
CID49846579,3358,trained,True,128
CID5656,3359,trained,True,128
CID2520,3360,trained,True,128
CID62969,3361,trained,True,128
CID71492799,3362,missing_zero,False,128
CID168430535,3363,trained,True,128
CID3009355,3364,missing_zero,False,128
CID21704,3365,trained,True,128
CID9820008,3366,missing_zero,False,128
CID6918313,3367,trained,True,128
CID13342,3368,trained,True,128
CID5388983,3369,trained,True,128
CID5978,3370,trained,True,128
CID249332,3371,trained,True,128
CID43116,3372,trained,True,128
CID10629256,3373,missing_zero,False,128
CID5311497,3374,trained,True,128
CID11607738,3375,trained,True,128
CID443955,3376,trained,True,128
CID24776445,3377,trained,True,128
CID25262792,3378,trained,True,128
CID5362420,3379,trained,True,128
CID54670067,3380,trained,True,128
CID444020,3381,trained,True,128
CID10077130,3382,trained,True,128
CID117817422,3383,trained,True,128
CID9952884,3384,missing_zero,False,128
CID71616,3385,trained,True,128
CID5311,3386,trained,True,128
CID5311,3387,trained,True,128
CID9952884,3388,missing_zero,False,128
CID16123056,3389,missing_zero,False,128
CID5684,3390,missing_zero,False,128
CID11957721,3391,missing_zero,False,128
CID25199517,3392,missing_zero,False,128
CID25229526,3393,missing_zero,False,128
CID11844351,3394,missing_zero,False,128
CID3795,3395,missing_zero,False,128
CID2984337,3396,missing_zero,False,128
CID121487936,3397,missing_zero,False,128
CID57519544,3398,missing_zero,False,128
CID134327298,3399,trained,True,128
CID11210478,3400,missing_zero,False,128
CID62907,3401,missing_zero,False,128
CID5694,3402,missing_zero,False,128
CID25260757,3403,missing_zero,False,128
CID44219749,3404,trained,True,128
CID25229450,3405,missing_zero,False,128
CID44607360,3406,missing_zero,False,128
CID44607530,3407,trained,True,128
CID72200024,3408,trained,True,128
CID44607531,3409,missing_zero,False,128
CID11565518,3410,trained,True,128
CID10384072,3411,trained,True,128
CID265237,3412,missing_zero,False,128
CID57519544,3413,missing_zero,False,128
,3414,missing_zero,False,128
CID56960447,3415,missing_zero,False,128
CID135418940,3416,trained,True,128
CID6918788,3417,trained,True,128
CID57990869,3418,trained,True,128
CID1893730,3419,missing_zero,False,128
CID59757974,3420,missing_zero,False,128
CID10026128,3421,trained,True,128
CID59604787,3422,trained,True,128
CID10458325,3423,missing_zero,False,128
CID74439626,3424,missing_zero,False,128
CID71604307,3425,missing_zero,False,128
CID53322923,3426,missing_zero,False,128
CID46843772,3427,missing_zero,False,128
CID121499143,3428,missing_zero,False,128
CID10339779,3429,missing_zero,False,128
CID5281511,3430,missing_zero,False,128
CID7020,3431,trained,True,128
CID9574101,3432,trained,True,128
CID60147023,3433,trained,True,128
CID5709,3434,trained,True,128
CID5282386,3435,trained,True,128
CID5282386,3436,trained,True,128
CID448042,3437,trained,True,128
CID44632017,3438,missing_zero,False,128
CID121596782,3439,missing_zero,False,128
CID11178236,3440,missing_zero,False,128
CID9956222,3441,missing_zero,False,128
CID177865,3442,missing_zero,False,128
CID11454028,3443,trained,True,128
CID121473004,3444,missing_zero,False,128
CID9910224,3445,trained,True,128
CID899323,3446,trained,True,128
CID5329006,3447,trained,True,128
CID22624897,3448,trained,True,128
CID5730,3449,trained,True,128
CID9914412,3450,trained,True,128
CID153997,3451,missing_zero,False,128
CID11647372,3452,missing_zero,False,128
CID5717,3453,trained,True,128
CID24066,3454,trained,True,128
CID6450522,3455,trained,True,128
CID5719,3456,trained,True,128
CID5720,3457,trained,True,128
CID60855,3458,trained,True,128
CID100016,3459,trained,True,128
CID9910224,3460,trained,True,128
CID35370,3461,trained,True,128
CID60490,3462,trained,True,128
CID26041,3463,missing_zero,False,128
CID60854,3464,trained,True,128
CID219099,3465,trained,True,128
CID68740,3466,trained,True,128
CID121586,3467,missing_zero,False,128
CID5311,3468,trained,True,128
CID60857,3469,trained,True,128
CID5734,3470,trained,True,128
CID6103,3471,missing_zero,False,128
CID1548955,3472,missing_zero,False,128
CID6436223,3473,trained,True,128
CID31411,3474,trained,True,128
CID222284,3475,trained,True,128
CID11654378,3476,missing_zero,False,128
CID58298318,3477,missing_zero,False,128
CID24967599,3478,missing_zero,False,128
CID2777,3479,missing_zero,False,128
CID12215,3480,missing_zero,False,128
CID118598754,3481,missing_zero,False,128
CID73339,3482,missing_zero,False,128
CID11976582,3483,trained,True,128
CID10322165,3484,missing_zero,False,128
CID449241,3485,trained,True,128
CID7271796,3486,missing_zero,False,128
CID58539301,3487,missing_zero,False,128
CID54676905,3488,missing_zero,False,128
CID5480230,3489,trained,True,128
CID16755649,3490,trained,True,128
CID84759,3491,missing_zero,False,128
CID5289418,3492,missing_zero,False,128
CID667639,3493,trained,True,128
CID53344620,3494,missing_zero,False,128
CID3032,3495,trained,True,128
