entity,internal_id,embedding_source,has_kg_relation,embedding_dimension
CID100016,1707,isolated_untrained,False,128
CID100094,1708,trained,True,128
CID10026128,1709,isolated_untrained,False,128
CID10027278,1710,trained,True,128
CID10029385,1711,trained,True,128
CID10034073,1712,isolated_untrained,False,128
CID10041070,1713,isolated_untrained,False,128
CID10047612,1714,trained,True,128
CID10052040,1715,trained,True,128
CID1005519,1716,isolated_untrained,False,128
CID10056071,1717,trained,True,128
CID1005654,1718,isolated_untrained,False,128
CID10070893,1719,isolated_untrained,False,128
CID10074640,1720,trained,True,128
CID10077130,1721,trained,True,128
CID10077147,1722,trained,True,128
CID10090485,1723,trained,True,128
CID10090750,1724,trained,True,128
CID10095659,1725,trained,True,128
CID10096344,1726,trained,True,128
CID101043861,1727,trained,True,128
CID10109823,1728,isolated_untrained,False,128
CID10113978,1729,trained,True,128
CID10126189,1730,isolated_untrained,False,128
CID10127622,1731,isolated_untrained,False,128
CID10133,1732,trained,True,128
CID1013376,1733,isolated_untrained,False,128
CID10138980,1734,isolated_untrained,False,128
CID10141893,1735,isolated_untrained,False,128
CID101526,1736,trained,True,128
CID10152654,1737,isolated_untrained,False,128
CID10158562,1738,isolated_untrained,False,128
CID10158940,1739,isolated_untrained,False,128
CID10160238,1740,isolated_untrained,False,128
CID10168,1741,isolated_untrained,False,128
CID10172943,1742,isolated_untrained,False,128
CID10173277,1743,trained,True,128
CID101744,1744,isolated_untrained,False,128
CID10174505,1745,isolated_untrained,False,128
CID10177,1746,trained,True,128
CID10180,1747,trained,True,128
CID10182969,1748,trained,True,128
CID10184653,1749,trained,True,128
CID10195250,1750,isolated_untrained,False,128
CID10201696,1751,isolated_untrained,False,128
CID10202642,1752,trained,True,128
CID10206,1753,isolated_untrained,False,128
CID10207,1754,isolated_untrained,False,128
CID10208,1755,isolated_untrained,False,128
CID102175,1756,isolated_untrained,False,128
CID10219,1757,trained,True,128
CID10226546,1758,trained,True,128
CID10228,1759,trained,True,128
CID10231331,1760,isolated_untrained,False,128
CID10235,1761,trained,True,128
CID10237,1762,isolated_untrained,False,128
CID102484,1763,isolated_untrained,False,128
CID10253143,1764,isolated_untrained,False,128
CID10256643,1765,isolated_untrained,False,128
CID10271028,1766,isolated_untrained,False,128
CID10275789,1767,trained,True,128
CID10280735,1768,trained,True,128
CID10286159,1769,trained,True,128
CID10288191,1770,isolated_untrained,False,128
CID10294813,1771,isolated_untrained,False,128
CID10296883,1772,isolated_untrained,False,128
CID10297043,1773,trained,True,128
CID10302451,1774,trained,True,128
CID10317566,1775,isolated_untrained,False,128
CID10322165,1776,isolated_untrained,False,128
CID10331844,1777,trained,True,128
CID10339178,1778,trained,True,128
CID10339779,1779,isolated_untrained,False,128
CID10341154,1780,trained,True,128
CID10348973,1781,isolated_untrained,False,128
CID10354063,1782,isolated_untrained,False,128
CID10365033,1783,isolated_untrained,False,128
CID10366136,1784,isolated_untrained,False,128
CID10367662,1785,trained,True,128
CID10369242,1786,isolated_untrained,False,128
CID10377751,1787,isolated_untrained,False,128
CID10384072,1788,trained,True,128
CID10409068,1789,isolated_untrained,False,128
CID10427712,1790,isolated_untrained,False,128
CID10430360,1791,isolated_untrained,False,128
CID10435235,1792,isolated_untrained,False,128
CID10437018,1793,trained,True,128
CID10458325,1794,trained,True,128
CID1046,1795,trained,True,128
CID10461508,1796,trained,True,128
CID10461815,1797,isolated_untrained,False,128
CID1047,1798,isolated_untrained,False,128
CID104741,1799,trained,True,128
CID10474335,1800,isolated_untrained,False,128
CID10475633,1801,trained,True,128
CID104769,1802,trained,True,128
CID104794,1803,trained,True,128
CID104799,1804,trained,True,128
CID1048267,1805,isolated_untrained,False,128
CID104850,1806,trained,True,128
CID104858,1807,isolated_untrained,False,128
CID104865,1808,trained,True,128
CID104920,1809,isolated_untrained,False,128
CID105066,1810,isolated_untrained,False,128
CID105115,1811,isolated_untrained,False,128
CID10531,1812,trained,True,128
CID10607,1814,trained,True,128
CID10621,1815,trained,True,128
CID10629256,1816,isolated_untrained,False,128
CID10639,1817,isolated_untrained,False,128
CID10648,1818,isolated_untrained,False,128
CID1067700,1819,isolated_untrained,False,128
CID1069686,1820,isolated_untrained,False,128
CID10701,1821,isolated_untrained,False,128
CID107706,1822,trained,True,128
CID107751,1823,trained,True,128
CID107771,1824,trained,True,128
CID107778,1825,trained,True,128
CID107807,1826,trained,True,128
CID107848,1827,isolated_untrained,False,128
CID107935,1828,trained,True,128
CID107952,1829,isolated_untrained,False,128
CID107969,1830,trained,True,128
CID107970,1831,trained,True,128
CID107971,1832,trained,True,128
CID107985,1833,trained,True,128
CID108092,1834,trained,True,128
CID108107,1835,isolated_untrained,False,128
CID108143,1836,trained,True,128
CID108144,1837,isolated_untrained,False,128
CID108150,1838,trained,True,128
CID108187,1839,trained,True,128
CID10830,1840,isolated_untrained,False,128
CID10830874,1841,isolated_untrained,False,128
CID10866,1842,trained,True,128
CID10917,1844,trained,True,128
CID10921,1845,trained,True,128
CID10995177,1846,isolated_untrained,False,128
CID1102,1847,trained,True,128
CID11057,1848,trained,True,128
CID110635,1849,trained,True,128
CID11064619,1850,isolated_untrained,False,128
CID11065,1851,trained,True,128
CID11074431,1852,isolated_untrained,False,128
CID11079,1853,isolated_untrained,False,128
CID11092,1854,trained,True,128
CID11102,1855,trained,True,128
CID11152667,1856,trained,True,128
CID11154925,1857,isolated_untrained,False,128
CID11159621,1858,trained,True,128
CID11167112,1859,isolated_untrained,False,128
CID11167602,1860,trained,True,128
CID11175137,1861,isolated_untrained,False,128
CID11178236,1862,isolated_untrained,False,128
CID11188409,1863,isolated_untrained,False,128
CID11201705,1864,trained,True,128
CID11210478,1865,isolated_untrained,False,128
CID11213558,1866,trained,True,128
CID11214940,1867,isolated_untrained,False,128
CID11219835,1868,trained,True,128
CID11222830,1869,trained,True,128
CID11224,1870,trained,True,128
CID11226684,1871,isolated_untrained,False,128
CID11228183,1872,trained,True,128
CID11234052,1873,isolated_untrained,False,128
CID11238147,1874,isolated_untrained,False,128
CID11242315,1875,trained,True,128
CID11243536,1876,trained,True,128
CID11243969,1877,trained,True,128
CID11248490,1878,isolated_untrained,False,128
CID11248978,1879,isolated_untrained,False,128
CID11249084,1880,isolated_untrained,False,128
CID11249248,1881,isolated_untrained,False,128
CID11256664,1882,isolated_untrained,False,128
CID11256720,1883,isolated_untrained,False,128
CID11271909,1884,trained,True,128
CID11272610,1885,isolated_untrained,False,128
CID11273,1886,trained,True,128
CID11282283,1887,isolated_untrained,False,128
CID11285001,1888,trained,True,128
CID11285588,1889,isolated_untrained,False,128
CID11288934,1890,isolated_untrained,False,128
CID11292191,1891,isolated_untrained,False,128
CID11296583,1892,trained,True,128
CID11304743,1893,trained,True,128
CID11313361,1894,isolated_untrained,False,128
CID11313622,1895,isolated_untrained,False,128
CID11314340,1896,trained,True,128
CID11317348,1897,isolated_untrained,False,128
CID11326715,1898,isolated_untrained,False,128
CID11327430,1899,trained,True,128
CID11333,1900,isolated_untrained,False,128
CID11338033,1901,trained,True,128
CID11345983,1902,isolated_untrained,False,128
CID11347535,1903,trained,True,128
CID11349170,1904,isolated_untrained,False,128
CID11351021,1905,isolated_untrained,False,128
CID11354606,1906,trained,True,128
CID11358077,1907,isolated_untrained,False,128
CID11364421,1908,trained,True,128
CID11373846,1909,isolated_untrained,False,128
CID11381449,1910,isolated_untrained,False,128
CID11383075,1911,isolated_untrained,False,128
CID11387605,1912,trained,True,128
CID11393719,1913,isolated_untrained,False,128
CID11398092,1914,trained,True,128
CID11399764,1915,trained,True,128
CID11404337,1916,isolated_untrained,False,128
CID11409972,1917,isolated_untrained,False,128
CID11414799,1918,isolated_untrained,False,128
CID11427553,1919,isolated_untrained,False,128
CID11431660,1920,isolated_untrained,False,128
CID11431811,1921,isolated_untrained,False,128
CID11433190,1922,trained,True,128
CID11440648,1924,isolated_untrained,False,128
CID11442891,1925,trained,True,128
CID11452716,1927,isolated_untrained,False,128
CID11454028,1928,trained,True,128
CID11455910,1929,trained,True,128
CID11462174,1930,isolated_untrained,False,128
CID11467730,1931,isolated_untrained,False,128
CID11476171,1932,isolated_untrained,False,128
CID11477084,1933,trained,True,128
CID11478363,1934,isolated_untrained,False,128
CID114811,1935,isolated_untrained,False,128
CID11485656,1936,trained,True,128
CID114869,1937,trained,True,128
CID11488110,1938,trained,True,128
CID11488320,1939,trained,True,128
CID11491176,1940,trained,True,128
CID114917,1941,isolated_untrained,False,128
CID11493841,1942,trained,True,128
CID11494412,1943,trained,True,128
CID11497983,1944,trained,True,128
CID11499245,1945,isolated_untrained,False,128
CID115000,1946,isolated_untrained,False,128
CID11501591,1947,trained,True,128
CID115087,1948,trained,True,128
CID1150897,1949,isolated_untrained,False,128
CID115107,1950,isolated_untrained,False,128
CID11511120,1951,isolated_untrained,False,128
CID11519397,1952,trained,True,128
CID11519741,1953,isolated_untrained,False,128
CID11520894,1954,trained,True,128
CID11524144,1955,trained,True,128
CID11525740,1956,trained,True,128
CID115269,1957,isolated_untrained,False,128
CID11530459,1958,trained,True,128
CID11533060,1959,isolated_untrained,False,128
CID115355,1960,trained,True,128
CID115358,1961,isolated_untrained,False,128
CID11538455,1962,trained,True,128
CID11539025,1963,isolated_untrained,False,128
CID11548,1964,trained,True,128
CID11548023,1965,isolated_untrained,False,128
CID11548630,1966,isolated_untrained,False,128
CID11552757,1967,isolated_untrained,False,128
CID11556427,1968,trained,True,128
CID11556711,1969,trained,True,128
CID11561383,1970,isolated_untrained,False,128
CID11565518,1971,isolated_untrained,False,128
CID11570805,1972,isolated_untrained,False,128
CID11577725,1973,trained,True,128
CID11591741,1974,trained,True,128
CID11595431,1975,trained,True,128
CID11598628,1976,isolated_untrained,False,128
CID11607738,1977,trained,True,128
CID11609586,1978,trained,True,128
CID11609955,1979,isolated_untrained,False,128
CID11612883,1980,isolated_untrained,False,128
CID11617559,1981,trained,True,128
CID11618268,1982,isolated_untrained,False,128
CID11619093,1983,isolated_untrained,False,128
CID11620908,1984,isolated_untrained,False,128
CID11625818,1985,trained,True,128
CID11626560,1986,trained,True,128
CID11630874,1987,isolated_untrained,False,128
CID11634725,1988,trained,True,128
CID11635371,1989,isolated_untrained,False,128
CID11638255,1990,isolated_untrained,False,128
CID11640390,1991,trained,True,128
CID11646823,1992,isolated_untrained,False,128
CID11647372,1993,isolated_untrained,False,128
CID11654378,1994,isolated_untrained,False,128
CID11655119,1995,isolated_untrained,False,128
CID11656518,1996,isolated_untrained,False,128
CID11667893,1997,trained,True,128
CID11671467,1998,trained,True,128
CID11673921,1999,isolated_untrained,False,128
CID11676373,2000,isolated_untrained,False,128
CID11676786,2001,trained,True,128
CID11683,2002,trained,True,128
CID11685945,2003,trained,True,128
CID11689883,2004,isolated_untrained,False,128
CID11700696,2005,isolated_untrained,False,128
CID11703255,2006,isolated_untrained,False,128
CID11707110,2007,trained,True,128
CID117072549,2008,trained,True,128
CID117072550,2009,isolated_untrained,False,128
CID11712649,2010,isolated_untrained,False,128
CID11713159,2011,isolated_untrained,False,128
CID11715767,2012,isolated_untrained,False,128
CID11717001,2013,trained,True,128
CID11717074,2014,isolated_untrained,False,128
CID11717641,2015,trained,True,128
CID11719003,2016,trained,True,128
CID11719130,2017,isolated_untrained,False,128
CID1174,2018,trained,True,128
CID11740218,2019,trained,True,128
CID11745519,2020,isolated_untrained,False,128
CID11749858,2021,trained,True,128
CID11750009,2022,isolated_untrained,False,128
CID11751549,2023,isolated_untrained,False,128
CID11754200,2024,trained,True,128
CID11754511,2025,isolated_untrained,False,128
CID117636625,2026,trained,True,128
CID117817422,2027,trained,True,128
CID11784504,2028,trained,True,128
CID117951478,2029,isolated_untrained,False,128
CID117996749,2030,isolated_untrained,False,128
CID118025540,2031,trained,True,128
CID118036971,2032,isolated_untrained,False,128
CID118191391,2033,isolated_untrained,False,128
CID118196485,2034,trained,True,128
CID118238298,2035,isolated_untrained,False,128
CID1183,2036,isolated_untrained,False,128
CID118310260,2037,isolated_untrained,False,128
CID11844351,2038,isolated_untrained,False,128
CID11848225,2039,isolated_untrained,False,128
CID11849514,2040,isolated_untrained,False,128
CID118572017,2041,isolated_untrained,False,128
CID118572065,2042,isolated_untrained,False,128
CID11858109,2043,isolated_untrained,False,128
CID118598754,2044,trained,True,128
CID118693658,2045,trained,True,128
CID11876263,2046,trained,True,128
CID118869362,2047,isolated_untrained,False,128
CID118946372,2048,isolated_untrained,False,128
CID118957930,2049,trained,True,128
CID118958122,2050,isolated_untrained,False,128
CID118986645,2051,trained,True,128
CID119031,2052,trained,True,128
CID119034,2053,isolated_untrained,False,128
CID119081,2054,isolated_untrained,False,128
CID119081417,2055,isolated_untrained,False,128
CID119182,2056,trained,True,128
CID119192,2057,trained,True,128
CID119245,2058,isolated_untrained,False,128
CID119369,2059,isolated_untrained,False,128
CID119373,2060,trained,True,128
CID11950170,2061,trained,True,128
CID119525,2062,trained,True,128
CID11955716,2063,trained,True,128
CID11955855,2064,isolated_untrained,False,128
CID119570,2065,trained,True,128
CID11957503,2066,trained,True,128
CID11957577,2067,trained,True,128
CID11957628,2068,isolated_untrained,False,128
CID11957668,2069,isolated_untrained,False,128
CID11957684,2070,isolated_untrained,False,128
CID11957721,2071,isolated_untrained,False,128
CID119583,2072,isolated_untrained,False,128
CID119584,2073,isolated_untrained,False,128
CID11960271,2074,isolated_untrained,False,128
CID11960529,2075,trained,True,128
CID119607,2076,trained,True,128
CID11963194,2077,trained,True,128
CID11964036,2078,trained,True,128
CID11965767,2079,isolated_untrained,False,128
CID11973122,2080,isolated_untrained,False,128
CID11973736,2081,trained,True,128
CID11976582,2082,isolated_untrained,False,128
CID11977753,2083,trained,True,128
CID11978790,2084,trained,True,128
CID11979774,2085,isolated_untrained,False,128
CID11983295,2086,trained,True,128
CID11984561,2087,trained,True,128
CID11987888,2088,trained,True,128
CID11998575,2089,isolated_untrained,False,128
CID12000240,2090,isolated_untrained,False,128
CID12003241,2091,isolated_untrained,False,128
CID120181,2093,trained,True,128
CID12035,2094,trained,True,128
CID121232405,2095,trained,True,128
CID121271792,2096,trained,True,128
CID121277860,2097,isolated_untrained,False,128
CID121328278,2098,isolated_untrained,False,128
CID1213452,2099,isolated_untrained,False,128
CID121396,2100,trained,True,128
CID121408882,2101,isolated_untrained,False,128
CID121473004,2102,trained,True,128
CID121487936,2103,trained,True,128
CID121488167,2104,isolated_untrained,False,128
CID121499143,2105,isolated_untrained,False,128
CID121513855,2106,trained,True,128
CID121586,2107,isolated_untrained,False,128
CID121587,2108,trained,True,128
CID121596782,2109,isolated_untrained,False,128
CID121858,2110,isolated_untrained,False,128
CID121892,2111,trained,True,128
CID122108,2112,trained,True,128
CID122125,2113,isolated_untrained,False,128
CID12215,2114,isolated_untrained,False,128
CID122197581,2115,trained,True,128
CID122262,2116,trained,True,128
CID122724,2118,isolated_untrained,False,128
CID123132228,2119,isolated_untrained,False,128
CID12314839,2120,isolated_untrained,False,128
CID123596,2121,trained,True,128
CID123606,2122,trained,True,128
CID123608,2123,trained,True,128
CID123631,2124,trained,True,128
CID123723,2125,isolated_untrained,False,128
CID12387471,2126,trained,True,128
CID123964,2127,trained,True,128
CID123985,2128,isolated_untrained,False,128
CID124087,2129,trained,True,128
CID124112581,2130,isolated_untrained,False,128
CID124246,2131,isolated_untrained,False,128
CID125017,2132,trained,True,128
CID12597,2133,isolated_untrained,False,128
CID12620,2134,trained,True,128
CID126565,2135,trained,True,128
CID126758,2136,trained,True,128
CID126843232,2137,isolated_untrained,False,128
CID126941,2138,trained,True,128
CID1269845,2139,isolated_untrained,False,128
CID1271002,2140,trained,True,128
CID127150,2141,isolated_untrained,False,128
CID1274465,2143,isolated_untrained,False,128
CID129010078,2144,trained,True,128
CID129228,2145,trained,True,128
CID12934390,2146,isolated_untrained,False,128
CID129426,2147,isolated_untrained,False,128
CID12947,2148,trained,True,128
CID129869,2149,trained,True,128
CID13018151,2150,isolated_untrained,False,128
CID130313,2151,trained,True,128
CID130881,2152,trained,True,128
CID130904,2153,trained,True,128
CID130966,2154,isolated_untrained,False,128
CID13109,2155,trained,True,128
CID13116,2156,isolated_untrained,False,128
CID1317464,2157,isolated_untrained,False,128
CID131955127,2158,trained,True,128
CID132449,2159,isolated_untrained,False,128
CID1324494,2160,isolated_untrained,False,128
CID132519,2161,trained,True,128
CID13266,2162,trained,True,128
CID132971,2163,trained,True,128
CID133021,2164,trained,True,128
CID133053818,2165,trained,True,128
CID133065662,2166,isolated_untrained,False,128
CID13342,2167,trained,True,128
CID13387,2168,isolated_untrained,False,128
CID134018,2169,trained,True,128
CID134327298,2170,isolated_untrained,False,128
CID1345,2171,trained,True,128
CID134601,2172,trained,True,128
CID134780,2173,trained,True,128
CID134828256,2174,trained,True,128
CID13520,2176,isolated_untrained,False,128
CID135397708,2177,isolated_untrained,False,128
CID135398491,2178,trained,True,128
CID135398492,2179,isolated_untrained,False,128
CID135398495,2180,trained,True,128
CID135398499,2181,trained,True,128
CID135398501,2182,isolated_untrained,False,128
CID135398510,2183,isolated_untrained,False,128
CID135398512,2184,isolated_untrained,False,128
CID135398513,2185,trained,True,128
CID135398521,2186,isolated_untrained,False,128
CID135398635,2187,trained,True,128
CID135398641,2188,isolated_untrained,False,128
CID135398645,2189,isolated_untrained,False,128
CID135398661,2190,isolated_untrained,False,128
CID135398735,2191,trained,True,128
CID135398737,2192,trained,True,128
CID135398738,2193,trained,True,128
CID135398739,2194,trained,True,128
CID135398740,2195,trained,True,128
CID135398741,2196,isolated_untrained,False,128
CID135398744,2197,trained,True,128
CID135398745,2198,trained,True,128
CID135398748,2199,isolated_untrained,False,128
CID135399748,2200,trained,True,128
CID135400182,2201,trained,True,128
CID135400189,2202,trained,True,128
CID135401907,2203,trained,True,128
CID135402864,2204,isolated_untrained,False,128
CID135403620,2205,trained,True,128
CID135403646,2206,trained,True,128
CID135403805,2207,isolated_untrained,False,128
CID135403821,2208,isolated_untrained,False,128
CID135403829,2209,isolated_untrained,False,128
CID135409400,2210,trained,True,128
CID135409453,2211,trained,True,128
CID135409642,2212,trained,True,128
CID135410875,2213,trained,True,128
CID135411,2214,trained,True,128
CID135413494,2215,trained,True,128
CID135413496,2216,trained,True,128
CID135413505,2218,isolated_untrained,False,128
CID135413511,2219,isolated_untrained,False,128
CID135413523,2220,trained,True,128
CID135413534,2221,isolated_untrained,False,128
CID135413536,2222,trained,True,128
CID135413539,2224,trained,True,128
CID135413545,2225,isolated_untrained,False,128
CID135415564,2226,trained,True,128
CID135415867,2227,trained,True,128
CID135418940,2228,trained,True,128
CID135419190,2229,isolated_untrained,False,128
CID135421197,2230,trained,True,128
CID135421442,2231,trained,True,128
CID135423438,2232,trained,True,128
CID135430323,2233,isolated_untrained,False,128
CID135430945,2234,isolated_untrained,False,128
CID135440386,2235,isolated_untrained,False,128
CID135440466,2236,isolated_untrained,False,128
CID135449331,2237,trained,True,128
CID135449332,2238,trained,True,128
CID135465539,2239,isolated_untrained,False,128
CID135473382,2240,isolated_untrained,False,128
CID135497698,2241,isolated_untrained,False,128
CID135526609,2242,isolated_untrained,False,128
CID135533054,2243,isolated_untrained,False,128
CID135539077,2244,trained,True,128
CID135564531,2245,isolated_untrained,False,128
CID135564570,2246,isolated_untrained,False,128
CID135564599,2247,isolated_untrained,False,128
CID135564631,2248,isolated_untrained,False,128
CID135564749,2249,trained,True,128
CID135564787,2250,trained,True,128
CID135564864,2251,isolated_untrained,False,128
CID135564985,2252,trained,True,128
CID135565082,2253,isolated_untrained,False,128
CID135565181,2254,isolated_untrained,False,128
CID135565545,2255,isolated_untrained,False,128
CID135565596,2256,trained,True,128
CID135565635,2257,trained,True,128
CID135565674,2258,trained,True,128
CID135565884,2259,isolated_untrained,False,128
CID135565923,2260,isolated_untrained,False,128
CID135565981,2261,trained,True,128
CID135567102,2262,trained,True,128
CID135659062,2263,isolated_untrained,False,128
CID135705561,2264,isolated_untrained,False,128
CID1357397,2265,trained,True,128
CID135742497,2266,isolated_untrained,False,128
CID135985126,2267,isolated_untrained,False,128
CID1361334,2268,trained,True,128
CID136153010,2269,isolated_untrained,False,128
CID136173253,2270,isolated_untrained,False,128
CID136216943,2271,isolated_untrained,False,128
CID136237316,2272,isolated_untrained,False,128
CID136240579,2273,trained,True,128
CID136257953,2274,trained,True,128
CID1362865,2275,isolated_untrained,False,128
CID1367095,2276,isolated_untrained,False,128
CID13769,2277,trained,True,128
CID13789,2278,isolated_untrained,False,128
CID13791,2279,isolated_untrained,False,128
CID1383884,2280,trained,True,128
CID138402877,2281,isolated_untrained,False,128
CID138403267,2282,trained,True,128
CID13943299,2283,isolated_untrained,False,128
CID13988706,2284,trained,True,128
CID1400,2285,isolated_untrained,False,128
CID1401,2286,trained,True,128
CID14010333,2287,isolated_untrained,False,128
CID14033269,2288,isolated_untrained,False,128
CID14051,2289,trained,True,128
CID14052,2290,trained,True,128
CID14240392,2291,trained,True,128
CID144,2292,isolated_untrained,False,128
CID1461,2293,trained,True,128
CID146571,2295,trained,True,128
CID14676,2296,isolated_untrained,False,128
CID147569,2297,isolated_untrained,False,128
CID147912,2298,isolated_untrained,False,128
CID148121,2299,trained,True,128
CID148124,2300,trained,True,128
CID148177,2301,trained,True,128
CID148195,2302,trained,True,128
CID148198,2303,isolated_untrained,False,128
CID148201,2304,isolated_untrained,False,128
CID14825856,2305,isolated_untrained,False,128
CID14888,2306,trained,True,128
CID149096,2307,trained,True,128
CID14957,2308,isolated_untrained,False,128
CID14982,2309,isolated_untrained,False,128
CID14989,2310,isolated_untrained,False,128
CID150311,2311,trained,True,128
CID15057856,2312,isolated_untrained,False,128
CID150762,2313,isolated_untrained,False,128
CID151075,2314,trained,True,128
CID151115,2315,isolated_untrained,False,128
CID151118,2316,trained,True,128
CID151170,2318,trained,True,128
CID151171,2319,trained,True,128
CID151178,2320,isolated_untrained,False,128
CID151183,2321,isolated_untrained,False,128
CID151194,2322,trained,True,128
CID153270,2323,trained,True,128
CID15331,2324,isolated_untrained,False,128
CID153994,2325,trained,True,128
CID153997,2326,isolated_untrained,False,128
CID154234,2328,isolated_untrained,False,128
CID154256,2329,isolated_untrained,False,128
CID154257,2330,trained,True,128
CID154272,2331,isolated_untrained,False,128
CID154417,2332,trained,True,128
CID15443,2333,isolated_untrained,False,128
CID15459,2334,isolated_untrained,False,128
CID1546,2335,isolated_untrained,False,128
CID1548887,2336,trained,True,128
CID1548943,2337,trained,True,128
CID1548955,2338,isolated_untrained,False,128
CID1548972,2339,trained,True,128
CID1549008,2340,trained,True,128
CID1549120,2341,isolated_untrained,False,128
CID154943,2342,isolated_untrained,False,128
CID1550286,2343,isolated_untrained,False,128
CID155290,2344,isolated_untrained,False,128
CID15547703,2345,trained,True,128
CID15558393,2346,trained,True,128
CID155815,2347,trained,True,128
CID15604015,2348,isolated_untrained,False,128
CID15605952,2349,isolated_untrained,False,128
CID156391,2350,trained,True,128
CID156414,2351,trained,True,128
CID156418,2352,trained,True,128
CID156419,2353,trained,True,128
CID156422,2354,trained,True,128
CID15664,2355,isolated_untrained,False,128
CID15723,2356,isolated_untrained,False,128
CID157920,2357,trained,True,128
CID158550,2358,trained,True,128
CID158758,2359,isolated_untrained,False,128
CID158781,2360,trained,True,128
CID158797,2361,trained,True,128
CID159269,2362,trained,True,128
CID159278,2363,isolated_untrained,False,128
CID159324,2364,trained,True,128
CID159325,2365,isolated_untrained,False,128
CID15951529,2366,trained,True,128
CID15953832,2367,isolated_untrained,False,128
CID15953870,2368,trained,True,128
CID159594,2369,isolated_untrained,False,128
CID159603,2370,isolated_untrained,False,128
CID15983966,2371,isolated_untrained,False,128
CID159968,2372,trained,True,128
CID16004692,2373,trained,True,128
CID16007391,2374,isolated_untrained,False,128
CID160254,2375,trained,True,128
CID160355,2376,isolated_untrained,False,128
CID16038120,2377,trained,True,128
CID16038374,2378,trained,True,128
CID16041424,2379,trained,True,128
CID160436,2380,isolated_untrained,False,128
CID16048654,2381,isolated_untrained,False,128
CID16049404,2382,trained,True,128
CID16051951,2383,isolated_untrained,False,128
CID16052038,2384,trained,True,128
CID16070111,2385,isolated_untrained,False,128
CID16078973,2386,isolated_untrained,False,128
CID16078986,2387,isolated_untrained,False,128
CID16086114,2388,trained,True,128
CID16095342,2389,trained,True,128
CID16097523,2390,isolated_untrained,False,128
CID16097729,2391,isolated_untrained,False,128
CID16108977,2392,trained,True,128
CID16118392,2393,trained,True,128
CID16123056,2394,trained,True,128
CID16124208,2395,isolated_untrained,False,128
CID16130140,2396,isolated_untrained,False,128
CID1615267,2397,isolated_untrained,False,128
CID161557,2398,isolated_untrained,False,128
CID16202152,2399,isolated_untrained,False,128
CID162147,2400,isolated_untrained,False,128
CID16216349,2401,isolated_untrained,False,128
CID16218900,2402,isolated_untrained,False,128
CID16218924,2403,isolated_untrained,False,128
CID16219612,2404,isolated_untrained,False,128
CID16220066,2405,isolated_untrained,False,128
CID16220172,2406,trained,True,128
CID162204,2407,isolated_untrained,False,128
CID16222096,2408,trained,True,128
CID16222097,2409,trained,True,128
CID16222379,2410,isolated_untrained,False,128
CID16224745,2411,isolated_untrained,False,128
CID16231,2412,trained,True,128
CID16307093,2413,isolated_untrained,False,128
CID163091,2414,trained,True,128
CID163263,2415,isolated_untrained,False,128
CID163659,2416,isolated_untrained,False,128
CID16367,2417,isolated_untrained,False,128
CID163701,2418,isolated_untrained,False,128
CID163751,2419,trained,True,128
CID164509,2420,isolated_untrained,False,128
CID164521,2421,isolated_untrained,False,128
CID164676,2423,trained,True,128
CID16490,2424,trained,True,128
CID16533,2425,trained,True,128
CID165339223,2426,trained,True,128
CID165411828,2427,isolated_untrained,False,128
CID165457,2428,isolated_untrained,False,128
CID165542,2429,isolated_untrained,False,128
CID165580,2430,trained,True,128
CID16654980,2431,trained,True,128
CID166558,2432,isolated_untrained,False,128
CID16659841,2433,trained,True,128
CID16666332,2434,isolated_untrained,False,128
CID16666333,2435,isolated_untrained,False,128
CID16666708,2436,isolated_untrained,False,128
CID16667431,2437,isolated_untrained,False,128
CID16667669,2438,trained,True,128
CID16678941,2439,trained,True,128
CID16681698,2440,trained,True,128
CID16718576,2441,trained,True,128
CID16719221,2442,isolated_untrained,False,128
CID16720766,2443,isolated_untrained,False,128
CID16722832,2444,isolated_untrained,False,128
CID16722834,2445,isolated_untrained,False,128
CID16722836,2446,isolated_untrained,False,128
CID16723044,2447,isolated_untrained,False,128
CID16725726,2448,trained,True,128
CID16736529,2449,trained,True,128
CID16736978,2450,trained,True,128
CID16738693,2451,trained,True,128
CID16739650,2452,trained,True,128
CID16741245,2453,isolated_untrained,False,128
CID16742063,2454,trained,True,128
CID16747388,2455,isolated_untrained,False,128
CID16747683,2456,isolated_untrained,False,128
CID16755649,2457,trained,True,128
CID16757846,2458,isolated_untrained,False,128
CID16757877,2459,isolated_untrained,False,128
CID16759173,2460,isolated_untrained,False,128
CID16759177,2461,isolated_untrained,False,128
CID16760658,2462,trained,True,128
CID16760696,2463,isolated_untrained,False,128
CID16760703,2464,isolated_untrained,False,128
CID167980,2465,isolated_untrained,False,128
CID168430535,2466,isolated_untrained,False,128
CID168993,2467,isolated_untrained,False,128
CID169371,2468,trained,True,128
CID170361,2469,trained,True,128
CID170367,2470,isolated_untrained,False,128
CID17134,2471,trained,True,128
CID17275,2473,trained,True,128
CID173612,2474,trained,True,128
CID174174,2475,trained,True,128
CID174277,2476,isolated_untrained,False,128
CID17513,2477,isolated_untrained,False,128
CID175534,2478,isolated_untrained,False,128
CID17571905,2479,isolated_untrained,False,128
CID176155,2481,trained,True,128
CID176158,2482,trained,True,128
CID176167,2483,isolated_untrained,False,128
CID176517025,2484,isolated_untrained,False,128
CID17684448,2485,isolated_untrained,False,128
CID176870,2486,trained,True,128
CID176871,2487,trained,True,128
CID176873,2488,isolated_untrained,False,128
CID177335,2489,isolated_untrained,False,128
CID177336,2490,trained,True,128
CID177358,2491,trained,True,128
CID1775,2492,trained,True,128
CID17751063,2493,isolated_untrained,False,128
CID17751819,2494,isolated_untrained,False,128
CID17754438,2495,isolated_untrained,False,128
CID17754765,2496,isolated_untrained,False,128
CID17755052,2497,trained,True,128
CID17755248,2498,trained,True,128
CID17756618,2499,trained,True,128
CID177865,2500,trained,True,128
CID178024,2501,isolated_untrained,False,128
CID1794427,2502,isolated_untrained,False,128
CID179651,2503,isolated_untrained,False,128
CID181458,2504,trained,True,128
CID18283,2505,isolated_untrained,False,128
CID18343,2506,isolated_untrained,False,128
CID18542136,2507,isolated_untrained,False,128
CID188914,2508,trained,True,128
CID189821,2509,trained,True,128
CID1901244,2511,isolated_untrained,False,128
CID19212,2512,trained,True,128
CID192197,2513,trained,True,128
CID1935,2514,trained,True,128
CID19648,2515,trained,True,128
CID19675,2516,trained,True,128
CID196968,2517,isolated_untrained,False,128
CID196970,2518,trained,True,128
CID1973,2519,trained,True,128
CID1981,2521,isolated_untrained,False,128
CID1983,2522,trained,True,128
CID1985,2523,isolated_untrained,False,128
CID1986,2524,trained,True,128
CID19861,2525,trained,True,128
CID198693,2526,trained,True,128
CID1989,2527,trained,True,128
CID1990,2528,trained,True,128
CID19910,2529,trained,True,128
CID200103,2530,isolated_untrained,False,128
CID20058,2531,trained,True,128
CID20279,2532,trained,True,128
CID204100,2533,isolated_untrained,False,128
CID2044,2534,isolated_untrained,False,128
CID2049,2535,isolated_untrained,False,128
CID2051,2536,isolated_untrained,False,128
CID20525,2537,isolated_untrained,False,128
CID20635522,2538,trained,True,128
CID207841,2539,trained,True,128
CID2082,2540,trained,True,128
CID2083,2541,trained,True,128
CID20849066,2542,isolated_untrained,False,128
CID2088,2543,trained,True,128
CID208898,2544,trained,True,128
CID208902,2545,trained,True,128
CID208908,2546,trained,True,128
CID20916937,2547,isolated_untrained,False,128
CID2092,2548,trained,True,128
CID20933,2549,trained,True,128
CID210172,2550,isolated_untrained,False,128
CID210332,2551,trained,True,128
CID21081761,2552,isolated_untrained,False,128
CID2123,2553,trained,True,128
CID2125,2554,isolated_untrained,False,128
CID2130,2555,trained,True,128
CID213039,2556,isolated_untrained,False,128
CID213040,2557,trained,True,128
CID2141,2558,trained,True,128
CID214347,2559,isolated_untrained,False,128
CID214348,2560,isolated_untrained,False,128
CID2145,2561,trained,True,128
CID21467,2562,isolated_untrained,False,128
CID2153,2564,trained,True,128
CID2155,2565,isolated_untrained,False,128
CID2155128,2566,isolated_untrained,False,128
CID2157,2567,trained,True,128
CID21585658,2568,isolated_untrained,False,128
CID2159,2569,trained,True,128
CID2161,2571,trained,True,128
CID2162,2572,trained,True,128
CID216210,2573,isolated_untrained,False,128
CID216237,2575,trained,True,128
CID216239,2576,trained,True,128
CID216326,2577,trained,True,128
CID216454,2578,trained,True,128
CID216457,2579,isolated_untrained,False,128
CID216468,2580,trained,True,128
CID2165,2581,trained,True,128
CID2170,2582,trained,True,128
CID21704,2583,trained,True,128
CID21718,2584,trained,True,128
CID2176,2585,isolated_untrained,False,128
CID21784,2586,isolated_untrained,False,128
CID2179,2587,trained,True,128
CID21800,2588,trained,True,128
CID2187,2589,trained,True,128
CID219025,2590,trained,True,128
CID219077,2591,isolated_untrained,False,128
CID219078,2592,trained,True,128
CID219099,2593,isolated_untrained,False,128
CID219104,2594,trained,True,128
CID2196,2595,trained,True,128
CID22024915,2597,isolated_untrained,False,128
CID220401,2598,isolated_untrained,False,128
CID22049997,2599,trained,True,128
CID2206,2600,trained,True,128
CID221493,2601,trained,True,128
CID222284,2602,isolated_untrained,False,128
CID222285,2603,isolated_untrained,False,128
CID22291652,2604,trained,True,128
CID2230,2605,trained,True,128
CID22386467,2606,trained,True,128
CID2244,2608,trained,True,128
CID22475,2609,trained,True,128
CID2249,2610,trained,True,128
CID22508903,2611,trained,True,128
CID225362,2612,isolated_untrained,False,128
CID22570509,2613,isolated_untrained,False,128
CID22571,2614,trained,True,128
CID22624897,2615,isolated_untrained,False,128
CID2265,2616,trained,True,128
CID2267,2617,trained,True,128
CID227456,2618,isolated_untrained,False,128
CID22833280,2619,trained,True,128
CID2284,2620,trained,True,128
CID22880,2621,isolated_untrained,False,128
CID229455,2622,trained,True,128
CID2296132,2623,isolated_untrained,False,128
CID23009,2624,trained,True,128
CID23063810,2625,trained,True,128
CID2310,2626,isolated_untrained,False,128
CID23116321,2627,trained,True,128
CID2315,2628,trained,True,128
CID2327,2629,isolated_untrained,False,128
CID2331284,2630,isolated_untrained,False,128
CID2333,2631,isolated_untrained,False,128
CID2337,2632,trained,True,128
CID2351,2633,trained,True,128
CID2353,2634,trained,True,128
CID2355,2636,isolated_untrained,False,128
CID23565,2637,isolated_untrained,False,128
CID23582824,2638,trained,True,128
CID23625762,2639,isolated_untrained,False,128
CID23630211,2640,isolated_untrained,False,128
CID23634362,2641,isolated_untrained,False,128
CID23635314,2642,isolated_untrained,False,128
CID23642227,2643,isolated_untrained,False,128
CID23643975,2644,isolated_untrained,False,128
CID23653175,2645,isolated_untrained,False,128
CID23654923,2646,isolated_untrained,False,128
CID23662354,2648,trained,True,128
CID23663126,2649,trained,True,128
CID23663939,2650,trained,True,128
CID23663941,2651,isolated_untrained,False,128
CID23663953,2652,trained,True,128
CID23663956,2653,trained,True,128
CID23663973,2654,trained,True,128
CID23663974,2655,trained,True,128
CID23663979,2656,trained,True,128
CID23663991,2657,trained,True,128
CID23663996,2658,trained,True,128
CID23665411,2659,trained,True,128
CID23666110,2660,trained,True,128
CID23666879,2661,isolated_untrained,False,128
CID23667299,2662,isolated_untrained,False,128
CID23667548,2663,isolated_untrained,False,128
CID23667628,2664,trained,True,128
CID23667630,2665,isolated_untrained,False,128
CID23668193,2666,trained,True,128
CID23668834,2667,isolated_untrained,False,128
CID23671691,2668,trained,True,128
CID23672584,2669,isolated_untrained,False,128
CID23674541,2670,trained,True,128
CID23675320,2671,isolated_untrained,False,128
CID23679527,2672,trained,True,128
CID23681059,2673,isolated_untrained,False,128
CID23681107,2674,isolated_untrained,False,128
CID23683671,2675,isolated_untrained,False,128
CID23685176,2676,isolated_untrained,False,128
CID23685177,2677,trained,True,128
CID2369,2678,trained,True,128
CID23696523,2679,isolated_untrained,False,128
CID237,2680,trained,True,128
CID2370,2681,trained,True,128
CID23711819,2682,trained,True,128
CID23725083,2683,isolated_untrained,False,128
CID23725625,2684,trained,True,128
CID2375,2685,trained,True,128
CID2377,2686,trained,True,128
CID2378,2687,trained,True,128
CID238053,2688,trained,True,128
CID2381,2689,trained,True,128
CID2391,2690,trained,True,128
CID2404,2691,isolated_untrained,False,128
CID2405,2692,trained,True,128
CID24066,2693,trained,True,128
CID240767,2694,isolated_untrained,False,128
CID2415,2695,isolated_untrained,False,128
CID24180125,2696,isolated_untrained,False,128
CID24180719,2697,trained,True,128
CID24197464,2698,trained,True,128
CID243,2699,trained,True,128
CID24360,2701,trained,True,128
CID2438,2702,isolated_untrained,False,128
CID2442,2703,trained,True,128
CID2449,2704,isolated_untrained,False,128
CID2453,2705,isolated_untrained,False,128
CID2466,2706,isolated_untrained,False,128
CID247,2707,trained,True,128
CID2471,2708,trained,True,128
CID24720972,2709,isolated_untrained,False,128
CID24739943,2710,isolated_untrained,False,128
CID24748204,2712,trained,True,128
CID24748573,2713,trained,True,128
CID24753719,2714,isolated_untrained,False,128
CID24756910,2715,trained,True,128
CID24764449,2716,isolated_untrained,False,128
CID24765037,2717,isolated_untrained,False,128
CID24767976,2718,isolated_untrained,False,128
CID24768261,2719,isolated_untrained,False,128
CID2477,2720,trained,True,128
CID24770514,2721,trained,True,128
CID24771824,2722,isolated_untrained,False,128
CID24771867,2723,trained,True,128
CID24772860,2724,trained,True,128
CID24775005,2725,trained,True,128
CID24776050,2726,trained,True,128
CID24776445,2727,trained,True,128
CID24779724,2728,trained,True,128
CID24779775,2729,trained,True,128
CID2478,2730,trained,True,128
CID24780598,2731,trained,True,128
CID24785538,2732,trained,True,128
CID24788636,2733,isolated_untrained,False,128
CID24788740,2734,trained,True,128
CID24794418,2735,isolated_untrained,False,128
CID24795070,2736,trained,True,128
CID24800108,2737,isolated_untrained,False,128
CID24800541,2738,trained,True,128
CID24812758,2739,trained,True,128
CID24821094,2740,trained,True,128
CID24822275,2741,isolated_untrained,False,128
CID24825971,2742,isolated_untrained,False,128
CID24826799,2743,trained,True,128
CID24840086,2744,trained,True,128
CID24853505,2745,trained,True,128
CID24856041,2746,isolated_untrained,False,128
CID24856436,2747,trained,True,128
CID24857286,2748,trained,True,128
CID24857323,2749,trained,True,128
CID24858111,2750,isolated_untrained,False,128
CID24864132,2751,isolated_untrained,False,128
CID24864821,2752,trained,True,128
CID24866313,2753,trained,True,128
CID24866733,2754,trained,True,128
CID24872560,2755,isolated_untrained,False,128
CID24879368,2756,trained,True,128
CID24882589,2757,isolated_untrained,False,128
CID24883277,2758,isolated_untrained,False,128
CID24887371,2759,isolated_untrained,False,128
CID24889392,2760,trained,True,128
CID24901704,2761,isolated_untrained,False,128
CID24905142,2762,trained,True,128
CID24905149,2763,isolated_untrained,False,128
CID24906275,2764,trained,True,128
CID249332,2765,trained,True,128
CID24951314,2766,trained,True,128
CID24958200,2767,isolated_untrained,False,128
CID24963252,2768,trained,True,128
CID24964624,2769,trained,True,128
CID24967599,2770,trained,True,128
CID24978538,2771,trained,True,128
CID24988881,2772,isolated_untrained,False,128
CID24995523,2773,isolated_untrained,False,128
CID24995524,2774,trained,True,128
CID24996872,2775,isolated_untrained,False,128
CID25017411,2776,isolated_untrained,False,128
CID25019940,2777,trained,True,128
CID25021165,2778,isolated_untrained,False,128
CID25022668,2779,isolated_untrained,False,128
CID25023738,2780,trained,True,128
CID25027363,2781,trained,True,128
CID25033539,2782,isolated_untrained,False,128
CID25050,2783,trained,True,128
CID25062766,2784,trained,True,128
CID25066467,2785,isolated_untrained,False,128
CID25067547,2786,isolated_untrained,False,128
CID25073775,2787,trained,True,128
CID25093235,2788,isolated_untrained,False,128
CID25099184,2789,isolated_untrained,False,128
CID25102847,2790,trained,True,128
CID25105690,2791,isolated_untrained,False,128
CID25108829,2792,isolated_untrained,False,128
CID25109292,2793,trained,True,128
CID25109985,2794,trained,True,128
CID25110841,2795,isolated_untrained,False,128
CID25113169,2796,isolated_untrained,False,128
CID25113626,2797,isolated_untrained,False,128
CID25113758,2798,isolated_untrained,False,128
CID25114442,2799,trained,True,128
CID25117126,2800,isolated_untrained,False,128
CID25124816,2801,trained,True,128
CID25125014,2802,isolated_untrained,False,128
CID25126798,2803,trained,True,128
CID25127713,2804,trained,True,128
CID25134326,2805,isolated_untrained,False,128
CID25134521,2806,trained,True,128
CID25136944,2807,isolated_untrained,False,128
CID25137844,2808,trained,True,128
CID25141092,2809,trained,True,128
CID25145656,2810,isolated_untrained,False,128
CID25150857,2811,isolated_untrained,False,128
CID25151352,2812,trained,True,128
CID25151504,2813,isolated_untrained,False,128
CID25154041,2814,isolated_untrained,False,128
CID25154713,2815,isolated_untrained,False,128
CID25154714,2816,isolated_untrained,False,128
CID25154867,2817,isolated_untrained,False,128
CID25167017,2818,trained,True,128
CID25167777,2819,trained,True,128
CID25168990,2820,isolated_untrained,False,128
CID25169382,2821,isolated_untrained,False,128
CID2518,2822,isolated_untrained,False,128
CID25183872,2823,trained,True,128
CID2519,2824,trained,True,128
CID25195294,2825,trained,True,128
CID25195348,2826,isolated_untrained,False,128
CID25195352,2827,isolated_untrained,False,128
CID25199517,2828,trained,True,128
CID2520,2829,trained,True,128
CID25206185,2830,isolated_untrained,False,128
CID25207689,2831,trained,True,128
CID25210273,2832,isolated_untrained,False,128
CID25226117,2833,isolated_untrained,False,128
CID25227436,2834,isolated_untrained,False,128
CID25227462,2835,isolated_untrained,False,128
CID25227847,2836,trained,True,128
CID25229450,2837,isolated_untrained,False,128
CID25229526,2838,isolated_untrained,False,128
CID25235170,2839,isolated_untrained,False,128
CID25242324,2840,isolated_untrained,False,128
CID25249,2841,trained,True,128
CID25253377,2842,isolated_untrained,False,128
CID25254071,2843,isolated_untrained,False,128
CID25256849,2844,isolated_untrained,False,128
CID25257557,2845,isolated_untrained,False,128
CID25260757,2846,isolated_untrained,False,128
CID25262792,2847,trained,True,128
CID25262965,2848,trained,True,128
CID25263033,2849,isolated_untrained,False,128
CID25265312,2850,isolated_untrained,False,128
CID252682,2851,isolated_untrained,False,128
CID253078,2852,isolated_untrained,False,128
CID2536,2853,trained,True,128
CID2540,2854,trained,True,128
CID2541,2855,isolated_untrained,False,128
CID2554,2856,trained,True,128
CID2576,2857,trained,True,128
CID2577,2858,trained,True,128
CID2578,2859,trained,True,128
CID2581,2860,trained,True,128
CID2585,2861,trained,True,128
CID259331,2862,trained,True,128
CID259846,2863,trained,True,128
CID26041,2864,isolated_untrained,False,128
CID260439,2865,isolated_untrained,False,128
CID26248,2866,isolated_untrained,False,128
CID265237,2867,trained,True,128
CID26596,2868,isolated_untrained,False,128
CID2662,2869,trained,True,128
CID26757,2870,trained,True,128
CID26758,2871,trained,True,128
CID2678,2872,trained,True,128
CID2682,2874,isolated_untrained,False,128
CID26879,2875,trained,True,128
CID26964,2876,isolated_untrained,False,128
CID2703,2877,trained,True,128
CID2708,2878,trained,True,128
CID2713,2879,trained,True,128
CID2717,2880,trained,True,128
CID2719,2881,trained,True,128
CID2720,2882,trained,True,128
CID27200,2883,trained,True,128
CID2722,2884,trained,True,128
CID2723601,2885,isolated_untrained,False,128
CID2723754,2886,trained,True,128
CID2723920,2887,trained,True,128
CID2724368,2888,isolated_untrained,False,128
CID2724385,2889,trained,True,128
CID2725002,2890,trained,True,128
CID2725048,2891,isolated_untrained,False,128
CID2727,2893,trained,True,128
CID2729042,2894,isolated_untrained,False,128
CID2733,2895,trained,True,128
CID2733525,2896,trained,True,128
CID2733526,2897,trained,True,128
CID27350,2898,trained,True,128
CID27400,2899,isolated_untrained,False,128
CID2741,2900,isolated_untrained,False,128
CID2742550,2901,isolated_untrained,False,128
CID27447,2902,trained,True,128
CID2746,2903,trained,True,128
CID2747117,2904,isolated_untrained,False,128
CID2749,2905,trained,True,128
CID27503,2906,trained,True,128
CID275196,2907,isolated_untrained,False,128
CID2754,2908,trained,True,128
CID2756,2909,trained,True,128
CID2761171,2910,trained,True,128
CID2762,2911,trained,True,128
CID2763,2912,isolated_untrained,False,128
CID2764,2913,trained,True,128
CID2765355,2914,isolated_untrained,False,128
CID2771,2915,trained,True,128
CID2777,2916,isolated_untrained,False,128
CID2779853,2917,isolated_untrained,False,128
CID2787,2918,trained,True,128
CID2794,2919,trained,True,128
CID2796,2920,trained,True,128
CID2797,2921,isolated_untrained,False,128
CID2797577,2922,isolated_untrained,False,128
CID2800,2923,trained,True,128
CID2800647,2924,trained,True,128
CID2801,2925,trained,True,128
CID2803,2926,trained,True,128
CID28061,2927,isolated_untrained,False,128
CID2809273,2928,isolated_untrained,False,128
CID2812,2929,trained,True,128
CID2817763,2930,isolated_untrained,False,128
CID2819993,2931,isolated_untrained,False,128
CID2827646,2932,isolated_untrained,False,128
CID2828334,2933,trained,True,128
CID2836600,2934,isolated_untrained,False,128
CID285033,2935,trained,True,128
CID2882,2936,trained,True,128
CID2882155,2937,isolated_untrained,False,128
CID2888648,2938,isolated_untrained,False,128
CID2893,2939,trained,True,128
CID2895,2940,trained,True,128
CID2900,2941,trained,True,128
CID2907,2942,trained,True,128
CID29112,2943,trained,True,128
CID2913,2944,trained,True,128
CID29243,2945,trained,True,128
CID2926768,2946,isolated_untrained,False,128
CID2929,2947,isolated_untrained,False,128
CID29327,2948,trained,True,128
CID2942,2949,trained,True,128
CID2950007,2950,trained,True,128
CID2984337,2952,isolated_untrained,False,128
CID29971118,2953,trained,True,128
CID29985980,2954,isolated_untrained,False,128
CID3000322,2955,trained,True,128
CID3000518,2956,isolated_untrained,False,128
CID3001055,2957,trained,True,128
CID3002977,2958,trained,True,128
CID3003141,2959,isolated_untrained,False,128
CID3003565,2960,trained,True,128
CID300471,2961,isolated_untrained,False,128
CID3005572,2962,trained,True,128
CID3006531,2963,isolated_untrained,False,128
CID3008319,2964,trained,True,128
CID3009,2965,trained,True,128
CID3009355,2966,trained,True,128
CID3010818,2967,isolated_untrained,False,128
CID3011155,2968,trained,True,128
CID3019,2969,trained,True,128
CID3019427,2970,isolated_untrained,False,128
CID3023,2971,isolated_untrained,False,128
CID3025944,2973,isolated_untrained,False,128
CID3025961,2974,trained,True,128
CID3025986,2975,trained,True,128
CID3032,2976,isolated_untrained,False,128
CID30323,2977,trained,True,128
CID3032474,2978,isolated_untrained,False,128
CID3032771,2979,isolated_untrained,False,128
CID3033050,2980,isolated_untrained,False,128
CID3033825,2981,trained,True,128
CID3033968,2982,trained,True,128
CID3034010,2983,trained,True,128
CID3034034,2984,trained,True,128
CID3035714,2985,isolated_untrained,False,128
CID3035850,2986,isolated_untrained,False,128
CID3036505,2987,trained,True,128
CID3037209,2988,trained,True,128
CID3038,2989,trained,True,128
CID3038502,2990,isolated_untrained,False,128
CID3038517,2991,trained,True,128
CID3038522,2992,trained,True,128
CID3038525,2993,trained,True,128
CID3040551,2994,trained,True,128
CID3045381,2996,trained,True,128
CID3047796,2997,isolated_untrained,False,128
CID3052,2998,trained,True,128
CID3052762,2999,trained,True,128
CID3052775,3000,trained,True,128
CID3055,3001,trained,True,128
CID3062316,3002,trained,True,128
CID3071,3003,isolated_untrained,False,128
CID30751,3004,trained,True,128
CID3081361,3005,trained,True,128
CID3085092,3006,isolated_untrained,False,128
CID3085326,3007,isolated_untrained,False,128
CID3099980,3008,isolated_untrained,False,128
CID3100,3009,trained,True,128
CID3101542,3010,isolated_untrained,False,128
CID310360,3011,isolated_untrained,False,128
CID31072,3012,trained,True,128
CID3108,3013,trained,True,128
CID3114,3014,trained,True,128
CID311434,3015,isolated_untrained,False,128
CID3117,3016,trained,True,128
CID3121,3017,trained,True,128
CID31211,3018,isolated_untrained,False,128
CID31239,3019,isolated_untrained,False,128
CID31401,3020,trained,True,128
CID31411,3021,trained,True,128
CID3151,3022,trained,True,128
CID31553,3023,trained,True,128
CID3156,3024,trained,True,128
CID3157,3025,trained,True,128
CID3158,3026,trained,True,128
CID3168,3028,trained,True,128
CID3169,3029,isolated_untrained,False,128
CID31703,3030,trained,True,128
CID3182,3032,trained,True,128
CID3191,3033,isolated_untrained,False,128
CID3198,3034,trained,True,128
CID3203,3035,isolated_untrained,False,128
CID32169,3036,isolated_untrained,False,128
CID3218,3037,isolated_untrained,False,128
CID3220,3038,trained,True,128
CID3229,3039,trained,True,128
CID323,3040,trained,True,128
CID32343,3041,isolated_untrained,False,128
CID327653,3043,isolated_untrained,False,128
CID32798,3044,trained,True,128
CID3291,3045,trained,True,128
CID33036,3046,isolated_untrained,False,128
CID3308,3047,trained,True,128
CID3324,3048,trained,True,128
CID3326,3049,isolated_untrained,False,128
CID3330,3050,trained,True,128
CID3331,3051,trained,True,128
CID3333,3052,trained,True,128
CID3336,3053,trained,True,128
CID3339,3054,trained,True,128
CID3341,3055,trained,True,128
CID3342,3056,trained,True,128
CID3356,3059,trained,True,128
CID3357,3060,trained,True,128
CID33613,3061,trained,True,128
CID3362,3062,isolated_untrained,False,128
CID3365,3064,trained,True,128
CID3366,3065,trained,True,128
CID3367,3066,trained,True,128
CID3371,3067,trained,True,128
CID3372,3068,trained,True,128
CID3372016,3069,isolated_untrained,False,128
CID3373,3070,trained,True,128
CID3374,3071,trained,True,128
CID3378093,3072,trained,True,128
CID3385,3073,trained,True,128
CID3392731,3075,isolated_untrained,False,128
CID3394,3076,trained,True,128
CID3396,3077,trained,True,128
CID3397,3078,trained,True,128
CID3406,3079,trained,True,128
CID3415,3081,isolated_untrained,False,128
CID34312,3082,trained,True,128
CID34359,3083,trained,True,128
CID3440,3084,trained,True,128
CID344265,3085,isolated_untrained,False,128
CID34458,3086,isolated_untrained,False,128
CID3446,3087,trained,True,128
CID3463,3088,trained,True,128
CID34633,3089,trained,True,128
CID346721,3090,isolated_untrained,False,128
CID3468,3091,trained,True,128
CID3474778,3092,isolated_untrained,False,128
CID3475,3093,trained,True,128
CID3476,3094,trained,True,128
CID3476986,3095,isolated_untrained,False,128
CID3478,3096,trained,True,128
CID3488,3097,trained,True,128
CID3499,3098,isolated_untrained,False,128
CID3501,3099,isolated_untrained,False,128
CID35028115,3100,isolated_untrained,False,128
CID3503,3101,isolated_untrained,False,128
CID3516,3102,isolated_untrained,False,128
CID3519,3103,trained,True,128
CID352500,3105,isolated_untrained,False,128
CID35370,3106,trained,True,128
CID354624,3107,isolated_untrained,False,128
CID3547,3108,trained,True,128
CID3549,3109,isolated_untrained,False,128
CID3549980,3110,isolated_untrained,False,128
CID3559,3111,trained,True,128
CID356653,3112,trained,True,128
CID3570748,3113,isolated_untrained,False,128
CID35802,3114,isolated_untrained,False,128
CID358177,3115,trained,True,128
CID36294,3116,isolated_untrained,False,128
CID36314,3117,trained,True,128
CID3637,3118,trained,True,128
CID3639,3119,trained,True,128
CID36462,3120,trained,True,128
CID3651377,3121,isolated_untrained,False,128
CID3652,3122,trained,True,128
CID3654103,3123,isolated_untrained,False,128
CID3657,3124,trained,True,128
CID36708,3126,trained,True,128
CID3672,3127,trained,True,128
CID3675,3128,trained,True,128
CID3676,3129,trained,True,128
CID36811,3131,trained,True,128
CID3686,3132,trained,True,128
CID3690,3134,trained,True,128
CID3696,3135,trained,True,128
CID3702,3136,trained,True,128
CID3712,3137,isolated_untrained,False,128
CID3715,3138,trained,True,128
CID37392,3139,trained,True,128
CID37393,3140,trained,True,128
CID374536,3141,isolated_untrained,False,128
CID3747,3142,isolated_untrained,False,128
CID3749,3143,trained,True,128
CID3752,3144,isolated_untrained,False,128
CID37542,3145,trained,True,128
CID3760,3146,trained,True,128
CID3767,3147,trained,True,128
CID3779,3148,trained,True,128
CID3784,3149,trained,True,128
CID379077,3150,isolated_untrained,False,128
CID3795,3151,isolated_untrained,False,128
CID38103,3152,trained,True,128
CID3822,3154,isolated_untrained,False,128
CID3825,3155,trained,True,128
CID3825829,3156,isolated_untrained,False,128
CID3826,3157,trained,True,128
CID3827,3158,trained,True,128
CID3830,3159,isolated_untrained,False,128
CID3838,3160,isolated_untrained,False,128
CID38521,3161,trained,True,128
CID387447,3162,trained,True,128
CID3878,3163,trained,True,128
CID3883,3164,trained,True,128
CID3885,3165,isolated_untrained,False,128
CID38853,3166,trained,True,128
CID38911,3167,trained,True,128
CID3899,3168,trained,True,128
CID3902,3169,trained,True,128
CID39042,3170,trained,True,128
CID39186,3171,trained,True,128
CID3922,3172,trained,True,128
CID3926,3173,isolated_untrained,False,128
CID392622,3174,trained,True,128
CID393111,3175,isolated_untrained,False,128
CID3932,3176,trained,True,128
CID3938007,3177,isolated_untrained,False,128
CID394397,3178,isolated_untrained,False,128
CID3948,3179,trained,True,128
CID3950,3180,trained,True,128
CID3955,3181,trained,True,128
CID39562,3182,isolated_untrained,False,128
CID3957,3183,trained,True,128
CID3973,3185,trained,True,128
CID39764,3186,trained,True,128
CID397888,3187,isolated_untrained,False,128
CID398148,3188,isolated_untrained,False,128
CID3994,3189,isolated_untrained,False,128
CID399465,3190,isolated_untrained,False,128
CID4006,3191,isolated_untrained,False,128
CID400633,3192,isolated_untrained,False,128
CID400769,3193,isolated_untrained,False,128
CID4008,3194,trained,True,128
CID4011,3195,trained,True,128
CID4021,3196,isolated_untrained,False,128
CID4030,3197,trained,True,128
CID4032,3198,trained,True,128
CID4033,3199,trained,True,128
CID4034,3200,trained,True,128
CID4037,3201,trained,True,128
CID4044,3202,trained,True,128
CID4046,3203,trained,True,128
CID405012,3204,trained,True,128
CID4054,3205,trained,True,128
CID4055,3206,trained,True,128
CID4060,3208,isolated_untrained,False,128
CID40632,3210,isolated_untrained,False,128
CID406563,3211,trained,True,128
CID4068248,3212,isolated_untrained,False,128
CID4075,3213,trained,True,128
CID4075607,3214,isolated_untrained,False,128
CID4076092,3215,isolated_untrained,False,128
CID40854,3216,isolated_untrained,False,128
CID4091,3217,trained,True,128
CID4096211,3218,isolated_untrained,False,128
CID409805,3219,trained,True,128
CID4100,3220,trained,True,128
CID4101,3221,isolated_untrained,False,128
CID41022,3222,trained,True,128
CID4107,3223,trained,True,128
CID41114,3224,trained,True,128
CID4114,3225,trained,True,128
CID4121,3226,trained,True,128
CID4122,3227,trained,True,128
CID4139,3228,trained,True,128
CID4165,3229,isolated_untrained,False,128
CID41684,3230,trained,True,128
CID4170,3231,trained,True,128
CID4173,3233,trained,True,128
CID41781,3235,trained,True,128
CID4184,3236,trained,True,128
CID41867,3237,isolated_untrained,False,128
CID4189,3238,trained,True,128
CID4194514,3239,trained,True,128
CID4197,3240,trained,True,128
CID4201,3241,trained,True,128
CID4205,3242,trained,True,128
CID4210951,3243,isolated_untrained,False,128
CID4211,3244,trained,True,128
CID4212,3245,trained,True,128
CID4216,3246,trained,True,128
CID421610,3247,isolated_untrained,False,128
CID4219798,3248,trained,True,128
CID4235,3249,trained,True,128
CID4248455,3250,trained,True,128
CID4259181,3251,trained,True,128
CID42596951,3252,isolated_untrained,False,128
CID42598643,3253,isolated_untrained,False,128
CID42609626,3254,isolated_untrained,False,128
CID42609849,3255,isolated_untrained,False,128
CID4261,3256,trained,True,128
CID42611257,3257,trained,True,128
CID42623900,3258,trained,True,128
CID42623951,3259,isolated_untrained,False,128
CID42627755,3260,isolated_untrained,False,128
CID42628503,3261,trained,True,128
CID42636535,3262,isolated_untrained,False,128
CID42640,3263,isolated_untrained,False,128
CID42642645,3264,trained,True,128
CID42642648,3265,isolated_untrained,False,128
CID42642654,3266,isolated_untrained,False,128
CID42647289,3267,isolated_untrained,False,128
CID43116,3268,trained,True,128
CID43231,3269,isolated_untrained,False,128
CID4331799,3270,isolated_untrained,False,128
CID4369359,3271,trained,True,128
CID43815,3272,trained,True,128
CID439246,3273,trained,True,128
CID439260,3274,trained,True,128
CID439280,3275,trained,True,128
CID439501,3276,trained,True,128
CID439503,3277,isolated_untrained,False,128
CID439518,3278,isolated_untrained,False,128
CID439533,3279,trained,True,128
CID439647,3280,trained,True,128
CID439693,3281,trained,True,128
CID4409,3282,trained,True,128
CID44093,3283,trained,True,128
CID440936,3284,isolated_untrained,False,128
CID4410,3285,isolated_untrained,False,128
CID441074,3286,trained,True,128
CID441130,3287,isolated_untrained,False,128
CID441140,3288,trained,True,128
CID441207,3289,trained,True,128
CID441242,3290,isolated_untrained,False,128
CID441244,3291,isolated_untrained,False,128
CID4413,3292,isolated_untrained,False,128
CID441300,3293,trained,True,128
CID441302,3294,isolated_untrained,False,128
CID441307,3295,isolated_untrained,False,128
CID441308,3296,trained,True,128
CID441314,3297,trained,True,128
CID441325,3298,trained,True,128
CID441328,3299,isolated_untrained,False,128
CID441336,3300,isolated_untrained,False,128
CID441344,3301,trained,True,128
CID441350,3302,trained,True,128
CID441351,3303,trained,True,128
CID44135961,3304,isolated_untrained,False,128
CID441361,3305,trained,True,128
CID44137675,3306,trained,True,128
CID44137946,3307,isolated_untrained,False,128
CID44139710,3308,isolated_untrained,False,128
CID441401,3309,trained,True,128
CID441404,3310,isolated_untrained,False,128
CID44143209,3311,isolated_untrained,False,128
CID44143370,3312,isolated_untrained,False,128
CID44155856,3313,isolated_untrained,False,128
CID44156902,3314,trained,True,128
CID44156921,3315,trained,True,128
CID4418,3316,trained,True,128
CID44180156,3317,isolated_untrained,False,128
CID44181686,3318,isolated_untrained,False,128
CID44182295,3319,isolated_untrained,False,128
CID44182398,3320,trained,True,128
CID44187,3321,trained,True,128
CID44187362,3322,isolated_untrained,False,128
CID44187953,3323,isolated_untrained,False,128
CID44191096,3324,isolated_untrained,False,128
CID44195571,3325,isolated_untrained,False,128
CID44195701,3326,isolated_untrained,False,128
CID44199317,3327,isolated_untrained,False,128
CID442021,3328,isolated_untrained,False,128
CID44205240,3329,isolated_untrained,False,128
CID44206063,3330,isolated_untrained,False,128
CID442088,3331,isolated_untrained,False,128
CID4421,3332,trained,True,128
CID44219749,3333,trained,True,128
CID44224257,3334,isolated_untrained,False,128
CID44225877,3335,isolated_untrained,False,128
CID44237094,3336,trained,True,128
CID44240850,3337,trained,True,128
CID442424,3338,isolated_untrained,False,128
CID442428,3339,isolated_untrained,False,128
CID442439,3340,isolated_untrained,False,128
CID44246499,3341,isolated_untrained,False,128
CID44247466,3342,isolated_untrained,False,128
CID44250175,3343,isolated_untrained,False,128
CID442514,3344,trained,True,128
CID44251605,3345,trained,True,128
CID442534,3346,isolated_untrained,False,128
CID44259,3347,trained,True,128
CID442614,3348,isolated_untrained,False,128
CID442972,3349,isolated_untrained,False,128
CID44315352,3350,isolated_untrained,False,128
CID443289,3351,isolated_untrained,False,128
CID44329754,3352,isolated_untrained,False,128
CID443354,3353,trained,True,128
CID443382,3354,isolated_untrained,False,128
CID443390,3355,trained,True,128
CID44341259,3356,isolated_untrained,False,128
CID443593,3357,isolated_untrained,False,128
CID44383,3359,isolated_untrained,False,128
CID443867,3360,trained,True,128
CID443872,3361,trained,True,128
CID443873,3362,isolated_untrained,False,128
CID443878,3363,trained,True,128
CID443939,3365,trained,True,128
CID443943,3366,trained,True,128
CID443955,3367,isolated_untrained,False,128
CID444,3368,trained,True,128
CID4440,3369,trained,True,128
CID444020,3370,trained,True,128
CID444025,3371,isolated_untrained,False,128
CID444030,3372,isolated_untrained,False,128
CID444036,3374,trained,True,128
CID44403842,3375,trained,True,128
CID44404825,3376,isolated_untrained,False,128
CID44421596,3377,isolated_untrained,False,128
CID44424838,3378,isolated_untrained,False,128
CID44451493,3379,isolated_untrained,False,128
CID44457280,3380,isolated_untrained,False,128
CID44462758,3381,trained,True,128
CID44462760,3382,trained,True,128
CID444679,3383,trained,True,128
CID44469321,3384,trained,True,128
CID444732,3385,trained,True,128
CID44475014,3386,trained,True,128
CID444795,3387,trained,True,128
CID44480399,3388,trained,True,128
CID44483163,3389,isolated_untrained,False,128
CID445154,3390,trained,True,128
CID44516953,3391,isolated_untrained,False,128
CID44519124,3392,isolated_untrained,False,128
CID44543605,3393,trained,True,128
CID44545852,3394,trained,True,128
CID44551660,3395,trained,True,128
CID44561,3396,isolated_untrained,False,128
CID445643,3397,trained,True,128
CID44573504,3398,isolated_untrained,False,128
CID44592366,3400,isolated_untrained,False,128
CID44595079,3401,isolated_untrained,False,128
CID44599207,3402,isolated_untrained,False,128
CID44599690,3403,isolated_untrained,False,128
CID44603362,3404,isolated_untrained,False,128
CID44603533,3405,trained,True,128
CID4460695,3406,trained,True,128
CID44607360,3407,isolated_untrained,False,128
CID44607530,3408,trained,True,128
CID44607531,3409,isolated_untrained,False,128
CID446156,3410,trained,True,128
CID4463,3411,isolated_untrained,False,128
CID44631912,3412,trained,True,128
CID44632017,3413,isolated_untrained,False,128
CID446378,3414,trained,True,128
CID446541,3415,trained,True,128
CID446598,3416,isolated_untrained,False,128
CID446727,3417,trained,True,128
CID446738,3418,isolated_untrained,False,128
CID446987,3419,trained,True,128
CID447043,3420,trained,True,128
CID447077,3421,trained,True,128
CID4472,3422,trained,True,128
CID447371,3423,isolated_untrained,False,128
CID4474,3424,trained,True,128
CID4477,3425,trained,True,128
CID447865,3426,trained,True,128
CID447905,3427,trained,True,128
CID447912,3428,isolated_untrained,False,128
CID447966,3429,isolated_untrained,False,128
CID448013,3430,trained,True,128
CID448014,3431,isolated_untrained,False,128
CID448042,3432,trained,True,128
CID448055,3433,trained,True,128
CID44814409,3434,trained,True,128
CID44828492,3435,isolated_untrained,False,128
CID4485,3436,trained,True,128
CID448537,3437,trained,True,128
CID448545,3438,trained,True,128
CID4486,3439,isolated_untrained,False,128
CID448601,3440,trained,True,128
CID448799,3441,isolated_untrained,False,128
CID4488,3442,trained,True,128
CID448812,3443,trained,True,128
CID448949,3444,trained,True,128
CID448991,3445,trained,True,128
CID449035,3446,trained,True,128
CID449054,3447,trained,True,128
CID449069,3448,isolated_untrained,False,128
CID449171,3449,trained,True,128
CID449193,3450,trained,True,128
CID449241,3451,trained,True,128
CID4493,3452,trained,True,128
CID449381,3453,trained,True,128
CID4494,3454,trained,True,128
CID4495,3455,trained,True,128
CID4497,3456,trained,True,128
CID4499,3457,trained,True,128
CID45027820,3458,isolated_untrained,False,128
CID4507,3459,trained,True,128
CID45101433,3460,isolated_untrained,False,128
CID4513,3461,trained,True,128
CID45139106,3462,isolated_untrained,False,128
CID451415,3463,trained,True,128
CID451668,3464,trained,True,128
CID4521392,3465,trained,True,128
CID452548,3466,trained,True,128
CID45270144,3467,isolated_untrained,False,128
CID45279469,3468,isolated_untrained,False,128
CID453548,3469,isolated_untrained,False,128
CID45375808,3470,isolated_untrained,False,128
CID45375887,3471,isolated_untrained,False,128
CID45375953,3472,isolated_untrained,False,128
CID4539,3473,trained,True,128
CID454194,3474,isolated_untrained,False,128
CID454216,3475,trained,True,128
CID45480520,3476,trained,True,128
CID456199,3477,isolated_untrained,False,128
CID456214,3478,trained,True,128
CID456389,3479,isolated_untrained,False,128
CID4566,3480,trained,True,128
CID457193,3481,trained,True,128
CID45784923,3482,isolated_untrained,False,128
CID4583,3483,trained,True,128
CID4593,3484,isolated_untrained,False,128
CID4594,3485,trained,True,128
CID45942672,3486,isolated_untrained,False,128
CID4595,3487,trained,True,128
CID459617,3488,trained,True,128
CID4601,3489,trained,True,128
CID460612,3490,trained,True,128
CID461399,3491,isolated_untrained,False,128
CID4614,3492,trained,True,128
CID46173038,3493,isolated_untrained,False,128
CID46175189,3494,isolated_untrained,False,128
CID46180666,3495,isolated_untrained,False,128
CID46184986,3496,trained,True,128
CID46188928,3497,trained,True,128
CID46189838,3498,isolated_untrained,False,128
CID46191454,3499,isolated_untrained,False,128
CID46192505,3500,isolated_untrained,False,128
CID46199207,3501,isolated_untrained,False,128
CID46199646,3502,isolated_untrained,False,128
CID46209401,3503,isolated_untrained,False,128
CID46209426,3504,isolated_untrained,False,128
CID4621,3505,isolated_untrained,False,128
CID46213929,3506,trained,True,128
CID46214930,3507,isolated_untrained,False,128
CID46215462,3508,isolated_untrained,False,128
CID46215815,3509,isolated_untrained,False,128
CID46216556,3510,trained,True,128
CID46216796,3511,trained,True,128
CID4622,3512,isolated_untrained,False,128
CID46220502,3513,trained,True,128
CID46224413,3514,isolated_untrained,False,128
CID46224516,3515,trained,True,128
CID46232606,3516,isolated_untrained,False,128
CID462382,3517,isolated_untrained,False,128
CID46239014,3518,isolated_untrained,False,128
CID46239015,3519,trained,True,128
CID46241268,3520,trained,True,128
CID46242512,3521,isolated_untrained,False,128
CID46244454,3522,isolated_untrained,False,128
CID46245047,3523,trained,True,128
CID46245328,3524,isolated_untrained,False,128
CID4634,3526,trained,True,128
CID4636,3527,trained,True,128
CID46398810,3528,isolated_untrained,False,128
CID4641,3529,trained,True,128
CID4649,3530,trained,True,128
CID4659569,3531,trained,True,128
CID46700756,3532,isolated_untrained,False,128
CID4674,3533,trained,True,128
CID46742353,3534,trained,True,128
CID4679,3535,trained,True,128
CID4680,3536,trained,True,128
CID46832368,3537,trained,True,128
CID46834118,3538,isolated_untrained,False,128
CID46836227,3539,isolated_untrained,False,128
CID46843772,3540,trained,True,128
CID46843906,3541,trained,True,128
CID468595,3542,trained,True,128
CID46866705,3543,trained,True,128
CID46870258,3544,trained,True,128
CID4688,3545,trained,True,128
CID46883536,3546,isolated_untrained,False,128
CID46885626,3547,trained,True,128
CID46898058,3548,isolated_untrained,False,128
CID46907787,3549,trained,True,128
CID46909588,3550,trained,True,128
CID46911017,3551,isolated_untrained,False,128
CID46911228,3552,trained,True,128
CID46911863,3553,trained,True,128
CID46912230,3554,isolated_untrained,False,128
CID46916694,3555,isolated_untrained,False,128
CID46918825,3556,isolated_untrained,False,128
CID46925884,3557,trained,True,128
CID46926062,3558,isolated_untrained,False,128
CID46926350,3559,isolated_untrained,False,128
CID46926973,3560,trained,True,128
CID46927888,3561,trained,True,128
CID46930984,3562,isolated_untrained,False,128
CID46930992,3563,trained,True,128
CID46930998,3564,isolated_untrained,False,128
CID46931003,3565,isolated_untrained,False,128
CID46931953,3566,isolated_untrained,False,128
CID46933992,3567,trained,True,128
CID46934289,3568,isolated_untrained,False,128
CID46940575,3569,isolated_untrained,False,128
CID46943432,3570,trained,True,128
CID46944259,3571,trained,True,128
CID470375,3572,isolated_untrained,False,128
CID4705,3573,isolated_untrained,False,128
CID4708,3574,trained,True,128
CID4713,3575,isolated_untrained,False,128
CID47320,3576,trained,True,128
CID4735,3577,trained,True,128
CID4746,3578,trained,True,128
CID47471,3579,trained,True,128
CID47472,3580,trained,True,128
CID47528,3581,trained,True,128
CID4760,3583,trained,True,128
CID4768,3585,trained,True,128
CID476861,3586,trained,True,128
CID47751,3587,isolated_untrained,False,128
CID4781,3588,trained,True,128
CID47812,3590,trained,True,128
CID4784,3591,isolated_untrained,False,128
CID47866,3592,isolated_untrained,False,128
CID4787937,3593,isolated_untrained,False,128
CID4788,3594,trained,True,128
CID47936,3595,trained,True,128
CID479503,3596,trained,True,128
CID4810,3597,trained,True,128
CID4823,3598,trained,True,128
CID4829,3599,trained,True,128
CID483477,3600,trained,True,128
CID4842,3602,trained,True,128
CID4843,3603,isolated_untrained,False,128
CID4855,3604,isolated_untrained,False,128
CID4858,3605,isolated_untrained,False,128
CID4875,3606,trained,True,128
CID4878,3607,isolated_untrained,False,128
CID4881,3608,isolated_untrained,False,128
CID4887,3609,trained,True,128
CID4888,3610,isolated_untrained,False,128
CID4891,3611,trained,True,128
CID4893,3612,trained,True,128
CID4908,3614,trained,True,128
CID4908365,3615,isolated_untrained,False,128
CID4909,3616,trained,True,128
CID4911,3617,trained,True,128
CID4912,3618,trained,True,128
CID4915,3620,trained,True,128
CID4917,3621,trained,True,128
CID4922,3623,trained,True,128
CID492405,3624,trained,True,128
CID493027,3625,isolated_untrained,False,128
CID4932,3626,trained,True,128
CID4935,3627,trained,True,128
CID493570,3628,trained,True,128
CID4943,3629,trained,True,128
CID49766501,3631,isolated_untrained,False,128
CID49769085,3632,isolated_untrained,False,128
CID49777740,3633,trained,True,128
CID49784945,3634,isolated_untrained,False,128
CID4979942,3635,isolated_untrained,False,128
CID49803313,3636,isolated_untrained,False,128
CID49806720,3637,isolated_untrained,False,128
CID49830258,3638,isolated_untrained,False,128
CID49830260,3639,isolated_untrained,False,128
CID49831008,3640,isolated_untrained,False,128
CID49831257,3641,isolated_untrained,False,128
CID49836020,3642,isolated_untrained,False,128
CID49836027,3643,isolated_untrained,False,128
CID49836058,3644,isolated_untrained,False,128
CID49837968,3645,trained,True,128
CID49841217,3646,trained,True,128
CID49843509,3647,isolated_untrained,False,128
CID49843531,3648,trained,True,128
CID49846579,3649,trained,True,128
CID49848070,3650,isolated_untrained,False,128
CID49849912,3651,isolated_untrained,False,128
CID49850262,3652,isolated_untrained,False,128
CID49852229,3653,isolated_untrained,False,128
CID49852941,3654,trained,True,128
CID49855250,3655,trained,True,128
CID49864204,3656,isolated_untrained,False,128
CID49867926,3657,isolated_untrained,False,128
CID49867928,3658,isolated_untrained,False,128
CID49867930,3659,trained,True,128
CID49867936,3660,trained,True,128
CID4993,3662,trained,True,128
CID4996,3663,isolated_untrained,False,128
CID5003929,3665,isolated_untrained,False,128
CID5018304,3666,trained,True,128
CID5034,3667,isolated_untrained,False,128
CID5035,3668,trained,True,128
CID5042,3669,isolated_untrained,False,128
CID504670,3670,isolated_untrained,False,128
CID50515,3671,isolated_untrained,False,128
CID5052,3672,isolated_untrained,False,128
CID5056,3673,isolated_untrained,False,128
CID5070,3674,trained,True,128
CID5071,3675,trained,True,128
CID5073,3676,trained,True,128
CID5078,3677,trained,True,128
CID5081913,3678,isolated_untrained,False,128
CID50878566,3679,isolated_untrained,False,128
CID5090,3680,trained,True,128
CID50905018,3681,trained,True,128
CID50905713,3682,trained,True,128
CID50909779,3683,isolated_untrained,False,128
CID5092,3684,trained,True,128
CID50922675,3685,trained,True,128
CID50922691,3686,isolated_untrained,False,128
CID5094,3687,isolated_untrained,False,128
CID50942,3688,isolated_untrained,False,128
CID50985821,3690,isolated_untrained,False,128
CID51000408,3691,isolated_untrained,False,128
CID51001932,3692,trained,True,128
CID51003603,3693,trained,True,128
CID51031035,3694,isolated_untrained,False,128
CID51033720,3695,trained,True,128
CID51038269,3696,isolated_untrained,False,128
CID51039095,3697,trained,True,128
CID51040,3698,trained,True,128
CID51042438,3699,trained,True,128
CID51066577,3700,isolated_untrained,False,128
CID51081,3701,trained,True,128
CID51082,3702,isolated_untrained,False,128
CID5113032,3703,isolated_untrained,False,128
CID512282,3704,isolated_untrained,False,128
CID51346120,3705,isolated_untrained,False,128
CID51346455,3706,trained,True,128
CID51358113,3707,trained,True,128
CID51371303,3708,trained,True,128
CID515328,3709,isolated_untrained,False,128
CID5160,3710,isolated_untrained,False,128
CID5161,3711,trained,True,128
CID5163,3712,trained,True,128
CID51634,3713,trained,True,128
CID5169,3714,isolated_untrained,False,128
CID51712,3715,isolated_untrained,False,128
CID517321,3716,isolated_untrained,False,128
CID51754,3717,isolated_untrained,False,128
CID517546,3718,trained,True,128
CID51755,3719,isolated_untrained,False,128
CID5186,3720,isolated_untrained,False,128
CID521106,3721,isolated_untrained,False,128
CID5215,3722,trained,True,128
CID5253,3723,trained,True,128
CID5277135,3724,trained,True,128
CID5278396,3725,trained,True,128
CID5280343,3726,trained,True,128
CID5280360,3727,trained,True,128
CID5280373,3728,trained,True,128
CID5280443,3729,trained,True,128
CID5280445,3730,isolated_untrained,False,128
CID5280453,3731,trained,True,128
CID5280489,3732,isolated_untrained,False,128
CID5280567,3733,trained,True,128
CID5280569,3734,isolated_untrained,False,128
CID5280723,3735,trained,True,128
CID5280863,3739,trained,True,128
CID5280961,3740,trained,True,128
CID5281004,3741,trained,True,128
CID5281025,3742,trained,True,128
CID5281032,3743,trained,True,128
CID5281033,3744,trained,True,128
CID5281034,3745,trained,True,128
CID5281056,3747,trained,True,128
CID5281064,3748,isolated_untrained,False,128
CID5281065,3749,trained,True,128
CID5281066,3750,isolated_untrained,False,128
CID5281067,3751,isolated_untrained,False,128
CID5281068,3752,trained,True,128
CID5281069,3753,trained,True,128
CID5281078,3754,trained,True,128
CID5281081,3755,trained,True,128
CID5281107,3756,trained,True,128
CID5281222,3757,isolated_untrained,False,128
CID5281304,3758,trained,True,128
CID5281321,3759,isolated_untrained,False,128
CID5281377,3760,isolated_untrained,False,128
CID5281417,3761,trained,True,128
CID5281437,3762,isolated_untrained,False,128
CID5281511,3763,isolated_untrained,False,128
CID5281605,3764,isolated_untrained,False,128
CID5281607,3765,isolated_untrained,False,128
CID5281613,3766,trained,True,128
CID5281614,3767,trained,True,128
CID5281672,3768,trained,True,128
CID5281673,3769,isolated_untrained,False,128
CID5281708,3770,isolated_untrained,False,128
CID5281718,3771,isolated_untrained,False,128
CID5281787,3772,isolated_untrained,False,128
CID5281807,3773,isolated_untrained,False,128
CID5281855,3774,trained,True,128
CID5281884,3775,trained,True,128
CID5281915,3776,trained,True,128
CID5281929,3777,isolated_untrained,False,128
CID5282049,3778,isolated_untrained,False,128
CID5282054,3779,trained,True,128
CID5282136,3780,isolated_untrained,False,128
CID5282138,3781,trained,True,128
CID5282139,3782,trained,True,128
CID5282181,3783,trained,True,128
CID5282226,3784,trained,True,128
CID5282230,3785,trained,True,128
CID5282379,3786,trained,True,128
CID5282386,3787,trained,True,128
CID5282402,3788,trained,True,128
CID5282407,3789,trained,True,128
CID5282408,3790,trained,True,128
CID5282440,3791,isolated_untrained,False,128
CID5282451,3792,trained,True,128
CID5282455,3793,isolated_untrained,False,128
CID5282458,3794,isolated_untrained,False,128
CID5282474,3795,trained,True,128
CID5282481,3796,trained,True,128
CID5282521,3797,isolated_untrained,False,128
CID5283066,3798,isolated_untrained,False,128
CID5283731,3799,trained,True,128
CID5283820,3800,trained,True,128
CID5284329,3801,trained,True,128
CID5284330,3802,isolated_untrained,False,128
CID5284360,3803,isolated_untrained,False,128
CID5284373,3804,trained,True,128
CID5284419,3805,isolated_untrained,False,128
CID5284441,3806,trained,True,128
CID5284443,3807,trained,True,128
CID5284447,3808,trained,True,128
CID5284452,3809,isolated_untrained,False,128
CID5284513,3810,trained,True,128
CID5284549,3811,trained,True,128
CID5284583,3812,trained,True,128
CID5284587,3813,isolated_untrained,False,128
CID5284592,3814,trained,True,128
CID5284613,3816,isolated_untrained,False,128
CID5284616,3817,trained,True,128
CID5284627,3818,trained,True,128
CID5284631,3819,isolated_untrained,False,128
CID5287541,3820,trained,True,128
CID5287620,3821,trained,True,128
CID5287792,3822,isolated_untrained,False,128
CID5287855,3823,isolated_untrained,False,128
CID5287969,3824,trained,True,128
CID5288149,3825,trained,True,128
CID5288209,3826,trained,True,128
CID5288382,3827,trained,True,128
CID5289394,3828,isolated_untrained,False,128
CID5289418,3829,isolated_untrained,False,128
CID5289501,3830,trained,True,128
CID5291,3831,trained,True,128
CID52912189,3832,isolated_untrained,False,128
CID52912222,3833,trained,True,128
CID52913813,3834,isolated_untrained,False,128
CID52934180,3835,isolated_untrained,False,128
CID52934829,3836,isolated_untrained,False,128
CID52938427,3837,trained,True,128
CID52943938,3838,isolated_untrained,False,128
CID52947716,3839,trained,True,128
CID52948550,3840,trained,True,128
CID5310939,3841,isolated_untrained,False,128
CID5310966,3842,trained,True,128
CID5310993,3843,isolated_untrained,False,128
CID5311,3844,trained,True,128
CID5311007,3845,trained,True,128
CID5311027,3846,trained,True,128
CID5311037,3847,isolated_untrained,False,128
CID5311066,3848,trained,True,128
CID5311068,3849,trained,True,128
CID5311180,3851,isolated_untrained,False,128
CID5311181,3852,trained,True,128
CID5311194,3853,isolated_untrained,False,128
CID5311217,3854,trained,True,128
CID5311272,3855,isolated_untrained,False,128
CID5311309,3856,trained,True,128
CID5311339,3857,isolated_untrained,False,128
CID5311345,3858,isolated_untrained,False,128
CID5311382,3859,trained,True,128
CID5311497,3860,trained,True,128
CID5311510,3861,isolated_untrained,False,128
CID5312122,3862,isolated_untrained,False,128
CID5312125,3863,trained,True,128
CID5312149,3864,isolated_untrained,False,128
CID5316290,3865,isolated_untrained,False,128
CID5318517,3866,isolated_untrained,False,128
CID5318997,3867,isolated_untrained,False,128
CID5321010,3868,trained,True,128
CID5321018,3869,trained,True,128
CID53232,3870,trained,True,128
CID53235510,3871,trained,True,128
CID5323714,3872,trained,True,128
CID5324,3873,isolated_untrained,False,128
CID53240420,3874,isolated_untrained,False,128
CID5324346,3875,trained,True,128
CID53245636,3876,isolated_untrained,False,128
CID53248764,3877,trained,True,128
CID5325,3878,isolated_untrained,False,128
CID53252516,3879,isolated_untrained,False,128
CID5326,3880,isolated_untrained,False,128
CID53262401,3881,isolated_untrained,False,128
CID5326956,3882,isolated_untrained,False,128
CID5327,3883,isolated_untrained,False,128
CID53276,3884,trained,True,128
CID5327686,3885,isolated_untrained,False,128
CID5327721,3886,isolated_untrained,False,128
CID5327916,3887,trained,True,128
CID5328,3888,trained,True,128
CID5328779,3889,isolated_untrained,False,128
CID5328940,3890,trained,True,128
CID5329,3891,trained,True,128
CID5329006,3892,isolated_untrained,False,128
CID5329098,3893,trained,True,128
CID5329099,3894,trained,True,128
CID5329102,3895,trained,True,128
CID5329106,3896,isolated_untrained,False,128
CID5330,3897,isolated_untrained,False,128
CID53302361,3898,isolated_untrained,False,128
CID5330286,3899,trained,True,128
CID5330790,3900,trained,True,128
CID53315868,3901,trained,True,128
CID53315882,3902,trained,True,128
CID53316140,3903,trained,True,128
CID53316142,3904,isolated_untrained,False,128
CID53322732,3905,isolated_untrained,False,128
CID53322923,3906,trained,True,128
CID53325875,3907,isolated_untrained,False,128
CID5333,3908,trained,True,128
CID53340426,3909,trained,True,128
CID53340666,3910,trained,True,128
CID53340771,3911,trained,True,128
CID53344620,3912,trained,True,128
CID53348204,3913,isolated_untrained,False,128
CID5335,3914,trained,True,128
CID53355503,3915,trained,True,128
CID5335621,3916,isolated_untrained,False,128
CID53356806,3917,isolated_untrained,False,128
CID53358942,3918,isolated_untrained,False,128
CID53359,3919,trained,True,128
CID5336,3920,isolated_untrained,False,128
CID5337997,3921,isolated_untrained,False,128
CID53380437,3922,isolated_untrained,False,128
CID53387035,3923,isolated_untrained,False,128
CID53388144,3924,isolated_untrained,False,128
CID5339,3925,trained,True,128
CID53396311,3926,trained,True,128
CID53396328,3927,trained,True,128
CID53398697,3928,isolated_untrained,False,128
CID53401057,3929,isolated_untrained,False,128
CID5342,3930,trained,True,128
CID53469059,3931,trained,True,128
CID53469448,3932,trained,True,128
CID53484170,3933,trained,True,128
CID53494972,3934,trained,True,128
CID53495165,3935,isolated_untrained,False,128
CID5351307,3936,isolated_untrained,False,128
CID5351344,3937,isolated_untrained,False,128
CID5352062,3938,trained,True,128
CID5353431,3939,isolated_untrained,False,128
CID5353852,3940,trained,True,128
CID5355,3941,trained,True,128
CID5358,3942,trained,True,128
CID5359,3943,trained,True,128
CID5360373,3944,trained,True,128
CID5360515,3945,trained,True,128
CID5360696,3946,trained,True,128
CID5361,3947,trained,True,128
CID5362123,3948,isolated_untrained,False,128
CID5362124,3949,trained,True,128
CID5362129,3950,trained,True,128
CID5362376,3951,trained,True,128
CID5362420,3952,isolated_untrained,False,128
CID5362422,3953,trained,True,128
CID5379,3954,trained,True,128
CID5381,3955,trained,True,128
CID5386,3956,isolated_untrained,False,128
CID5388961,3957,trained,True,128
CID5388983,3958,trained,True,128
CID5394,3959,trained,True,128
CID5401,3960,trained,True,128
CID5405,3961,trained,True,128
CID5417,3962,isolated_untrained,False,128
CID54259,3963,isolated_untrained,False,128
CID5426,3964,trained,True,128
CID54260,3965,isolated_untrained,False,128
CID5429,3966,trained,True,128
CID5430,3967,trained,True,128
CID54360,3968,trained,True,128
CID54454,3969,trained,True,128
CID5453,3971,trained,True,128
CID54575456,3972,isolated_untrained,False,128
CID54576693,3973,trained,True,128
CID5458190,3974,isolated_untrained,False,128
CID54585,3975,trained,True,128
CID5459110,3976,trained,True,128
CID5459308,3977,isolated_untrained,False,128
CID5459840,3978,isolated_untrained,False,128
CID5460033,3979,trained,True,128
CID54608520,3980,isolated_untrained,False,128
CID54611422,3981,isolated_untrained,False,128
CID5462501,3982,trained,True,128
CID5464025,3983,trained,True,128
CID5464092,3984,trained,True,128
CID54670067,3985,trained,True,128
CID54671008,3986,trained,True,128
CID54671203,3987,trained,True,128
CID54675769,3988,trained,True,128
CID54675776,3989,trained,True,128
CID54675779,3990,trained,True,128
CID54675783,3991,trained,True,128
CID54676228,3992,trained,True,128
CID54676905,3993,isolated_untrained,False,128
CID54677470,3994,trained,True,128
CID54677946,3995,trained,True,128
CID54677971,3996,trained,True,128
CID54677973,3997,isolated_untrained,False,128
CID54678486,3998,trained,True,128
CID54678490,3999,isolated_untrained,False,128
CID54678924,4000,trained,True,128
CID54679224,4001,trained,True,128
CID54680660,4002,isolated_untrained,False,128
CID54680692,4003,trained,True,128
CID54682876,4004,trained,True,128
CID54684141,4005,trained,True,128
CID54685215,4006,trained,True,128
CID54686904,4007,trained,True,128
CID54690031,4008,trained,True,128
CID5469318,4009,isolated_untrained,False,128
CID54698642,4010,isolated_untrained,False,128
CID54704426,4011,trained,True,128
CID54706679,4012,isolated_untrained,False,128
CID54708532,4013,isolated_untrained,False,128
CID5472,4014,trained,True,128
CID54726191,4015,trained,True,128
CID54765302,4016,isolated_untrained,False,128
CID54766013,4017,isolated_untrained,False,128
CID5477212,4018,isolated_untrained,False,128
CID5478883,4019,trained,True,128
CID5478927,4020,trained,True,128
CID5479,4021,isolated_untrained,False,128
CID5480230,4022,isolated_untrained,False,128
CID5482,4023,trained,True,128
CID5483,4024,isolated_untrained,False,128
CID5483090,4025,isolated_untrained,False,128
CID54840,4026,trained,True,128
CID5484444,4028,isolated_untrained,False,128
CID5485201,4029,trained,True,128
CID5486699,4030,isolated_untrained,False,128
CID5486971,4031,trained,True,128
CID5487,4032,trained,True,128
CID5487426,4033,trained,True,128
CID5488548,4034,trained,True,128
CID54889,4035,isolated_untrained,False,128
CID54891,4036,isolated_untrained,False,128
CID54900,4038,trained,True,128
CID5493444,4039,trained,True,128
CID5494425,4040,trained,True,128
CID5494449,4041,trained,True,128
CID5495818,4042,isolated_untrained,False,128
CID5504,4043,trained,True,128
CID5505,4044,trained,True,128
CID5510,4046,trained,True,128
CID55182,4047,isolated_untrained,False,128
CID55245,4048,trained,True,128
CID5526,4049,trained,True,128
CID55283,4050,trained,True,128
CID5530,4051,trained,True,128
CID55329,4052,isolated_untrained,False,128
CID5533,4053,trained,True,128
CID5546,4054,trained,True,128
CID5560,4055,trained,True,128
CID5564,4056,trained,True,128
CID5566,4057,trained,True,128
CID5568,4058,trained,True,128
CID5572,4059,trained,True,128
CID5574924,4060,isolated_untrained,False,128
CID5577,4061,isolated_untrained,False,128
CID5578,4062,trained,True,128
CID5583,4063,trained,True,128
CID5585,4064,trained,True,128
CID5591,4066,trained,True,128
CID5593,4067,trained,True,128
CID56031,4068,isolated_untrained,False,128
CID56069,4069,trained,True,128
CID5614,4070,isolated_untrained,False,128
CID56207,4071,isolated_untrained,False,128
CID56208,4072,isolated_untrained,False,128
CID56329,4073,trained,True,128
CID564,4075,trained,True,128
CID56463,4076,isolated_untrained,False,128
CID5656,4077,trained,True,128
CID56599293,4078,isolated_untrained,False,128
CID56599306,4079,isolated_untrained,False,128
CID56603532,4080,trained,True,128
CID56645356,4081,isolated_untrained,False,128
CID56645961,4082,trained,True,128
CID56649281,4083,isolated_untrained,False,128
CID56649450,4084,trained,True,128
CID56650312,4085,isolated_untrained,False,128
CID56654642,4086,isolated_untrained,False,128
CID56682557,4087,isolated_untrained,False,128
CID56704,4088,trained,True,128
CID56832449,4089,isolated_untrained,False,128
CID5684,4090,trained,True,128
CID568416,4091,isolated_untrained,False,128
CID56843850,4092,trained,True,128
CID56844015,4093,trained,True,128
CID56846691,4094,trained,True,128
CID56846693,4095,trained,True,128
CID5694,4096,isolated_untrained,False,128
CID56941241,4097,isolated_untrained,False,128
CID56944144,4098,isolated_untrained,False,128
CID56948527,4099,isolated_untrained,False,128
CID56949412,4100,isolated_untrained,False,128
CID56949517,4101,isolated_untrained,False,128
CID56953649,4102,isolated_untrained,False,128
CID56956240,4103,isolated_untrained,False,128
CID56959,4104,trained,True,128
CID56960363,4105,isolated_untrained,False,128
CID56960447,4106,isolated_untrained,False,128
CID56962337,4107,isolated_untrained,False,128
CID56963315,4108,isolated_untrained,False,128
CID56965901,4109,trained,True,128
CID56965963,4110,isolated_untrained,False,128
CID56968072,4111,trained,True,128
CID56973724,4112,trained,True,128
CID5702160,4113,trained,True,128
CID5702220,4114,trained,True,128
CID5702541,4115,isolated_untrained,False,128
CID57030,4116,trained,True,128
CID5709,4117,trained,True,128
CID5712,4118,isolated_untrained,False,128
CID5717,4119,trained,True,128
CID5717801,4120,isolated_untrained,False,128
CID5719,4121,trained,True,128
CID572,4122,trained,True,128
CID5720,4123,isolated_untrained,False,128
CID5730,4124,trained,True,128
CID57327016,4125,isolated_untrained,False,128
CID57335384,4126,isolated_untrained,False,128
CID57336514,4127,isolated_untrained,False,128
CID57336745,4128,trained,True,128
CID57336812,4129,isolated_untrained,False,128
CID57339144,4130,isolated_untrained,False,128
CID57339395,4131,isolated_untrained,False,128
CID5734,4132,trained,True,128
CID57340685,4133,isolated_untrained,False,128
CID57345410,4134,trained,True,128
CID57345941,4135,trained,True,128
CID57353643,4136,isolated_untrained,False,128
CID57363,4137,trained,True,128
CID57379345,4138,trained,True,128
CID57381425,4139,trained,True,128
CID57394021,4140,isolated_untrained,False,128
CID57412684,4141,isolated_untrained,False,128
CID5742,4142,trained,True,128
CID5742832,4143,isolated_untrained,False,128
CID5743,4144,trained,True,128
CID57441923,4145,trained,True,128
CID5745,4146,trained,True,128
CID5746,4147,trained,True,128
CID57469,4148,trained,True,128
CID5748,4149,trained,True,128
CID5748293,4150,isolated_untrained,False,128
CID57519505,4151,trained,True,128
CID57519508,4152,isolated_untrained,False,128
CID57519509,4153,isolated_untrained,False,128
CID57519510,4154,isolated_untrained,False,128
CID57519512,4155,trained,True,128
CID57519517,4156,isolated_untrained,False,128
CID57519518,4157,isolated_untrained,False,128
CID57519522,4158,isolated_untrained,False,128
CID57519523,4159,isolated_untrained,False,128
CID57519524,4160,isolated_untrained,False,128
CID57519526,4161,isolated_untrained,False,128
CID57519527,4162,trained,True,128
CID57519528,4163,trained,True,128
CID57519529,4164,isolated_untrained,False,128
CID57519531,4165,isolated_untrained,False,128
CID57519533,4166,isolated_untrained,False,128
CID57519535,4167,isolated_untrained,False,128
CID57519537,4168,isolated_untrained,False,128
CID57519538,4169,isolated_untrained,False,128
CID57519540,4170,isolated_untrained,False,128
CID57519541,4171,isolated_untrained,False,128
CID57519542,4172,isolated_untrained,False,128
CID57519543,4173,trained,True,128
CID57519544,4174,trained,True,128
CID57519546,4175,isolated_untrained,False,128
CID57519547,4176,isolated_untrained,False,128
CID57519549,4177,isolated_untrained,False,128
CID57519550,4178,trained,True,128
CID57519551,4179,trained,True,128
CID57519554,4180,trained,True,128
CID57519555,4181,trained,True,128
CID57519748,4182,trained,True,128
CID5754,4183,trained,True,128
CID5755,4184,trained,True,128
CID5756,4185,trained,True,128
CID5757,4186,trained,True,128
CID5763,4187,isolated_untrained,False,128
CID57662985,4188,isolated_untrained,False,128
CID5770,4189,trained,True,128
CID5775,4190,trained,True,128
CID5780,4191,isolated_untrained,False,128
CID5790,4192,trained,True,128
CID57928403,4193,isolated_untrained,False,128
CID5795,4194,isolated_untrained,False,128
CID5799,4195,isolated_untrained,False,128
CID57990869,4196,isolated_untrained,False,128
CID5803,4197,trained,True,128
CID5813717,4198,isolated_untrained,False,128
CID5815,4199,trained,True,128
CID5816,4200,trained,True,128
CID5819,4201,trained,True,128
CID58204997,4202,isolated_untrained,False,128
CID58221879,4203,isolated_untrained,False,128
CID58298318,4204,trained,True,128
CID58299817,4205,trained,True,128
CID5831,4206,trained,True,128
CID5833,4207,trained,True,128
CID5834,4208,isolated_untrained,False,128
CID5849,4209,trained,True,128
CID58507717,4210,trained,True,128
CID58539301,4211,isolated_untrained,False,128
CID58573469,4212,isolated_untrained,False,128
CID5865,4213,trained,True,128
CID5870,4214,trained,True,128
CID5878,4215,trained,True,128
CID5881,4216,trained,True,128
CID5905,4217,trained,True,128
CID5909,4218,trained,True,128
CID59174488,4220,isolated_untrained,False,128
CID59174579,4221,isolated_untrained,False,128
CID5920,4222,trained,True,128
CID59239165,4223,isolated_untrained,False,128
CID5924208,4224,trained,True,128
CID5935,4225,trained,True,128
CID59397065,4226,isolated_untrained,False,128
CID59422203,4227,trained,True,128
CID59437537,4228,trained,True,128
CID5944,4229,trained,True,128
CID59472121,4230,isolated_untrained,False,128
CID5959,4231,trained,True,128
CID59599728,4232,isolated_untrained,False,128
CID59603622,4233,isolated_untrained,False,128
CID59604787,4234,trained,True,128
CID59634741,4235,trained,True,128
CID59669121,4236,isolated_untrained,False,128
CID59691338,4237,trained,True,128
CID5970,4238,isolated_untrained,False,128
CID5974,4239,isolated_untrained,False,128
CID59757974,4240,isolated_untrained,False,128
CID59772,4242,trained,True,128
CID5978,4243,trained,True,128
CID59783754,4244,isolated_untrained,False,128
CID5991,4245,trained,True,128
CID5994,4246,trained,True,128
CID5995,4247,trained,True,128
CID60060499,4248,trained,True,128
CID6009,4249,isolated_untrained,False,128
CID6010,4250,trained,True,128
CID60119583,4251,isolated_untrained,False,128
CID6013,4252,trained,True,128
CID60138149,4253,isolated_untrained,False,128
CID60147023,4254,trained,True,128
CID60160561,4255,trained,True,128
CID60164,4256,trained,True,128
CID60167648,4257,isolated_untrained,False,128
CID60167849,4258,trained,True,128
CID6018,4259,trained,True,128
CID6019,4260,trained,True,128
CID60195218,4261,isolated_untrained,False,128
CID60196195,4262,isolated_untrained,False,128
CID60196281,4263,isolated_untrained,False,128
CID60196361,4264,isolated_untrained,False,128
CID60198,4265,trained,True,128
CID60199242,4266,isolated_untrained,False,128
CID60202647,4267,trained,True,128
CID6029,4268,isolated_untrained,False,128
CID6032,4269,trained,True,128
CID6041,4270,trained,True,128
CID60464,4271,trained,True,128
CID6047,4272,trained,True,128
CID6048,4273,trained,True,128
CID60490,4274,trained,True,128
CID60560,4275,trained,True,128
CID60602,4277,isolated_untrained,False,128
CID60606,4278,trained,True,128
CID60648,4279,trained,True,128
CID60651,4280,isolated_untrained,False,128
CID60652,4281,trained,True,128
CID60656,4282,trained,True,128
CID60699,4283,trained,True,128
CID60700,4284,trained,True,128
CID60703,4285,trained,True,128
CID6072,4286,isolated_untrained,False,128
CID60749,4288,trained,True,128
CID60750,4289,trained,True,128
CID60753,4290,trained,True,128
CID60795,4291,trained,True,128
CID60803,4292,trained,True,128
CID60810,4293,trained,True,128
CID60822,4294,trained,True,128
CID60825,4295,trained,True,128
CID60834,4296,trained,True,128
CID60835,4297,trained,True,128
CID60837,4298,isolated_untrained,False,128
CID60838,4299,trained,True,128
CID60846,4300,trained,True,128
CID60854,4301,trained,True,128
CID60855,4302,trained,True,128
CID60857,4303,trained,True,128
CID60871,4304,trained,True,128
CID60875,4305,isolated_untrained,False,128
CID60877,4306,trained,True,128
CID60934,4307,trained,True,128
CID60953,4308,trained,True,128
CID60961,4309,trained,True,128
CID60974,4310,trained,True,128
CID6099,4311,isolated_untrained,False,128
CID6100,4312,trained,True,128
CID6103,4313,isolated_untrained,False,128
CID610479,4314,trained,True,128
CID6135,4315,trained,True,128
CID6151,4316,isolated_untrained,False,128
CID616236,4317,isolated_untrained,False,128
CID6167,4318,trained,True,128
CID6172,4319,trained,True,128
CID6175,4320,trained,True,128
CID6178111,4321,trained,True,128
CID6194,4322,isolated_untrained,False,128
CID6197,4323,isolated_untrained,False,128
CID62074,4324,isolated_untrained,False,128
CID6209,4325,trained,True,128
CID6215,4326,trained,True,128
CID6230,4327,trained,True,128
CID6234,4328,trained,True,128
CID6239,4329,trained,True,128
CID6240,4330,trained,True,128
CID6241,4331,trained,True,128
CID6251,4332,isolated_untrained,False,128
CID6252,4333,trained,True,128
CID6253,4334,trained,True,128
CID6256,4335,trained,True,128
CID62705067,4336,isolated_untrained,False,128
CID62770,4337,trained,True,128
CID6279,4338,trained,True,128
CID62857,4339,isolated_untrained,False,128
CID62859,4340,isolated_untrained,False,128
CID62878,4341,trained,True,128
CID62886,4342,trained,True,128
CID62907,4343,isolated_untrained,False,128
CID6291,4344,trained,True,128
CID62920,4345,trained,True,128
CID6293,4346,isolated_untrained,False,128
CID62935,4347,trained,True,128
CID62969,4348,trained,True,128
CID62978,4349,trained,True,128
CID63002,4350,trained,True,128
CID63009,4351,trained,True,128
CID6301,4352,isolated_untrained,False,128
CID6321424,4353,trained,True,128
CID63224,4354,trained,True,128
CID6323266,4355,trained,True,128
CID6325199,4356,isolated_untrained,False,128
CID6328657,4357,isolated_untrained,False,128
CID6337614,4358,trained,True,128
CID636362,4359,trained,True,128
CID636375,4360,trained,True,128
CID636377,4361,isolated_untrained,False,128
CID636402,4362,trained,True,128
CID637568,4364,trained,True,128
CID638024,4365,isolated_untrained,False,128
CID638278,4366,trained,True,128
CID6398764,4367,isolated_untrained,False,128
CID64139,4368,trained,True,128
CID64150,4369,isolated_untrained,False,128
CID6419718,4370,isolated_untrained,False,128
CID6419954,4371,trained,True,128
CID6420013,4372,isolated_untrained,False,128
CID6420023,4373,trained,True,128
CID6420040,4374,trained,True,128
CID6420138,4375,trained,True,128
CID6422124,4376,isolated_untrained,False,128
CID6433118,4377,isolated_untrained,False,128
CID6433119,4378,trained,True,128
CID6433151,4379,trained,True,128
CID6435335,4380,trained,True,128
CID6435415,4381,trained,True,128
CID6436,4382,trained,True,128
CID6436173,4383,trained,True,128
CID6436208,4384,trained,True,128
CID6436223,4385,trained,True,128
CID6437368,4386,isolated_untrained,False,128
CID6437380,4387,trained,True,128
CID6437877,4388,isolated_untrained,False,128
CID6438130,4389,isolated_untrained,False,128
CID6440181,4390,isolated_untrained,False,128
CID6440352,4391,isolated_untrained,False,128
CID644213,4392,isolated_untrained,False,128
CID644215,4393,isolated_untrained,False,128
CID6442177,4394,trained,True,128
CID644241,4395,trained,True,128
CID644243,4396,isolated_untrained,False,128
CID644274,4397,trained,True,128
CID6444206,4398,isolated_untrained,False,128
CID6444692,4399,isolated_untrained,False,128
CID6445533,4400,trained,True,128
CID6445540,4401,trained,True,128
CID6445562,4402,isolated_untrained,False,128
CID6450522,4403,isolated_untrained,False,128
CID6450551,4404,trained,True,128
CID6450819,4405,trained,True,128
CID6450830,4406,isolated_untrained,False,128
CID6451164,4407,trained,True,128
CID6456015,4408,trained,True,128
CID6461,4409,trained,True,128
CID64646,4410,isolated_untrained,False,128
CID64713,4411,trained,True,128
CID64715,4412,trained,True,128
CID64737,4413,trained,True,128
CID6473881,4414,isolated_untrained,False,128
CID6473883,4415,isolated_untrained,False,128
CID6476900,4416,isolated_untrained,False,128
CID64945,4417,trained,True,128
CID64982,4418,isolated_untrained,False,128
CID65014,4419,trained,True,128
CID65015,4420,trained,True,128
CID65016,4421,trained,True,128
CID65028,4422,trained,True,128
CID6503,4423,trained,True,128
CID6505803,4424,trained,True,128
CID65064,4425,isolated_untrained,False,128
CID6509979,4426,trained,True,128
CID6518171,4427,isolated_untrained,False,128
CID6519698,4428,isolated_untrained,False,128
CID65264,4429,trained,True,128
CID65328,4430,isolated_untrained,False,128
CID65335,4431,trained,True,128
CID65341,4432,isolated_untrained,False,128
CID65348,4433,trained,True,128
CID65373,4434,isolated_untrained,False,128
CID65399,4435,isolated_untrained,False,128
CID6539952,4436,isolated_untrained,False,128
CID65411,4437,trained,True,128
CID65483,4438,isolated_untrained,False,128
CID65495,4439,trained,True,128
CID65625,4440,isolated_untrained,False,128
CID65628,4441,trained,True,128
CID65632,4442,isolated_untrained,False,128
CID656583,4443,trained,True,128
CID656586,4444,trained,True,128
CID65663,4445,isolated_untrained,False,128
CID656631,4446,trained,True,128
CID656665,4447,isolated_untrained,False,128
CID656667,4448,trained,True,128
CID656867,4449,trained,True,128
CID656954,4450,trained,True,128
CID65709,4451,isolated_untrained,False,128
CID657201,4452,trained,True,128
CID657237,4453,trained,True,128
CID65725,4454,isolated_untrained,False,128
CID657298,4455,trained,True,128
CID657302,4456,trained,True,128
CID65752,4457,isolated_untrained,False,128
CID65777,4458,isolated_untrained,False,128
CID65906,4460,isolated_untrained,False,128
CID65944,4461,isolated_untrained,False,128
CID65948,4462,isolated_untrained,False,128
CID65958,4463,isolated_untrained,False,128
CID65981,4464,trained,True,128
CID65999,4465,trained,True,128
CID6604165,4466,trained,True,128
CID6604437,4467,isolated_untrained,False,128
CID6604561,4468,trained,True,128
CID6604870,4469,trained,True,128
CID6605258,4470,isolated_untrained,False,128
CID66062,4471,trained,True,128
CID66064,4472,trained,True,128
CID6610318,4473,isolated_untrained,False,128
CID6613,4474,trained,True,128
CID66136,4475,isolated_untrained,False,128
CID66144,4476,isolated_untrained,False,128
CID66249,4477,isolated_untrained,False,128
CID66259,4478,isolated_untrained,False,128
CID66414,4479,isolated_untrained,False,128
CID66558287,4480,isolated_untrained,False,128
CID66558664,4481,isolated_untrained,False,128
CID66577006,4482,isolated_untrained,False,128
CID66577038,4483,trained,True,128
CID66598080,4484,trained,True,128
CID66613669,4485,isolated_untrained,False,128
CID666418,4486,isolated_untrained,False,128
CID66646767,4487,trained,True,128
CID667467,4488,trained,True,128
CID667476,4489,trained,True,128
CID667484,4490,trained,True,128
CID667490,4491,trained,True,128
CID667493,4492,isolated_untrained,False,128
CID6675804,4493,isolated_untrained,False,128
CID667639,4494,trained,True,128
CID66774402,4495,isolated_untrained,False,128
CID67081200,4496,isolated_untrained,False,128
CID6710614,4497,isolated_untrained,False,128
CID6710658,4498,isolated_untrained,False,128
CID67171867,4499,isolated_untrained,False,128
CID672296,4500,isolated_untrained,False,128
CID67310049,4502,isolated_untrained,False,128
CID67356,4503,trained,True,128
CID6741,4504,trained,True,128
CID67462786,4505,isolated_untrained,False,128
CID67469084,4506,trained,True,128
CID67469117,4507,isolated_untrained,False,128
CID6746983,4508,trained,True,128
CID67501411,4509,isolated_untrained,False,128
CID67533,4510,isolated_untrained,False,128
CID6758,4511,trained,True,128
CID676352,4512,isolated_untrained,False,128
CID67983918,4513,isolated_untrained,False,128
CID68060125,4514,isolated_untrained,False,128
CID68077,4515,isolated_untrained,False,128
CID681,4516,trained,True,128
CID68107965,4517,trained,True,128
CID68165256,4518,isolated_untrained,False,128
CID68210102,4519,isolated_untrained,False,128
CID68234129,4520,isolated_untrained,False,128
CID68304,4521,trained,True,128
CID68313,4522,isolated_untrained,False,128
CID6839,4523,isolated_untrained,False,128
CID6850808,4524,isolated_untrained,False,128
CID6851740,4525,isolated_untrained,False,128
CID6852167,4526,isolated_untrained,False,128
CID68539,4527,trained,True,128
CID68540,4528,trained,True,128
CID68546,4529,trained,True,128
CID68553,4530,trained,True,128
CID6857732,4531,isolated_untrained,False,128
CID68589,4532,trained,True,128
CID68591,4533,isolated_untrained,False,128
CID68601,4534,isolated_untrained,False,128
CID68617,4535,trained,True,128
CID68624,4536,trained,True,128
CID68626,4537,isolated_untrained,False,128
CID68643,4538,isolated_untrained,False,128
CID68647,4539,isolated_untrained,False,128
CID68654,4540,isolated_untrained,False,128
CID68712,4541,isolated_untrained,False,128
CID68727,4542,trained,True,128
CID68740,4543,trained,True,128
CID6878030,4544,isolated_untrained,False,128
CID68827,4545,isolated_untrained,False,128
CID688272,4546,isolated_untrained,False,128
CID6883,4547,trained,True,128
CID68844,4548,trained,True,128
CID68853159,4549,isolated_untrained,False,128
CID688563,4550,trained,True,128
CID68861,4551,trained,True,128
CID68871,4552,isolated_untrained,False,128
CID68873,4553,trained,True,128
CID6890,4554,isolated_untrained,False,128
CID68911,4555,isolated_untrained,False,128
CID68938909,4556,isolated_untrained,False,128
CID6912,4557,isolated_untrained,False,128
CID6914273,4558,trained,True,128
CID6914657,4559,trained,True,128
CID6914666,4560,trained,True,128
CID6915744,4561,trained,True,128
CID6915944,4562,trained,True,128
CID6917698,4563,trained,True,128
CID6917715,4564,trained,True,128
CID6917797,4565,isolated_untrained,False,128
CID6917864,4566,trained,True,128
CID6917875,4567,isolated_untrained,False,128
CID6917907,4568,isolated_untrained,False,128
CID6918029,4569,trained,True,128
CID6918078,4570,trained,True,128
CID6918132,4571,trained,True,128
CID6918178,4572,trained,True,128
CID6918182,4573,trained,True,128
CID6918223,4574,isolated_untrained,False,128
CID6918265,4575,isolated_untrained,False,128
CID6918289,4576,trained,True,128
CID6918296,4577,trained,True,128
CID6918313,4578,trained,True,128
CID6918386,4580,isolated_untrained,False,128
CID6918405,4581,trained,True,128
CID6918427,4582,isolated_untrained,False,128
CID6918446,4583,trained,True,128
CID6918454,4584,isolated_untrained,False,128
CID6918456,4585,trained,True,128
CID6918462,4586,isolated_untrained,False,128
CID6918493,4587,trained,True,128
CID6918537,4588,trained,True,128
CID6918540,4589,isolated_untrained,False,128
CID6918558,4591,trained,True,128
CID6918638,4592,trained,True,128
CID6918663,4593,isolated_untrained,False,128
CID6918664,4594,trained,True,128
CID6918670,4595,trained,True,128
CID6918678,4596,trained,True,128
CID6918736,4597,isolated_untrained,False,128
CID6918788,4598,trained,True,128
CID6918837,4599,trained,True,128
CID6918848,4600,trained,True,128
CID6918852,4601,trained,True,128
CID69923936,4602,isolated_untrained,False,128
CID70004430,4603,trained,True,128
CID701891,4604,isolated_untrained,False,128
CID7020,4605,isolated_untrained,False,128
CID704473,4606,isolated_untrained,False,128
CID7048968,4607,isolated_untrained,False,128
CID70676303,4608,trained,True,128
CID70679466,4609,trained,True,128
CID70684,4610,isolated_untrained,False,128
CID70687193,4611,trained,True,128
CID70701134,4612,isolated_untrained,False,128
CID70789348,4613,isolated_untrained,False,128
CID70789547,4614,trained,True,128
CID70798655,4615,trained,True,128
CID70817911,4616,isolated_untrained,False,128
CID70914230,4617,isolated_untrained,False,128
CID70934541,4618,isolated_untrained,False,128
CID70945511,4619,isolated_untrained,False,128
CID70983932,4620,trained,True,128
CID70983934,4621,trained,True,128
CID7108,4622,isolated_untrained,False,128
CID71157,4623,isolated_untrained,False,128
CID71158,4624,trained,True,128
CID71183,4625,isolated_untrained,False,128
CID71188,4626,isolated_untrained,False,128
CID71226662,4627,isolated_untrained,False,128
CID71268957,4628,isolated_untrained,False,128
CID71271629,4629,isolated_untrained,False,128
CID71279,4630,isolated_untrained,False,128
CID71291068,4631,trained,True,128
CID71295844,4632,isolated_untrained,False,128
CID71295845,4633,isolated_untrained,False,128
CID71300295,4634,isolated_untrained,False,128
CID71301,4635,trained,True,128
CID71304818,4636,isolated_untrained,False,128
CID71307851,4637,isolated_untrained,False,128
CID71329,4638,trained,True,128
CID71339,4639,isolated_untrained,False,128
CID71352,4640,trained,True,128
CID71354,4641,isolated_untrained,False,128
CID71360,4642,trained,True,128
CID71384,4643,trained,True,128
CID71386,4644,trained,True,128
CID71398,4645,trained,True,128
CID71399,4646,trained,True,128
CID71420,4647,trained,True,128
CID71478,4648,trained,True,128
CID71479709,4649,isolated_untrained,False,128
CID71481097,4650,trained,True,128
CID71485,4651,isolated_untrained,False,128
CID71492799,4652,isolated_untrained,False,128
CID71494949,4653,trained,True,128
CID71496458,4654,trained,True,128
CID71496742,4655,isolated_untrained,False,128
CID71521142,4656,isolated_untrained,False,128
CID71523377,4657,isolated_untrained,False,128
CID71543365,4658,trained,True,128
CID71557891,4659,isolated_untrained,False,128
CID71571306,4660,isolated_untrained,False,128
CID71571562,4661,isolated_untrained,False,128
CID71587153,4662,trained,True,128
CID71599640,4663,trained,True,128
CID71600087,4664,trained,True,128
CID71601111,4665,isolated_untrained,False,128
CID71604307,4666,trained,True,128
CID71607189,4667,isolated_untrained,False,128
CID71616,4668,trained,True,128
CID71651,4669,isolated_untrained,False,128
CID71657455,4670,isolated_untrained,False,128
CID71660551,4671,isolated_untrained,False,128
CID71664305,4672,trained,True,128
CID71668,4673,isolated_untrained,False,128
CID7172,4674,trained,True,128
CID71721540,4675,trained,True,128
CID71729975,4676,isolated_untrained,False,128
CID71731823,4677,trained,True,128
CID71748056,4678,isolated_untrained,False,128
CID71764,4679,trained,True,128
CID71773,4680,isolated_untrained,False,128
CID71774,4681,isolated_untrained,False,128
CID71811910,4682,trained,True,128
CID71815,4683,isolated_untrained,False,128
CID71916,4684,isolated_untrained,False,128
CID71992,4685,trained,True,128
CID72092,4686,trained,True,128
CID72139,4687,isolated_untrained,False,128
CID72172,4688,trained,True,128
CID72188603,4689,trained,True,128
CID72200024,4690,trained,True,128
CID72201027,4691,isolated_untrained,False,128
CID72271,4692,trained,True,128
CID72281,4693,trained,True,128
CID72295940,4694,isolated_untrained,False,128
CID72300,4695,isolated_untrained,False,128
CID72307,4696,isolated_untrained,False,128
CID72311,4697,trained,True,128
CID72327,4698,isolated_untrained,False,128
CID72344,4699,isolated_untrained,False,128
CID72435,4700,trained,True,128
CID72547474,4701,trained,True,128
CID72547959,4702,isolated_untrained,False,128
CID72551585,4703,isolated_untrained,False,128
CID72551586,4704,isolated_untrained,False,128
CID72686,4705,trained,True,128
CID72699186,4706,isolated_untrained,False,128
CID72709209,4707,trained,True,128
CID72710568,4708,isolated_untrained,False,128
CID72710839,4709,isolated_untrained,False,128
CID72716071,4710,isolated_untrained,False,128
CID7271796,4711,isolated_untrained,False,128
CID72726,4712,isolated_untrained,False,128
CID72734520,4713,trained,True,128
CID729483,4714,trained,True,128
CID72959169,4715,isolated_untrained,False,128
CID73010924,4716,isolated_untrained,False,128
CID73014064,4717,isolated_untrained,False,128
CID73078,4718,isolated_untrained,False,128
CID73110,4719,isolated_untrained,False,128
CID73115,4720,isolated_untrained,False,128
CID73211763,4721,isolated_untrained,False,128
CID73259,4722,isolated_untrained,False,128
CID73265183,4723,isolated_untrained,False,128
CID73265184,4724,isolated_untrained,False,128
CID73265190,4725,isolated_untrained,False,128
CID73265200,4726,trained,True,128
CID73265201,4727,isolated_untrained,False,128
CID73265204,4728,isolated_untrained,False,128
CID73265205,4729,trained,True,128
CID73265206,4730,isolated_untrained,False,128
CID73265209,4731,isolated_untrained,False,128
CID73265219,4732,isolated_untrained,False,128
CID73265220,4733,isolated_untrained,False,128
CID73265221,4734,isolated_untrained,False,128
CID73265222,4735,isolated_untrained,False,128
CID73265223,4736,trained,True,128
CID73265224,4737,isolated_untrained,False,128
CID73265225,4738,isolated_untrained,False,128
CID73265226,4739,isolated_untrained,False,128
CID73265227,4740,trained,True,128
CID73265228,4741,isolated_untrained,False,128
CID73265229,4742,isolated_untrained,False,128
CID73265230,4743,isolated_untrained,False,128
CID73265232,4744,isolated_untrained,False,128
CID73265233,4745,trained,True,128
CID73265234,4746,isolated_untrained,False,128
CID73265271,4747,trained,True,128
CID73265272,4748,isolated_untrained,False,128
CID73265273,4749,trained,True,128
CID73265276,4750,isolated_untrained,False,128
CID73265277,4751,isolated_untrained,False,128
CID73265279,4752,isolated_untrained,False,128
CID73265281,4753,isolated_untrained,False,128
CID73265283,4754,trained,True,128
CID73265288,4755,isolated_untrained,False,128
CID73265289,4756,isolated_untrained,False,128
CID73265292,4757,isolated_untrained,False,128
CID73265293,4758,isolated_untrained,False,128
CID73265294,4759,isolated_untrained,False,128
CID73265297,4760,isolated_untrained,False,128
CID73265301,4761,isolated_untrained,False,128
CID73265302,4762,isolated_untrained,False,128
CID73265304,4763,isolated_untrained,False,128
CID73265308,4764,trained,True,128
CID73265309,4765,isolated_untrained,False,128
CID73265310,4766,isolated_untrained,False,128
CID73265311,4767,isolated_untrained,False,128
CID73265316,4768,isolated_untrained,False,128
CID73265318,4769,trained,True,128
CID73265321,4770,isolated_untrained,False,128
CID73265323,4771,isolated_untrained,False,128
CID73265324,4772,isolated_untrained,False,128
CID73265326,4773,isolated_untrained,False,128
CID73265327,4774,isolated_untrained,False,128
CID73265328,4775,isolated_untrained,False,128
CID73265332,4776,isolated_untrained,False,128
CID73265336,4777,isolated_untrained,False,128
CID73265337,4778,isolated_untrained,False,128
CID73265342,4779,trained,True,128
CID73265344,4780,isolated_untrained,False,128
CID73265348,4781,isolated_untrained,False,128
CID73265351,4782,isolated_untrained,False,128
CID73265352,4783,isolated_untrained,False,128
CID73265357,4784,isolated_untrained,False,128
CID73265358,4785,trained,True,128
CID73265360,4786,isolated_untrained,False,128
CID73265362,4787,isolated_untrained,False,128
CID73265363,4788,isolated_untrained,False,128
CID73265364,4789,isolated_untrained,False,128
CID73265367,4790,isolated_untrained,False,128
CID73265368,4791,isolated_untrained,False,128
CID73265369,4792,isolated_untrained,False,128
CID73265372,4793,trained,True,128
CID73265375,4794,isolated_untrained,False,128
CID73265376,4795,isolated_untrained,False,128
CID73265377,4796,trained,True,128
CID73265380,4797,trained,True,128
CID73265382,4798,isolated_untrained,False,128
CID73265383,4799,isolated_untrained,False,128
CID73265389,4800,trained,True,128
CID73265390,4801,isolated_untrained,False,128
CID73265391,4802,isolated_untrained,False,128
CID73265392,4803,trained,True,128
CID73265393,4804,isolated_untrained,False,128
CID73265397,4805,isolated_untrained,False,128
CID73265399,4806,isolated_untrained,False,128
CID73265401,4807,isolated_untrained,False,128
CID73265403,4808,isolated_untrained,False,128
CID73265405,4809,isolated_untrained,False,128
CID73265406,4810,isolated_untrained,False,128
CID73265408,4811,isolated_untrained,False,128
CID73265412,4812,isolated_untrained,False,128
CID73265414,4813,trained,True,128
CID73293,4814,isolated_untrained,False,128
CID73339,4815,isolated_untrained,False,128
CID73352604,4816,isolated_untrained,False,128
CID73388374,4817,isolated_untrained,False,128
CID73425588,4818,isolated_untrained,False,128
CID73425805,4819,isolated_untrained,False,128
CID73427118,4820,isolated_untrained,False,128
CID73442,4821,isolated_untrained,False,128
CID73442743,4822,isolated_untrained,False,128
CID73461,4823,trained,True,128
CID73581,4824,isolated_untrained,False,128
CID73602827,4825,isolated_untrained,False,128
CID73603034,4826,isolated_untrained,False,128
CID73659,4827,trained,True,128
CID73670548,4828,trained,True,128
CID73774610,4829,isolated_untrained,False,128
CID73777259,4830,isolated_untrained,False,128
CID73957,4831,trained,True,128
CID74439626,4832,isolated_untrained,False,128
CID74989,4833,trained,True,128
CID74990,4834,trained,True,128
CID7533,4835,isolated_untrained,False,128
CID753704,4836,isolated_untrained,False,128
CID7550,4837,trained,True,128
CID7566371,4838,isolated_untrained,False,128
CID76044,4839,isolated_untrained,False,128
CID76073169,4840,isolated_untrained,False,128
CID7638,4841,trained,True,128
CID764764,4842,trained,True,128
CID76685059,4843,trained,True,128
CID766949,4844,isolated_untrained,False,128
CID7697,4845,isolated_untrained,False,128
CID76971721,4846,isolated_untrained,False,128
CID77082,4847,trained,True,128
CID774,4848,trained,True,128
CID77991,4849,trained,True,128
CID77995,4851,isolated_untrained,False,128
CID77999,4852,trained,True,128
CID78000,4853,trained,True,128
CID78243717,4854,trained,True,128
CID78320408,4855,isolated_untrained,False,128
CID78320750,4856,trained,True,128
CID78357763,4857,trained,True,128
CID78357807,4858,trained,True,128
CID791637,4859,isolated_untrained,False,128
CID794323,4860,trained,True,128
CID80311,4861,trained,True,128
CID81689696,4862,isolated_untrained,False,128
CID82146,4863,trained,True,128
CID82148,4864,trained,True,128
CID82153,4865,trained,True,128
CID8226,4866,trained,True,128
CID8228,4867,trained,True,128
CID8249,4868,trained,True,128
CID8344,4869,isolated_untrained,False,128
CID836002,4870,isolated_untrained,False,128
CID83823,4871,trained,True,128
CID83969,4872,isolated_untrained,False,128
CID83979,4873,trained,True,128
CID84029,4874,trained,True,128
CID84759,4875,isolated_untrained,False,128
CID8478,4876,isolated_untrained,False,128
CID8514,4877,isolated_untrained,False,128
CID8515,4878,isolated_untrained,False,128
CID854026,4879,trained,True,128
CID8567,4880,isolated_untrained,False,128
CID8574,4881,isolated_untrained,False,128
CID8582409,4882,trained,True,128
CID8593,4883,isolated_untrained,False,128
CID8617,4884,trained,True,128
CID86278937,4885,isolated_untrained,False,128
CID86287635,4886,trained,True,128
CID86340175,4887,isolated_untrained,False,128
CID86345880,4888,trained,True,128
CID86763204,4889,trained,True,128
CID8695,4890,trained,True,128
CID8732,4891,isolated_untrained,False,128
CID8742,4892,isolated_untrained,False,128
CID8798,4893,isolated_untrained,False,128
CID8813,4894,trained,True,128
CID89084603,4895,isolated_untrained,False,128
CID8955,4896,trained,True,128
CID896,4898,trained,True,128
CID89675898,4899,isolated_untrained,False,128
CID89683805,4900,trained,True,128
CID8969,4901,trained,True,128
CID89730041,4902,isolated_untrained,False,128
CID8975,4903,isolated_untrained,False,128
CID8980,4904,trained,True,128
CID89808643,4905,isolated_untrained,False,128
CID899323,4906,isolated_untrained,False,128
CID90045,4907,isolated_untrained,False,128
CID90116945,4908,trained,True,128
CID9015,4909,isolated_untrained,False,128
CID90241673,4910,trained,True,128
CID90309855,4911,isolated_untrained,False,128
CID904,4912,isolated_untrained,False,128
CID90442348,4913,isolated_untrained,False,128
CID90479327,4914,isolated_untrained,False,128
CID90479372,4915,isolated_untrained,False,128
CID9049,4916,isolated_untrained,False,128
CID9051,4917,trained,True,128
CID9066,4918,isolated_untrained,False,128
CID9082,4919,isolated_untrained,False,128
CID91274,4921,isolated_untrained,False,128
CID91430,4922,trained,True,128
CID91466,4923,isolated_untrained,False,128
CID91505,4924,trained,True,128
CID91513,4925,isolated_untrained,False,128
CID91610,4926,trained,True,128
CID91617630,4927,trained,True,128
CID91623361,4928,trained,True,128
CID91649,4929,trained,True,128
CID91666658,4930,isolated_untrained,False,128
CID91667931,4931,trained,True,128
CID91668194,4932,isolated_untrained,False,128
CID91691130,4933,isolated_untrained,False,128
CID91801204,4934,isolated_untrained,False,128
CID91885392,4935,isolated_untrained,False,128
CID91885438,4936,trained,True,128
CID91885617,4937,trained,True,128
CID91885989,4938,isolated_untrained,False,128
CID91933867,4939,trained,True,128
CID9196193,4940,isolated_untrained,False,128
CID92044376,4941,trained,True,128
CID92044379,4942,isolated_untrained,False,128
CID92045137,4943,isolated_untrained,False,128
CID92135932,4944,isolated_untrained,False,128
CID92151,4945,trained,True,128
CID92178,4946,trained,True,128
CID92577,4947,trained,True,128
CID92722,4949,trained,True,128
CID92727,4950,trained,True,128
CID929262,4951,isolated_untrained,False,128
CID92965,4952,isolated_untrained,False,128
CID9351,4953,trained,True,128
CID936,4954,trained,True,128
CID938,4955,trained,True,128
CID941361,4956,trained,True,128
CID9433,4957,trained,True,128
CID9444,4958,trained,True,128
CID950368,4960,isolated_untrained,False,128
CID9549184,4961,isolated_untrained,False,128
CID9549289,4962,isolated_untrained,False,128
CID9549295,4963,isolated_untrained,False,128
CID9549298,4964,trained,True,128
CID9549305,4965,isolated_untrained,False,128
CID9570757,4966,isolated_untrained,False,128
CID9574101,4967,trained,True,128
CID9576185,4968,isolated_untrained,False,128
CID9578005,4969,isolated_untrained,False,128
CID9600409,4970,isolated_untrained,False,128
CID9642,4971,trained,True,128
CID9651,4972,trained,True,128
CID967,4973,trained,True,128
CID9690109,4974,trained,True,128
CID969472,4975,trained,True,128
CID969516,4976,trained,True,128
CID9703,4977,trained,True,128
CID97226,4978,isolated_untrained,False,128
CID9782,4979,trained,True,128
CID9796068,4980,trained,True,128
CID9796370,4981,isolated_untrained,False,128
CID9796440,4982,isolated_untrained,False,128
CID9796590,4983,isolated_untrained,False,128
CID9798973,4984,trained,True,128
CID9799888,4985,trained,True,128
CID9800555,4986,trained,True,128
CID9803433,4987,isolated_untrained,False,128
CID9803932,4988,trained,True,128
CID9803963,4989,trained,True,128
CID9804433,4990,isolated_untrained,False,128
CID9804991,4991,isolated_untrained,False,128
CID9806229,4992,isolated_untrained,False,128
CID9807431,4993,trained,True,128
CID9808022,4994,isolated_untrained,False,128
CID9808844,4995,trained,True,128
CID9810709,4996,trained,True,128
CID9810884,4997,isolated_untrained,False,128
CID9810929,4998,isolated_untrained,False,128
CID9811611,4999,isolated_untrained,False,128
CID9811704,5000,trained,True,128
CID9813758,5001,isolated_untrained,False,128
CID9818478,5002,isolated_untrained,False,128
CID9818479,5003,isolated_untrained,False,128
CID9818682,5004,isolated_untrained,False,128
CID9819382,5005,isolated_untrained,False,128
CID9819927,5006,trained,True,128
CID9820008,5007,isolated_untrained,False,128
CID9820526,5008,isolated_untrained,False,128
CID9821849,5009,isolated_untrained,False,128
CID9823820,5010,trained,True,128
CID9824562,5011,trained,True,128
CID9825149,5012,isolated_untrained,False,128
CID9826188,5013,isolated_untrained,False,128
CID9826309,5014,isolated_untrained,False,128
CID9826528,5015,trained,True,128
CID9827599,5016,isolated_untrained,False,128
CID9827968,5017,isolated_untrained,False,128
CID9828911,5018,trained,True,128
CID9829523,5019,isolated_untrained,False,128
CID9830519,5020,isolated_untrained,False,128
CID9832292,5021,isolated_untrained,False,128
CID9839311,5022,isolated_untrained,False,128
CID9839500,5023,isolated_untrained,False,128
CID9840076,5024,trained,True,128
CID9841667,5025,isolated_untrained,False,128
CID984170,5026,trained,True,128
CID9843750,5027,isolated_untrained,False,128
CID9843900,5028,trained,True,128
CID9847557,5029,trained,True,128
CID9849040,5030,trained,True,128
CID9849808,5031,isolated_untrained,False,128
CID9852573,5032,trained,True,128
CID9853654,5033,trained,True,128
CID9854073,5034,trained,True,128
CID9855350,5035,isolated_untrained,False,128
CID9858940,5036,trained,True,128
CID9863367,5037,isolated_untrained,False,128
CID9863672,5038,isolated_untrained,False,128
CID9865515,5039,trained,True,128
CID9865528,5040,trained,True,128
CID9866696,5041,isolated_untrained,False,128
CID9867340,5042,trained,True,128
CID9867642,5043,isolated_untrained,False,128
CID9868037,5044,isolated_untrained,False,128
CID9868928,5045,isolated_untrained,False,128
CID9869779,5046,trained,True,128
CID9869929,5047,trained,True,128
CID9870009,5048,isolated_untrained,False,128
CID9871074,5049,isolated_untrained,False,128
CID9871419,5050,trained,True,128
CID9872438,5051,trained,True,128
CID9874913,5052,isolated_untrained,False,128
CID9875401,5053,trained,True,128
CID9880,5054,trained,True,128
CID9882793,5055,trained,True,128
CID9883029,5056,isolated_untrained,False,128
CID9884807,5057,trained,True,128
CID9887053,5058,trained,True,128
CID9887712,5059,trained,True,128
CID9887867,5060,isolated_untrained,False,128
CID9887870,5061,isolated_untrained,False,128
CID9888590,5062,isolated_untrained,False,128
CID9890250,5063,trained,True,128
CID9892071,5064,isolated_untrained,False,128
CID9893571,5065,trained,True,128
CID9894584,5066,isolated_untrained,False,128
CID9894653,5067,isolated_untrained,False,128
CID9902100,5068,trained,True,128
CID9903,5069,isolated_untrained,False,128
CID9903786,5070,isolated_untrained,False,128
CID9907093,5071,isolated_untrained,False,128
CID9907323,5072,isolated_untrained,False,128
CID9908783,5073,trained,True,128
CID9909368,5074,trained,True,128
CID9910224,5075,trained,True,128
CID9910486,5076,isolated_untrained,False,128
CID9910986,5077,trained,True,128
CID9911830,5078,isolated_untrained,False,128
CID9913405,5079,isolated_untrained,False,128
CID9914412,5080,trained,True,128
CID9915743,5081,isolated_untrained,False,128
CID9918559,5082,trained,True,128
CID9926054,5083,isolated_untrained,False,128
CID9926791,5084,trained,True,128
CID9927531,5085,isolated_untrained,False,128
CID9927978,5086,trained,True,128
CID9929127,5087,isolated_untrained,False,128
CID9929643,5088,isolated_untrained,False,128
CID9930913,5089,trained,True,128
CID9931953,5090,trained,True,128
CID9931954,5091,trained,True,128
CID9933439,5092,isolated_untrained,False,128
CID9933475,5093,trained,True,128
CID9934283,5094,trained,True,128
CID9934347,5095,isolated_untrained,False,128
CID9934458,5096,isolated_untrained,False,128
CID9936012,5097,isolated_untrained,False,128
CID9936388,5098,isolated_untrained,False,128
CID9936727,5099,isolated_untrained,False,128
CID9937686,5100,isolated_untrained,False,128
CID9938203,5101,trained,True,128
CID9938280,5102,isolated_untrained,False,128
CID9941095,5103,isolated_untrained,False,128
CID9943465,5104,trained,True,128
CID99474,5105,isolated_untrained,False,128
CID9949093,5106,isolated_untrained,False,128
CID9949641,5107,trained,True,128
CID9950176,5108,isolated_untrained,False,128
CID9952773,5109,isolated_untrained,False,128
CID9952884,5110,trained,True,128
CID9952923,5111,isolated_untrained,False,128
CID9953906,5112,isolated_untrained,False,128
CID9954540,5113,isolated_untrained,False,128
CID9956119,5114,trained,True,128
CID9956222,5115,isolated_untrained,False,128
CID9956637,5116,trained,True,128
CID9958103,5117,isolated_untrained,False,128
CID9966538,5118,isolated_untrained,False,128
CID9967941,5119,isolated_untrained,False,128
CID9968854,5120,isolated_untrained,False,128
