internal_id,entity,CID,smiles,has_smiles,in_entity_mapping
1707,CID100016,CID100016,C1=CN(C(=O)N=C1)[C@H]2[C@@H]([C@@H]([C@H](O2)CO)O)O,True,True
1708,CID100094,CID100094,C1=CC=C2C(=C1)C(=CN2)C[C@@H](C(=O)O)NC(=O)[C@H](CCC(=O)O)N,True,True
1709,CID10026128,CID10026128,CC(C)OC(=O)C1=CN(CC(C2=C1NC3=CC=CC=C32)(C)C)C(=O)C4=CC(=C(C=C4)F)F,True,True
1710,CID10027278,CID10027278,C1=CC=C2C(=C1)C=CC3=C2C=CC(=C3)C4=CC(=NN4C5=CC=C(C=C5)NC(=O)CN)C(F)(F)F,True,True
1711,CID10029385,CID10029385,C1CCN(CC1)C(=O)N2CCN3C=C(C4=CC(=CC(=C43)C2)F)C5=C(C(=O)NC5=O)C6=CN=C7N6C=CC=C7,True,True
1712,CID10034073,CID10034073,CC[C@H]1/C=C(/[C@H](C/C=C/C=C(/C(=O)O[C@@H](C/C=C(/C=C(/[C@@H]1O[C@H]2[C@H]([C@H]([C@@H](C(O2)(C)C)OC(=O)C(C)C)O)O)\C)\C)[C@@H](C)O)\CO[C@H]3[C@H]([C@H]([C@@H]([C@H](O3)C)OC(=O)C4=C(C(=C(C(=C4O)Cl)O)Cl)CC)O)OC)O)\C,True,True
1713,CID10041070,CID10041070,C[C@]12C=CC3=C4CCC(=O)C=C4CC[C@H]3[C@@H]1CC[C@]2(CC=C)O,True,True
1714,CID10047612,CID10047612,CC1=C2CC[C@@H](C[C@@H](C2=CC=C1)O)CN3CCC(CC3)C4=C(C=CC=C4Cl)Cl,True,True
1715,CID10052040,CID10052040,CCNC1(CCN(CC1)C2=NC=NC3=C2N=C(N3C4=CC=C(C=C4)Cl)C5=CC=CC=C5Cl)C(=O)N,True,True
1716,CID1005519,CID1005519,CC1=CSC(=N1)NC(=O)CSC2=NC3=C(CCC3)C(=C2C#N)C(F)(F)F,True,True
1717,CID10056071,CID10056071,C[C@H]1[C@H]([C@H](C[C@@H](O1)O[C@H]2C[C@@](CC3=C2C(=C4C(=C3O)C(=O)C5=C(C4=O)C(=CC=C5)OC)O)(C(=NNC(=O)CCCCCN6C(=O)C=CC6=O)CO)O)N)O.Cl,True,True
1718,CID1005654,CID1005654,CC1=CSC(=N1)NC(=O)C2=C(C3=C(C4=C(CCC4)N=C3S2)C(F)(F)F)N,True,True
1719,CID10070893,CID10070893,CCCCCCCCCCCCCC(=O)N[C@H](CO)[C@@H](C1=CC=C(C=C1)[N+](=O)[O-])O,True,True
1720,CID10074640,CID10074640,CC1=C(C=C(C=C1)NC(=O)C2=CC=C(C=C2)CN3CCN(CC3)C)NC4=NC(=CS4)C5=CN=CC=C5,True,True
1721,CID10077130,CID10077130,CCOC(=O)N[C@@H]1CC[C@@H]2[C@@H](C1)C[C@@H]3[C@H]([C@H]2/C=C/C4=NC=C(C=C4)C5=CC(=CC=C5)F)[C@H](OC3=O)C,True,True
1722,CID10077147,CID10077147,C1CCN(C1)C(=O)NC2=CC=CC(=C2)NC3=NC=C(C(=N3)NCCCNC(=O)C4=CC=CS4)I,True,True
1723,CID10090485,CID10090485,CC1=NC(=CC=C1)C2=NN3CCCC3=C2C4=C5C=C(C=CC5=NC=C4)C(=O)N,True,True
1724,CID10090750,CID10090750,CC/C(=C(\C1=CC=C(C=C1)O)/C2=CC=C(C=C2)OCCNC)/C3=CC=CC=C3,True,True
1725,CID10095659,CID10095659,CCN(CC)CC1=CC2=C(C=C1)C=C(C=C2)COC(=O)NC3=CC=C(C=C3)C(=O)NO.Cl,True,True
1726,CID10096344,CID10096344,CC#CCN1C2=C(N=C1N3CCC[C@H](C3)N)N(C(=O)N(C2=O)CC4=NC5=CC=CC=C5C(=N4)C)C,True,True
1727,CID101043861,CID101043861,CCN(CC)CCCC[C@@H](C(=O)N[C@@H](CO)C(=O)OC)NC(=O)[C@H](CC(C)C)NC(=O)[C@H](C)NC(=O)[C@H](CC1=CC=CC=C1)NC(=O)C2=CC=C(C=C2)C(C)(C)C,True,True
1728,CID10109823,CID10109823,C1=CC=C2C(=C1)N=C(S2)C(C#N)C3=NC(=NC=C3)NCCC4=CN=CC=C4,True,True
1729,CID10113978,CID10113978,CC1=C(C=C(C=C1)NC2=NC=CC(=N2)N(C)C3=CC4=NN(C(=C4C=C3)C)C)S(=O)(=O)N,True,True
1730,CID10126189,CID10126189,CC1=[N+](C2=C(N1CCOC)C(=O)C3=CC=CC=C3C2=O)CC4=NC=CN=C4,True,True
1731,CID10127622,CID10127622,CN1C=NC2=C1C=C(C(=C2F)NC3=C(C=C(C=C3)Br)Cl)C(=O)NOCCO,True,True
1732,CID10133,CID10133,C[C@H](CCC(=O)O)[C@H]1CC[C@@H]2[C@@]1(CC[C@H]3[C@H]2[C@@H](C[C@H]4[C@@]3(CC[C@H](C4)O)C)O)C,True,True
1733,CID1013376,CID1013376,CC(=O)NC1=CC=C(C=C1)NC(=S)NC(=O)C2=CC=C(C=C2)C(C)(C)C,True,True
1734,CID10138980,CID10138980,CN1CCN(CC1)S(=O)(=O)C2=CC=C(C=C2)C3=CN=C(C(=N3)C(=O)NC4=CN=CC=C4)N,True,True
1735,CID10141893,CID10141893,CN1CCCCC1CN2C=C(C3=CC=CC=C32)C(=O)C4=C(C=CC(=C4)[N+](=O)[O-])I,True,True
1736,CID101526,CID101526,COC1=C2C(=CC(=C1N3C[C@@H]4CCCN[C@@H]4C3)F)C(=O)C(=CN2C5CC5)C(=O)O.Cl,True,True
1737,CID10152654,CID10152654,CC(C)(C[C@@H](C(=O)NC1(CC1)C#N)N[C@@H](C2=CC=C(C=C2)C3=CC=C(C=C3)S(=O)(=O)C)C(F)(F)F)F,True,True
1738,CID10158562,CID10158562,CCCCCN(CCC12CC3CC(C1)CC(C3)C2)C(=O)NCCCC4=CC=NC=C4,True,True
1739,CID10158940,CID10158940,COCCOC1=CC2=C(C=C1)N(C=N2)C3=NC4=C(C=CC=C4N5CCC(CC5)N)C=C3,True,True
1740,CID10160238,CID10160238,C1=CC(=C(C=C1Cl)Cl)C(=O)NS(=O)(=O)C2=CC=C(S2)Br,True,True
1741,CID10168,CID10168,C1=CC2=C(C(=C1)O)C(=O)C3=C(C2=O)C=C(C=C3O)C(=O)O,True,True
1742,CID10172943,CID10172943,CC1=C2C=C(C=CC2=NN1)C3=CC(=CN=C3)OC[C@H](CC4=CNC5=CC=CC=C54)N,True,True
1743,CID10173277,CID10173277,CC1=CC(=CC=C1)/C=N/NC2=CC(=NC(=N2)OCCC3=CC=CC=N3)N4CCOCC4,True,True
1744,CID101744,CID101744,C=C[C@H]1CN2CC[C@H]1C[C@H]2[C@@H](C3=CC=NC4=CC=CC=C34)O,True,True
1745,CID10174505,CID10174505,C[C@@H]1CCN(C[C@@H]1N(C)C2=NC=NC3=C2C=CN3)C(=O)CC#N.C(C(=O)O)C(CC(=O)O)(C(=O)O)O,True,True
1746,CID10177,CID10177,C1=CC=C2C(=C1)C(=C(N2)O)C3=NC4=CC=CC=C4C3=O,True,True
1747,CID10180,CID10180,CCN(CC)CCNC1=C2C(=C(C=C1)C)SC3=CC=CC=C3C2=O,True,True
1748,CID10182969,CID10182969,COC1=CC=C(C=C1)N2C3=C(CCN(C3=O)C4=CC=C(C=C4)N5CCCCC5=O)C(=N2)C(=O)N,True,True
1749,CID10184653,CID10184653,CN(C)C/C=C/C(=O)NC1=C(C=C2C(=C1)C(=NC=N2)NC3=CC(=C(C=C3)F)Cl)O[C@H]4CCOC4,True,True
1750,CID10195250,CID10195250,C1COCCN1CC2=CC=C(C=C2)COC3=NC=CC(=N3)C(C#N)C4=NC5=CC=CC=C5S4,True,True
1751,CID10201696,CID10201696,CCCN1CCN(CC1)C2=CC=C(C=C2)C(=O)NC3(CCCCC3)C(=O)NCC#N,True,True
1752,CID10202642,CID10202642,C1COCCC1NC(=O)C2=CC=C(C=C2)C3=NC=CC(=C3)C4=C(NN=C4)C5=CC=CC=N5,True,True
1753,CID10206,CID10206,CN1CCC2=CC3=C(C4=C2[C@@H]1CC5=CC=C(C=C5)OC6=C(C=CC(=C6)C[C@@H]7C8=CC(=C(C=C8CCN7C)OC)O4)OC)OCO3,True,True
1754,CID10207,CID10207,C1=CC2=C(C(=C1)O)C(=O)C3=C(C2=O)C=C(C=C3O)CO,True,True
1755,CID10208,CID10208,CC1=CC2=C(C(=C1)O)C(=O)C3=C(C2=O)C=CC=C3O,True,True
1756,CID102175,CID102175,CNC1=C2C(=NC=N1)N(C=N2)[C@H]3[C@@H]([C@@H]([C@H](O3)CO)O)O,True,True
1757,CID10219,CID10219,CC[C@H]1CN2CCC3=CC(=C(C=C3[C@@H]2C[C@@H]1C[C@@H]4C5=CC(=C(C=C5CCN4)OC)OC)OC)OC,True,True
1758,CID10226546,CID10226546,CC1=C(C(=NN1)C)CC2=C(C3=C(S2)N(C(=O)N(C3=O)C)CC(C)C)C(=O)N4C[C@@H](CO4)O,True,True
1759,CID10228,CID10228,CC(=CCC1=C(C=CC2=C1OC(=O)C=C2)OC)C,True,True
1760,CID10231331,CID10231331,C1=CC(=C(C=C1I)F)NC2=C(C(=C(C=C2C(=O)NOCC(CO)O)Br)F)F,True,True
1761,CID10235,CID10235,C1[C@H]2CNC[C@@H]1C3=CC=CC(=O)N3C2,True,True
1762,CID10237,CID10237,CN1CCC2=CC3=C(C=C2[C@H]1[C@H]4C5=C(C6=C(C=C5)OCO6)C(=O)O4)OCO3,True,True
1763,CID102484,CID102484,C1=CC(=CC=C1C(CN)O)O.Cl,True,True
1764,CID10253143,CID10253143,C1COCCC1CNC(=O)C2=CN=C(N=C2C(F)(F)F)NC3=C(C=C(C=C3)Cl)Cl,True,True
1765,CID10256643,CID10256643,CCNC(=O)[C@@H]1[C@H]([C@H]([C@@H](O1)N2C=NC3=C(N=C(N=C32)NCCC4=CC=C(C=C4)CCC(=O)O)N)O)O.Cl,True,True
1766,CID10271028,CID10271028,CC(C)(CNC1=NN2C(=NN=C2C3=CC=CC=C3)C=C1C4CCC4)CN(C)C,True,True
1767,CID10275789,CID10275789,CC1=C(C=C(C=C1)[N+](=O)[O-])S(=O)(=O)N(C)/N=C/C2=CN=C3N2C=C(C=C3)Br,True,True
1768,CID10280735,CID10280735,CN1CCC2=C(C1)SC(=N2)C(=O)N[C@@H]3C[C@H](CC[C@@H]3NC(=O)C(=O)NC4=NC=C(C=C4)Cl)C(=O)N(C)C,True,True
1769,CID10286159,CID10286159,C1C[C@H]2[C@@H](C1)C3=C(C=CC(=C3)O)O[C@H]2C4=CC=C(C=C4)O,True,True
1770,CID10288191,CID10288191,CN1C=NC2=C1C=C(C(=C2F)NC3=C(C=C(C=C3)Br)F)C(=O)NOCCO,True,True
1771,CID10294813,CID10294813,CNCCN1C2=C(C=NC3=CC4=C(C=C32)OCO4)C5=CC(=C(C=C5C1=O)OC)OC,True,True
1772,CID10296883,CID10296883,CN1CCN(CC1)C2=NC3=CC=CC=C3C(=N2)C4=C(C(=O)NC4=O)C5=CNC6=CC=CC=C65,True,True
1773,CID10297043,CID10297043,CCN1CCN(CC1)CC2=CC=C(C=C2)C3=CC4=C(N3)N=CN=C4N[C@H](C)C5=CC=CC=C5,True,True
1774,CID10302451,CID10302451,CN1CCN(CC1)CCOC2=CC3=C(C(=C2)OC4CCOCC4)C(=NC=N3)NC5=C(C=CC6=C5OCO6)Cl,True,True
1775,CID10317566,CID10317566,COCCOC1=C(C=C2C(=C1)N=CN=C2NC3=CC=CC(=C3)C#C)OCCO,True,True
1776,CID10322165,CID10322165,C[C@@H](C1=CC=CC=C1)NC(=O)[C@H](CC2=CNC3=CC=CC=C32)NC(=O)[C@H](CC(C)C)CC(=O)O,True,True
1777,CID10331844,CID10331844,CC(=O)C1=CC2=C(O1)C(=O)C3=CC=CC=C3C2=O,True,True
1778,CID10339178,CID10339178,C1CC(C1)(C(=O)O)C(=O)O.[NH2-].[NH2-].[Pt+2],True,True
1779,CID10339779,CID10339779,CC1=NN(C(=C1)C(=O)N2CCN(CC2)C3=CC(=CC=C3)Cl)C4=CC=CC=C4,True,True
1780,CID10341154,CID10341154,C1=CC(=C(C(=C1)F)N(C2=NC(=C(C=C2)C(=O)N)C3=C(C=C(C=C3)F)F)C(=O)N)F,True,True
1781,CID10348973,CID10348973,CN(C)CC1=C(SC2=C1C(=O)N(C(=O)N2CC3=C(C=CC=C3F)F)C4=NN=C(C=C4)OC)C5=CC=C(C=C5)NC(=O)NOC,True,True
1782,CID10354063,CID10354063,CC(C)(C)C1=CC(=C(C(=C1)O)CN)C(C)(C)C,True,True
1783,CID10365033,CID10365033,CC(C)C[C@@H](C(=O)C=O)NC(=O)[C@H](CC1=CC=CC=C1)NC(=O)OCC2=CC=CC=C2,True,True
1784,CID10366136,CID10366136,CC1(COC1)COC2=CC3=C(C=C2)N(C=N3)C4=NC5=C(C=CC=C5N6CCC(CC6)N)C=C4,True,True
1785,CID10367662,CID10367662,CC1=NOC(=C1NC(=O)OC(C)C2=CC=CC=C2Cl)C3=CC=C(C=C3)CSCCC(=O)O,True,True
1786,CID10369242,CID10369242,CC1=C(C(=NN1)C(F)(F)F)CC2=C(C3=C(S2)N(C(=O)N(C3=O)C)C(C)C)C(=O)N4C[C@](CO4)(C)O,True,True
1787,CID10377751,CID10377751,C1=CC2=NC=CN=C2C=C1/C=C\3/C(=O)NC(=O)S3,True,True
1788,CID10384072,CID10384072,C1=CC=C(C(=C1)C2=CC3=C(C4=C(N3)C=CC(=C4)O)C5=C2C(=O)NC5=O)Cl,True,True
1789,CID10409068,CID10409068,CCCNC(=O)C1=CN2C(=C1C)C(=NC=N2)NC3=C(C=CC(=C3)C(=O)NC4CC4)C,True,True
1790,CID10427712,CID10427712,C1=CC(=CC(=C1)O)C2=NC3=C(N=C(N=C3N=C2C4=CC(=CC=C4)O)N)N,True,True
1791,CID10430360,CID10430360,C1CCN(CC1)CCOC2=CC=CC(=C2)C3=NNC4=C3C=C(C=C4)C5=NC=NN5,True,True
1792,CID10435235,CID10435235,C[C@@H](C(=O)N[C@H]1C2=CC=CC=C2C3=CC=CC=C3N(C1=O)C)NC(=O)[C@H](C4=CC(=CC(=C4)F)F)O,True,True
1793,CID10437018,CID10437018,CC1=C2C(=NC=NN2C=C1NC(=O)OC[C@@H]3COCCN3)NC4=CC5=C(C=C4)N(N=C5)CC6=CC(=CC=C6)F,True,True
1794,CID10458325,CID10458325,CN1C[C@H]2CC(C[C@H]2C1)COC3=C(C=C4C(=C3)N=CN=C4NC5=C(C(=C(C=C5)Cl)Cl)F)OC,True,True
1795,CID1046,CID1046,C1=CN=C(C=N1)C(=O)N,True,True
1796,CID10461508,CID10461508,CC[C@@H]1C(=O)N(C2=CN=C(N=C2N1C(C)C)NC3=C(C=C(C=C3)C(=O)NC4CCC(CC4)N5CCN(CC5)CC6CC6)OC)C,True,True
1797,CID10461815,CID10461815,CC1=C(NC(=C1C(=O)N2CCC[C@@H]2CN3CCCC3)C)/C=C\4/C5=C(C=CC(=C5)S(=O)(=O)CC6=C(C=CC=C6Cl)Cl)NC4=O,True,True
1798,CID1047,CID1047,C1=CN=C(C=N1)C(=O)O,True,True
1799,CID104741,CID104741,C[C@]12CC[C@H]3[C@H]([C@@H]1CC[C@@H]2O)[C@@H](CC4=C3C=CC(=C4)O)CCCCCCCCCS(=O)CCCC(C(F)(F)F)(F)F,True,True
1800,CID10474335,CID10474335,COC1=CC=CC2=C1CCCC2CCCN3CCN(CC3)C4CCCCC4,True,True
1801,CID10475633,CID10475633,CC(C)(CNC(=O)CC1CCC2(CC1)OC3(C4CC5CC(C4)CC3C5)OO2)N,True,True
1802,CID104769,CID104769,CC(C)NCC(COC1=CC=C(C=C1)CCC(=O)OC)O.Cl,True,True
1803,CID104794,CID104794,C[C@]12CC[C@H]3[C@H]([C@@H]1CC[C@@H]2NCCCCCCN4C(=O)C=CC4=O)CCC5=C3C=CC(=C5)OC,True,True
1804,CID104799,CID104799,CCOP(=O)(C(C)NC(=O)N(CCCl)N=O)OCC,True,True
1805,CID1048267,CID1048267,CCCC(=O)NC1=CC(=CC=C1)NC(=O)C2=CC=CC=C2Br,True,True
1806,CID104850,CID104850,CC1=C(N(N=C1C(=O)NN2CCCCC2)C3=C(C=C(C=C3)Cl)Cl)C4=CC=C(C=C4)Cl,True,True
1807,CID104858,CID104858,C(CC(=O)N[C@@H](CSN=O)C(=O)NCC(=O)O)[C@@H](C(=O)O)N,True,True
1808,CID104865,CID104865,CC(C)(C)C1=CC=C(C=C1)S(=O)(=O)NC2=C(C(=NC(=N2)C3=NC=CC=N3)OCCO)OC4=CC=CC=C4OC,True,True
1809,CID104920,CID104920,C1CN(CCN1CCCC2=CC=CC=C2)CCOC(C3=CC=C(C=C3)F)C4=CC=C(C=C4)F.Cl.Cl,True,True
1810,CID105066,CID105066,CC[C@]12CCCN3[C@H]1C4=C(CC3)C5=CC=CC=C5N4C(=C2)C(=O)OCC,True,True
1811,CID105115,CID105115,C[C@H](C=C(C)C=CC(=O)NO)C(=O)C1=CC=C(C=C1)N(C)C,True,True
1812,CID10531,CID10531,C[C@@]1(C(=O)N2[C@H](C(=O)N3CCC[C@H]3[C@@]2(O1)O)CC4=CC=CC=C4)NC(=O)[C@@H]5C[C@H]6[C@@H](CC7=CNC8=CC=CC6=C78)N(C5)C,True,True
1814,CID10607,CID10607,COC1=CC(=CC(=C1OC)OC)[C@H]2[C@@H]3[C@H](COC3=O)[C@H](C4=CC5=C(C=C24)OCO5)O,True,True
1815,CID10621,CID10621,C[C@H]1[C@@H]([C@H]([C@H]([C@@H](O1)OC[C@@H]2[C@H]([C@@H]([C@H]([C@@H](O2)OC3=CC(=C4C(=O)C[C@H](OC4=C3)C5=CC(=C(C=C5)OC)O)O)O)O)O)O)O)O,True,True
1816,CID10629256,CID10629256,CC[C@@]12C=CCN3[C@@H]1[C@]4(CC3)[C@H]([C@]([C@@H]2OC(=O)C)(C(=O)OC)O)N(C5=CC(=C(C=C45)[C@]6(C[C@@H]7C[C@H](CN(C7)CC8=C6NC9=CC=CC=C89)C(C)(F)F)C(=O)OC)OC)C,True,True
1817,CID10639,CID10639,CC1=CC2=C(C(=C1)O)C(=O)C3=C(C2=O)C=C(C=C3O)OC,True,True
1818,CID10648,CID10648,C1CC(C2=CC=CC=C2C1)C3=NCCN3.Cl,True,True
1819,CID1067700,CID1067700,CC1(CC2=C(CO1)SC(=C2C(=O)O)NC(=S)NC(=O)C3=CC=CC=C3)C,True,True
1820,CID1069686,CID1069686,CCOC1=CC=C(C=C1)NC2=NC(=CS2)C3=C(N=C4N3C=CC=C4)C,True,True
1821,CID10701,CID10701,C1=CN=C(N1)[N+](=O)[O-],True,True
1822,CID107706,CID107706,CC(C)(C)C(=O)OC1=CC=C(C=C1)S(=O)(=O)NC2=CC=CC=C2C(=O)NCC(=O)O,True,True
1823,CID107751,CID107751,CC(=O)SCC(CC1=CC=CC=C1)C(=O)NCC(=O)OCC2=CC=CC=C2,True,True
1824,CID107771,CID107771,COC1=NC2=C(C3=C(C=C(C=C3)Cl)N=C2C=C1)NC4=CC(=C(C(=C4)CN5CCCC5)O)CN6CCCC6,True,True
1825,CID107778,CID107778,CCCCCCC(C)(C)C1=CC(=C2[C@H]3CC(=CC[C@@H]3C(OC2=C1)(C)C)CO)O,True,True
1826,CID107807,CID107807,CCCC(C(=O)OCC)NC(C)C(=O)N1C2CCCCC2CC1C(=O)O,True,True
1827,CID107848,CID107848,COC(=O)C1=CO[C@H]([C@H]2[C@@H]1CC=C2CO)O[C@H]3[C@@H]([C@H]([C@@H]([C@H](O3)CO)O)O)O,True,True
1828,CID107935,CID107935,CC1(C=CC2=C(O1)C=CC3=C2O[C@@H]4COC5=CC(=C(C=C5[C@@H]4C3=O)OC)OC)C,True,True
1829,CID107952,CID107952,CC(C)NCC(COC1=CC=C(C=C1)CCOCC2CC2)O.Cl,True,True
1830,CID107969,CID107969,CCCCCCCCC1=CC=C(C=C1)CCC(CO)(CO)N.Cl,True,True
1831,CID107970,CID107970,CCCCCCCCC1=CC=C(C=C1)CCC(CO)(CO)N,True,True
1832,CID107971,CID107971,C1=CC(=CC=C1C2=COC3=C(C2=O)C=CC(=C3)O[C@H]4[C@@H]([C@H]([C@@H]([C@H](O4)CO)O)O)O)O,True,True
1833,CID107985,CID107985,CC(C)[C@@]12[C@@H](O1)[C@H]3[C@@]4(O3)[C@]5(CCC6=C([C@@H]5C[C@H]7[C@]4([C@@H]2O)O7)COC6=O)C,True,True
1834,CID108092,CID108092,CCN(CC)CCOC1=CC=C(C=C1)CC2=CC=CC=C2,True,True
1835,CID108107,CID108107,C1=CC=C(C=C1)CN=C(N)NC(=O)C2=C(N=C(C(=N2)Cl)N)N,True,True
1836,CID108143,CID108143,CC1(CCC(C2=C1C=CC(=C2)NC(=O)C3=CC=C(C=C3)C(=O)O)(C)C)C,True,True
1837,CID108144,CID108144,C1=CC(=CC=C1C(=O)C2=C(C=C(C=C2Cl)CN3C(=C(N=N3)C(=O)N)N)Cl)Cl,True,True
1838,CID108150,CID108150,CC1=CC2=C([C@@H]3[C@@H]4[C@H]5C6=C(C(=C7C(=C6[C@@H](N4[C@H]([C@H](C2)N3C)O)COC(=O)[C@@]8(CS5)C9=CC(=C(C=C9CCN8)O)OC)OCO7)C)OC(=O)C)C(=C1OC)O,True,True
1839,CID108187,CID108187,C[C@@](CC1=CNC2=CC=CC=C21)(C(=O)NC[C@@H](C3=CC=CC=C3)NC(=O)CCC(=O)O)NC(=O)OC4C5CC6CC(C5)CC4C6,True,True
1840,CID10830,CID10830,C1CCN(CC1)CC(COC(=O)NC2=CC=CC=C2)OC(=O)NC3=CC=CC=C3.Cl,True,True
1841,CID10830874,CID10830874,CC1=C(C(=O)N(N1CC(C)(C)O)C2=CC=CC=C2)C(=O)NC3=CC(=C(C=C3)OC4=C5C=CC(=CC5=NC=C4)OC)F,True,True
1842,CID10866,CID10866,CCCCCCCCCCCC[N+](C)(C)CCOC1=CC=CC=C1.[Br-],True,True
1844,CID10917,CID10917,C[N+](C)(C)C[C@@H](CC(=O)[O-])O,True,True
1845,CID10921,CID10921,C[N+](C)(C)CCCCCCCCCC[N+](C)(C)C.[Br-].[Br-],True,True
1846,CID10995177,CID10995177,CC1=C2[C@H](C(=O)[C@@]3([C@H](C[C@@H]4[C@]([C@H]3[C@@H]([C@@](C2(C)C)(C[C@@H]1O)O)OC(=O)C5=CC=CC=C5)(CO4)OC(=O)C)O)C)O,True,True
1847,CID1102,CID1102,C(CCNCCCN)CN,True,True
1848,CID11057,CID11057,CN(C)C1=CC=C(C=C1)C(=C2C=CC(=[N+](C)C)C=C2)C3=CC=C(C=C3)N(C)C.[Cl-],True,True
1849,CID110635,CID110635,CN1CC(=O)N2[C@@H](C1=O)CC3=C([C@H]2C4=CC5=C(C=C4)OCO5)NC6=CC=CC=C36,True,True
1850,CID11064619,CID11064619,C1=CN(C(=O)NC1=O)[C@H]2[C@@H]([C@H]([C@H](O2)CO)O)O,True,True
1851,CID11065,CID11065,CN(C)CCC=C1C2=CC=CC=C2CCC3=CC=CC=C31.Cl,True,True
1852,CID11074431,CID11074431,CC1=CC(=O)[N-]S(=O)(=O)O1.[K+],True,True
1853,CID11079,CID11079,C1CN=C(N1)CC2=CC=CC3=CC=CC=C32.Cl,True,True
1854,CID11092,CID11092,CC(=O)C1=C(C=C(C=C1)OC)O,True,True
1855,CID11102,CID11102,CCCCCCCCCCCCCCCC[N+](C)(C)CCN(CC1=CC=C(C=C1)OC)C2=NC=CC=N2.[Br-],True,True
1856,CID11152667,CID11152667,C1C[C@@H](CNC1)NC(=O)C2=C(C=C(S2)C3=CC(=CC=C3)F)NC(=O)N,True,True
1857,CID11154925,CID11154925,CC1=CC2=C(N1)C=CC(=C2F)OC3=NC=NN4C3=C(C(=C4)OC[C@@H](C)OC(=O)[C@H](C)N)C,True,True
1858,CID11159621,CID11159621,C1CC2=C(C1)NN=C2C3=NNN=N3,True,True
1859,CID11167112,CID11167112,CN1C(=O)C(=C(N=C1NC[C@H](CC2=CC=CC=C2)N)C3=CC=NC=C3)C4=CC5=CC=CC=C5C=C4,True,True
1860,CID11167602,CID11167602,CNC(=O)C1=NC=CC(=C1)OC2=CC(=C(C=C2)NC(=O)NC3=CC(=C(C=C3)Cl)C(F)(F)F)F,True,True
1861,CID11175137,CID11175137,C1CNCCC1(C2=CC=C(C=C2)C3=CNN=C3)C4=CC=C(C=C4)Cl,True,True
1862,CID11178236,CID11178236,CC1=[N+](C2=C(N1CCOC)C(=O)C3=CC=CC=C3C2=O)CC4=NC=CN=C4.[Br-],True,True
1863,CID11188409,CID11188409,C[C@]12CC[C@@H](CC1=CC[C@@H]3[C@@H]2CC[C@]4([C@H]3CC=C4N5C=NC6=CC=CC=C65)C)O,True,True
1864,CID11201705,CID11201705,CC1=C2C(=C3C=C(C=CC3=N1)S(=O)(=O)N4CCOCC4)C(=O)N(C2=O)CCOC(=O)C,True,True
1865,CID11210478,CID11210478,C[C@@H](C1=CC=CC=C1)NC(=O)/C(=C/C2=NC(=CC=C2)Br)/C#N,True,True
1866,CID11213558,CID11213558,CC1(C(=O)NC2=C(O1)C=CC(=N2)NC3=NC(=NC=C3F)NC4=CC(=C(C(=C4)OC)OC)OC)C,True,True
1867,CID11214940,CID11214940,CCOC1=CC=CC=C1N2C(=O)C3=CC=CC=C3N=C2C(C)N4CCN(CC4)C(=O)COC5=CC=C(C=C5)Cl,True,True
1868,CID11219835,CID11219835,C1=CC=C(C(=C1)C2=NC(=NO2)C3=CC(=CC=C3)C(=O)O)F,True,True
1869,CID11222830,CID11222830,CCC[C@@H](C1=CC=CC=C1)NC(=O)/C(=C/C2=NC(=CC=C2)Br)/C#N,True,True
1870,CID11224,CID11224,CC(C1=CC=CC=C1)(C2=CC=CC=N2)OCCN(C)C.C(CC(=O)O)C(=O)O,True,True
1871,CID11226684,CID11226684,CC[C@H](C)[C@@H](C(=O)N[C@@H]([C@@H](C)O)C(=O)N[C@@H](CC(C)C)C(=O)[C@]1(CO1)C)NC(=O)[C@H]([C@@H](C)CC)N(C)C(=O)C,True,True
1872,CID11228183,CID11228183,CN(C)CC[C@H](CSC1=CC=CC=C1)NC2=C(C=C(C=C2)S(=O)(=O)NC(=O)C3=CC=C(C=C3)N4CCN(CC4)CC5=CC=CC=C5C6=CC=C(C=C6)Cl)[N+](=O)[O-],True,True
1873,CID11234052,CID11234052,CC1=CC2=C(N1)C=CC(=C2F)OC3=NC=NN4C3=C(C(=C4)OC[C@@H](C)O)C,True,True
1874,CID11238147,CID11238147,C1CN([C@H]2CN(C(=O)[C@@H](N2C1=O)CC3=CC=C(C=C3)O)CC4=CC=CC5=CC=CC=C54)C(=O)NCC6=CC=CC=C6,True,True
1875,CID11242315,CID11242315,C1=CN(C(=O)N=C1N)[C@H]2[C@@H]([C@@H](C(=C2F)CO)O)O,True,True
1876,CID11243536,CID11243536,C1CN2CCC1[C@H](C2)NC(=O)C3=CC=C(C=C3)Cl.Cl,True,True
1877,CID11243969,CID11243969,C1[C@@H]2C[C@@H]2N([C@@H]1C#N)C(=O)[C@H](C34CC5CC(C3)CC(C5)(C4)O)N,True,True
1878,CID11248490,CID11248490,COC1=C(C=C(C=C1)CS(=O)(=O)/C=C/C2=C(C=C(C=C2OC)OC)OC)OP(=O)(O)O,True,True
1879,CID11248978,CID11248978,C1CN2C=C(C3=CC=CC(=C32)CN1C(=O)N4CCOCC4)C5=C(C(=O)NC5=O)C6=CN=C7N6C=CC=C7,True,True
1880,CID11249084,CID11249084,CCC1=C(C(=CC=C1)CC)NC(=O)N2CC3=C(C2)NN=C3NC(=O)C4=CC=C(C=C4)N5CCN(CC5)C,True,True
1881,CID11249248,CID11249248,C[C@H](C1=C(C=C(C=C1)F)CCCC(=O)O)N(C2=C(C=CC(=C2)F)F)S(=O)(=O)C3=CC=C(C=C3)Cl,True,True
1882,CID11256664,CID11256664,CC1=C2C=C(C=CC2=C(C(=N1)C(=O)NCC(=O)O)O)OC3=CC=CC=C3,True,True
1883,CID11256720,CID11256720,C1CN(CCN1)C2=CC=CC3=CC(=CN=C32)S(=O)(=O)C4=CC=CC=C4,True,True
1884,CID11271909,CID11271909,CC1=C(C2=C(N1C(C3=CC=CC=C3)C4=CC=CC=C4)C=CC(=C2)Cl)CCOC5=CC=C(C=C5)C(=O)O,True,True
1885,CID11272610,CID11272610,C1COCCN1CCCNS(=O)(=O)C2=CC3=C(C=C2)C4=C(C3)C5=CC=CC=C5C(=O)N4,True,True
1886,CID11273,CID11273,C[C@]12CCC(=O)C(=C1CC[C@@H]3[C@@H]2CC[C@]4([C@H]3CCC4=O)C)O,True,True
1887,CID11282283,CID11282283,C1CN(CCN1C2=NC=NC3=C2OC4=CC=CC=C43)C(=S)NCC5=CC6=C(C=C5)OCO6,True,True
1888,CID11285001,CID11285001,COCCN1CCN(CC1)CC2=CC=C(C=C2)C3=NNC4=C3C(=O)C5=C4C=CC=C5NC(=O)NN6CCOCC6.Cl.Cl,True,True
1889,CID11285588,CID11285588,CC(C)(C)OC(=O)N[C@H]1CCCCC/C=C\[C@@H]2C[C@]2(NC(=O)[C@@H]3C[C@H](CN3C1=O)OC(=O)N4CC5=C(C4)C(=CC=C5)F)C(=O)NS(=O)(=O)C6CC6,True,True
1890,CID11288934,CID11288934,CN1C(=O)[C@H](NC1=O)CC2=CNC3=C2C=CC=C3Cl,True,True
1891,CID11292191,CID11292191,CC1=C(C2=C(C=CC=C2N1CC(=O)O)NC(=O)C)SC3=CC=C(C=C3)Cl,True,True
1892,CID11296583,CID11296583,C[C@H]1[C@H]([C@H](C[C@@H](O1)O[C@H]2C[C@@](CC3=C2C(=C4C(=C3O)C(=O)C5=C(C4=O)C(=CC=C5)OC)O)(C(=O)CO)O)N)O[C@@H]6CCCCO6,True,True
1893,CID11304743,CID11304743,CN(C1=C(N=C(N=C1N)C2=NN(C3=C2C=CC=N3)CC4=CC=CC=C4F)N)C(=O)OC,True,True
1894,CID11313361,CID11313361,COC1CCC(CC1)C(=O)C2=CC3=CC4=C(N=C3C=C2)OCCC4,True,True
1895,CID11313622,CID11313622,C1=CC=C(C=C1)CN2C(=O)N(SC2=O)C3=CC=CC4=CC=CC=C43,True,True
1896,CID11314340,CID11314340,CC1=C2C=C(C=CC2=NN1)C3=CC(=CN=C3)OC[C@H](CC4=CC=CC=C4)N,True,True
1897,CID11317348,CID11317348,COC1=CC2=C(C=CN=C2C=C1OC)OC3=CC(=C(C=C3)NC(=O)NC4=C(C=C(C=C4)F)F)F,True,True
1898,CID11326715,CID11326715,C[C@](COC1=CC=C(C=C1)C#N)(C(=O)NC2=CC(=C(C=C2)C#N)C(F)(F)F)O,True,True
1899,CID11327430,CID11327430,C1COCCN1C2=CC(=O)C3=C(O2)C(=CC=C3)C4=CC=CC5=C4SC6=CC=CC=C56,True,True
1900,CID11333,CID11333,C([C@@H]1[C@@H]([C@@H]([C@H]([C@@H](O1)O[C@@H]2[C@H](O[C@@]([C@H]2O)(CO)O)CO)O)O)O)O,True,True
1901,CID11338033,CID11338033,C1CNCCC1NC(=O)C2=C(C=NN2)NC(=O)C3=C(C=CC=C3Cl)Cl,True,True
1902,CID11345983,CID11345983,COC1=CC=C(C=C1)NC2=NC=CC(=N2)NCCO,True,True
1903,CID11347535,CID11347535,C[C@]12[C@H](C(=O)N[C@]1(C(=O)O2)[C@H]([C@H]3CCCC=C3)O)CCCl,True,True
1904,CID11349170,CID11349170,COC1=CC=CC(=C1)NC2=NC=NN3C2=C(C=C3)CN4CC[C@H]([C@@H](C4)O)N,True,True
1905,CID11351021,CID11351021,CCC[C@@H](C1=CN=CC=C1)NC2=NC(=NC=C2C)C3=CC(=C(C=C3)NC(=O)NCC)OC,True,True
1906,CID11354606,CID11354606,C[C@@H]1CC2CC[C@H]3C(=C)C[C@@H](O3)CC[C@]45C[C@@H]6[C@H](O4)[C@H]7[C@@H](O6)[C@@H](O5)[C@@H]8[C@@H](O7)CC[C@@H](O8)CC(=O)C[C@H]9[C@H](C[C@H](C1=C)O2)O[C@@H]([C@@H]9OC)C[C@@H](CN)O.CS(=O)(=O)O,True,True
1907,CID11358077,CID11358077,C[C@@H]1CC[C@H]2[C@H]([C@@H](O[C@H]3[C@@]24[C@H]1CC[C@](O3)(OO4)C)O)C,True,True
1908,CID11364421,CID11364421,CC[C@@H]1C(=O)N(C2=CN=C(N=C2N1C3CCCC3)NC4=C(C=C(C=C4)C(=O)NC5CCN(CC5)C)OC)C,True,True
1909,CID11373846,CID11373846,CC1=C(C(CC(=O)N1)C2=CC=C(C=C2)C(F)(F)F)C(=O)NC3=C(C=C4C(=C3)C=NN4)F,True,True
1910,CID11381449,CID11381449,CN1C=C(C=C1/C=C/C(=O)NO)/C=C/C(=O)C2=CC(=CC=C2)F,True,True
1911,CID11383075,CID11383075,C1C[C@@H](CN(C1)C(=O)C2=CC=C(C=C2)F)C3=NC(=NO3)C4=CC=C(C=C4)F,True,True
1912,CID11387605,CID11387605,CC1=C(C=C(C=C1)NC(=O)C2=CC(=C(C=C2)CN3CC[C@@H](C3)N(C)C)C(F)(F)F)NC4=NC=CC(=N4)C5=CN=CN=C5,True,True
1913,CID11393719,CID11393719,CCN1C2=C(C=NC=C2CNC3CCNCC3)N=C1C4=NON=C4N,True,True
1914,CID11398092,CID11398092,CCO[C@H]1[C@H](CC(=O)O1)NC(=O)[C@@H]2CCCN2C(=O)[C@H](C(C)(C)C)NC(=O)C3=CC(=C(C=C3)N)Cl,True,True
1915,CID11399764,CID11399764,COC1=C(C=C2CN(CCC2=C1)CCC3=CC=C(C=C3)N4N=C(N=N4)C5=CC(=C(C=C5NC(=O)C6=CC(=O)C7=CC=CC=C7O6)OC)OC)OC,True,True
1916,CID11404337,CID11404337,CC1=CC(=C(N1)/C=C\2/C(=C/C(=C/3\C=C4C=CC=CC4=N3)/N2)OC)C,True,True
1917,CID11409972,CID11409972,CCN1CCN(CC1)CC2=C(C=C(C=C2)NC(=O)NC3=CC=C(C=C3)OC4=NC=NC(=C4)NC)C(F)(F)F,True,True
1918,CID11414799,CID11414799,CC1=NC2=CC=CC=C2C(=N1)N(C)C3=CC=C(C=C3)OC,True,True
1919,CID11427553,CID11427553,C1CN(CCN1)C(=O)C2=CC=C(C=C2)/C=C/C3=NNC4=CC=CC=C43,True,True
1920,CID11431660,CID11431660,CC1=C(C(=O)N(C2=NC(=NC=C12)NC3=NC=C(C=C3)N4CCNCC4)C5CCCC5)C(=O)C.Cl,True,True
1921,CID11431811,CID11431811,C[N+]1([C@@H]2CC(C[C@H]1[C@H]3[C@@H]2O3)OC(=O)C(C4=CC=CS4)(C5=CC=CS5)O)C.O.[Br-],True,True
1922,CID11433190,CID11433190,CC(C)OC1=C(C=CC(=C1)OC)C2=N[C@H]([C@H](N2C(=O)N3CCNC(=O)C3)C4=CC=C(C=C4)Cl)C5=CC=C(C=C5)Cl,True,True
1924,CID11440648,CID11440648,C[C@]12CC[C@@H](CC1=CCC3C2CC[C@]4(C3CC=C4N5C=NC6=CC=CC=C65)C)O,True,True
1925,CID11442891,CID11442891,CN1CCN(CC1)C2=CC=C(C=C2)C(=O)NC3=NNC4=C3CN(C4)C(=O)[C@@H](C5=CC=CC=C5)OC,True,True
1927,CID11452716,CID11452716,CC1([C@@H](N(CCS1)S(=O)(=O)C2=CC=C(C=C2)OCC#CCO)C(=O)NO)C,True,True
1928,CID11454028,CID11454028,C[C@@H](C(=O)N[C@H]1C2=CC=CC=C2C3=CC=CC=C3N(C1=O)C)NC(=O)CC4=CC(=CC(=C4)F)F,True,True
1929,CID11455910,CID11455910,CC(C)C1=CC=CC=C1CC2=CC(=C(C(=C2O)O)O)C(=O)NC3=CC=C(C=C3)S(=O)(=O)C4=CC=CC=C4C(C)(C)C,True,True
1930,CID11462174,CID11462174,CC1=C(C2=C(N1CC(=O)O)C=CC(=C2)F)CC3=NC4=CC=CC=C4C=C3,True,True
1931,CID11467730,CID11467730,CC1=CC(=C(C=C1SC2=CN=C(S2)NC(=O)C3=CC=C(C=C3)CNC(C)C(C)(C)C)C(=O)N4CCN(CC4)C(=O)C)OC,True,True
1932,CID11476171,CID11476171,C1CN(C1)CC2CC(C2)N3C=C(C4=C(N=CN=C43)N)C5=CC(=CC=C5)OCC6=CC=CC=C6,True,True
1933,CID11477084,CID11477084,CC1=CC2=C(C=C1CC(=O)C3=C(C=CS3)S(=O)(=O)[N-]C4=C(C(=NO4)C)Cl)OCO2.[Na+],True,True
1934,CID11478363,CID11478363,CC1=C(C=C(C=C1)NC(=O)C2=CC(=CC=C2)C(F)(F)F)N3CC4=CN=C(N=C4N(C3=O)C)NC5=CN=C(C=C5)C,True,True
1935,CID114811,CID114811,CS(=O)(=O)C1=CC=C(C=C1)[C@H]([C@@H](CF)NC(=O)C(Cl)Cl)O,True,True
1936,CID11485656,CID11485656,CC1=CC(=C(C=C1)F)NC(=O)NC2=CC=C(C=C2)C3=C4C(=CC=C3)NN=C4N,True,True
1937,CID114869,CID114869,C1CN=C(N1)NC2=C(C=CC3=NSN=C32)Cl.Cl,True,True
1938,CID11488110,CID11488110,C[C@@H](C(F)(F)F)NC1=C(C(=NC2=NC=NN12)Cl)C3=C(C=C(C=C3F)OCCCNC)F,True,True
1939,CID11488320,CID11488320,CNC(=O)CN1CCC(CC1)OC2=C(C=C3C(=C2)C(=NC=N3)NC4=C(C(=CC=C4)Cl)F)OC,True,True
1940,CID11491176,CID11491176,C1CC2(CCC1C(=O)NC3=NN(C=C3)C4=CC=CC=C4F)C5=C(C=CN=C5)C(=O)O2,True,True
1941,CID114917,CID114917,CC1=C2C=CC3=C(C2=CC=C1)C(=O)C(=O)C4=C3OC=C4C,True,True
1942,CID11493841,CID11493841,CC1=CC(=CC=C1)NC2=NC(=NC=C2C(=O)N)N[C@@H]3CCCC[C@@H]3N,True,True
1943,CID11494412,CID11494412,C1CC2=C3C(=CC=C2)C(=CN3C1)[C@H]4[C@@H](C(=O)NC4=O)C5=CNC6=CC=CC=C65,True,True
1944,CID11497983,CID11497983,CCN(CCCOC1=CC2=C(C=C1)C(=NC=N2)NC3=NNC(=C3)CC(=O)NC4=CC(=CC=C4)F)CCOP(=O)(O)O,True,True
1945,CID11499245,CID11499245,B1(C2=C(CO1)C=C(C=C2)F)O,True,True
1946,CID115000,CID115000,CN1C(=O)COC2=C(C=C(C=C21)Cl)C(=O)NC3CN4CCC3CC4.Cl,True,True
1947,CID11501591,CID11501591,C1C[C@H](OC1)CNC2=C3C(=C(OC3=NC=N2)C4=CC=CC=C4)C5=CC=CC=C5,True,True
1948,CID115087,CID115087,CCNCC.C1=CC=C(C(=C1)CC(=O)O)NC2=C(C=CC=C2Cl)Cl,True,True
1949,CID1150897,CID1150897,CC(C)C1=CC=C(C=C1)NC(=O)CN2C=NC3=C2C(=O)N(C(=O)N3C)C,True,True
1950,CID115107,CID115107,CCCN1CCO[C@@H]2[C@@H]1COC3=C2C=C(C=C3)O,True,True
1951,CID11511120,CID11511120,COC1=C(C=C2C(=C1)N=CN=C2NC3=CC(=C(C=C3)F)Cl)NC(=O)/C=C/CN4CCCCC4,True,True
1952,CID11519397,CID11519397,COC1=C(C=C2C(=C1)C3=C(C4=CC5=C(C=C4C3=O)OCO5)N(C2=O)CCCN6C=CN=C6)OC,True,True
1953,CID11519741,CID11519741,C1C[N+]2(CCC1[C@H](C2)OC(=O)C(C3=CC=CS3)(C4=CC=CS4)O)CCCOC5=CC=CC=C5.[Br-],True,True
1954,CID11520894,CID11520894,C[C@@H]1CC[C@H]2C[C@@H](/C(=C/C=C/C=C/[C@H](C[C@H](C(=O)[C@@H]([C@@H](/C(=C/[C@H](C(=O)C[C@H](OC(=O)[C@@H]3CCCCN3C(=O)C(=O)[C@@]1(O2)O)[C@H](C)C[C@@H]4CC[C@H]([C@@H](C4)OC)OP(=O)(C)C)C)/C)O)OC)C)C)/C)OC,True,True
1955,CID11524144,CID11524144,C1CCN(CC1)CCOC2=CC=C(C=C2)C3=CN4C(=C(C=N4)C5=CC=NC=C5)N=C3,True,True
1956,CID11525740,CID11525740,CC1=C(C=C(C=C1)NC2=NC=CC(=N2)N(C)C3=CC4=NN(C(=C4C=C3)C)C)S(=O)(=O)N.Cl,True,True
1957,CID115269,CID115269,C1C[C@H]2CN3[C@H](CC=CC3=O)[C@@H]4[C@H]2N(C1)CCC4,True,True
1958,CID11530459,CID11530459,CCCCOCCOC1=C(SC(=N1)C2=CC(=C(C=C2)C(=O)O)F)C,True,True
1959,CID11533060,CID11533060,COC1=C(C=C2C(=C1)C3=C(C4=CC5=C(C=C4C3=O)OCO5)N(C2=O)CCCN6CCOCC6)OC,True,True
1960,CID115355,CID115355,C1CC(=O)C(C(=O)C1)C(=O)C2=C(C=C(C=C2)C(F)(F)F)[N+](=O)[O-],True,True
1961,CID115358,CID115358,CC1=CC(=NC2=C1C(=C(C=C2NC(C)CCCN)OC)OC3=CC=CC(=C3)C(F)(F)F)OC,True,True
1962,CID11538455,CID11538455,CN1C=C(C2=CC=CC=C21)CNCC3CCN(CC3)C4=NC=C(C=N4)C(=O)NO,True,True
1963,CID11539025,CID11539025,CC(C)(C)CN1C2=C(C=CC(=N2)C3=C(N=C(N3)C(C)(C)C)C4=CC=C(C=C4)F)N=C1N,True,True
1964,CID11548,CID11548,CC(C[N+](C)(C)C)OC(=O)N.[Cl-],True,True
1965,CID11548023,CID11548023,CC1=C(C(N=C(N1)C2=CC(=NC=C2)Cl)C3=C(C=C(C=C3)Cl)F)C(=O)NC4=C(C=C5C(=C4)C=NN5)F,True,True
1966,CID11548630,CID11548630,C1CC(=O)N(OC1)CC2=CC(=C(C(=C2F)F)NC3=C(C=C(C=C3)I)F)C(=O)NOCCO,True,True
1967,CID11552757,CID11552757,CC(C)(C)C1=C(C=CC(=C1)C2=CC3=C(C=C2)OCO3)OCCN(C)CC(=O)O,True,True
1968,CID11556427,CID11556427,C[C@H]1[C@H](OC(=O)N1CC2=C(C=CC(=C2)C(F)(F)F)C3=CC(=C(C=C3OC)F)C(C)C)C4=CC(=CC(=C4)C(F)(F)F)C(F)(F)F,True,True
1969,CID11556711,CID11556711,CC(C)C[C@@H](C(=O)[C@]1(CO1)C)NC(=O)[C@H](CC2=CC=CC=C2)NC(=O)[C@H](CC(C)C)NC(=O)[C@H](CCC3=CC=CC=C3)NC(=O)CN4CCOCC4,True,True
1970,CID11561383,CID11561383,CNC(=O)C1=C(OC2=CC(=C(C=C21)C3CC3)N(CCO)S(=O)(=O)C)C4=CC=C(C=C4)F,True,True
1971,CID11565518,CID11565518,C1=CC=NC(=C1)NCC2=CC=C(C=C2)CNC3=CC=CC=N3,True,True
1972,CID11570805,CID11570805,CC(C)(C)CN1C2=C(C=CC(=N2)C3=C(N=C(N3)C(C)(C)C)C4=CC=C(C=C4)F)N=C1N.CS(=O)(=O)O.CS(=O)(=O)O,True,True
1973,CID11577725,CID11577725,CN(C)C[C@@H]1CCN2C=C(C3=CC=CC=C32)C4=C(C5=CN(CCO1)C6=CC=CC=C65)C(=O)NC4=O.CS(=O)(=O)O,True,True
1974,CID11591741,CID11591741,C1CN2C(=NN=C2C(F)(F)F)CN1C(=O)C[C@@H](CC3=CC(=C(C=C3F)F)F)N.O.OP(=O)(O)O,True,True
1975,CID11595431,CID11595431,C1=CC=C(C=C1)OC2=CC=CC(=C2)CNC3=CC=C(C=C3)CCC(=O)O,True,True
1976,CID11598628,CID11598628,CN(C1=CC=CC=C1CNC2=NC(=NC=C2C(F)(F)F)NC3=CC4=C(C=C3)NC(=O)C4)S(=O)(=O)C,True,True
1977,CID11607738,CID11607738,CCC1=C[C@H]2C[C@@](C3=C(CN(C2)C1)C4=CC=CC=C4N3)(C5=C(C=C6C(=C5)[C@]78CCN9[C@H]7[C@@](C=CC9)([C@H]([C@@]([C@@H]8N6C)(C(=O)OC)O)OC(=O)C)CC)OC)C(=O)OC.[C@@H]([C@H](C(=O)O)O)(C(=O)O)O.[C@@H]([C@H](C(=O)O)O)(C(=O)O)O,True,True
1978,CID11609586,CID11609586,C1=CC=C2C(=C1)C(=CN2)CCNC3=CC=C(C=C3)NC4=CC=NC=C4,True,True
1979,CID11609955,CID11609955,CN(C)CC1=CC=C(C=C1)S(=O)(=O)N2C=CC(=C2)/C=C/C(=O)NO,True,True
1980,CID11612883,CID11612883,CS(=O)(=O)C1=CC=CC(=C1)CNC2=NC(=NC=C2C(F)(F)F)NC3=CC4=C(C=C3)NC(=O)CC4,True,True
1981,CID11617559,CID11617559,COC1=CC=C(C=C1)COC2=C(C=C(C=C2)CC3=CN=C(N=C3N)N)OC,True,True
1982,CID11618268,CID11618268,C[C@@H](C1=NC2=C(C=C(C=C2)F)C(=O)N1C3=CC=CC=C3)NC4=NC=NC5=C4NC=N5,True,True
1983,CID11619093,CID11619093,COC1=CC(=CC(=C1)N2CCN(CC2)C(=O)NC3=NC4=C(C=CC(=C4)F)N=C3OC)OC,True,True
1984,CID11620908,CID11620908,CC(C)(CC(=O)NCCN1C=CC2=C1C(=NC=N2)NC3=CC(=C(C=C3)OC4=CC=CC(=C4)C(F)(F)F)Cl)O,True,True
1985,CID11625818,CID11625818,CC[C@@H](C1=NC2=C(C(=CC=C2)F)C(=O)N1C3=CC=CC=C3)NC4=NC=NC5=C4NC=N5,True,True
1986,CID11626560,CID11626560,C[C@H](C1=C(C=CC(=C1Cl)F)Cl)OC2=C(N=CC(=C2)C3=CN(N=C3)C4CCNCC4)N,True,True
1987,CID11630874,CID11630874,C1=CC(=C(C=C1F)O)C2=CC=C(O2)/C=C\3/C(=O)NC(=O)S3,True,True
1988,CID11634725,CID11634725,CC1=CN=C(N=C1C2=CNC(=C2)C(=O)N[C@H](CO)C3=CC(=CC=C3)Cl)NC4=C(C=C(C=C4)F)Cl,True,True
1989,CID11635371,CID11635371,CN1C(=O)N(C(=O)[C@]12CN(C[C@H]2C3=CC=C(C=C3)C#N)CC4=CC(=CS4)C(=O)O)C5=CC(=CC(=C5)Cl)Cl,True,True
1990,CID11638255,CID11638255,CC1=NC2=CC=CC=C2C(=N1)N(C)C3=CC=C(C=C3)OC.Cl,True,True
1991,CID11640390,CID11640390,CC1(CC(C1)C2=NC(=C3N2C=CN=C3N)C4=CC5=C(C=C4)C=CC(=N5)C6=CC=CC=C6)O,True,True
1992,CID11646823,CID11646823,CC1=C(N=C(N1C2=CC=C(C=C2)OC(F)(F)F)C)C#CC3=CC(=NC=C3)Cl,True,True
1993,CID11647372,CID11647372,C1COCCN1C2=NC(=NC(=N2)N3C4=CC=CC=C4N=C3C(F)F)N5CCOCC5,True,True
1994,CID11654378,CID11654378,CC1CCN(CC1)C2=C(C=CC(=C2)N3CCN(CC3)C)NC(=O)C4=CC(=CN4)C#N,True,True
1995,CID11655119,CID11655119,C1CC2=C(C(=NN2C1)C3=CC=CC=N3)C4=C5C=CC(=CC5=NC=C4)OCCN6CCOCC6,True,True
1996,CID11656518,CID11656518,CN1C2=C(C=C(C=C2)OC3=CC(=NC=C3)C4=NC=C(N4)C(F)(F)F)N=C1NC5=CC=C(C=C5)C(F)(F)F,True,True
1997,CID11667893,CID11667893,CC1(CNC2=C1C=CC(=C2)NC(=O)C3=C(N=CC=C3)NCC4=CC=NC=C4)C,True,True
1998,CID11671467,CID11671467,CC1(C(=O)N(C2=C(O1)C=CC(=N2)NC3=NC(=NC=C3F)NC4=CC(=C(C(=C4)OC)OC)OC)COP(=O)(O)O)C,True,True
1999,CID11673921,CID11673921,C1=CC(=C(C(=C1)Cl)Cl)C2=NN=NN2CC3=CN=CC=C3,True,True
2000,CID11676373,CID11676373,C1CN(CCN1CC2=NC(=CC=C2)NC3=NC=CS3)C(=O)C4=C(C(=CC=C4)Cl)F,True,True
2001,CID11676786,CID11676786,CC1=C(C=C(C=C1)NC(=O)C2=CC(=CC=C2)C(C)(C)C#N)NC3=CC4=C(C=C3)N=CN(C4=O)C,True,True
2002,CID11683,CID11683,CC1=C[C@@H]2[C@H](CC[C@]3([C@H]2CC[C@@]3(C(=O)C)OC(=O)C)C)[C@@]4(C1=CC(=O)CC4)C,True,True
2003,CID11685945,CID11685945,C[C@H]1C[C@@H]([C@@H]([C@H](/C=C(/[C@@H]([C@H](/C=C\C=C(\C(=O)NC2=CC(=C(C(=C2O)C1)NCC=C)O)/C)OC)OC(=O)N)\C)C)O)OC.Cl,True,True
2004,CID11689883,CID11689883,CC1=NC=C(C=C1)NC(=O)NC2=CC=CC(=C2F)CN3CCN(CC3)C(=O)OC,True,True
2005,CID11700696,CID11700696,CC1=CC=C(C=C1)S(=O)(=O)O.CC1=CC=C(C=C1)S(=O)(=O)O.CC(C)(C#CC1=CC2=C(C=C1NC(=O)C=C)C(=NC=N2)NC3=CC(=C(C=C3)F)Cl)N4CCN(CC4)C,True,True
2006,CID11703255,CID11703255,CCOC(=O)C1=CCCC[C@H]1S(=O)(=O)NC2=C(C=C(C=C2)F)Cl,True,True
2007,CID11707110,CID11707110,CC1=C2C(=C(N(C1=O)C)NC3=C(C=C(C=C3)I)F)C(=O)N(C(=O)N2C4=CC=CC(=C4)NC(=O)C)C5CC5,True,True
2008,CID117072549,CID117072549,CN1C=C(C2=C(C1=O)C=NC=C2)C3=C(C=C(C(=C3)OC)CN(C)C)OC,True,True
2009,CID117072550,CID117072550,CCCS(=O)(=O)C1=NC(=CC(=N1)NC2CC2)C3=CC4=C(C=C3)N(C=C4)C5CC(NC(C5)(C)C)(C)C,True,True
2010,CID11712649,CID11712649,C1C2=CN=C(N=C2C3=C(C=C(C=C3)Cl)C(=N1)C4=C(C=CC=C4F)F)NC5=CC=C(C=C5)C(=O)O,True,True
2011,CID11713159,CID11713159,CN(C1=C(C=CC=N1)CNC2=NC(=NC=C2C(F)(F)F)NC3=CC4=C(C=C3)NC(=O)C4)S(=O)(=O)C,True,True
2012,CID11715767,CID11715767,C1CNC(=O)C2=C1NC(=C2)C3=CC=NC=C3,True,True
2013,CID11717001,CID11717001,C1C/C(=N\O)/C2=C1C=C(C=C2)C3=CN(N=C3C4=CC=NC=C4)CCO,True,True
2014,CID11717074,CID11717074,CN(C[C@H]1CCC2=C([C@H]1C3=CC=CC=C3)C=CC(=C2)OC)CC(=O)O,True,True
2015,CID11717641,CID11717641,C1CC2=C3C(=CC=C2)C(=CN3C1)[C@H]4[C@H](C(=O)NC4=O)C5=CNC6=CC=CC=C65,True,True
2016,CID11719003,CID11719003,CC(C)NC1=NC=C(C(=C1)C2=CNC(=C2)C(=O)N[C@H](CO)C3=CC(=CC=C3)Cl)Cl,True,True
2017,CID11719130,CID11719130,CN1CCN(CC1)C2=NC3=CC=CC=C3C(=N2)C4C(C(=O)NC4=O)C5=CNC6=CC=CC=C65,True,True
2018,CID1174,CID1174,C1=CNC(=O)NC1=O,True,True
2019,CID11740218,CID11740218,CN(C[C@H]1CCC2=C([C@H]1C3=CC=CC=C3)C=CC(=C2)OC)CC(=O)O.Cl,True,True
2020,CID11745519,CID11745519,C1CCOC(C1)OC2=CC=C(C=C2)O,True,True
2021,CID11749858,CID11749858,CN(C)CC1=C(OC2=CC=CC=C21)C(=O)NCCOC3=CC=C(C=C3)C(=O)NO,True,True
2022,CID11750009,CID11750009,CCC(=O)O[C@@]1(CC[C@@H]2[C@@]1(CC[C@H]3[C@H]2CCC4=CC(=O)CC[C@]34C)C)C(=O)CO,True,True
2023,CID11751549,CID11751549,CCCCC1=NC(=C(N1CC2=CC=C(C=C2)C3=CC=CC=C3C4=NNN=N4)CO)Cl.[K],True,True
2024,CID11754200,CID11754200,C[C@@H](C1CC[C@@]2([C@@]1(CCC3C2=CC(=O)[C@H]4[C@@]3(C[C@@H]([C@@H](C4)O)O)C)C)O)[C@@H](CCC(C)(C)O)O,True,True
2025,CID11754511,CID11754511,C1CCN(C1)C(=O)NC2=CC=CC(=C2)NC3=NC=C(C(=N3)NCCC4=CN=CN4)Br,True,True
2026,CID117636625,CID117636625,C1CN(CCC1NC2=C3C=C(SC3=NC=N2)CC(F)(F)F)CC4=C(C=C5C(=C4)C=C(N5CC6=CNN=C6)C#N)O,True,True
2027,CID117817422,CID117817422,C[C@H](C(F)(F)F)NC1=NC(=NC(=N1)C2=NC(=CC=C2)Cl)N[C@H](C)C(F)(F)F,True,True
2028,CID11784504,CID11784504,COC1=C(C=C(C=C1)C2=CC3=NC=CN3C(=N2)NC4=C(C=CC=N4)C(=O)N)OC,True,True
2029,CID117951478,CID117951478,CC1=C(C=CC=C1C2=CC=CC=C2)COC3=NC(=C(C=C3)CNCCNC(=O)C)OC,True,True
2030,CID117996749,CID117996749,CC1=C(C=C(C=C1)NC(=O)C2=CC3=C(C=C2)OCCO3)NC(=O)C4=CC5=C(C=C4)N=C(C=C5)OCCN6CCCC6,True,True
2031,CID118025540,CID118025540,CN(C)C/C=C/C(=O)NC1=CC=C(C=C1)C(=O)N2CCC[C@H](C2)NC3=NC=C(C(=N3)C4=CNC5=CC=CC=C54)Cl,True,True
2032,CID118036971,CID118036971,CN1CCN(C(=O)C1)CC2=C(N=C3C(=C2)CCCN3C(=O)NC4=NC=C(C(=C4)NCCOC)C#N)C=O,True,True
2033,CID118191391,CID118191391,CC1=C(C(=NN1CC2=CC=C(C=C2)C#N)C(F)(F)F)NC(=O)C3=CC(=NC4=C3C=CC(=C4)F)C(=O)N,True,True
2034,CID118196485,CID118196485,CC1=C(N(N=N1)C)C2=CC3=C(C4=C(N3[C@@H](C5CCOCC5)C6=CC=CC=C6)C=C(C=C4)C(C)(C)O)N=C2,True,True
2035,CID118238298,CID118238298,CC1(CCN(CC1)C2=CN=C(C(=N2)N)C3=C(C(=CC=C3)Cl)Cl)N,True,True
2036,CID1183,CID1183,COC1=C(C=CC(=C1)C=O)O,True,True
2037,CID118310260,CID118310260,C[C@H]1C[C@H](CC(C1)(C)C)N2C3=C(C=C(C=C3)CCC(=O)O)N=C2NC4=CC=C(C=C4)OC(F)(F)F,True,True
2038,CID11844351,CID11844351,CC1=C(C(=CC=C1)C)OC(=O)N(C2=C(C=C(C=C2)OC)OC)C3=NC(=NC=C3)NC4=CC=C(C=C4)N5CCN(CC5)C,True,True
2039,CID11848225,CID11848225,CN(C)C1(CCC2(CC1)C3=C(CCO2)C4=C(N3)C=CC(=C4)F)C5=CC=CC=C5,True,True
2040,CID11849514,CID11849514,C[C@H](C1=CC=CC2=CC=CC=C21)N[C@H]3CCCC[C@@H]3NC(=O)C4=CC=C(C=C4)Cl,True,True
2041,CID118572017,CID118572017,CC1=CC(=C(C(=O)N1)CN2CCC3=C(C=C(C(=C3C2=O)Cl)[C@H](C4COC4)OC)Cl)OC,True,True
2042,CID118572065,CID118572065,CC1=CC(=C(C(=O)N1)CN2CCC3=C(C=C(C(=C3C2=O)Cl)[C@@H](C4COC4)OC)Cl)OC,True,True
2043,CID11858109,CID11858109,CN1C(=O)C(=CN=C1NC2=CC=C(C=C2)F)C3=CC(=C(C=C3)OC4=C5C=C(C(=CC5=NC=C4)OCCCN6CCOCC6)OC)F,True,True
2044,CID118598754,CID118598754,CC1=C2C(=O)NC3(N2C(=O)C(=C1)NC4=NC=NC(=C4)N)CCCCC3,True,True
2045,CID118693658,CID118693658,C[C@@H]1C(=O)N(CCN1CCOC2=CC=C(C=C2)C3CCN(CC3)C4=NN5C(=NN=C5OC)C=C4)C.C1=CC2=C(C=CC(=C2)O)C=C1C(=O)O,True,True
2046,CID11876263,CID11876263,C[C@]12CC[C@H]3[C@H]([C@@H]1CC[C@@H]2C(=O)COC(=O)C(C)(C)C)CCC4=CC(=O)CC[C@]34C,True,True
2047,CID118869362,CID118869362,C[C@@H]1COCCN1C2=NC3=C(C=CN=C3C4=CC=NN4)C(=C2)C5=CC=NN5C,True,True
2048,CID118946372,CID118946372,C1C[C@H]2CC(C[C@@H]1N2S(=O)(=O)CC3CCN(CC3)CCCC(F)(F)F)NC(=O)C4=C(C=C5C(=C4)CC(=O)N5)Cl,True,True
2049,CID118957930,CID118957930,C[C@@H](C(F)(F)F)N(CC1=CC=C(C=C1)F)C(=O)CN2C(=O)C3(CC(C4=C3C=CC(=C4)C5=CN(N=C5)CC(=O)NC)F)NC2=O,True,True
2050,CID118958122,CID118958122,C[C@@H](C(F)(F)F)N(CC1=CC=C(C=C1)F)C(=O)CN2C(=O)[C@]3(CCC4=C3C=CC(=C4)NC(=O)NC)OC2=O,True,True
2051,CID118986645,CID118986645,CNC(=O)CCC1=CC(=NN1C2=CC=C(C=C2)N3CCNCC3)C4=CC=C(C=C4)C5=CC=C(C=C5)C(F)(F)F,True,True
2052,CID119031,CID119031,CC(C)C[C@H]([C@@H](C(=O)NO)O)C(=O)N[C@H](C(=O)NC)C(C)(C)C,True,True
2053,CID119034,CID119034,C[C@@H]1CC[C@@]2(CC[C@@]3(C(=CC[C@H]4[C@]3(CC[C@@H]5[C@@]4(C[C@H]([C@@H]([C@@]5(C)CO)O)O)C)C)[C@@H]2[C@H]1C)C)C(=O)O,True,True
2054,CID119081,CID119081,CC(C(C)N1CC(=O)NC(=O)C1)N2CC(=O)NC(=O)C2,True,True
2055,CID119081417,CID119081417,CCCOC1=CC=C(C=C1)CCC2=NC3=C(N2CCN4CCOCC4)C=CC(=C3)C5=C(ON=C5C)C,True,True
2056,CID119182,CID119182,C1=NC2=C(N=C(N=C2N1[C@H]3[C@H]([C@@H]([C@H](O3)CO)O)F)Cl)N,True,True
2057,CID119192,CID119192,COC1=C(C(=CC=C1)OC)C2=CC(=NN2C3=C4C=CC(=CC4=NC=C3)Cl)C(=O)NC5(C6CC7CC(C6)CC5C7)C(=O)O,True,True
2058,CID119245,CID119245,C[C@@H]1CC[C@@]2([C@H]([C@H]3[C@@H](O2)C[C@@H]4[C@@]3(CC[C@H]5[C@H]4CC=C6[C@@]5(CC[C@@H](C6)O[C@H]7[C@@H]([C@H]([C@@H]([C@H](O7)CO)O[C@H]8[C@@H]([C@@H]([C@H]([C@@H](O8)C)O)O)O)O)O[C@H]9[C@@H]([C@@H]([C@H]([C@@H](O9)C)O)O)O)C)C)C)OC1,True,True
2059,CID119369,CID119369,CC1=CC=CC=C1C(=O)NC2=CC=C(C=C2)C(=O)N3CCCC(C4=CC=CC=C43)N(C)C,True,True
2060,CID119373,CID119373,COC1=CC=CC2=C1NC3=C(C2=O)C=CC=C3C(=O)NC4=CC=C(C=C4)CCN5CCC6=CC(=C(C=C6C5)OC)OC,True,True
2061,CID11950170,CID11950170,CC(C)NC(=O)COC1=CC=CC(=C1)C2=NC3=CC=CC=C3C(=N2)NC4=CC5=C(C=C4)NN=C5,True,True
2062,CID119525,CID119525,CCN1C=C(C(=O)C2=CC(=C(C=C21)N3CCN(CC3)C)F)C(=O)O.CS(=O)(=O)O,True,True
2063,CID11955716,CID11955716,CC(C)C1=CC(=C(C=C1O)O)C(=O)N2CC3=C(C2)C=C(C=C3)CN4CCN(CC4)C,True,True
2064,CID11955855,CID11955855,CC1=CC(=C(C=C1Br)NC(=O)NC2=NC=C(N=C2)C)OC[C@@H]3CNCCO3,True,True
2065,CID119570,CID119570,CCCN[C@H]1CCC2=C(C1)SC(=N2)N,True,True
2066,CID11957503,CID11957503,CNC(=O)[C@@H]1[C@H]([C@H]([C@@H](O1)N2C=NC3=C(N=C(N=C32)Cl)NCC4=CC=C(C=C4)I)O)O,True,True
2067,CID11957577,CID11957577,C[C@@H](CN1CCC2=C1C=C(C=C2)Br)N.C[C@@H](CN1CCC2=C1C=C(C=C2)Br)N.C(=C/C(=O)O)\C(=O)O,True,True
2068,CID11957628,CID11957628,CN1CCCC1C2=CN=CC=C2.C(C(C(=O)O)O)(C(=O)O)O.C(C(C(=O)O)O)(C(=O)O)O,True,True
2069,CID11957668,CID11957668,CCCN1CCO[C@H]2[C@H]1COC3=C2C=C(C=C3)O.Cl,True,True
2070,CID11957684,CID11957684,CC1CCN(CC1)CC[C@H]2CCCN2S(=O)(=O)C3=CC=CC(=C3)O.Cl,True,True
2071,CID11957721,CID11957721,COC1=CC=CC=C1N2CCN(CC2)CCN(C3=CC=CC=N3)C(=O)C4CCCCC4.C(=C\C(=O)O)\C(=O)O,True,True
2072,CID119583,CID119583,CCOC1=CC(=C(C=C1C(=O)NCC2CN(CCO2)CC3=CC=C(C=C3)F)Cl)N.C(C(=O)O)C(CC(=O)O)(C(=O)O)O,True,True
2073,CID119584,CID119584,CCOC1=CC(=C(C=C1C(=O)NCC2CN(CCO2)CC3=CC=C(C=C3)F)Cl)N,True,True
2074,CID11960271,CID11960271,CC1=C(C2=C(N1)C=CC(=C2)F)C3=NC4=C5C=CC=NC5=C6C(=C4N3)C=CC=N6,True,True
2075,CID11960529,CID11960529,C[C@@]1(CCCN1)C2=NC3=C(C=CC=C3N2)C(=O)N,True,True
2076,CID119607,CID119607,CC1=C(C(=NO1)C2=CC=CC=C2)C3=CC=C(C=C3)S(=O)(=O)N,True,True
2077,CID11963194,CID11963194,CC1CCC(CC1)C(=O)N(C2CCC(CC2)OC)C3=C(SC(=C3)C4=CCCCC4)C(=O)O,True,True
2078,CID11964036,CID11964036,CCN1CCN(CC1)CC(=O)NC2=C3C4=CC=CC=C4SC3=C(C=C2)C5=CC=CC6=C5OC(=CC6=O)N7CCOCC7,True,True
2079,CID11965767,CID11965767,C[C@@H](C1=CC=CC=C1)SC2=NC3=C(C(=N2)N[C@H](CC(C)C)CO)SC(=N3)N,True,True
2080,CID11973122,CID11973122,CC1C(=O)OC2C1(C34C(=O)OC5C3(C2O)C6(C(C5)C(C)(C)C)C(C(=O)OC6O4)O)O,True,True
2081,CID11973736,CID11973736,CC1=CC(=CC2=C1N=C(N=N2)NC3=CC=C(C=C3)OCCN4CCCC4)C5=C(C=CC(=C5)OC(=O)C6=CC=CC=C6)Cl,True,True
2082,CID11976582,CID11976582,C[C@H]1CN(CCCN1S(=O)(=O)C2=CC=CC3=C2C(=CN=C3)C)C(=O)CN,True,True
2083,CID11977753,CID11977753,CC(C)(C#N)C1=CC=C(C=C1)N2C3=C4C=C(C=CC4=NC=C3N(C2=O)C)C5=CC6=CC=CC=C6N=C5,True,True
2084,CID11978790,CID11978790,CN1C2=CN=C3C=CC(=CC3=C2N(C1=O)C4=CC(=C(C=C4)N5CCNCC5)C(F)(F)F)C6=CN=C(C=C6)OC,True,True
2085,CID11979774,CID11979774,C1=CC=C(C=C1)CCCCOC2=CC=C(C=C2)C(=O)NC3=CC=CC4=C3OC(=CC4=O)C5=NNN=N5.C1=CC=C(C=C1)CCCCOC2=CC=C(C=C2)C(=O)NC3=CC=CC4=C3OC(=CC4=O)C5=NNN=N5.O,True,True
2086,CID11983295,CID11983295,C1COCCN1CCN2C3=CC=CC=C3N=C2NC(=O)C4=CC(=CC=C4)[N+](=O)[O-],True,True
2087,CID11984561,CID11984561,CN1C(=CN=C1[N+](=O)[O-])COP(=O)(NCCBr)NCCBr,True,True
2088,CID11987888,CID11987888,CC(C)(C)C(=O)OC1=CC2=C(C=C1)N(C(=N2)NC(=O)C3=CC(=CC=C3)[N+](=O)[O-])CCCO,True,True
2089,CID11998575,CID11998575,CC(C1=CC2=C(C=C1)C3=CC(=C(C=C3OC2=O)OCC4=CC=C(C=C4)OC)OC)O,True,True
2090,CID12000240,CID12000240,C[C@@H](C(=O)N[C@@H](CC(=O)O)C(=O)COC1=C(C(=CC(=C1F)F)F)F)NC(=O)C(=O)NC2=CC=CC=C2C(C)(C)C,True,True
2091,CID12003241,CID12003241,CC1=C(C=C(C=C1)NC(=O)C2=CC(=CC=C2)C(F)(F)F)N3CC4=CN=C(N=C4N(C3=O)C)NC5=CC(=NN5C)C,True,True
2093,CID120181,CID120181,C1CNCCN1.O.O.O.O.O.O,True,True
2094,CID12035,CID12035,CC(=O)N[C@@H](CS)C(=O)O,True,True
2095,CID121232405,CID121232405,C[C@@H]1CNCCN1C2=CC3=C(C=C2NC(=O)C4=CC=CC=C4OC)N(C(=O)N3C)C,True,True
2096,CID121271792,CID121271792,C[C@@H]1CC(=O)NC2=CC=CC(=C2N1)C3=CC4=C(C=C3)N(N=C4C5=CN(N=C5)C)C,True,True
2097,CID121277860,CID121277860,C[C@@H]1CC(=O)NC2=CC=CC(=C2N1)C3=CN(N=C3)C(C)(C)C,True,True
2098,CID121328278,CID121328278,C[C@H](C1CCC(CC1)C2=C3C=C(C=CC3=NC=C2)F)C(=O)NC4=CC=C(C=C4)Cl,True,True
2099,CID1213452,CID1213452,C1CN(CCN1C/C=C/C2=CC=CC=C2)C(=S)NC3=CC=C(C=C3)S(=O)(=O)N,True,True
2100,CID121396,CID121396,C(CC(=O)O)[C@@H](C(=O)O)NC(=O)N,True,True
2101,CID121408882,CID121408882,CC1(C2=C(C=C(S2)C3=NC(=NC=C3)NC4=CC=NN4C)C(=O)N1CCN5CCOCC5)C,True,True
2102,CID121473004,CID121473004,COC1=CC=C(C=C1)S(=O)(=O)NCC2=CC=C(C=C2)C(=O)NCCC3=NC=C(C=C3)Cl,True,True
2103,CID121487936,CID121487936,CC(C)(C)NC(=O)C1=CN=CN1C2CCN(CC2)C3=NC=C(C=C3)C4=NN=C(O4)C(F)(F)F,True,True
2104,CID121488167,CID121488167,COC1=C(C=CC(=C1)F)C2=NC(=NC=N2)NC3=CC=CC(=C3)C[S@](=N)(=O)C,True,True
2105,CID121499143,CID121499143,CN1C2=C(C(=O)N(C3=CN=C(N=C31)NC4=CC=C(C=C4)S(=O)(=O)N)C)SC=C2,True,True
2106,CID121513855,CID121513855,C1CC(C1)C(=O)NCCCNC2=NC(=NC=C2C3CC3)NC4=CC=C(C=C4)N5CCOCC5,True,True
2107,CID121586,CID121586,C1=CN(C=N1)CC(O)(P(=O)(O)O)P(=O)(O)O.O,True,True
2108,CID121587,CID121587,CN1CCC23C=CC(CC2OC4=C(C=CC(=C34)C1)OC)O.Br,True,True
2109,CID121596782,CID121596782,CC1=C(C(=CC=C1)Cl)N2CC3=CN=C(N=C3N(C2=O)C4=NC=C(C=C4)OC)NC5=C(C=C(C=C5)C6CCN(CC6)C)OC,True,True
2110,CID121858,CID121858,C1=C(N(C(=N1)CO)CCO)[N+](=O)[O-],True,True
2111,CID121892,CID121892,CCOC(=O)NC1=C(C=C(C=C1)NCC2=CC=C(C=C2)F)N,True,True
2112,CID122108,CID122108,C1=NC(=NN1[C@H]2[C@@H]([C@@H]([C@H](O2)COP(=O)(O)OP(=O)(O)OP(=O)(O)O)O)O)C(=O)N,True,True
2113,CID122125,CID122125,COC1=C(C(=C(C=C1)CN2CCN(CC2)C(C3=CC=C(C=C3)F)C4=CC=C(C=C4)F)OC)OC.Cl.Cl,True,True
2114,CID12215,CID12215,COC(=O)C=CC(=O)OC,True,True
2115,CID122197581,CID122197581,CC1=C(C=CC(=C1Cl)OCCN2CCN(CC2)C)C3=C(SC4=NC=NC(=C34)O[C@H](CC5=CC=CC=C5OCC6=CC=NN6CC(F)(F)F)C(=O)O)C7=CC=C(O7)F,True,True
2116,CID122262,CID122262,C1CN(CCN1CCCN2CCN(CC2)C3=C4C=CC(=CC4=NC=C3)Cl)C5=C6C=CC(=CC6=NC=C5)Cl,True,True
2118,CID122724,CID122724,CC1=C(C(=O)C=C2C1=CC=C3[C@]2(CC[C@@]4([C@@]3(CC[C@@]5([C@H]4C[C@](CC5)(C)C(=O)O)C)C)C)C)O,True,True
2119,CID123132228,CID123132228,CS(=O)(=O)C1=CC=C(C=C1)C2=CN=C(N3C2=NN=C3)NCC4=CC=CO4,True,True
2120,CID12314839,CID12314839,CC1=CC(=C(N1C2=CC=CC=C2)C)/C=C/C3=[N+](C4=C(C=C3)C=C(C=C4)N(C)C)C.O.O.[Cl-],True,True
2121,CID123596,CID123596,CC1=C(C=C(C=C1)NC(=O)C2=CC=C(C=C2)CN3CCN(CC3)C)NC4=NC=CC(=N4)C5=CN=CC=C5.CS(=O)(=O)O,True,True
2122,CID123606,CID123606,CN(C)CCC1=CNC2=C1C=C(C=C2)CS(=O)(=O)N3CCCC3,True,True
2123,CID123608,CID123608,C(CC(=O)O)C(=O)CN.Cl,True,True
2124,CID123631,CID123631,COC1=C(C=C2C(=C1)N=CN=C2NC3=CC(=C(C=C3)F)Cl)OCCCN4CCOCC4,True,True
2125,CID123723,CID123723,C1CCC(C1)[C@H](C2=CC=C(C=C2)OCC3=NC4=CC=CC=C4C=C3)C(=O)O,True,True
2126,CID12387471,CID12387471,C1=CC=C2C(=C1)C(=O)C=C(C2=O)NC3=CC=C(C=C3)S(=O)(=O)N,True,True
2127,CID123964,CID123964,CC1=C(C2=C(C=C1)C(=O)C3=CC=CC(=C3O2)CC(=O)O)C,True,True
2128,CID123985,CID123985,CC(C)C[C@@H](C(=O)NCCCCN=C(N)N)NC(=O)[C@@H]1[C@H](O1)C(=O)O,True,True
2129,CID124087,CID124087,C1CC2=C(C=CC(=C2)Cl)C(=C3CCNCC3)C4=C1C=CC=N4,True,True
2130,CID124112581,CID124112581,CN(C)/[N+](=N\OC1=C(C=C(C(=C1)ON[N+](=O)N2CCN(CC2)C(=O)C3=C(C=CC(=C3)CC4=NNC(=O)C5=CC=CC=C54)F)[N+](=O)[O-])[N+](=O)[O-])/[O-],True,True
2131,CID124246,CID124246,CS(=O)(=O)NC1=C(C=C2C(=C1)OC=C(C2=O)NC=O)OC3=CC=CC=C3,True,True
2132,CID125017,CID125017,CN(C)CC(C1=CC=C(C=C1)O)C2(CCCCC2)O,True,True
2133,CID12597,CID12597,C1[C@H]([C@@H]2[C@H](O1)[C@H](CO2)O)O,True,True
2134,CID12620,CID12620,CCCCCCCCCCCCCCCCCCCCCCO,True,True
2135,CID126565,CID126565,C[C@@]12[C@](C[C@@H](O1)N3C4=CC=CC=C4C5=C6C(=C7C8=CC=CC=C8N2C7=C53)CNC6=O)(CO)O,True,True
2136,CID126758,CID126758,CC1CC2=CC3=C(C=C2C(=NN1C(=O)NC)C4=CC=C(C=C4)N)OCO3,True,True
2137,CID126843232,CID126843232,C1CN(CCC12CN(C(=O)O2)CC3=CC(=C(C=C3)Cl)Cl)C(=O)/C=C/C4=CC=C(C=C4)Cl,True,True
2138,CID126941,CID126941,CN(CC1=CN=C2C(=N1)C(=NC(=N2)N)N)C3=CC=C(C=C3)C(=O)N[C@@H](CCC(=O)O)C(=O)O,True,True
2139,CID1269845,CID1269845,C1=CNC(=S)NC1=O,True,True
2140,CID1271002,CID1271002,CCC1=CC=C(C=C1)/C=C/2\C(=O)NC(=S)S2,True,True
2141,CID127150,CID127150,CCOC1=CC=CC=C1O[C@@H]([C@H]2CNCCO2)C3=CC=CC=C3.CS(=O)(=O)O,True,True
2143,CID1274465,CID1274465,CN1[C@@H]2CC(C[C@H]1[C@H]3[C@@H]2O3)O,True,True
2144,CID129010078,CID129010078,CC(C)[C@]12[C@H](O1)[C@H]3[C@@]4(O3)[C@]5(CCC6=C([C@H]5C[C@@H]7[C@]4([C@@H]2O)O7)COC6=O)C,True,True
2145,CID129228,CID129228,C1=CC(=C(C(=C1)F)CN2C=C(N=N2)C(=O)N)F,True,True
2146,CID12934390,CID12934390,CC1=CC(=O)OC2=C1C=CC(=C2C=O)O,True,True
2147,CID129426,CID129426,CC(C)C1=C(N(C2=CC=CC=C21)C)S(=O)(=O)C3=CC=C(C=C3)OCCCN(C)CCC4=CC(=C(C=C4)OC)OC,True,True
2148,CID12947,CID12947,CCN(CCCC(C)NC1=C2C=CC(=CC2=NC=C1)Cl)CCO.OS(=O)(=O)O,True,True
2149,CID129869,CID129869,CCCC1(CCC2(CC1)CCN(C2)CCCN(CC)CC)CCC,True,True
2150,CID13018151,CID13018151,CC(=O)OCC(=O)[C@]1(CC[C@@H]2[C@@]1(C[C@@H]([C@@H]3[C@H]2CCC4=CC(=O)C=C[C@]34C)O)C)O,True,True
2151,CID130313,CID130313,CC1([C@@H](N2[C@H](S1(=O)=O)CC2=O)C(=O)O)C,True,True
2152,CID130881,CID130881,CCCC1=NC(=C(N1CC2=CC=C(C=C2)C3=CC=CC=C3C4=NNN=N4)C(=O)OCC5=C(OC(=O)O5)C)C(C)(C)O,True,True
2153,CID130904,CID130904,CC(=O)[C@]1(CC[C@@H]2[C@@]1(C[C@@H](C3=C4CCC(=O)C=C4CC[C@@H]23)C5=CC=C(C=C5)N(C)C)C)OC(=O)C,True,True
2154,CID130966,CID130966,CC(=O)OC1CC2(C(CCC2O)C3=C1C4(C(OC(=O)C5=COC(=C54)C3=O)COC)C)C,True,True
2155,CID13109,CID13109,CC[C@]12CC[C@H]3[C@H]([C@@H]1CC[C@]2(C#C)O)CCC4=CC(=O)CC[C@H]34,True,True
2156,CID13116,CID13116,CC1=C(C(=O)C2=C(C1=O)N3C[C@H]4[C@@H]([C@@]3([C@@H]2COC(=O)N)OC)N4C)N,True,True
2157,CID1317464,CID1317464,CCOC1=C(C(=CC(=C1)/C=C/2\C(=NN(C2=O)C3=CC=CC=C3)C)Cl)OCC(=O)OC,True,True
2158,CID131955127,CID131955127,C1CC1CC2=C(C(=NN2C3=NC(=CS3)C(=O)O)C4=CC=CC(=C4)C5=CC=CC=C5)CC6=CC=C(C=C6)S(=O)(=O)N,True,True
2159,CID132449,CID132449,CC(OC1=CC=C(C=C1)O)(P(=O)(O)O)P(=O)(O)O,True,True
2160,CID1324494,CID1324494,COC1=CC=C(C=C1)S(=O)(=O)NC2=CC(=C(C3=CC=CC=C32)O)C4=C(C=CC5=CC=CC=C54)O,True,True
2161,CID132519,CID132519,CC(C)C[C@H](CC(=O)NO)C(=O)N[C@@H](CC1=CNC2=CC=CC=C21)C(=O)NC,True,True
2162,CID13266,CID13266,C1=CC=C(C=C1)CCN=C(N)N=C(N)N.Cl,True,True
2163,CID132971,CID132971,C[C@]12CC[C@@H](CC1=CC[C@@H]3[C@@H]2CC[C@]4([C@H]3CC=C4C5=CN=CC=C5)C)O,True,True
2164,CID133021,CID133021,CC1(CC2=C(C(=C(N2C1)CC(=O)O)C3=CC=C(C=C3)Cl)C4=CC=CC=C4)C,True,True
2165,CID133053818,CID133053818,C[C@H]1C/C=C\C=C/C=C\C=C/[C@H](C[C@H]2[C@@H]([C@@H](C[C@](O2)(C[C@H](C[C@@H]3[C@H](O3)/C=C\C(=O)O1)O)O)O)C(=O)O)O[C@H]4[C@@H]([C@@H]([C@@H]([C@@H](O4)C)O)N)O,True,True
2166,CID133065662,CID133065662,CCCCCCCCCC(=O)N[C@@H]1[C@H]([C@@H]([C@H](O[C@H]1OC2=C3C=C4C=C2OC5=C(C=C(C=C5)[C@H]([C@H]6C(=O)N[C@@H](C7=C(C(=CC(=C7)O)OC8[C@H]([C@H]([C@@H]([C@H](O8)CO)O)O)O)C9=C(C=CC(=C9)[C@H](C(=O)N6)NC(=O)[C@@H]4NC(=O)[C@@H]1C2=CC(=CC(=C2)OC2=C(C=CC(=C2)[C@H](C(=O)N[C@H](CC2=CC(=C(O3)C=C2)Cl)C(=O)N1)N)O)O)O)C(=O)O)O[C@H]1[C@@H]([C@H]([C@@H]([C@H](O1)CO)O)O)NC(=O)C)Cl)CO)O)O,True,True
2167,CID13342,CID13342,CC[C@@]1(C[C@H]2C[C@@](C3=C(CCN(C2)C1)C4=CC=CC=C4N3)(C5=C(C=C6C(=C5)[C@]78CCN9[C@H]7[C@@](C=CC9)([C@H]([C@@]([C@@H]8N6C)(C(=O)OC)O)OC(=O)C)CC)OC)C(=O)OC)O,True,True
2168,CID13387,CID13387,CN1CCCC1=O,True,True
2169,CID134018,CID134018,CC1=C(SC(=N1)C2=CC(=C(C=C2)OCC(C)C)C#N)C(=O)O,True,True
2170,CID134327298,CID134327298,CC(C(F)(F)F)N(CC1=CC=C(C=C1)F)C(=O)CN2C(=O)C3(CC(C4=C3C=CC(=C4)C5=CN(N=C5)CC(=O)NC)F)NC2=O,True,True
2171,CID1345,CID1345,CCC(C)N(C)C(=O)C1=CC2=CC=CC=C2C(=N1)C3=CC=CC=C3Cl,True,True
2172,CID134601,CID134601,COC(=O)[C@H](CC1=CC=CC=C1)NC(=O)[C@H](CC(=O)O)N,True,True
2173,CID134780,CID134780,C1CC(=O)NC(=O)C1N2C(=O)C3=C(C2=O)C(=CC=C3)N,True,True
2174,CID134828256,CID134828256,C[C@@H]1CN(C(=O)C2=C(C3=C(N12)C(=C(C=C3)Cl)C4=C(N(N=C4C)C)C)CCCOC5=CC(=C(C(=C5)C)Cl)C)C6=CN(C7=C6C=C(C=C7)C(=O)O)C,True,True
2176,CID13520,CID13520,[Li+].[Li+].[Li+].C(C(=O)[O-])C(CC(=O)[O-])(C(=O)[O-])O,True,True
2177,CID135397708,CID135397708,C[C@H]1CN([C@@H](CN1)CN2CCOC[C@@H]2C)CC(=O)N3CC(C4=C3C=C(C=N4)CC5=CC=C(C=C5)F)(C)C,True,True
2178,CID135398491,CID135398491,COC1=C(C2=NC(=NC(=O)C3=CN=CC=C3)N4CCNC4=C2C=C1)OC,True,True
2179,CID135398492,CID135398492,CN(C)CC1=CC(=CC=C1)N=C(C2=CC=CC=C2)C3=C(NC4=C3C=CC(=C4)C(=O)N)O,True,True
2180,CID135398495,CID135398495,C1CC1NC(=O)NC2=C(NN=C2)C3=NC4=C(N3)C=C(C=C4)CN5CCOCC5,True,True
2181,CID135398499,CID135398499,CC(=O)C1=CN=C2C=CC(=NC2=C1NC3CCC(CC3)CN(C)C)C4=CC(=C(C(=C4)Cl)O)Cl,True,True
2182,CID135398501,CID135398501,C1CN(CCC1N2C3=CC=CC=C3NC2=O)CC4=CC=C(C=C4)C5=C(N=C6C=C7C(=NC=N7)C=C6N5)C8=CC=CC=C8,True,True
2183,CID135398510,CID135398510,CN1CCN(CC1)C2=CC3=C(C=C2)N=C(N3)C4=C(C5=C(C=CC=C5F)NC4=O)N,True,True
2184,CID135398512,CID135398512,CC1=C2C(=NN1)NC3=CC(=C(C=C3C(=N2)C4=CC=CC=C4Cl)F)OC,True,True
2185,CID135398513,CID135398513,C1=NC2=C(N1COCCO)N=C(NC2=O)N,True,True
2186,CID135398521,CID135398521,CC(=O)O/N=C/1\C2=CC=CC=C2N=C1C3=C(NC4=C3C=CC(=C4)Br)O,True,True
2187,CID135398635,CID135398635,C1=NC2=C(N1[C@H]3[C@@H]([C@@H]([C@H](O3)CO)O)O)N=C(NC2=O)N,True,True
2188,CID135398641,CID135398641,C1=NC2=C(C(=O)N1)N=CN2[C@H]3[C@@H]([C@@H]([C@H](O3)CO)O)O,True,True
2189,CID135398645,CID135398645,C1[C@@H]2CN(CN2C3=C(N1)N=C(NC3=O)N)C4=CC=C(C=C4)C(=O)N[C@@H](CCC(=O)O)C(=O)O,True,True
2190,CID135398661,CID135398661,CN1C=NC(=N)C2=C1N=CN2,True,True
2191,CID135398735,CID135398735,C[C@H]1/C=C/C=C(\C(=O)NC2=C(C(=C3C(=C2O)C(=C(C4=C3C(=O)[C@](O4)(O/C=C/[C@@H]([C@H]([C@H]([C@@H]([C@@H]([C@@H]([C@H]1O)C)O)C)OC(=O)C)C)OC)C)C)O)O)/C=N/N5CCN(CC5)C)/C,True,True
2192,CID135398737,CID135398737,CN1CCN(CC1)C2=NC3=C(C=CC(=C3)Cl)NC4=CC=CC=C42,True,True
2193,CID135398738,CID135398738,CN(C)/N=N/C1=C(NC=N1)C(=O)N,True,True
2194,CID135398739,CID135398739,C1C[C@@H](O[C@@H]1CO)N2C=NC3=C2N=CNC3=O,True,True
2195,CID135398740,CID135398740,C1=NC2=C(N1COC(CO)CO)N=C(NC2=O)N,True,True
2196,CID135398741,CID135398741,CC(C)[C@@H](C(=O)OCCOCN1C=NC2=C1N=C(NC2=O)N)N.Cl,True,True
2197,CID135398744,CID135398744,CCCC1=NN(C2=C1N=C(NC2=O)C3=C(C=CC(=C3)S(=O)(=O)N4CCN(CC4)C)OCC)C,True,True
2198,CID135398745,CID135398745,CC1=CC2=C(S1)NC3=CC=CC=C3N=C2N4CCN(CC4)C,True,True
2199,CID135398748,CID135398748,C1=NC2=C(N1CCC(CO)CO)N=C(NC2=O)N,True,True
2200,CID135399748,CID135399748,C1CN2CCC1[C@@H](C2)NC3=C(C(=O)NC4=C3C=C(C=C4)Cl)C5=NC6=CC=CC=C6N5,True,True
2201,CID135400182,CID135400182,CC1=NC2=C(C=C(C=C2)CN(C)C3=CC=C(S3)C(=O)N[C@@H](CCC(=O)O)C(=O)O)C(=O)N1,True,True
2202,CID135400189,CID135400189,CCCC1=NC(=C2N1N=C(NC2=O)C3=C(C=CC(=C3)S(=O)(=O)N4CCN(CC4)CC)OCC)C,True,True
2203,CID135401907,CID135401907,C1=NNC2=C1C(=O)NC=N2,True,True
2204,CID135402864,CID135402864,CCCCOC1=C(C=NC2=NNC=C12)C(=O)C3=C(C=C(C=C3F)C)F,True,True
2205,CID135403620,CID135403620,CN1C2=CC=CC=C2C(=NCCCN(C)C)C3=C1NC(=O)N(C3=O)C,True,True
2206,CID135403646,CID135403646,C12=NNN=C1N=C(NC2=O)N,True,True
2207,CID135403805,CID135403805,COC(=O)N/N=C/C1=[N+](C2=CC=CC=C2[N+](=C1)[O-])[O-],True,True
2208,CID135403821,CID135403821,C[C@H]1/C=C/C=C(\C(=O)NC2=C(C(=C3C(=C2O)C(=C(C4=C3C(=O)[C@](O4)(O/C=C/[C@@H]([C@H]([C@H]([C@@H]([C@@H]([C@@H]([C@H]1O)C)O)C)OC(=O)C)C)OC)C)C)O)O)/C=N/N5CCN(CC5)C6CCCC6)/C,True,True
2209,CID135403829,CID135403829,CC1=C([C@@](SC1=O)(C)/C=C(\C)/C=C)O,True,True
2210,CID135409400,CID135409400,C1C2=C(C=CC(=C2Cl)Cl)N=C3N1CC(=O)N3,True,True
2211,CID135409453,CID135409453,CCCCCN=C(N)N/N=C/C1=CNC2=C1C=C(C=C2)OC,True,True
2212,CID135409642,CID135409642,CCOC1=NC2=CC=CC(=C2N1CC3=CC=C(C=C3)C4=CC=CC=C4C5=NOC(=O)N5)C(=O)OCC6=C(OC(=O)O6)C,True,True
2213,CID135410875,CID135410875,C1=CC(=CC=C1CCC2=CNC3=C2C(=O)NC(=N3)N)C(=O)N[C@@H](CCC(=O)O)C(=O)O,True,True
2214,CID135411,CID135411,C1C2CC3CC1CC(C2)(C3)C4=C(C=CC(=C4)C5=CC6=C(C=C5)C=C(C=C6)C(=O)O)O,True,True
2215,CID135413494,CID135413494,C1C2=C(C=CC(=C2Cl)Cl)N=C3N1CC(=O)N3.Cl,True,True
2216,CID135413496,CID135413496,C1=CC(=CC=C1C(=O)NCCC(=O)[O-])N=NC2=CC(=C(C=C2)[O-])C(=O)O.[Na+].[Na+],True,True
2218,CID135413505,CID135413505,C1=CC(=C(C=C1N=NC2=CC(=C(C=C2)[O-])C(=O)O)C(=O)O)[O-].[Na+].[Na+],True,True
2219,CID135413511,CID135413511,C1=CC=C2C(=C1)[N+](=C(N=[N+]2[O-])N)[O-],True,True
2220,CID135413523,CID135413523,CCCC1=NN(C2=C1N=C(NC2=O)C3=C(C=CC(=C3)S(=O)(=O)N4CCN(CC4)C)OCC)C.C(C(=O)O)C(CC(=O)O)(C(=O)O)O,True,True
2221,CID135413534,CID135413534,CC(C)[C@@H](C(=O)OCC(CO)OCN1C=NC2=C1N=C(NC2=O)N)N.Cl,True,True
2222,CID135413536,CID135413536,C[C@H](C1=CC(=CC(=C1)C(F)(F)F)C(F)(F)F)O[C@@H]2[C@@H](N(CCO2)CC3=NNC(=O)N3)C4=CC=C(C=C4)F,True,True
2224,CID135413539,CID135413539,CCCCCN=C(N)N/N=C/C1=CNC2=C1C=C(C=C2)OC.C(=C\C(=O)O)\C(=O)O,True,True
2225,CID135413545,CID135413545,CCCC1=NC(=C2N1N=C(NC2=O)C3=C(C=CC(=C3)S(=O)(=O)N4CCN(CC4)CC)OCC)C.O.O.O.Cl,True,True
2226,CID135415564,CID135415564,C[C@H]1/C=C/C=C(\C(=O)NC2=C(C3=C(C4=C(C(=C3O)C)O[C@@](C4=O)(O/C=C/[C@@H]([C@H]([C@H]([C@@H]([C@@H]([C@@H]([C@H]1O)C)O)C)OC(=O)C)C)OC)C)C5=NC6(CCN(CC6)CC(C)C)N=C25)O)/C,True,True
2227,CID135415867,CID135415867,CCOC1=NC2=CC=CC(=C2N1CC3=CC=C(C=C3)C4=CC=CC=C4C5=NOC(=O)N5)C(=O)O,True,True
2228,CID135418940,CID135418940,C1CSCC2=C1N=C(NC2=O)C3=CC=C(C=C3)C(F)(F)F,True,True
2229,CID135419190,CID135419190,CC(C)(C)C1=CC(=CC(=C1O)C(C)(C)C)/C=C(\C#N)/C(=S)N,True,True
2230,CID135421197,CID135421197,C=CCC1=C(C(=CC=C1)/C=N/NC(=O)CN2CCN(CC2)CC3=CC=CC=C3)O,True,True
2231,CID135421442,CID135421442,CCS(=O)(=O)NC1=CC2=C(C=C1)NC(=C2C(=NC3=CC=C(C=C3)CN4CCCCC4)C5=CC=CC=C5)O,True,True
2232,CID135423438,CID135423438,CN1CCN(CC1)CC(=O)N(C)C2=CC=C(C=C2)N=C(C3=CC=CC=C3)C4=C(NC5=C4C=CC(=C5)C(=O)OC)O,True,True
2233,CID135430323,CID135430323,CC1=CC(=O)C2=C(C3=C4C5=C2C1=C(C=C5C(C(=C4C(=O)C=C3O)O)(C)C)O)O,True,True
2234,CID135430945,CID135430945,C1C(N(C2=C(N1)N=C(NC2=O)N)C=O)CNC3=CC=C(C=C3)C(=O)N[C@@H](CCC(=O)[O-])C(=O)[O-].[Ca+2],True,True
2235,CID135440386,CID135440386,C1CC1NCC2=CC(=CC=C2)NC3=NNC(=C3)C4=CC=C(C=C4)C5=C(C=C(C=C5)O)O,True,True
2236,CID135440466,CID135440466,CC1=CC(=CC2=C1N=C(N2)C3=C(C=CNC3=O)NC[C@H](C4=CC(=CC=C4)Cl)O)N5CCOCC5,True,True
2237,CID135449331,CID135449331,CC1=C(C=C(C=C1)N2C(=O)C(=C(N2)C)N=NC3=CC=CC(=C3O)C4=CC(=CC=C4)C(=O)O)C.C(CO)N.C(CO)N,True,True
2238,CID135449332,CID135449332,CC1=C(C=C(C=C1)N2C(=O)C(=C(N2)C)N=NC3=CC=CC(=C3O)C4=CC(=CC=C4)C(=O)O)C,True,True
2239,CID135465539,CID135465539,C1CC1COC2=CC=CC(=C2C3=NC(=C(C(=C3)C4CCNCC4)C#N)N)O,True,True
2240,CID135473382,CID135473382,CC(C)C1=NN(C2=C1C(=O)NC(=N2)CC3=CC=C(C=C3)OCCO)C4=C(C=CC=C4Cl)Cl,True,True
2241,CID135497698,CID135497698,CN1CC(=O)NC1=NC(=O)NC2=CC(=CC=C2)Cl,True,True
2242,CID135526609,CID135526609,C=C1[C@H](C[C@@H]([C@H]1CO)O)N2C=NC3=C2N=C(NC3=O)N.O,True,True
2243,CID135533054,CID135533054,C1=CC=C2C=C(C(=CC2=C1)C(=O)N/N=C/C3=CC(=C(C=C3)O)O)O,True,True
2244,CID135539077,CID135539077,CCNC(=O)C1=NOC(=C1C2=CC=C(C=C2)CN3CCOCC3)C4=CC(=C(C=C4O)O)C(C)C,True,True
2245,CID135564531,CID135564531,CC1=C(C=NN1)C2=CC3=C(S2)C(=O)NC(=N3)[C@@H]4CC5CCN4CC5,True,True
2246,CID135564570,CID135564570,C1COCCN1CC2=CN=C(C=C2)C3=C(NC4=C3C=C(C=C4)C#N)O,True,True
2247,CID135564599,CID135564599,CN(C)CCOC1=CC=C(C=C1)C2=NC(=C(N2)C3=CC=NC=C3)C4=CC5=C(C=C4)/C(=N/O)/CC5,True,True
2248,CID135564631,CID135564631,C1C[C@H](NC1)C2=NC3=C(C(=O)N2)OC4=C3C=C(C=C4)Cl.Cl,True,True
2249,CID135564749,CID135564749,CC1=CC(=CC(=C1OCCO)C)C2=NC3=C(C(=CC(=C3)OC)OC)C(=O)N2,True,True
2250,CID135564787,CID135564787,CC1=C2C(=O)NC(=NN2C(=N1)[C@@H](CCCC3=CC=CC=C3)[C@@H](C)O)CC4=CC(=C(C=C4)OC)OC,True,True
2251,CID135564864,CID135564864,C[C@H](C1=CC(=CC(=C1)C(F)(F)F)C(F)(F)F)O[C@@H]2[C@@H](N(CCO2)CC3=NN(C(=O)N3)P(=O)(O)O)C4=CC=C(C=C4)F.CNC[C@@H]([C@H]([C@@H]([C@@H](CO)O)O)O)O.CNC[C@@H]([C@H]([C@@H]([C@@H](CO)O)O)O)O,True,True
2252,CID135564985,CID135564985,CC(C)C1=C(C=C(C(=C1)C2=NNC(=O)N2C3=CC4=C(C=C3)N(C=C4)C)O)O,True,True
2253,CID135565082,CID135565082,CN1C(=NC=N1)[C@@H]2[C@H](NC3=CC(=CC4=C3C2=NNC4=O)F)C5=CC=C(C=C5)F,True,True
2254,CID135565181,CID135565181,C1=CC=C(C=C1)OC2=CC=C(C=C2)CNC(=O)C3=NC(=NO3)C4=CC(=C(C(=C4)Br)O)Br,True,True
2255,CID135565545,CID135565545,CN1C=C(C=N1)C2=C3C=NNC(=O)C4=C3C(=CC(=C4)NC(=O)[C@@H](C5CCCCC5)N)N2,True,True
2256,CID135565596,CID135565596,COC1=C(C=CC2=C3NCCN3C(=NC(=O)C4=CN=C(N=C4)N)N=C21)OCCCN5CCOCC5,True,True
2257,CID135565635,CID135565635,CC(C)N1C2=NC=NC(=C2C(=N1)C3=CC4=C(N3)C=CC(=C4)O)N,True,True
2258,CID135565674,CID135565674,CCCCCCOC(=O)NC(=N)C1=CC=C(C=C1)NCC2=NC3=C(N2C)C=CC(=C3)C(=O)N(CCC(=O)OCC)C4=CC=CC=N4,True,True
2259,CID135565884,CID135565884,C=CC(=O)N1CCC(CC1)C2CCNC3=C(C(=NN23)C4=CC=C(C=C4)OC5=CC=CC=C5)C(=O)N,True,True
2260,CID135565923,CID135565923,C[C@H]1CNC(=O)C2=C3N=C(C=CN3N=C2)N[C@@H](C4=C(O1)C=CC(=C4)F)C,True,True
2261,CID135565981,CID135565981,C1C2=CC=CC=C2CN1CC3=NC4=NNC(=O)C5=C4C(=CC=C5)N3,True,True
2262,CID135567102,CID135567102,CCNC(=O)C#CC1=CC2=C(C=C1)C(=C(N2)O)C(=NC3=CC=C(C=C3)CN(C)C)C4=CC=CC=C4,True,True
2263,CID135659062,CID135659062,CN(C)CC1=CC(=CC=C1)N=C(C2=CC=CC=C2)C3=C(NC4=C3C=CC(=C4)C(=O)N(C)C)O,True,True
2264,CID135705561,CID135705561,CN1C(CC2=CC(=C(C=C21)O)N=NC(=O)N)S(=O)(=O)[O-].[Na+],True,True
2265,CID1357397,CID1357397,C1=CC=C(C(=C1)C2=CC=C(O2)/C=C\3/C(=O)N4C5=C(C=C(C=N5)Br)N=C4S3)C(=O)O,True,True
2266,CID135742497,CID135742497,CNC(=O)C1=CC2=C(C=C1)C(=C(N2)O)C(=NC3=CC=CC(=C3)CN(C)C)C4=CC=CC=C4,True,True
2267,CID135985126,CID135985126,CC(C(=O)O)O.CC(C(=O)O)O.CN1CCN(CC1)C2=CC3=C(C=C2)N=C(N3)C4=C(C5=C(C=CC=C5F)NC4=O)N,True,True
2268,CID1361334,CID1361334,C1=CC(=CC(=C1)C(F)(F)F)/C=C\2/C(=O)NC(=O)S2,True,True
2269,CID136153010,CID136153010,C[C@H]1C=CC=C(C(=O)NC2=C(C(=C3C(=C2O)C(=C(C4=C3C(=O)[C@](O4)(OC=C[C@@H]([C@@H]([C@H]([C@@H]([C@@H]([C@@H]([C@H]1O)C)O)C)OC(=O)C)C)OC)C)C)O)O)C=NN5CCN(CC5)C6CCCC6)C,True,True
2270,CID136173253,CID136173253,CC1=CC=CC=C1N2C(=O)C=CC(=N2)C3=C4NC[C@H](CN4N=C3C5=CC=C(C=C5)F)CO,True,True
2271,CID136216943,CID136216943,C1CC1COC2=CC=CC(=C2C3=NC(=C(C(=C3)C4CCNCC4)C#N)N)O.Cl,True,True
2272,CID136237316,CID136237316,COC1=CC=C(C=C1)C(=O)C2CCN(CC2)CC(=O)N(CC3CC3)CC4=NC5=C(COCC5)C(=O)N4,True,True
2273,CID136240579,CID136240579,C1=CC2=C(C=CC(=C2)/C=C\3/C(=O)NC(=NCC4=CC=CS4)S3)N=C1,True,True
2274,CID136257953,CID136257953,C1=CC2=C(C=C1Cl)N=C(NC2=O)C(=C(C3=C(C=C(C=C3)Cl)Cl)O)C#N,True,True
2275,CID1362865,CID1362865,CC1=CC(=C(N1C2=CC=CC=C2)C)/C=C/3\C(=O)N4C5=CC=CC=C5N=C4S3,True,True
2276,CID1367095,CID1367095,CCOC1=CC(=CC(=C1OCC)OCC)C(=O)NC2=CC(=C(C=C2)Cl)C3=NC4=CC=CC=C4N3,True,True
2277,CID13769,CID13769,C[C@]12CC[C@H]3[C@H]([C@@H]1CCC(=O)O2)CCC4=CC(=O)C=C[C@]34C,True,True
2278,CID13789,CID13789,C[C@]12CCC(=O)C=C1C=C[C@@H]3[C@@H]2CC[C@]4([C@H]3CC[C@@]45CCC(=O)O5)C,True,True
2279,CID13791,CID13791,CCCCC(=O)O[C@H]1CC[C@@H]2[C@@]1(CC[C@H]3[C@H]2CCC4=C3C=CC(=C4)O)C,True,True
2280,CID1383884,CID1383884,C1CCC(CC1)NC(=O)OC2=CC=CC(=C2)C3=CC(=CC=C3)C(=O)N,True,True
2281,CID138402877,CID138402877,CN1C=C(C=N1)C2=CC=C(C=C2)C3=CN=C(C4=C3N=C(C=C4)C(=O)C5CC(C5)OC)N,True,True
2282,CID138403267,CID138403267,C[C@@H]([C@@H](C(=O)N[C@@H](CC1=CC=CC=C1)C(=O)N[C@@]2(CCCCCC/C=C\CCC[C@@](NC(=O)[C@@H](NC(=O)[C@@H](NC(=O)[C@H](NC(=O)[C@@H](NC(=O)[C@@H](NC(=O)[C@@H](NC2=O)CC(=O)N)CC(C)C)CC3=CNC4=CC=CC=C43)CCCNC(=N)N)CC(C)C)CC(C)C)(C)C(=O)N[C@@H](CCC(=O)N)C(=O)N[C@@H](CC(=O)N)C(=O)N)C)NC(=O)[C@H](CCC(=O)N)NC(=O)[C@H](CCC(=O)N)NC(=O)[C@H](CO)NC(=O)[C@H](CCC(=O)N)NC(=O)CCNC(=O)C)O,True,True
2283,CID13943299,CID13943299,C[C@]12CC[C@@]34C[C@@]35CC[C@@H](C([C@@H]5[C@H](C[C@H]4[C@@]1(C[C@@H]([C@@H]2[C@@]6(CC[C@@H](O6)C(C)(C)O)C)O)C)O[C@H]7[C@@H]([C@H]([C@@H]([C@H](O7)CO)O)O)O)(C)C)O[C@H]8[C@@H]([C@H]([C@@H](CO8)O)O)O,True,True
2284,CID13988706,CID13988706,COC1=NC(=NC2=C1N=CN2[C@H]3[C@@H]([C@H]([C@H](O3)CO)O)O)N,True,True
2285,CID1400,CID1400,CC1=CC=C(C=C1)C2=NN(C3=NC=NC(=C23)N)C(C)(C)C,True,True
2286,CID1401,CID1401,CCN(CC)CCCCNC1=NC2=NC(=C(C=C2C=N1)C3=CC(=CC(=C3)OC)OC)NC(=O)NC(C)(C)C,True,True
2287,CID14010333,CID14010333,CC(CCC1=CC=C(C=C1)O)NCC(C2=CC=C(C=C2)O)O.Cl,True,True
2288,CID14033269,CID14033269,CC1C(=O)NC(C(=O)N(C(C(=O)NC(C(=O)N(C2CC3=CC=C(C=C3)OC4=C(C=CC(=C4)CC(C(=O)N1)N(C2=O)C)OC5C(C(C(C(O5)CO)O)O)O)C)C)CC6=CC=C(C=C6)OC)C)C,True,True
2289,CID14051,CID14051,CC[C@@H](CO)NCCN[C@@H](CC)CO.Cl.Cl,True,True
2290,CID14052,CID14052,CC[C@@H](CO)NCCN[C@@H](CC)CO,True,True
2291,CID14240392,CID14240392,C[C@H]1CC[C@@H]2[C@]13C[C@H]([C@](O3)(CC2=C)O)C(C)C,True,True
2292,CID144,CID144,C1=CC2=C(C=C1O)C(=CN2)CC(C(=O)O)N,True,True
2293,CID1461,CID1461,C1CC(OC1COP(=O)(O)OP(=O)(O)OP(=O)(O)O)N2C=CC(=NC2=O)N,True,True
2295,CID146571,CID146571,CN(C)CCC[C@@]1(C2=C(CO1)C=C(C=C2)C#N)C3=CC=C(C=C3)F.C(=O)(C(=O)O)O,True,True
2296,CID14676,CID14676,CN1CCC(C1)CN2C3=CC=CC=C3SC4=CC=CC=C42.Cl,True,True
2297,CID147569,CID147569,C1=NC(=C2C(=N1)N(C(=N2)Cl)[C@H]3[C@@H]([C@@H]([C@H](O3)CO)O)O)N,True,True
2298,CID147912,CID147912,CC[C@@H]([C@H](C)O)N1C(=O)N(C=N1)C2=CC=C(C=C2)N3CCN(CC3)C4=CC=C(C=C4)OCC5C[C@](OC5)(CN6C=NC=N6)C7=C(C=C(C=C7)F)F,True,True
2299,CID148121,CID148121,C#CCC(CC1=CN=C2C(=N1)C(=NC(=N2)N)N)C3=CC=C(C=C3)C(=O)N[C@@H](CCC(=O)O)C(=O)O,True,True
2300,CID148124,CID148124,CC1=C2[C@H](C(=O)[C@@]3([C@H](C[C@@H]4[C@]([C@H]3[C@@H]([C@@](C2(C)C)(C[C@@H]1OC(=O)[C@@H]([C@H](C5=CC=CC=C5)NC(=O)OC(C)(C)C)O)O)OC(=O)C6=CC=CC=C6)(CO4)OC(=O)C)O)C)O,True,True
2301,CID148177,CID148177,CCCCCCCCCCCCCCCCCCOP(=O)([O-])OC1CC[N+](CC1)(C)C,True,True
2302,CID148195,CID148195,C1CN(CCC1CC(=O)N2CCC(CC2)[C@@H]3C4=C(CCC5=C3N=CC(=C5)Br)C=C(C=C4Br)Cl)C(=O)N,True,True
2303,CID148198,CID148198,C1=CC(=CC=C1OCCCCCCN=C(NC#N)NC2=CC=NC=C2)Cl,True,True
2304,CID148201,CID148201,COC1=C(C=C2CN(CCC2=C1)CCC3=CC=C(C=C3)NC(=O)C4=CC(=C(C=C4NC(=O)C5=CC6=CC=CC=C6N=C5)OC)OC)OC,True,True
2305,CID14825856,CID14825856,CC1C(C(C(C(O1)OC2=C(OC3=CC(=CC(=C3C2=O)O)O)C4=CC=C(C=C4)O)O)OC(=O)C)OC(=O)C,True,True
2306,CID14888,CID14888,[O-2].[O-2].[O-2].[As+3].[As+3],True,True
2307,CID149096,CID149096,C[C@H]1COC2=C3N1C=C(C(=O)C3=CC(=C2N4CCN(CC4)C)F)C(=O)O,True,True
2308,CID14957,CID14957,CCCCCC[C@@H]1[C@H]([C@@H](OC(=O)[C@H]([C@H](OC1=O)C)NC(=O)C2=C(C(=CC=C2)NC=O)O)C)OC(=O)CC(C)C,True,True
2309,CID14982,CID14982,C[C@]12CC[C@](C[C@H]1C3=CC(=O)[C@@H]4[C@]5(CC[C@@H](C([C@@H]5CC[C@]4([C@@]3(CC2)C)C)(C)C)O[C@@H]6[C@@H]([C@H]([C@@H]([C@H](O6)C(=O)O)O)O)O[C@H]7[C@@H]([C@H]([C@@H]([C@H](O7)C(=O)O)O)O)O)C)(C)C(=O)O,True,True
2310,CID14989,CID14989,C1=CC2=C(C(=C1)O)C(=O)C3=C([C@@H]2[C@H]4[C@@H]([C@H]([C@@H]([C@H](O4)CO)O)O)O)C=C(C=C3O)CO,True,True
2311,CID150311,CID150311,C1=CC(=CC=C1[C@@H]2[C@H](C(=O)N2C3=CC=C(C=C3)F)CC[C@@H](C4=CC=C(C=C4)F)O)O,True,True
2312,CID15057856,CID15057856,C[N+]1([C@@H]2CC(C[C@@H]1[C@H]3[C@@H]2O3)OC(=O)C(C4=CC=CS4)(C5=CC=CS5)O)C,True,True
2313,CID150762,CID150762,CC1=C(C(C(=C(N1)C)C(=O)OCCN2CCN(CC2)C(C3=CC=CC=C3)C4=CC=CC=C4)C5=CC(=CC=C5)[N+](=O)[O-])C(=O)OC.Cl.Cl,True,True
2314,CID151075,CID151075,C1=CC=C(C=C1)C(=O)C2=CC=CC(=C2N)CC(=O)N,True,True
2315,CID151115,CID151115,CC[C@@]1(C2=C(COC1=O)C(=O)N3CC4=C5[C@H](CCC6=C5C(=CC(=C6C)F)N=C4C3=C2)N)O,True,True
2316,CID151118,CID151118,CC(=O)NC1=CC=C(C=C1)C(=O)NC(C)(C)C,True,True
2318,CID151170,CID151170,COC1=C(C=C(C=C1)C2(CCC(CC2)C(=O)O)C#N)OC3CCCC3,True,True
2319,CID151171,CID151171,CC1=NC2=C(N1)CCN(C3=CC=CC=C32)C(=O)C4=CC=C(C=C4)NC(=O)C5=CC=CC=C5C6=CC=CC=C6,True,True
2320,CID151178,CID151178,CC(C)(C)[N+](=CC1=C(C=C(C=C1)S(=O)(=O)[O-])S(=O)(=O)[O-])[O-].[Na+].[Na+],True,True
2321,CID151183,CID151183,COC1=C(C=C(C=C1)CC2C(=O)NC(=O)S2)C(=O)NCC3=CC=C(C=C3)C(F)(F)F,True,True
2322,CID151194,CID151194,C1=CC=C2C(=C1)C(=NN=C2NC3=CC=C(C=C3)Cl)CC4=CC=NC=C4,True,True
2323,CID153270,CID153270,CCO[C@H]1[C@H](CC(=O)O1)NC(=O)[C@@H]2CCCN3N2C(=O)[C@H](CCC3=O)NC(=O)C4=NC=CC5=CC=CC=C54,True,True
2324,CID15331,CID15331,CN(C)NC(=O)CCC(=O)O,True,True
2325,CID153994,CID153994,CCCC(=O)OCOC(=O)C1=C(NC(=C(C1C2=C(C(=CC=C2)Cl)Cl)C(=O)OC)C)C,True,True
2326,CID153997,CID153997,C1CN(CCN1C[C@H](COC2=CC=CC3=C2C=CC=N3)O)C4C5=CC=CC=C5[C@H]6[C@H](C6(F)F)C7=CC=CC=C47.Cl.Cl.Cl,True,True
2328,CID154234,CID154234,CCC(CC)[C@@H]([C@H]1[C@@H](C[C@@H]([C@H]1O)C(=O)O)N=C(N)N)NC(=O)C,True,True
2329,CID154256,CID154256,CC1=C(N(C2=C1C=C(C=C2)O)CC3=CC=C(C=C3)OCCN4CCCCCC4)C5=CC=C(C=C5)O.CC(=O)O,True,True
2330,CID154257,CID154257,CC1=C(N(C2=C1C=C(C=C2)O)CC3=CC=C(C=C3)OCCN4CCCCCC4)C5=CC=C(C=C5)O,True,True
2331,CID154272,CID154272,CC1=C2[C@H](C(=O)[C@@]3([C@H](C[C@@H]4[C@]([C@H]3[C@@H]([C@@](C2(C)C)(C[C@@H]1O)O)OC(=O)C5=CC=CC=C5)(CO4)OC(=O)C)O)C)O,True,True
2332,CID154417,CID154417,CN1[C@H]2CC[C@@H]1C[C@@H](C2)OC(=O)[C@H](CO)C1=CC=CC=C1,True,True
2333,CID15443,CID15443,C1CN(CCN1CCCC(=O)C2=CC=C(C=C2)F)C3=CC=CC=N3,True,True
2334,CID15459,CID15459,CC1=CC(=CC(=C1)OCC2CNC(=O)O2)C,True,True
2335,CID1546,CID1546,C1C(C(OC1N2C=NC3=C(N=C(N=C32)Cl)N)CO)O,True,True
2336,CID1548887,CID1548887,CC\1=C(C2=C(/C1=C\C3=CC=C(C=C3)S(=O)C)C=CC(=C2)F)CC(=O)O,True,True
2337,CID1548943,CID1548943,CC(C)/C=C/CCCCC(=O)NCC1=CC(=C(C=C1)O)OC,True,True
2338,CID1548955,CID1548955,CCN(CC)CCOC1=CC=C(C=C1)/C(=C(/C2=CC=CC=C2)\Cl)/C3=CC=CC=C3,True,True
2339,CID1548972,CID1548972,CC(C)N1C2=CC=CC=C2C(=C1/C=C/[C@H](C[C@H](CC(=O)O)O)O)C3=CC=C(C=C3)F,True,True
2340,CID1549008,CID1549008,CC(C)(C)C#C/C=C/CN(C)CC1=CC=CC2=CC=CC=C21,True,True
2341,CID1549120,CID1549120,C/C(=C\C1=CC=CC=C1)/C=C\2/C(=O)N(C(=S)S2)CC(=O)O,True,True
2342,CID154943,CID154943,CC[C@]1(C[C@@H](C2=C(C3=C(C=C2[C@@H]1C(=O)OC)C(=O)C4=C(C3=O)C(=CC=C4)O)O)O[C@H]5C[C@@H]([C@@H]([C@@H](O5)C)O[C@H]6C[C@@H]([C@@H]([C@@H](O6)C)O[C@H]7CCC(=O)[C@@H](O7)C)O)N(C)C)O,True,True
2343,CID1550286,CID1550286,CC1=CC=C(C=C1)S(=O)(=O)N[C@@H](CCCN=C(N)N)C(=O)OC,True,True
2344,CID155290,CID155290,CN1CCOC(C2=CC=CC=C2C1)C3=CC=CC=C3.Cl,True,True
2345,CID15547703,CID15547703,CC(C)C[C@H]([C@@H](C(=O)NO)O)C(=O)N[C@@H](C1=CC=CC=C1)C(=O)OC2CCCC2,True,True
2346,CID15558393,CID15558393,C[C@H]1[C@H]([C@H](C[C@@H](O1)O[C@@H]2C[C@@](CC3=C2C(=C4C(=C3O)C(=O)C5=C(C4=O)C(=CC=C5)OC)O)(C(=O)CO)O)N)O,True,True
2347,CID155815,CID155815,CCC1=C(C2=C(N1CC3=CC=CC=C3)C=CC=C2OCC(=O)O)C(=O)C(=O)N,True,True
2348,CID15604015,CID15604015,C1C2CC3(CC1CC(C2)(C3)C(=O)NCC4=CC=NC=C4)C5=CC=C(C=C5)Cl,True,True
2349,CID15605952,CID15605952,C[C@@H]1[C@H]([C@H](O[C@@H]1C2=CC(=C(C=C2)O[C@H](C)[C@@H](C3=CC(=C(C=C3)OC)OC)O)OC)C4=CC(=C(C=C4)O[C@H](C)[C@@H](C5=CC(=C(C=C5)OC)OC)O)OC)C,True,True
2350,CID156391,CID156391,C[C@@H](C1=CC2=C(C=C1)C=C(C=C2)OC)C(=O)O,True,True
2351,CID156414,CID156414,C=CC(=O)NC1=C(C=C2C(=C1)C(=NC=N2)NC3=CC(=C(C=C3)F)Cl)OCCCN4CCOCC4,True,True
2352,CID156418,CID156418,C[C@H](C1=CC=CC2=CC=CC=C21)NCCCC3=CC(=CC=C3)C(F)(F)F.Cl,True,True
2353,CID156419,CID156419,C[C@H](C1=CC=CC2=CC=CC=C21)NCCCC3=CC(=CC=C3)C(F)(F)F,True,True
2354,CID156422,CID156422,CC1=CC=C(C=C1)N2C(=CC(=N2)C(C)(C)C)NC(=O)NC3=CC=C(C4=CC=CC=C43)OCCN5CCOCC5,True,True
2355,CID15664,CID15664,CC1=CN=C(C=C1)C2=NC=C(C=C2)C,True,True
2356,CID15723,CID15723,C1CNCCC1C(C2=CC=CC=C2)(C3=CC=CC=C3)O,True,True
2357,CID157920,CID157920,CCCCC([C@]1(CC[C@H]2[C@H](O1)CC(=O)[C@@H]2CCCCCCC(=O)O)O)(F)F,True,True
2358,CID158550,CID158550,CC(C)(C)[C@@H](C(=O)N[C@@H](CC1=CC=CC=C1)[C@H](CN(CC2=CC=C(C=C2)C3=CC=CC=N3)NC(=O)[C@H](C(C)(C)C)NC(=O)OC)O)NC(=O)OC.OS(=O)(=O)O,True,True
2359,CID158758,CID158758,COC1=C(C=C(C=C1)[C@@H]2CC(=O)NC2)OC3CCCC3,True,True
2360,CID158781,CID158781,CCCC1=NC(=C(N1CC2=CC=C(C=C2)C3=CC=CC=C3C4=NNN=N4)C(=O)O)C(C)(C)O,True,True
2361,CID158797,CID158797,C[C@H](C1=CC(=CC=C1)OC)NCCCC2=CC=CC=C2Cl,True,True
2362,CID159269,CID159269,CC1=CN(C(=O)NC1=O)[C@@H]2C[C@H]([C@@H](O2)CO)O,True,True
2363,CID159278,CID159278,C1=CC(=CC=C1CCO[C@H]2[C@@H]([C@H]([C@@H]([C@H](O2)CO)O)O)O)O,True,True
2364,CID159324,CID159324,CN1C=NC=C1[C@@](C2=CC=C(C=C2)Cl)(C3=CC4=C(C=C3)N(C(=O)C=C4C5=CC(=CC=C5)Cl)C)N,True,True
2365,CID159325,CID159325,CC[C@@H]1C[C@@H](C2=C(N1C(=O)OCC)C=CC(=C2)C(F)(F)F)N(CC3=CC(=CC(=C3)C(F)(F)F)C(F)(F)F)C(=O)OC,True,True
2366,CID15951529,CID15951529,CC1(C(=O)N(C(=S)N1C2=CC(=C(C=C2)C(=O)NC)F)C3=CC(=C(C=C3)C#N)C(F)(F)F)C,True,True
2367,CID15953832,CID15953832,C1CC2CC3=C(C[C@@H]1[C@@]24CN(S(=O)(=O)N4)CC(F)(F)F)C=C(C=C3)/C=C/CN5CCC(CC5)C(F)(F)F,True,True
2368,CID15953870,CID15953870,C[C@@H]1CN(C[C@@H](O1)C)CC(=O)NC2=CC3=C(C=C2)SC4=C(C3)C=CC=C4C5=CC(=O)C=C(O5)N6CCOCC6,True,True
2369,CID159594,CID159594,CCCCN(CCCC)C(=O)CN1C[C@@H]([C@H]([C@@H]1C2=CC=C(C=C2)OC)C(=O)O)C3=CC4=C(C=C3)OCO4,True,True
2370,CID159603,CID159603,CCOCC1=NC2=C(N1CC(C)(C)O)C3=CC=CC=C3N=C2N,True,True
2371,CID15983966,CID15983966,C[C@H](C1=CC=CC=C1C(F)(F)F)OC2=C(SC(=C2)N3C=NC4=C3C=C(C=C4)CN5CCN(CC5)C)C(=O)N,True,True
2372,CID159968,CID159968,C1=CC(=C(C(=C1)Cl)COC(CN2C=CN=C2)C3=C(C=C(C=C3)Cl)Cl)Cl.[N+](=O)(O)[O-],True,True
2373,CID16004692,CID16004692,CCCNS(=O)(=O)NC1=C(C(=NC=N1)OCCOC2=NC=C(C=N2)Br)C3=CC=C(C=C3)Br,True,True
2374,CID16007391,CID16007391,CCN(CCCOC1=CC2=C(C=C1)C(=NC=N2)NC3=NNC(=C3)CC(=O)NC4=CC(=CC=C4)F)CCO,True,True
2375,CID160254,CID160254,C[C@H]1COC2=C1C(=O)C(=O)C3=C2C=CC4=C3CCCC4(C)C,True,True
2376,CID160355,CID160355,CC[C@H](CO)NC1=NC(=C2C(=N1)N(C=N2)C(C)C)NCC3=CC=CC=C3,True,True
2377,CID16038120,CID16038120,CC(C)S(=O)(=O)C1=CC=CC=C1NC2=NC(=NC=C2Cl)NC3=C(C=C(C=C3)N4CCC(CC4)N5CCN(CC5)C)OC,True,True
2378,CID16038374,CID16038374,COC1=CC(=CC(=C1)NC(=O)C2=CC=C(O2)C3=CC=C(C=C3)Cl)OC,True,True
2379,CID16041424,CID16041424,CC1=CC(=NN1)NC2=CC(=NC(=N2)/C=C/C3=CC=CC=C3)N4CCN(CC4)C,True,True
2380,CID160436,CID160436,C1=CC2=C(C=C1O)C(=CN2)CCN.Cl,True,True
2381,CID16048654,CID16048654,CCNC(=O)NC1=NC2=NC(=CN=C2C=C1)NC3=CC=C(C=C3)C,True,True
2382,CID16049404,CID16049404,CCCN(CCC)C(=O)C1=CC2=C(C=C(C=C2)C3=CC=C(C=C3)C(=O)N4CCCC4)N=C(C1)N,True,True
2383,CID16051951,CID16051951,CCC[C@@H]1C[C@H](N(C1)C)C(=O)N[C@@H]([C@@H]2[C@@H]([C@@H]([C@H]([C@H](O2)SC)O)O)O)[C@H](C)Cl.Cl,True,True
2384,CID16052038,CID16052038,CCCCCCCCCCCCCCCC(=O)O[C@@H]1[C@H]([C@H]([C@H](O[C@@H]1SC)[C@@H]([C@H](C)Cl)NC(=O)[C@@H]2C[C@H](CN2C)CCC)O)O.Cl,True,True
2385,CID16070111,CID16070111,COC(=O)N1CC2(CC2)C[C@@H]([C@H]1C(=O)N3CCN(CC3)C4=CC=CC=C4)C(=O)NO,True,True
2386,CID16078973,CID16078973,C1=CC=C(C=C1)C(CN(CCCOC2=CC=CC(=C2)CC(=O)O)CC3=C(C(=CC=C3)C(F)(F)F)Cl)C4=CC=CC=C4.Cl,True,True
2387,CID16078986,CID16078986,C1=CC(=CC(=C1)N=C=S)NC(=S)NCCCCNC(=S)NC2=CC(=CC=C2)N=C=S,True,True
2388,CID16086114,CID16086114,CC1=C(C=C(C=C1)C(=O)NC2=CC=CC(=C2)C(F)(F)F)C3=CC4=CN=C(N=C4C=C3)NCCN5CCOCC5,True,True
2389,CID16095342,CID16095342,CCN1C2=CC(=NC=C2N=C1C3=NON=C3N)OC4=CC=CC(=C4)NC(=O)C5=CC=C(C=C5)OCCN6CCOCC6,True,True
2390,CID16097523,CID16097523,C[C@@H](C1=NC=C(C=C1)F)NC2=NC=C(C(=N2)NC3=CC(=NN3)OC(C)C)Cl,True,True
2391,CID16097729,CID16097729,CC1(CNC2=C1C=CC(=C2)NC(=O)C3=C(N=CC=C3)NCC4=CC=NC=C4)C.OP(=O)(O)O.OP(=O)(O)O,True,True
2392,CID16108977,CID16108977,CC1=C(C=C(C=C1)C(=O)NC2=CC=CC(=C2)C(F)(F)F)OC3=C(C=CC=N3)C4=NC(=NC=C4)NC,True,True
2393,CID16118392,CID16118392,CN1CCN(CC1)C2CCN(CC2)C(=O)NC3=NC=CC(=C3)OC4=CC(=C(C=C4)NC(=O)C5(CC5)C(=O)NC6=CC=C(C=C6)F)F,True,True
2394,CID16123056,CID16123056,CCN1C2=NC(=NC(=C2C=C(C1=O)C3=CC=NN3)C)N,True,True
2395,CID16124208,CID16124208,CCS(=O)(=O)C1=CC=CC(=C1)C2=CC(=C(C3=C2C4=C(N3)N=CC(=C4)C)C)C(=O)NC5CCN(CC5)C,True,True
2396,CID16130140,CID16130140,C[C@@H](C(=O)N[C@H](CC(C)C)C(=O)N[C@@H](C)C(=O)N[C@H](C(C)C)C(=O)N[C@@H](C(C)C)C(=O)N[C@@H](C(C)C)C(=O)N[C@@H](CC1=CNC2=CC=CC=C21)C(=O)N[C@H](CC(C)C)C(=O)N[C@@H](CC3=CNC4=CC=CC=C43)C(=O)N[C@H](CC(C)C)C(=O)N[C@@H](CC5=CNC6=CC=CC=C65)C(=O)N[C@H](CC(C)C)C(=O)N[C@@H](CC7=CNC8=CC=CC=C87)C(=O)NCCO)NC(=O)CNC(=O)[C@H](C(C)C)NC=O,True,True
2397,CID1615267,CID1615267,C[C@@H]1C(=O)NC(=O)N1,True,True
2398,CID161557,CID161557,C1=C(C=C(C(=C1O)O)O)[C@@H]2[C@H](C(=O)C3=C(C=C(C=C3O2)O)O)O,True,True
2399,CID16202152,CID16202152,CN(C)C1=CC=C(C=C1)C2=NC3=NC=C(C(=C3N2)N4CCN(CC4)CC(=O)NC5=NC=CS5)Cl,True,True
2400,CID162147,CID162147,C1CCN2C[C@H]3C[C@@H]([C@H]2C1)C=C4[C@H]3NCCC4,True,True
2401,CID16216349,CID16216349,C1C(C(=O)OC1COC2=CC=CC=C2[N+](=O)[O-])CC3=CC=CC=C3,True,True
2402,CID16218900,CID16218900,C1=CC(=CC=C1C(=O)NCC(=O)[O-])N.O.[Na+],True,True
2403,CID16218924,CID16218924,CC1=NC(=CC=C1)C2=NN(C=C2C3=CC=NC4=CC=CC=C34)C(=S)NC5=CC=CC=C5,True,True
2404,CID16219612,CID16219612,C[C@]12C3=CC=CC=C3C[C@H](N1)C4=CC=CC=C24.C(=C\C(=O)O)\C(=O)O,True,True
2405,CID16220066,CID16220066,CCO.C1=CC=C(C(=C1)N)S/C(=C(/C(=C(/SC2=CC=CC=C2N)\N)/C#N)\C#N)/N,True,True
2406,CID16220172,CID16220172,CC(C)(C)C1=CC(=C(C=C1NC(=O)C2=CNC3=CC=CC=C3C2=O)O)C(C)(C)C,True,True
2407,CID162204,CID162204,CC(=O)N(CCCP(=O)(O)O)O,True,True
2408,CID16222096,CID16222096,C1CCN[C@@H](C1)C2(CN(C2)C(=O)C3=C(C(=C(C=C3)F)F)NC4=C(C=C(C=C4)I)F)O,True,True
2409,CID16222097,CID16222097,C1CCN[C@H](C1)C2(CN(C2)C(=O)C3=C(C(=C(C=C3)F)F)NC4=C(C=C(C=C4)I)F)O,True,True
2410,CID16222379,CID16222379,CN1C(=NN=C1C23CCC(CC2)(CC3)C4=NOC(=N4)C5CC(C5)(F)F)C6=CC=CC=C6C(F)(F)F,True,True
2411,CID16224745,CID16224745,CN1C=C(C=N1)C2=C3N=C(C(=C(N3N=C2)N)Br)C4CCCNC4,True,True
2412,CID16231,CID16231,C1(=C(N=C(C(=N1)Cl)N)N)C(=O)N=C(N)N,True,True
2413,CID16307093,CID16307093,C1CN(CCC1NC(=O)COC2=CC=C(C=C2)C(=O)C3=CC=CC=C3)CC4=CC=CC=C4,True,True
2414,CID163091,CID163091,CN1C[C@@H]2[C@@H](C1)C3=C(C=CC(=C3)Cl)OC4=CC=CC=C24,True,True
2415,CID163263,CID163263,C[C@]12CCCC([C@@H]1CC[C@@]([C@@H]2CC[C@](C)(C=C)O)(C)O)(C)C,True,True
2416,CID163659,CID163659,C[C@@H]1[C@H]([C@@H](C[C@@H](O1)O[C@@H]2C[C@@H](O[C@@H]([C@H]2O)C)OC3=CC4=CC5=C(C(=O)[C@H]([C@@H](C5)[C@@H](C(=O)[C@H]([C@@H](C)O)O)OC)O[C@H]6C[C@H]([C@@H]([C@H](O6)C)O)O[C@H]7C[C@H]([C@H]([C@H](O7)C)O)O[C@H]8C[C@]([C@@H]([C@H](O8)C)O)(C)O)C(=C4C(=C3C)O)O)O)O,True,True
2417,CID16367,CID16367,C1=CC(=C(C=C1N)O)C(=O)O.C1=CN=CC=C1C(=O)NN,True,True
2418,CID163701,CID163701,CCN(CC)C(=O)[C@@]1(C[C@@H]1CN)C2=CC=CC=C2.Cl,True,True
2419,CID163751,CID163751,C1CNCCN(C1)S(=O)(=O)C2=CC=CC3=C2C=CN=C3.Cl,True,True
2420,CID164509,CID164509,C[C@@H]1CC2=CC3=C(C=C2C(=NN1C(=O)C)C4=CC=C(C=C4)N)OCO3,True,True
2421,CID164521,CID164521,C1CN(CCC1O[C@@H](C2=CC=C(C=C2)Cl)C3=CC=CC=N3)CCCC(=O)O.C1=CC=C(C=C1)S(=O)(=O)O,True,True
2423,CID164676,CID164676,CC1=COC2=C1C(=O)C(=O)C3=C2C=CC4=C3CCCC4(C)C,True,True
2424,CID16490,CID16490,C[C@@H]1C[C@H]2[C@@H]3C[C@@H](C4=CC(=O)C=C[C@@]4([C@]3([C@H](C[C@@]2([C@]1(C(=O)CO)O)C)O)F)C)F,True,True
2425,CID16533,CID16533,CCCCC(=O)O[C@@]1([C@H](C[C@@H]2[C@@]1(C[C@@H]([C@]3([C@H]2CCC4=CC(=O)C=C[C@@]43C)F)O)C)C)C(=O)CO,True,True
2426,CID165339223,CID165339223,CC1=CC2=C(C=C1C)N(C=N2)[C@@H]3[C@@H]([C@@H]([C@H](O3)CO)OP(=O)([O-])O[C@H](C)CNC(=O)CC[C@@]4([C@H]([C@@H]5[C@]6([C@@]([C@@H](/C(=C(/C7=N/C(=C\C8=N/C(=C(\C4=N5)/C)/[C@H](C8(C)C)CCC(=O)N)/[C@H]([C@]7(C)CC(=O)N)CCC(=O)N)\C)/[N-]6)CCC(=O)N)(C)CC(=O)N)C)CC(=O)N)C)O.[C-]#N.[Co+3],True,True
2427,CID165411828,CID165411828,O[Si](=O)[O-].O[Si](=O)[O-].[O-][Si](=O)[O-].[O-][Si](=O)[O-].[Mg+2].[Mg+2].[Mg+2],True,True
2428,CID165457,CID165457,CCOC1=CC2=C(C3=C(C=C(C=C3)N)N=C2C=C1)N.CC(C(=O)O)O.O,True,True
2429,CID165542,CID165542,CS(=O)(=O)O.C1CCN(CC1)CCC(C2=CC=CC=C2)(C3=CC=CC=C3)O,True,True
2430,CID165580,CID165580,C1[C@H]([C@@H]([C@H]([C@@H]([C@H]1N)O[C@@H]2[C@@H]([C@H]([C@@H]([C@H](O2)CO)O)O)N)O[C@H]3[C@@H]([C@@H]([C@H](O3)CO)O[C@@H]4[C@@H]([C@H]([C@@H]([C@@H](O4)CN)O)O)N)O)O)N,True,True
2431,CID16654980,CID16654980,C1COCCN1C2=NC(=NC(=C2)C3=CN=C(C=C3C(F)(F)F)N)N4CCOCC4,True,True
2432,CID166558,CID166558,CC(C)C1=C(C(=CC=C1)C(C)C)OS(=O)(=O)NC(=O)CC2=C(C=C(C=C2C(C)C)C(C)C)C(C)C,True,True
2433,CID16659841,CID16659841,CC1=CC(=NN1)NC2=NC(=NC=C2Cl)N[C@@H](C)C3=NC=C(C=N3)F,True,True
2434,CID16666332,CID16666332,C1C[C@@H](NC1)C2=CC(=C(C=C2)C3=NC4=C(C=CC=C4N3)C(=O)N)F,True,True
2435,CID16666333,CID16666333,C1C[C@H](NC1)C2=CC(=C(C=C2)C3=NC4=C(C=CC=C4N3)C(=O)N)F,True,True
2436,CID16666708,CID16666708,CC1=CC(=C(N(C1=O)C)NC2=C(C=C(C=C2)I)F)C(=O)NOCCO,True,True
2437,CID16667431,CID16667431,COC1=C(C=C(C=C1)CC2C3=CC(=C(C=C3CCN2)OC)OC)OC.Cl,True,True
2438,CID16667669,CID16667669,CCP(CC)CC.CC(=O)OCC1C(C(C(C(O1)[S-])OC(=O)C)OC(=O)C)OC(=O)C.[Au+],True,True
2439,CID16678941,CID16678941,CC1=C(N=C(C=C1)NC(=O)C2(CC2)C3=CC4=C(C=C3)OC(O4)(F)F)C5=CC(=CC=C5)C(=O)O,True,True
2440,CID16681698,CID16681698,CC1=CC(=C(N1)/C=C\2/C(=C/C(=C/3\C=C4C=CC=CC4=N3)/N2)OC)C.CS(=O)(=O)O,True,True
2441,CID16718576,CID16718576,CC1(CC2=CN=C(N=C2C3=C1C(=NN3C)C(=O)NC)NC4=CC=C(C=C4)N5CCN(CC5)C)C,True,True
2442,CID16719221,CID16719221,CC1=C(C(=O)OC2=C1C=CC(=C2)OC3=NC=CC=N3)CC4=C(C(=NC=C4)NS(=O)(=O)NC)F,True,True
2443,CID16720766,CID16720766,C1CC2=CC=CC=C2[C@H]1NC3=C4C=CN(C4=NC=N3)[C@@H]5C[C@H]([C@H](C5)O)COS(=O)(=O)N,True,True
2444,CID16722832,CID16722832,CC1=CN=C(N=C1NC2=CC(=CC=C2)S(=O)(=O)NC(C)(C)C)NC3=CC=C(C=C3)N4CCN(CC4)C,True,True
2445,CID16722834,CID16722834,CC1=CN=C(N=C1NC2=CC(=CC=C2)S(=O)(=O)NC(C)(C)C)NC3=CC=C(C=C3)CN4CCOCC4,True,True
2446,CID16722836,CID16722836,CC1=CN=C(N=C1NC2=CC(=CC=C2)S(=O)(=O)NC(C)(C)C)NC3=CC=C(C=C3)OCCN4CCCC4,True,True
2447,CID16723044,CID16723044,CC1=CN=C(N=C1NC2=CC(=CC=C2)S(=O)(=O)NC(C)(C)C)NC3=CC=CC(=C3)CN4CCOCC4,True,True
2448,CID16725726,CID16725726,CCN1C2=C(C(=NC=C2OC[C@H]3CCCNC3)C#CC(C)(C)O)N=C1C4=NON=C4N,True,True
2449,CID16736529,CID16736529,CC1=CN=C(C(=C1OC)C)CN2C=NC3=C2N=C(N=C3Cl)N,True,True
2450,CID16736978,CID16736978,C[C@@H]1CN(C[C@@H](O1)C)C2=NC3=C(C=CC(=N3)C4=CC(=C(C=C4)OC)CO)C(=N2)N5CCOCC5,True,True
2451,CID16738693,CID16738693,CC(C)[N+]1(C2CCC1CC(C2)OC(=O)C(CO)C3=CC=CC=C3)C.O.[Br-],True,True
2452,CID16739650,CID16739650,CN1C/C=C/CCOC2=CC=CC(=C2)C3=NC(=NC=C3)NC4=CC=CC(=C4)C1,True,True
2453,CID16741245,CID16741245,C[C@@](C(=O)NC1=C(C=C(C=C1)S(=O)(=O)C2=CC=C(C=C2)C(=O)N(C)C)Cl)(C(F)(F)F)O,True,True
2454,CID16742063,CID16742063,CCNC(=O)NC1=C(C=C(C=C1)OC2=NC=NC(=C2/C=N/OC)N)Cl,True,True
2455,CID16747388,CID16747388,CC1=C(C=C(C=C1)C(=O)NC2=CC=CC(=C2)C(F)(F)F)NC3=C4C=NN(C4=NC(=N3)C5=CN=CC=C5)C,True,True
2456,CID16747683,CID16747683,CC1=NC=C(N1C(C)C)C2=NC(=NC=C2)NC3=CC=C(C=C3)S(=O)(=O)C,True,True
2457,CID16755649,CID16755649,CC(C)OC1=C(C=CC(=C1)OC)C2=N[C@@H]([C@@H](N2C(=O)N3CCNC(=O)C3)C4=CC=C(C=C4)Cl)C5=CC=C(C=C5)Cl,True,True
2458,CID16757846,CID16757846,C[C@]12C3CCC([C@@]1(C(=O)OC2=O)C)O3,True,True
2459,CID16757877,CID16757877,CCC(=O)OC1CCC2[C@@]1(CCC3C2CCC4=CC(=O)CC[C@@]34C)C,True,True
2460,CID16759173,CID16759173,CC[C@H](C)C(=O)O[C@H]1C[C@@H](C=C2[C@H]1[C@H]([C@H](C=C2)C)CC[C@H](C[C@H](CC(=O)[O-])O)O)O.[Na+],True,True
2461,CID16759177,CID16759177,C1=CC=C(C=C1)NC(=O)/C=C/C2=C(NC3=C2C(=CC(=C3)Cl)Cl)C(=O)[O-].[Na+],True,True
2462,CID16760658,CID16760658,C1=CC=C(C(=C1)C(=O)[O-])O.[Na+],True,True
2463,CID16760696,CID16760696,CC(=O)O/N=C\1/C2=C(C=CC(=C2)Cl)N(C1=O)CC3=C(C=CC(=C3)Cl)Cl,True,True
2464,CID16760703,CID16760703,CCCC(CCC)C(=O)[O-].[Na+],True,True
2465,CID167980,CID167980,CN1C(=CC(=O)N(C1=O)C)NCCCN2CCN(CC2)C3=CC=CC=C3OC.Cl,True,True
2466,CID168430535,CID168430535,CC1=C(C2=CC3=C(C(=C(N3)C=C4[C@]5([C@H](C(=CC=C5C(=CC6=C(C(=C(N6)C=C1N2)C=C)C)N4)C(=O)OC)C(=O)OC)C)C)CCC(=O)OC)CCC(=O)O.CC1=C(C2=CC3=C(C(=C(N3)C=C4[C@]5([C@H](C(=CC=C5C(=CC6=C(C(=C(N6)C=C1N2)C=C)C)N4)C(=O)OC)C(=O)OC)C)C)CCC(=O)O)CCC(=O)OC,True,True
2467,CID168993,CID168993,CN1CCC(=C2C3=C(CCC4=CC=CC=C42)SC=C3)CC1.C(C(C(=O)O)O)C(=O)O,True,True
2468,CID169371,CID169371,C1=CC(=CC=C1C(=O)N[C@@H](CCC(=O)O)C(=O)O)NCC2=CN=C3C(=N2)C(=NC(=N3)N)N,True,True
2469,CID170361,CID170361,C1C2CNCC1C3=CC4=NC=CN=C4C=C23,True,True
2470,CID170367,CID170367,CC(=O)OC1CN2CCC1CC2.Cl,True,True
2471,CID17134,CID17134,COC1=C(N=CN=C1OC)NS(=O)(=O)C2=CC=C(C=C2)N,True,True
2473,CID17275,CID17275,C1CN=C(N1)CN(CC2=CC=CC=C2)C3=CC=CC=C3.Cl,True,True
2474,CID173612,CID173612,CC1=CC(=CC=C1)CN2CCN(CC2)C(C3=CC=CC=C3)C4=CC=C(C=C4)Cl.O.Cl.Cl,True,True
2475,CID174174,CID174174,CN1[C@H]2CC[C@@H]1C[C@@H](C2)OC(=O)C(CO)C1=CC=CC=C1,True,True
2476,CID174277,CID174277,C[C@H]1CC2=CC3=C(C(=C2C4=C(C(=C(C=C4C[C@@H]1C)OC)OC)OC)OC)OCO3,True,True
2477,CID17513,CID17513,C1=NC(=C(N1[C@H]2[C@@H]([C@@H]([C@H](O2)CO)O)O)N)C(=O)N,True,True
2478,CID175534,CID175534,CCN(CC)CCOC1=CC=C(C=C1)CC2=CC=CC=C2.Cl,True,True
2479,CID17571905,CID17571905,C[C@H]1[C@H]2[C@@H](C(=O)N2C(=C1S[C@H]3C[C@H](NC3)CNS(=O)(=O)N)C(=O)O)[C@H](C)O,True,True
2481,CID176155,CID176155,CS(=O)C1=CC=C(C=C1)C2=NC(=C(N2)C3=CC=NC=C3)C4=CC=C(C=C4)F,True,True
2482,CID176158,CID176158,CN1C=C(C2=CC=CC=C21)C3=C(C(=O)NC3=O)C4=C(C=C(C=C4)Cl)Cl,True,True
2483,CID176167,CID176167,CN1C=C(C2=CC=CC=C21)C3=C(C(=O)NC3=O)C4=CN(C5=CC=CC=C54)C6CCN(CC6)CC7=CC=CC=N7,True,True
2484,CID176517025,CID176517025,C[C@H]1[C@@]([C@H]([C@@H](O1)O[C@H]2[C@@H]([C@H]([C@@H]([C@H]([C@@H]2O)O)N=C(N)N)O)N=C(N)N)O[C@H]3[C@H]([C@@H]([C@H]([C@@H](O3)CO)O)O)NC)(C=O)O.C[C@H]1[C@@]([C@H]([C@@H](O1)O[C@H]2[C@@H]([C@H]([C@@H]([C@H]([C@@H]2O)O)N=C(N)N)O)N=C(N)N)O[C@H]3[C@H]([C@@H]([C@H]([C@@H](O3)CO)O)O)NC)(C=O)O.OS(=O)(=O)O.OS(=O)(=O)O.OS(=O)(=O)O,True,True
2485,CID17684448,CID17684448,C(CC(O)(P(=O)(O)O)P(=O)(O)[O-])CN,True,True
2486,CID176870,CID176870,COCCOC1=C(C=C2C(=C1)C(=NC=N2)NC3=CC=CC(=C3)C#C)OCCOC,True,True
2487,CID176871,CID176871,COCCOC1=C(C=C2C(=C1)C(=NC=N2)NC3=CC=CC(=C3)C#C)OCCOC.Cl,True,True
2488,CID176873,CID176873,CC(C)[C@H]1C(=O)N[C@H](C(=O)NCC(=O)N[C@H](C(=O)N[C@@H](C(=O)N1C)CC2=CC=CC=C2)CC(=O)O)CCCN=C(N)N,True,True
2489,CID177335,CID177335,CCCCN1CCC(CC1)CNC(=O)C2=C3N(CCCO3)C4=CC=CC=C42.Cl,True,True
2490,CID177336,CID177336,CCCCN1CCC(CC1)CNC(=O)C2=C3N(CCCO3)C4=CC=CC=C42,True,True
2491,CID177358,CID177358,CC1=CC=CC=N1.N.[Cl-].[Cl-].[Pt+2],True,True
2492,CID1775,CID1775,C1=CC=C(C=C1)C2(C(=O)NC(=O)N2)C3=CC=CC=C3,True,True
2493,CID17751063,CID17751063,C1=CC(=CC(=C1)O)C2=CN=C3C(=N2)C(=NC(=N3)N)N,True,True
2494,CID17751819,CID17751819,C1CN(CCC1(CC2=CC=C(C=C2)Cl)N)C3=NC=NC4=C3C=CN4,True,True
2495,CID17754438,CID17754438,C1=CC2=C(C=CC(=C2)CN3C4=NC(=CN=C4N=N3)C5=CN(N=C5)CCO)N=C1,True,True
2496,CID17754765,CID17754765,CCOC1=C(C=CC(=C1)C(C)(C)C)C2=N[C@@]([C@@](N2C(=O)N3CCN(CC3)CC(=O)N4CCOCC4)(C)C5=CC=C(C=C5)Cl)(C)C6=CC=C(C=C6)Cl,True,True
2497,CID17755052,CID17755052,CS(=O)(=O)N1CCN(CC1)CC2=CC3=C(S2)C(=NC(=N3)C4=C5C=NNC5=CC=C4)N6CCOCC6,True,True
2498,CID17755248,CID17755248,C[C@@H]1C[C@@H]2CC[C@H]3C(=C)C[C@@H](O3)CC[C@]45C[C@@H]6[C@H](O4)[C@H]7[C@@H](O6)[C@@H](O5)[C@@H]8[C@@H](O7)CC[C@@H](O8)CC(=O)C[C@H]9[C@H](C[C@H](C1=C)O2)O[C@@H]([C@@H]9OC)C[C@@H](CN)O.CS(=O)(=O)O,True,True
2499,CID17756618,CID17756618,C[C@@H](C(=O)N[C@H]1CCCC[C@H]2CC[C@H](N2C1=O)C(=O)N[C@@H](C3=CC=CC=C3)C4=CN(N=N4)CCCCC5=CC=C(C=C5)CCCCN6C=C(N=N6)[C@H](C7=CC=CC=C7)NC(=O)[C@@H]8CC[C@H]9N8C(=O)[C@H](CCCC9)NC(=O)[C@H](C)NC)NC,True,True
2500,CID177865,CID177865,C1=CC(=CC=C1CN(C2=CC=C(C=C2)C#N)N3C=NN=C3)Br,True,True
2501,CID178024,CID178024,CC(C)(C(=O)N[C@H](COCC1=CC=CC=C1)C(=O)N2CCC3(CC2)CN(C4=CC=CC=C34)S(=O)(=O)C)N,True,True
2502,CID1794427,CID1794427,C1[C@H]([C@H]([C@@H](C[C@@]1(C(=O)O)O)OC(=O)/C=C/C2=CC(=C(C=C2)O)O)O)O,True,True
2503,CID179651,CID179651,C[C@@]12CC[C@H]3[C@]([C@@]14[C@H](O4)C(=O)O[C@H]2C5=COC=C5)(C(=O)C[C@@H]6[C@@]37COC(=O)C[C@@H]7OC6(C)C)C,True,True
2504,CID181458,CID181458,CC12CC3CC(C1)(CC(C3)(C2)N)C.Cl,True,True
2505,CID18283,CID18283,CC1=CN(C(=O)NC1=O)[C@H]2C=C[C@H](O2)CO,True,True
2506,CID18343,CID18343,C[C@@H]1[C@H]([C@H]([C@@H](O1)N2C=C(C(=O)NC2=O)F)O)O,True,True
2507,CID18542136,CID18542136,C1=CC(=C(C=C1O)O)C2=C(C(=O)C3=C(C=C(C=C3O2)O)O)O.O,True,True
2508,CID188914,CID188914,CN(C)CCN(C)CCC1=CC(=C(C=C1)Cl)Cl,True,True
2509,CID189821,CID189821,CC1=N[C@@]2([C@H](O1)C[C@@H]3[C@@]2(C[C@@H]([C@H]4[C@H]3CCC5=CC(=O)C=C[C@]45C)O)C)C(=O)COC(=O)C,True,True
2511,CID1901244,CID1901244,C1=CC=C2C(=C1)C(=O)C(=O)N2CC3=CC(=C(C=C3)Cl)Cl,True,True
2512,CID19212,CID19212,C[C@@H]([C@H]1CC[C@@]2([C@@]1(CC[C@H]3C2=CC(=O)[C@H]4[C@@]3(C[C@@H]([C@@H](C4)O)O)C)C)O)[C@@H](CCC(C)(C)O)O,True,True
2513,CID192197,CID192197,CC[C@H](C1=CC=C(C=C1)O)[C@@H](CC)C2=CC=C(C=C2)O,True,True
2514,CID1935,CID1935,C1CCC2=NC3=CC=CC=C3C(=C2C1)N,True,True
2515,CID19648,CID19648,C[C@H]1[C@@]([C@H]([C@@H](O1)O[C@@H]2[C@H]([C@@H]([C@H]([C@@H]([C@H]2O)O)N=C(N)N)O)N=C(N)N)O[C@H]3[C@H]([C@@H]([C@H]([C@@H](O3)CO)O)O)NC)(C=O)O.C[C@H]1[C@@]([C@H]([C@@H](O1)O[C@@H]2[C@H]([C@@H]([C@H]([C@@H]([C@H]2O)O)N=C(N)N)O)N=C(N)N)O[C@H]3[C@H]([C@@H]([C@H]([C@@H](O3)CO)O)O)NC)(C=O)O.OS(=O)(=O)O.OS(=O)(=O)O.OS(=O)(=O)O,True,True
2516,CID19675,CID19675,CC(=O)C1=CC2=C(C=C1)SC3=CC=CC=C3N2CCCN4CCC(CC4)CCO,True,True
2517,CID196968,CID196968,CC(C)C1=NC(=NC(=C1)C2=CC=C(C3=CC=CC=C32)F)N,True,True
2518,CID196970,CID196970,CC1=C2C(=CNC2=C(C=C1)NS(=O)(=O)C3=CC=CC(=C3)C#N)C#N,True,True
2519,CID1973,CID1973,C1COCCN1C2=NC=C(C=C2)C3=NC4=NC=NC(=C4C(=C3)C5=CC(=CC=C5)Br)N,True,True
2521,CID1981,CID1981,CC1=C(C2=C(N1C(=O)C3=CC=C(C=C3)Cl)C=CC(=C2)OC)CC(=O)OCC(=O)O,True,True
2522,CID1983,CID1983,CC(=O)NC1=CC=C(C=C1)O,True,True
2523,CID1985,CID1985,CC(=O)NC1=C(C=CC(=C1)[As](=O)(O)O)O,True,True
2524,CID1986,CID1986,CC(=O)NC1=NN=C(S1)S(=O)(=O)N,True,True
2525,CID19861,CID19861,CN1CCC(=C2C3=CC=CC=C3CCC4=C2N=CC=C4)CC1,True,True
2526,CID198693,CID198693,C1CN(CC(=C1)C(=O)O)CCOC(C2=CC=C(C=C2)C(F)(F)F)C3=CC=C(C=C3)C(F)(F)F,True,True
2527,CID1989,CID1989,CC(=O)C1=CC=C(C=C1)S(=O)(=O)NC(=O)NC2CCCCC2,True,True
2528,CID1990,CID1990,CC(=O)NO,True,True
2529,CID19910,CID19910,C1=CC2=C(C=CC(=C2N=C1)O)[N+](=O)[O-],True,True
2530,CID200103,CID200103,C1=CC2=C(C(=C1)Cl)SC=C2COC(CN3C=CN=C3)C4=C(C=C(C=C4)Cl)Cl.[N+](=O)(O)[O-],True,True
2531,CID20058,CID20058,CC(=O)OC[C@@H]1[C@H]([C@H]([C@@H](O1)N2C=CC(=O)NC2=O)OC(=O)C)OC(=O)C,True,True
2532,CID20279,CID20279,C1[C@@H]([C@H](O[C@H]1N2C=NC3=C(N=C(N=C32)Cl)N)CO)O,True,True
2533,CID204100,CID204100,C1=CC(=CC=C1CCCCN2C=CN=N2)OCC3=COC(=N3)C=CC4=CC=C(C=C4)C(F)(F)F,True,True
2534,CID2044,CID2044,CC(C)(C)C1=C(C(=CC(=C1)C=C(C#N)C#N)Br)O,True,True
2535,CID2049,CID2049,COC1=C(C=C2C(=C1)N=CC(=N2)C3=CC=CC=C3)OC,True,True
2536,CID2051,CID2051,COC1=C(C=C2C(=C1)C(=NC=N2)NC3=CC(=CC=C3)Cl)OC,True,True
2537,CID20525,CID20525,COC1=CC(=C(C=C1C=O)OC)OC,True,True
2538,CID20635522,CID20635522,CC1=CC(=C(C=C1SC2=CN=C(S2)NC(=O)C3=CC=C(C=C3)CNC(C)C(C)C)C(=O)N4CCN(CC4)C(=O)C)OC,True,True
2539,CID207841,CID207841,C1CCC(CC1)C(CCN2CCCC2)(C3=CC=CC=C3)O.Cl,True,True
2540,CID2082,CID2082,CCCSC1=CC2=C(C=C1)N=C(N2)NC(=O)OC,True,True
2541,CID2083,CID2083,CC(C)(C)NCC(C1=CC(=C(C=C1)O)CO)O,True,True
2542,CID20849066,CID20849066,C[C@@H]([C@@H]([C@H]([C@H](C=O)O)O)O)O.O,True,True
2543,CID2088,CID2088,C(CC(O)(P(=O)(O)O)P(=O)(O)O)CN,True,True
2544,CID208898,CID208898,CCCCC1=C(C2=C(O1)C=CC(=C2)NS(=O)(=O)C)C(=O)C3=CC=C(C=C3)OCCCN(CCCC)CCCC,True,True
2545,CID208902,CID208902,CCC(=O)NCC[C@@H]1CCC2=C1C3=C(C=C2)OCC3,True,True
2546,CID208908,CID208908,CS(=O)(=O)CCNCC1=CC=C(O1)C2=CC3=C(C=C2)N=CN=C3NC4=CC(=C(C=C4)OCC5=CC(=CC=C5)F)Cl,True,True
2547,CID20916937,CID20916937,CC1=CC=C(C=C1)S(=O)(=O)CC2=C(OC(=N2)C3=CC=C(C=C3)C(=O)NCC4=CN=CC=C4)C,True,True
2548,CID2092,CID2092,CN(CCCNC(=O)C1CCCO1)C2=NC3=CC(=C(C=C3C(=N2)N)OC)OC,True,True
2549,CID20933,CID20933,CC1([C@@H](N2[C@H](S1)[C@@H](C2=O)NC(=O)C(C3=CC=CC=C3)C(=O)[O-])C(=O)[O-])C.[Na+].[Na+],True,True
2550,CID210172,CID210172,COC1=CC=CC=C1N2CCN(CC2)CCN3C(=O)CC4(CCCC4)CC3=O.Cl.Cl,True,True
2551,CID210332,CID210332,C1CCC(CC1)NC2=NC(=NC3=C2NC=N3)NC4=CC=C(C=C4)N5CCOCC5,True,True
2552,CID21081761,CID21081761,C1=CN(C(=O)C(=C1)C(=O)NC2=CC(=C(C=C2)OC3=C4C=CNC4=NC=C3)F)C5=CC=C(C=C5)F,True,True
2553,CID2123,CID2123,CN(C)C1=NC(=NC(=N1)N(C)C)N(C)C,True,True
2554,CID2125,CID2125,CC1=C(N(N=C1C(=O)NN2CCCCC2)C3=C(C=C(C=C3)Cl)Cl)C4=CC=C(C=C4)I,True,True
2555,CID2130,CID2130,C1C2CC3CC1CC(C2)(C3)N,True,True
2556,CID213039,CID213039,CC(C)CN(C[C@H]([C@H](CC1=CC=CC=C1)NC(=O)O[C@H]2CO[C@@H]3[C@H]2CCO3)O)S(=O)(=O)C4=CC=C(C=C4)N,True,True
2557,CID213040,CID213040,C1CN(CCN1CC(COC2=CC=CC3=C2C=CC=N3)O)C(=O)C(C4=CC=CC=C4)C5=CC=CC=C5,True,True
2558,CID2141,CID2141,C(CN)CNCCSP(=O)(O)O,True,True
2559,CID214347,CID214347,CC1=CC(=C(C(=C1)C)NC2=NC(=NC=C2)NC3=CC=C(C=C3)C#N)C,True,True
2560,CID214348,CID214348,C1=CC=C(C(=C1)C2=NN(C(=N2)C3=CC=CC=C3O)C4=CC=C(C=C4)C(=O)O)O,True,True
2561,CID2145,CID2145,CCC1(CCC(=O)NC1=O)C2=CC=C(C=C2)N,True,True
2562,CID21467,CID21467,CC1=C(C(=CC=C1)C)OCC(C)N.Cl,True,True
2564,CID2153,CID2153,CN1C2=C(C(=O)N(C1=O)C)NC=N2,True,True
2565,CID2155,CID2155,C1=CSC(=N1)N,True,True
2566,CID2155128,CID2155128,CC1=CC2=C(C=C1)N=C(S2)NC(=O)CSC3=NC4=C(C(=O)N3C5=CC=CC=C5)SCC4,True,True
2567,CID2157,CID2157,CCCCC1=C(C2=CC=CC=C2O1)C(=O)C3=CC(=C(C(=C3)I)OCCN(CC)CC)I,True,True
2568,CID21585658,CID21585658,CCCCCCCCCC(=O)N[C@@H](CC1=CNC2=CC=CC=C21)C(=O)N[C@H](CC(=O)N)C(=O)N[C@@H](CC(=O)O)C(=O)N[C@H]3[C@H](OC(=O)[C@@H](NC(=O)[C@@H](NC(=O)[C@H](NC(=O)CNC(=O)[C@@H](NC(=O)[C@H](NC(=O)[C@@H](NC(=O)[C@@H](NC(=O)CNC3=O)CCCN)CC(=O)O)C)CC(=O)O)CO)[C@H](C)CC(=O)O)CC(=O)C4=CC=CC=C4N)C,True,True
2569,CID2159,CID2159,CCN1CCCC1CNC(=O)C2=CC(=C(C=C2OC)N)S(=O)(=O)CC,True,True
2571,CID2161,CID2161,CC(C)C1=CC2=C(C=C1)OC3=NC(=C(C=C3C2=O)C(=O)O)N,True,True
2572,CID2162,CID2162,CCOC(=O)C1=C(NC(=C(C1C2=CC=CC=C2Cl)C(=O)OC)C)COCCN,True,True
2573,CID216210,CID216210,CN1C2=C(C=C(C=C2)C(=O)N(CCC(=O)O)C3=CC=CC=N3)N=C1CNC4=CC=C(C=C4)C(=N)N,True,True
2575,CID216237,CID216237,CC1=CC=CC=C1C(=O)NC2=CC(=C(C=C2)C(=O)N3CCCC(C4=C3C=CC(=C4)Cl)O)C,True,True
2576,CID216239,CID216239,CNC(=O)C1=NC=CC(=C1)OC2=CC=C(C=C2)NC(=O)NC3=CC(=C(C=C3)Cl)C(F)(F)F,True,True
2577,CID216326,CID216326,C1CC(=O)NC(=O)C1N2CC3=C(C2=O)C=CC=C3N,True,True
2578,CID216454,CID216454,C1CN(C(=O)CN1CC2=CN=CN2CC3=CC=C(C=C3)C#N)C4=CC(=CC=C4)Cl.Cl,True,True
2579,CID216457,CID216457,C1CN2CCC1[C@H](C2)OC(=O)N3CCC4=CC=CC=C4[C@@H]3C5=CC=CC=C5.C(CC(=O)O)C(=O)O,True,True
2580,CID216468,CID216468,C1=CC2=C(C(=C1)NS(=O)(=O)C3=CC=C(C=C3)S(=O)(=O)N)NC=C2Cl,True,True
2581,CID2165,CID2165,CCN(CC)CC1=C(C=CC(=C1)NC2=C3C=CC(=CC3=NC=C2)Cl)O,True,True
2582,CID2170,CID2170,C1CN(CCN1)C2=NC3=CC=CC=C3OC4=C2C=C(C=C4)Cl,True,True
2583,CID21704,CID21704,C1=NC(=C2C(=N1)N(C=N2)[C@H]3[C@H]([C@@H]([C@H](O3)CO)O)O)N,True,True
2584,CID21718,CID21718,CCN(CCCC1=CC=CC=C1)CCCC2=CC=CC=C2.C(C(=O)O)C(CC(=O)O)(C(=O)O)O,True,True
2585,CID2176,CID2176,CCOC(=O)OC(C)OC1=C(N(S(=O)(=O)C2=CC=CC=C21)C)C(=O)NC3=CC=CC=N3,True,True
2586,CID21784,CID21784,CC(C)NCC(C1=CC=CC=C1Cl)O.Cl,True,True
2587,CID2179,CID2179,COC1=C(C=CC(=C1)NS(=O)(=O)C)NC2=C3C=CC=CC3=NC4=CC=CC=C42,True,True
2588,CID21800,CID21800,CCC(=O)OCC(=O)[C@]1([C@H](C[C@@H]2[C@@]1(C[C@@H]([C@]3([C@H]2CCC4=CC(=O)C=C[C@@]43C)F)O)C)C)OC(=O)CC,True,True
2589,CID2187,CID2187,CC(C)(C#N)C1=CC(=CC(=C1)CN2C=NC=N2)C(C)(C)C#N,True,True
2590,CID219025,CID219025,CCCCC1=C(C2=C(O1)C=CC(=C2)NS(=O)(=O)C)C(=O)C3=CC=C(C=C3)OCCCN(CCCC)CCCC.Cl,True,True
2591,CID219077,CID219077,CC(=O)N(C)C1(CCN(CC1)CCC[C@@]2(CCCN(C2)C(=O)C3=CC=CC=C3)C4=CC(=C(C=C4)Cl)Cl)C5=CC=CC=C5,True,True
2592,CID219078,CID219078,CC(=O)N[C@H](COC)C(=O)NCC1=CC=CC=C1,True,True
2593,CID219099,CID219099,C1CN(CCN1CCC2=C(C=C3C(=C2)CC(=O)N3)Cl)C4=NSC5=CC=CC=C54.Cl,True,True
2594,CID219104,CID219104,CCC(C)SSC1=NC=CN1,True,True
2595,CID2196,CID2196,COC1=CC=C(C=C1)C(=O)N2CCCC2=O,True,True
2597,CID22024915,CID22024915,C#CC1=CC(=CC=C1)NC2=NC=NC3=CC4=C(C=C32)OCCOCCOCCO4,True,True
2598,CID220401,CID220401,CN[C@H]1CCC2=CC(=C(C(=C2C3=CC=C(C(=O)C=C13)OC)OC)OC)OC,True,True
2599,CID22049997,CID22049997,CC1=C(C=C(C=C1)C(=O)NC)N2C(=CC(=C(C2=O)Br)OCC3=C(C=C(C=C3)F)F)C,True,True
2600,CID2206,CID2206,CC1=CC(=O)N(N1C)C2=CC=CC=C2,True,True
2601,CID221493,CID221493,C[C@H](CCC(=O)O)[C@H]1CC[C@@H]2[C@@]1([C@H](C[C@H]3[C@H]2[C@@H](C[C@H]4[C@@]3(CC[C@H](C4)O)C)O)O)C,True,True
2602,CID222284,CID222284,CC[C@H](CC[C@@H](C)[C@H]1CC[C@@H]2[C@@]1(CC[C@H]3[C@H]2CC=C4[C@@]3(CC[C@@H](C4)O)C)C)C(C)C,True,True
2603,CID222285,CID222285,C([C@H]([C@H](CO)O)O)O,True,True
2604,CID22291652,CID22291652,CN1CCN(CC1)C2=NC=C(C(=C2)C(=O)NC3=CC4=C(CCC5=C4N(N=C5C(=O)N)C6=CC=C(C=C6)F)C=C3)Cl,True,True
2605,CID2230,CID2230,CN1CCC=C(C1)C(=O)OC,True,True
2606,CID22386467,CID22386467,C1=CC=C2C(=C1)C(=NN=C2NC3=CC=C(C=C3)Cl)CC4=CC=NC=C4.Cl.Cl,True,True
2608,CID2244,CID2244,CC(=O)OC1=CC=CC=C1C(=O)O,True,True
2609,CID22475,CID22475,C[N+](C)(C)CCOC(=O)CCC(=O)OCC[N+](C)(C)C.[Cl-].[Cl-],True,True
2610,CID2249,CID2249,CC(C)NCC(COC1=CC=C(C=C1)CC(=O)N)O,True,True
2611,CID22508903,CID22508903,CC1=CC2=C(N1)C=CC(=C2F)OC3=NC=NN4C3=C(C(=C4)OCC(C)OC(=O)C(C)N)C,True,True
2612,CID225362,CID225362,C1=CC=C(C=C1)NNC(=O)C2=CC=NC=C2,True,True
2613,CID22570509,CID22570509,CC1=NN=C(N1C2CC3CCC(C2)N3CCC(C4=CC=CC=C4)NC(=O)C5CCC(CC5)(F)F)C(C)C,True,True
2614,CID22571,CID22571,CCCCC(CC)COC(=O)C(=C(C1=CC=CC=C1)C2=CC=CC=C2)C#N,True,True
2615,CID22624897,CID22624897,CC1=CC(=C(C=C1O)NC2=NC=NC3=C2C=CC(=C3)OCC4=CC=CC=C4)F.Cl,True,True
2616,CID2265,CID2265,CN1C=NC(=C1SC2=NC=NC3=C2NC=N3)[N+](=O)[O-],True,True
2617,CID2267,CID2267,CN1CCCC(CC1)N2C(=O)C3=CC=CC=C3C(=N2)CC4=CC=C(C=C4)Cl,True,True
2618,CID227456,CID227456,CC1=CC2=C(C(=C(C(=C2C(C)C)O)O)C=O)C(=C1C3=C(C4=C(C=C3C)C(=C(C(=C4C=O)O)O)C(C)C)O)O.CC(=O)O,True,True
2619,CID22833280,CID22833280,C[C@]12[C@@H](C(=O)N[C@]1(C(=O)O2)[C@H]([C@H]3CCCC=C3)O)CCCl,True,True
2620,CID2284,CID2284,C1=CC(=CC=C1C(CC(=O)O)CN)Cl,True,True
2621,CID22880,CID22880,CN[C@H](CC(=O)O)C(=O)O,True,True
2622,CID229455,CID229455,C[C@]12CC[C@H]3[C@H]([C@@H]1CC[C@@H]2OC(=O)CCC4=CC=CC=C4)CCC5=CC(=O)CC[C@H]35,True,True
2623,CID2296132,CID2296132,CCCCOC1=CC=C(C=C1)C(=O)NC2=C(C=C(C=C2)F)F,True,True
2624,CID23009,CID23009,C1COCCN1CCN2C=NC=C2[N+](=O)[O-],True,True
2625,CID23063810,CID23063810,C1C(C(=O)NC1=O)C2=CNC3=C2C=C(C=C3)F,True,True
2626,CID2310,CID2310,CCC1(CC(=O)NC(=O)C1)C,True,True
2627,CID23116321,CID23116321,CCC1=C(C(=C(C=C1O)O)C(=O)C2=CC(=C(C=C2)OCCN3CCOCC3)OC)CC(=O)N(CCOC)CCOC,True,True
2628,CID2315,CID2315,C1=CC=C(C=C1)CC2NC3=C(C=C(C(=C3)C(F)(F)F)S(=O)(=O)N)S(=O)(=O)N2,True,True
2629,CID2327,CID2327,C1=CC(=C(C(=C1CNNC(=O)C(CO)N)O)O)O,True,True
2630,CID2331284,CID2331284,CC1=CC(=C(N1C2=CC=CC=C2)C)C3=NN=C4N3CCCCC4,True,True
2631,CID2333,CID2333,CCC1=C(C2=CC=CC=C2O1)C(=O)C3=CC(=C(C(=C3)Br)O)Br,True,True
2632,CID2337,CID2337,CCOC(=O)C1=CC=C(C=C1)N,True,True
2633,CID2351,CID2351,CC(C)COCC(CN(CC1=CC=CC=C1)C2=CC=CC=C2)N3CCCC3,True,True
2634,CID2353,CID2353,COC1=C(C2=C[N+]3=C(C=C2C=C1)C4=CC5=C(C=C4CC3)OCO5)OC,True,True
2636,CID2355,CID2355,COC1=C2C=CC(=O)OC2=CC3=C1C=CO3,True,True
2637,CID23565,CID23565,CC1([C@@H](N2[C@H](S1)[C@@H](C2=O)NC(=O)[C@@H](C3=CC=CC=C3)N)C(=O)O)C.O.O.O,True,True
2638,CID23582824,CID23582824,C1=CC2=NC=CC(=C2C=C1/C=C\3/C(=O)NC(=O)S3)C4=CC=NC=C4,True,True
2639,CID23625762,CID23625762,COC1=CC2=C(C=C1)C=C(C=C2)C3=C(NC(=N3)C4=CC=C(C=C4)S(=O)C)C5=CC=NC=C5,True,True
2640,CID23630211,CID23630211,CC(C)C[C@@H](C(=O)N1CCN(CC1)C(=O)[C@H](CO)NS(=O)(=O)C2=C(C=C(C=C2)Cl)Cl)NC(=O)C3=CC4=CC=CC=C4S3,True,True
2641,CID23634362,CID23634362,CC1=CC(=CC2=C1[C@@]3(CC[C@@H]4[C@@]([C@H]3C2)(CCCC4(C)C)C)C)O,True,True
2642,CID23635314,CID23635314,C1COCCN1CCOC2=CC=C(C=C2)C3=CN=C(C=C3)CC(=O)NCC4=CC=CC=C4,True,True
2643,CID23642227,CID23642227,C[C@@H](C(=O)N[C@@H](CC1=CC=C(C=C1)OC)C(=O)N[C@@H](CC2=CC=CC=C2)C(=O)[C@]3(CO3)C)NC(=O)CN4CCOCC4,True,True
2644,CID23643975,CID23643975,CN1CC[C@H]([C@@H]1CO)C2=C(C=C(C3=C2OC(=CC3=O)C4=CC=CC=C4Cl)O)O.Cl,True,True
2645,CID23653175,CID23653175,COCC1=C(N2C(=C1C3=CC(=C(C=C3)NC(=O)NC4=C(C=CC(=C4)C(F)(F)F)F)F)C(=NC=N2)N)CN5CCOCC5,True,True
2646,CID23654923,CID23654923,C1=CC(=CC=C1C(F)(F)F)NC2=NC3=C(N2)C=C(C=C3)OC4=CC(=NC=C4)C5=NC=C(N5)C(F)(F)F,True,True
2648,CID23662354,CID23662354,C(CS(=O)(=O)[O-])S.[Na+],True,True
2649,CID23663126,CID23663126,CC1([C@@H](N2[C@H](S1)[C@@H](C2=O)NC(=O)[C@@H](C3=CC=C(C=C3)O)N)C(=O)[O-])C.[Na+],True,True
2650,CID23663939,CID23663939,CC1=C(C=CC2=C1OC(=O)C(=C2[O-])NC(=O)C3=CC(=C(C=C3)O)CC=C(C)C)O[C@H]4[C@@H]([C@@H]([C@H](C(O4)(C)C)OC)OC(=O)N)O.[Na+],True,True
2651,CID23663941,CID23663941,C1=CC=C(C=C1)C(=O)C2=CC=CC(=C2N)CC(=O)[O-].O.[Na+],True,True
2652,CID23663953,CID23663953,CN1C2=CC=CC=C2C(C3=C(S1(=O)=O)C=C(C=C3)Cl)NCCCCCCC(=O)[O-].[Na+],True,True
2653,CID23663956,CID23663956,CCCC(CCC)C(=O)O.CCCC(CCC)C(=O)[O-].[Na+],True,True
2654,CID23663973,CID23663973,CC1([C@@H](N2[C@H](S1(=O)=O)CC2=O)C(=O)[O-])C.[Na+],True,True
2655,CID23663974,CID23663974,CCN1CCN(C(=O)C1=O)C(=O)N[C@H](C2=CC=C(C=C2)O)C(=O)N[C@H]3[C@@H]4N(C3=O)C(=C(CS4)CSC5=NN=NN5C)C(=O)[O-].[Na+],True,True
2656,CID23663979,CID23663979,CC1([C@@H](N2[C@H](S1)[C@@H](C2=O)NC(=O)[C@@H](C3=CC=CC=C3)N)C(=O)[O-])C.[Na+],True,True
2657,CID23663991,CID23663991,CCCCCN(C)CCC(O)(P(=O)(O)O)P(=O)(O)[O-].O.[Na+],True,True
2658,CID23663996,CID23663996,CC(C)(C1=CC=CC=C1CC[C@H](C2=CC=CC(=C2)/C=C/C3=NC4=C(C=CC(=C4)Cl)C=C3)SCC5(CC5)CC(=O)[O-])O.[Na+],True,True
2659,CID23665411,CID23665411,CC1=CC=C(C=C1)C(=O)C2=CC=C(N2C)CC(=O)[O-].[Na+],True,True
2660,CID23666110,CID23666110,C1=CC(=C(C=C1OC2=C(C=C(C=C2I)C[C@@H](C(=O)[O-])N)I)I)O.[Na+],True,True
2661,CID23666879,CID23666879,CCN1CCN(C(=O)C1=O)C(=O)N[C@H](C2=CC=CC=C2)C(=O)N[C@H]3[C@@H]4N(C3=O)[C@H](C(S4)(C)C)C(=O)[O-].[Na+],True,True
2662,CID23667299,CID23667299,CC[C@]1(CC[C@@H](O1)[C@@]2(CC[C@@]3(O2)C[C@@H]([C@H]([C@H](O3)[C@@H](C)[C@H]([C@H](C)C(=O)[O-])OC)C)O)C)[C@H]4[C@H](C[C@@H](O4)[C@@H]5[C@H](C[C@H]([C@@](O5)(CO)O)C)C)C.[Na+],True,True
2663,CID23667548,CID23667548,C([C@@H]([C@@H]1C(=C(C(=O)O1)O)[O-])O)O.[Na+],True,True
2664,CID23667628,CID23667628,CC1=C(C(=NO1)C2=C(C=CC=C2Cl)Cl)C(=O)N[C@H]3[C@@H]4N(C3=O)[C@H](C(S4)(C)C)C(=O)[O-].[Na+],True,True
2665,CID23667630,CID23667630,CCOC1=C(C2=CC=CC=C2C=C1)C(=O)N[C@H]3[C@@H]4N(C3=O)[C@H](C(S4)(C)C)C(=O)[O-].[Na+],True,True
2666,CID23668193,CID23668193,N(=O)[O-].[Na+],True,True
2667,CID23668834,CID23668834,CC1([C@@H](N2[C@H](S1)[C@@H](C2=O)NC(=O)CC3=CC=CC=C3)C(=O)[O-])C.[Na+],True,True
2668,CID23671691,CID23671691,C[C@]12CCC(=O)C=C1C=C[C@@H]3[C@@H]2CC[C@]4([C@H]3CC[C@]4(CCC(=O)[O-])O)C.[K+],True,True
2669,CID23672584,CID23672584,CC(C)(C)SC1=C(N(C2=C1C=C(C=C2)OCC3=NC4=CC=CC=C4C=C3)CC5=CC=C(C=C5)Cl)CC(C)(C)C(=O)[O-].[Na+],True,True
2670,CID23674541,CID23674541,CC1=CN=C(C(=C1OC)C)C[S@](=O)C2=NC3=C([N-]2)C=CC(=C3)OC.[Na+],True,True
2671,CID23675320,CID23675320,CC1=C(C(=NO1)C2=CC=CC=C2Cl)C(=O)N[C@H]3[C@@H]4N(C3=O)[C@H](C(S4)(C)C)C(=O)[O-].[Na+],True,True
2672,CID23679527,CID23679527,CC(C)N1C2=CC=CC=C2C(=C1/C=C/[C@H](C[C@H](CC(=O)[O-])O)O)C3=CC=C(C=C3)F.[Na+],True,True
2673,CID23681059,CID23681059,C[C@@H](C1=CC2=C(C=C1)C=C(C=C2)OC)C(=O)[O-].[Na+],True,True
2674,CID23681107,CID23681107,C(CC(O)(P(=O)(O)O)P(=O)(O)[O-])CN.O.O.O.[Na+],True,True
2675,CID23683671,CID23683671,CC1=CC(=C(C=C1NC(=O)C2=C(C(=CC(=C2)I)I)[O-])Cl)C(C#N)C3=CC=C(C=C3)Cl.[Na+],True,True
2676,CID23685176,CID23685176,CC1([C@@H](N2[C@H](S1)[C@@H](C2=O)NC(=O)[C@@H](C3=CC=CC=C3)NC(=O)N4CCNC4=O)C(=O)[O-])C.[Na+],True,True
2677,CID23685177,CID23685177,CC1([C@@H](N2[C@H](S1)[C@@H](C2=O)NC(=O)[C@@H](C3=CC=CC=C3)NC(=O)N4CCN(C4=O)S(=O)(=O)C)C(=O)[O-])C.[Na+],True,True
2678,CID2369,CID2369,CC(C)NCC(COC1=CC=C(C=C1)CCOCC2CC2)O,True,True
2679,CID23696523,CID23696523,COC1=C(C=C(C=C1)CS(=O)(=O)/C=C/C2=C(C=C(C=C2OC)OC)OC)NCC(=O)[O-].[Na+],True,True
2680,CID237,CID237,CCN(CC)CCCC(C)NC1=C2C=C(C=CC2=NC3=C1C=CC(=C3)Cl)OC,True,True
2681,CID2370,CID2370,CC(C[N+](C)(C)C)OC(=O)N,True,True
2682,CID23711819,CID23711819,C1=CC(=C(C=C1CC(C(=O)[O-])O)O)O.[Na+],True,True
2683,CID23725083,CID23725083,CCO.CC(C)CN(C[C@H]([C@H](CC1=CC=CC=C1)NC(=O)O[C@H]2CO[C@@H]3[C@H]2CCO3)O)S(=O)(=O)C4=CC=C(C=C4)N,True,True
2684,CID23725625,CID23725625,C1CC1C(=O)N2CCN(CC2)C(=O)C3=C(C=CC(=C3)CC4=NNC(=O)C5=CC=CC=C54)F,True,True
2685,CID2375,CID2375,CC(CS(=O)(=O)C1=CC=C(C=C1)F)(C(=O)NC2=CC(=C(C=C2)C#N)C(F)(F)F)O,True,True
2686,CID2377,CID2377,CNCCCCOC1=CC=CC=C1CC2=CC=CC=C2,True,True
2687,CID2378,CID2378,C1=CC=C(C=C1)C2=CC=C(C=C2)C(C3=CC=CC=C3)N4C=CN=C4,True,True
2688,CID238053,CID238053,CN1C2CCC1CC(C2)OC(C3=CC=CC=C3)C4=CC=CC=C4.CS(=O)(=O)O,True,True
2689,CID2381,CID2381,C1CCN(CC1)CCC(C2CC3CC2C=C3)(C4=CC=CC=C4)O,True,True
2690,CID2391,CID2391,CC(=O)OC1=CC=C(C=C1)C(C2=CC=C(C=C2)OC(=O)C)C3=CC=CC=N3,True,True
2691,CID2404,CID2404,CN1C=C(C2=CC=CC=C21)C3=C(C(=O)NC3=O)C4=C5CC(CCN5C6=CC=CC=C64)CN,True,True
2692,CID2405,CID2405,CC(C)NCC(COC1=CC=C(C=C1)COCCOC(C)C)O,True,True
2693,CID24066,CID24066,C1C[C@@H](O[C@@H]1CO)N2C=CC(=NC2=O)N,True,True
2694,CID240767,CID240767,C[C@H]1C[C@H]2[C@@H]3CC[C@@]([C@]3(C[C@@H]([C@@]2([C@@]4(C1=CC(=O)C=C4)C)F)O)C)(C(=O)C)OC(=O)C,True,True
2695,CID2415,CID2415,CC1=C(C2=C(N1C(=O)C3=CC=C(C=C3)Cl)C=CC(=C2)OC)CC(=O)N4CCOCC4,True,True
2696,CID24180125,CID24180125,C1CN(CCN1)CC2=CSC3=NC(=CN23)C4=CC=CC=C4NC(=O)C5=NC6=CC=CC=C6N=C5,True,True
2697,CID24180719,CID24180719,CCCS(=O)(=O)NC1=C(C(=C(C=C1)F)C(=O)C2=CNC3=C2C=C(C=N3)Cl)F,True,True
2698,CID24197464,CID24197464,C1CC[C@H]([C@@H](C1)N)N.C(=O)(C(=O)[O-])[O-].[Pt+4],True,True
2699,CID243,CID243,C1=CC=C(C=C1)C(=O)O,True,True
2701,CID24360,CID24360,CC[C@@]1(C2=C(COC1=O)C(=O)N3CC4=CC5=CC=CC=C5N=C4C3=C2)O,True,True
2702,CID2438,CID2438,CN1CCC(CC1)C2=CNC3=C2C=C(C=C3)O,True,True
2703,CID2442,CID2442,CN(CC1=C(C(=CC(=C1)Br)Br)N)C2CCCCC2,True,True
2704,CID2449,CID2449,CC1=C(C(=O)C(=C(C1=O)C)C(CCCCCC(=O)O)C2=CC=CC=C2)C,True,True
2705,CID2453,CID2453,C1=CC2=C(C(=C(C=C2Br)Br)O)N=C1,True,True
2706,CID2466,CID2466,CCCCOC1=CC=C(C=C1)CC(=O)NO,True,True
2707,CID247,CID247,C[N+](C)(C)CC(=O)O,True,True
2708,CID2471,CID2471,CCCCNC1=C(C(=CC(=C1)C(=O)O)S(=O)(=O)N)OC2=CC=CC=C2,True,True
2709,CID24720972,CID24720972,CN1[C@@H]2CC(C[C@H]1[C@H]3[C@@H]2O3)O.Cl,True,True
2710,CID24739943,CID24739943,C=CC(=O)NC1=CC2=C(C=C1)N=CN=C2NC3=CC(=C(C=C3)OCC4=CC(=CC=C4)F)Cl,True,True
2712,CID24748204,CID24748204,C1CC(CCC1OC2=C(C(=CC=C2)Cl)F)(CC3=NC(=CC=C3)NC4=NC=CS4)C(=O)O,True,True
2713,CID24748573,CID24748573,C1=CC(=CC(=C1)Cl)NC2=NC3=C(C=CC(=C3)C(=O)O)C4=C2C=CN=C4,True,True
2714,CID24753719,CID24753719,COC1=CC=C(C=C1)CN2C=CC3=C2C=C(C=C3)C(=O)NO,True,True
2715,CID24756910,CID24756910,COC1=C(C=C2C(=C1)N=CN=C2NC3=CC=CC(=C3)C#C)OCCCCCCC(=O)NO,True,True
2716,CID24764449,CID24764449,CC1=C(C(=O)N(N1CC(C)(C)O)C2=CC=CC=C2)C(=O)NC3=NC=C(C=C3)OC4=C5C=CC(=CC5=NC=C4)OC,True,True
2717,CID24765037,CID24765037,CC1=CC=C(C=C1)N2C(=CC(=N2)C(C)(C)C)NC(=O)NCC3=C(C=CC(=C3)F)OC4=CC5=C(C=C4)N(N=C5)CCO,True,True
2718,CID24767976,CID24767976,CC1=C(C=C(C=C1)OC2=NN3C=C(N=C3C=C2)NC(=O)C4CC4)NC(=O)C5=CC(=NN5C)C,True,True
2719,CID24768261,CID24768261,C1C[C@H]([C@@H](C1)C(=O)O)C(=O)C2=CC=C(C=C2)C3=CC=C(C=C3)NC(=O)NC4=CC=CC=C4,True,True
2720,CID2477,CID2477,C1CCC2(C1)CC(=O)N(C(=O)C2)CCCCN3CCN(CC3)C4=NC=CC=N4,True,True
2721,CID24770514,CID24770514,C1=CC=C(C=C1)CSCCC(CCCCC(=O)O)SCC2=CC=CC=C2,True,True
2722,CID24771824,CID24771824,C1CN(CCC1=CC2=CC(=CC=C2)OC3=NC=C(C=C3)C(F)(F)F)C(=O)NC4=NN=CC=C4,True,True
2723,CID24771867,CID24771867,COC1=C(C(=CC=C1)F)C2=NCC3=CN=C(N=C3C4=C2C=C(C=C4)Cl)NC5=CC(=C(C=C5)C(=O)O)OC,True,True
2724,CID24772860,CID24772860,CC1(CC2=C(C(=O)C1)C(=NN2C3=CC(=C(C=C3)C(=O)N)NC4CCC(CC4)O)C(F)(F)F)C,True,True
2725,CID24775005,CID24775005,C[C@@H]1CN(C[C@@H](O1)C)C2=NC=C(C=C2)NC(=O)C3=CC=CC(=C3C)C4=CC=C(C=C4)OC(F)(F)F,True,True
2726,CID24776050,CID24776050,CC1=CC(=NN1)NC2=CC(=NC(=N2)/C=C/C3=CC=CC=C3)N4CCN(CC4)C.[C@@H]([C@H](C(=O)O)O)(C(=O)O)O,True,True
2727,CID24776445,CID24776445,CS(=O)(=O)C1=CC(=C(C=C1)C(=O)NC2=CC(=C(C=C2)Cl)C3=CC=CC=N3)Cl,True,True
2728,CID24779724,CID24779724,CN1C=C(C=N1)C2=NN3C(=NN=C3SC4=CC5=C(C=C4)N=CC=C5)C=C2,True,True
2729,CID24779775,CID24779775,C1=CC=C2C(=C1)C(=NC3=CC=CC=C3O2)C4=CC=C(C=C4)C(=O)NO,True,True
2730,CID2478,CID2478,CS(=O)(=O)OCCCCOS(=O)(=O)C,True,True
2731,CID24780598,CID24780598,CC1=C(C=CC=C1F)NC(=O)NC2=C(C(=C(C=C2)Cl)S(=O)(=O)[C@H]3CCCNC3)O,True,True
2732,CID24785538,CID24785538,C[C@]1(CCCN1C2=NN3C=CC=C3C(=N2)NC4=NNC(=C4)C5CC5)C(=O)NC6=CN=C(C=C6)F,True,True
2733,CID24788636,CID24788636,CC1=C(C=C(C=C1)NC(=O)NCC2=CC3=C(C=C2)C(=O)N(C3)C4CCC(=O)NC4=O)Cl,True,True
2734,CID24788740,CID24788740,C[C@@H]1C[C@H](C2=C1C(=NC=N2)N3CCN(CC3)C(=O)[C@H](CNC(C)C)C4=CC=C(C=C4)Cl)O,True,True
2735,CID24794418,CID24794418,CCOC1=C(C(=O)N(C=C1)C2=CC=C(C=C2)F)C(=O)NC3=CC(=C(C=C3)OC4=C(C(=NC=C4)N)Cl)F,True,True
2736,CID24795070,CID24795070,CN1CCC(CC1)CNC2=NN3C(=NC=C3C4=CC(=CC=C4)OC(F)(F)F)C=C2,True,True
2737,CID24800108,CID24800108,CC1(CCCCCCC1)N2CCC(CC2)N3C4=CC=CC=C4N=C3[C@@H]5CCCNC5,True,True
2738,CID24800541,CID24800541,B([C@H](CC(C)C)NC(=O)[C@H]([C@@H](C)O)NC(=O)C1=CC=CC(=N1)C2=CC=CC=C2)(O)O,True,True
2739,CID24812758,CID24812758,CC1=C(C=C(C=C1)[C@H]2[C@@H]([C@H]([C@@H]([C@H](O2)CO)O)O)O)CC3=CC=C(S3)C4=CC=C(C=C4)F,True,True
2740,CID24821094,CID24821094,C=CC(=O)N1CCC[C@H](C1)N2C3=NC=NC(=C3C(=N2)C4=CC=C(C=C4)OC5=CC=CC=C5)N,True,True
2741,CID24822275,CID24822275,CC1([C@@H]([C@H](C2=C(O1)C(=O)C3=CC=CC=C3C2=O)NCC4=CC=CC=C4)O)C,True,True
2742,CID24825971,CID24825971,CCNC1=CC(=NC(=N1)NC2=CC3=C(C=C2)N(C=C3)CC4=CC=CC=C4)NC5CCC(CC5)O,True,True
2743,CID24826799,CID24826799,CC1=C(C=C(C=C1)C(=O)NC2=CC(=C(C=C2)CN3CCN(CC3)C)C(F)(F)F)C#CC4=CN=C5N4N=CC=C5,True,True
2744,CID24840086,CID24840086,C1CC1CN2CC[C@]34[C@@H]5C6=C(C[C@]3([C@H]2CC7=C4C(=C(C=C7)O)O5)O)C8=CC=CC=C8N6.Cl,True,True
2745,CID24853505,CID24853505,C1=CC=C(C=C1)C2=NC3=CC(=CC(=C3O2)COC4=C(C=C(C=C4Cl)C[C@@H](C(=O)O)N)Cl)N,True,True
2746,CID24856041,CID24856041,CC1=CSC(=C1)C2=NN=C(C3=CC=CC=C32)NC4=CC=C(C=C4)OC5=C(C=CC=N5)C6=NC(=NC=C6)N,True,True
2747,CID24856436,CID24856436,CC(C)(C1=NC(=CC=C1)N2C3=NC(=NC=C3C(=O)N2CC=C)NC4=CC=C(C=C4)N5CCN(CC5)C)O,True,True
2748,CID24857286,CID24857286,CC1=CC(=CC(=C1C2=CC=CC(=C2)COC3=CC4=C(C=C3)[C@@H](CO4)CC(=O)O)C)OCCCS(=O)(=O)C,True,True
2749,CID24857323,CID24857323,CC1=C(C=CC=C1NC(=O)C2=CC=C(C=C2)C(C)(C)C)C3=CN(C(=O)C(=N3)NC4=CC=C(C=C4)C(=O)N5CCOCC5)C,True,True
2750,CID24858111,CID24858111,CC1=CC(=NC(=N1)N)NC2=CC=C(C=C2)NC(=O)C3=CC=C(C=C3)NC4=CC=NC5=CC=CC=C54,True,True
2751,CID24864132,CID24864132,C1C[C@@H]2[C@H]3CCC[N+]4([C@H]3[C@@H](CCC4)CN2C(=O)C1)[O-],True,True
2752,CID24864821,CID24864821,COC1=CC2=NC=CC(=C2C=C1)OCC3=NN=C4N3N=C(C=C4)C5=CC=CC=C5,True,True
2753,CID24866313,CID24866313,C1CN(C[C@@H]1C(=O)NC2=CC3=C(C=C2)NN=C3C4=CC=NC=C4)CC(=O)N5CCN(CC5)C6=CC=C(C=C6)C7=NC=CC=N7,True,True
2754,CID24866733,CID24866733,C1CC2=C(C=CC(=C2)F)OC1C(CNCC(C3CCC4=C(O3)C=CC(=C4)F)O)O.Cl,True,True
2755,CID24872560,CID24872560,CNC(=O)C1=C(C=C(C=C1)N2C(=S)N(C(=O)C23CCC3)C4=CC(=C(N=C4)C#N)C(F)(F)F)F,True,True
2756,CID24879368,CID24879368,CC1=C(C(=O)N(C=C1)C2=CC=C(C=C2)C3=NC=CO3)C4=CC5=CN=C(N=C5C=C4)N,True,True
2757,CID24882589,CID24882589,CC1=NC2=CN=C3C=CC(=CC3=C2N1C4=CC=C(C=C4)C(C)(C)C#N)C#CC5=CN=CC=C5,True,True
2758,CID24883277,CID24883277,CC(C)C1=CC(=C(C=C1OC2=CN=C(N=C2N)NC(CO)CO)I)OC,True,True
2759,CID24887371,CID24887371,CN1CC[C@H]([C@@H]1CO)C2=C(C=C(C3=C2OC(=CC3=O)C4=CC=CC=C4Cl)O)O,True,True
2760,CID24889392,CID24889392,CC(C)(C)C1=CC(=NO1)NC(=O)NC2=CC=C(C=C2)C3=CN4C5=C(C=C(C=C5)OCCN6CCOCC6)SC4=N3,True,True
2761,CID24901704,CID24901704,CN1C=C(N=C1)C2=CC3=NC=CC(=C3S2)OC4=C(C=C(C=C4)NC(=S)NC(=O)CC5=CC=CC=C5)F,True,True
2762,CID24905142,CID24905142,C1CCC(C1)N2C3=NC=NC(=C3C(=N2)C4=CN=C5C(=C4)C=CN5)N,True,True
2763,CID24905149,CID24905149,CC1=C2C(=CC=C1)N=C(N(C2=O)C3=CC=CC=C3C)CN4C5=NC=NC(=C5C(=N4)C6=CC(=CC=C6)O)N,True,True
2764,CID24906275,CID24906275,C1=CC=C(C(=C1)/C(=C(\N)/SC2=CC=C(C=C2)N)/C#N)C(F)(F)F,True,True
2765,CID249332,CID249332,CC[C@@]1(C[C@@H]2C[C@@](C3=C(CCN(C2)C1)C4=CC=CC=C4N3)(C5=C(C=C6C(=C5)[C@]78CCN9[C@H]7[C@@](C=CC9)([C@H]([C@@]([C@@H]8N6C=O)(C(=O)OC)O)OC(=O)C)CC)OC)C(=O)OC)O.OS(=O)(=O)O,True,True
2766,CID24951314,CID24951314,CC(C)(C)OC(=O)NC1=CC=C(C=C1)C2=CC(=NO2)C(=O)NCCCCCCC(=O)NO,True,True
2767,CID24958200,CID24958200,C1C[C@H](CNC1)C2=CC=C(C=C2)N3C=C4C=CC=C(C4=N3)C(=O)N,True,True
2768,CID24963252,CID24963252,CN1C2=C(C(=C(C1=O)F)NC3=C(C=C(C=C3)I)F)C(=O)N(C=N2)C[C@H](CO)O,True,True
2769,CID24964624,CID24964624,C1CC(C1)(C2=CC=C(C=C2)C3=C(C=C4C(=N3)C=CN5C4=NNC5=O)C6=CC=CC=C6)N,True,True
2770,CID24967599,CID24967599,CC1=NC2=CC=CC(=C2C(=O)N1C3CCC(=O)NC3=O)N,True,True
2771,CID24978538,CID24978538,CC1(CCC(=C(C1)CN2CCN(CC2)C3=CC=C(C=C3)C(=O)NS(=O)(=O)C4=CC(=C(C=C4)N[C@H](CCN5CCOCC5)CSC6=CC=CC=C6)S(=O)(=O)C(F)(F)F)C7=CC=C(C=C7)Cl)C,True,True
2772,CID24988881,CID24988881,C1CN(CCC1OC2=C(C=CC(=C2)F)Br)C3=NOC(=C3)C4=NN(N=N4)CC(=O)O,True,True
2773,CID24995523,CID24995523,CS(=O)(=O)O.C1=CC(=CC(=C1)Cl)NC(=O)NC2=NC=C(S2)CCNC3=NC=NC4=C3SC=C4,True,True
2774,CID24995524,CID24995524,C1=CC(=CC(=C1)Cl)NC(=O)NC2=NC=C(S2)CCNC3=NC=NC4=C3SC=C4,True,True
2775,CID24996872,CID24996872,CC(C)C1=NOC(=N1)N2CCC(CC2)COC3=CN=C(C=C3)C4=CC=C(C=C4)S(=O)(=O)C,True,True
2776,CID25017411,CID25017411,CC1=CC2=C(N1)C=CC(=C2F)OC3=C4C=C(C(=CC4=NC=C3)OCC5(CC5)N)OC,True,True
2777,CID25019940,CID25019940,C1CCC2(C1)C(=O)N([C@@H](CN2)C3=CC(=CC(=C3)F)F)CC(=O)NC4=CC5=C(C[C@@]6(C5)C7=C(NC6=O)N=CC=C7)C=C4,True,True
2778,CID25021165,CID25021165,C1CN(CCC1C(C2=CC3=C(C=C2)OCO3)(C4=CC5=C(C=C4)OCO5)O)C(=O)OC6=CC=C(C=C6)[N+](=O)[O-],True,True
2779,CID25022668,CID25022668,C1CCC(C1)C2=C(C=CC(=C2)C3=CNC4=C3C=C(C=N4)C5=CC=CC=C5)C(=O)O,True,True
2780,CID25023738,CID25023738,CC1C(=O)N(C2=CN=C(N=C2N1CCC(C)C)NC3=CC(=C(C(=C3)F)O)F)C,True,True
2781,CID25027363,CID25027363,C[C@H]1C[C@@H]2[C@H]([C@H]([C@]3(O2)CC[C@H]4[C@@H]5CC[C@@H]6C[C@@H](CC[C@@]6([C@H]5CC4=C(C3)C)C)NS(=O)(=O)C)C)NC1,True,True
2782,CID25033539,CID25033539,CC1=C2C=C(C(=O)N(C2=NC(=N1)N)C3CCC(CC3)OCCO)C4=CN=C(C=C4)OC,True,True
2783,CID25050,CID25050,C1=CN2[C@H]3[C@H]([C@@H]([C@H](O3)CO)O)OC2=NC1=N.Cl,True,True
2784,CID25062766,CID25062766,C1COCCN1C2=CC=C(C=C2)NC3=NC=CC(=N3)C4=CC=C(C=C4)C(=O)NCC#N,True,True
2785,CID25066467,CID25066467,CC(C)(C)C1=NN(C(=C1)NC(=O)NC2=C(C=C(C=C2)OC3=CC(=NC=C3)C(=O)NC)F)C4=CC5=C(C=C4)N=CC=C5,True,True
2786,CID25067547,CID25067547,CC1=NC=C(S1)C(=O)N[C@@H](COC)C(=O)N[C@@H](COC)C(=O)N[C@@H](CC2=CC=CC=C2)C(=O)[C@]3(CO3)C,True,True
2787,CID25073775,CID25073775,CNC(=O)C1=CC=CC=C1NC2=CC(=NC=C2C(F)(F)F)NC3=C(C=C(C=C3)N4CCOCC4)OC,True,True
2788,CID25093235,CID25093235,CN(C)CCOC1=C(C=CC(=C1)C2=CNN=C2)NC(=O)C3COC4=CC=CC=C4O3,True,True
2789,CID25099184,CID25099184,CC1=CC(=NN1)NC2=C(C=C(C(=N2)N[C@@H](C)C3=CC=C(C=C3)F)C#N)F,True,True
2790,CID25102847,CID25102847,COC1=CC2=C(C=CN=C2C=C1OC)OC3=CC=C(C=C3)NC(=O)C4(CC4)C(=O)NC5=CC=C(C=C5)F,True,True
2791,CID25105690,CID25105690,CN1CCN(CC1)C2=CC=C(C=C2)C3=NC4=CC(=C(C=C4C(=N3)NCCN5CCOCC5)OC)OC,True,True
2792,CID25108829,CID25108829,CC1=C(SC(=N1)C2=CN=CC=C2)C(=O)NC3=CC=CC=C3C4=CN5C(=CSC5=N4)CN6CCOCC6,True,True
2793,CID25109292,CID25109292,CCS(=O)(=O)C1=CC2=C(C=C1)OC(=N2)C3=CC4=CC=CC=C4C=C3,True,True
2794,CID25109985,CID25109985,C\1CC(=O)O[C@@H](CNC(=O)[C@@H](C/C=C1)CC(=O)NCC2=CC=C(C=C2)Cl)C3=CC=CC=C3,True,True
2795,CID25110841,CID25110841,C#CC[C@H](C1=NC2=C(C=CC(=C2)Cl)C(=O)N1NC3=CC=CC=C3)N(CCCN)C(=O)C4=C(C(=CC=C4)Cl)F,True,True
2796,CID25113169,CID25113169,CNC(=O)C1=C(C=CC=C1F)NC2=NC(=NC3=C2C=CN3)NC4=C(C=C5CCN(C5=C4)C(=O)CN(C)C)OC,True,True
2797,CID25113626,CID25113626,C1C=C[C@H]2[C@@H]1C(NC3=C2C=C(C=C3F)F)C4=CN=CC=C4,True,True
2798,CID25113758,CID25113758,COC1=C(C=C2C(=C1)C3=C(C4=CC5=C(C=C4C3=O)OCO5)N(C2=O)CCCN6CCOCC6)OC.Cl,True,True
2799,CID25114442,CID25114442,COC1=CC2=C(C=C1)C=C(C=C2)OCC3(CN(C3)C(=O)C4=CC=C(C=C4)F)C(=O)O,True,True
2800,CID25117126,CID25117126,CNC(=O)C1=CC=C(C=C1)NC2=NC=C(C(=N2)NCC3=NC=CN=C3N(C)S(=O)(=O)C)C(F)(F)F,True,True
2801,CID25124816,CID25124816,CCC1=CC(=C(C=C1N2CCC(CC2)N3CCN(CC3)S(=O)(=O)C)OC)NC4=NC=CC(=N4)C5=C(N=C6N5C=CC=C6)C7=CC(=C(C=C7)OC)C(=O)NC8=C(C=CC=C8F)F,True,True
2802,CID25125014,CID25125014,CC(C)C1=C2N=C(C=C(N2N=C1)NCC3=CC=CC=C3)N[C@@H](CO)[C@@H](CO)O,True,True
2803,CID25126798,CID25126798,C1CCC(C1)[C@@H](CC#N)N2C=C(C=N2)C3=C4C=CNC4=NC=N3,True,True
2804,CID25127713,CID25127713,COC1=C(C=C2C(=C1)N=CN=C2NC3=C(C(=C(C=C3)Cl)Cl)F)OC4CCN(CC4)C(=O)C=C,True,True
2805,CID25134326,CID25134326,CC(C)S(=O)(=O)C1=CC=CC=C1NC2=NC(=NC=N2)NC3=C(C=C(C=C3)N4CCC(CC4)N5CCN(CC5)C)OC,True,True
2806,CID25134521,CID25134521,CC1=C2[C@@H](CCOC2=CC=C1)NC3=CC(=CN4C3=NC(=C4)C)C(=O)N(C)CCO,True,True
2807,CID25136944,CID25136944,CCC1=C[C@H]2C[C@@](C3=C(CN(C2)C1)C4=CC=CC=C4N3)(C5=C(C=C6C(=C5)[C@]78CCN9[C@H]7[C@@](C=CC9)([C@H]([C@@]([C@@H]8N6C)(C(=O)OC)O)OC(=O)C)CC)OC)C(=O)OC.[C@@H]([C@H](C(=O)O)O)(C(=O)O)O,True,True
2808,CID25137844,CID25137844,C[C@@H]1O[C@]2(CN3CCC2CC3)CS1,True,True
2809,CID25141092,CID25141092,CN1CCN(CC1)C2=CC(=C(C=C2)C(=O)NC3=NNC4=C3C=C(C=C4)CC5=CC(=CC(=C5)F)F)NC6CCOCC6,True,True
2810,CID25145656,CID25145656,CNC(=O)C1=C(C=C(C=C1)C2=NN3C(=CN=C3N=C2)CC4=CC5=C(C=C4)N=CC=C5)F,True,True
2811,CID25150857,CID25150857,CN1CCCN(CC1)C2=NC3=CC(=C(C=C3C(=N2)NC4CCN(CC4)CC5=CC=CC=C5)OC)OC.Cl.Cl.Cl,True,True
2812,CID25151352,CID25151352,C1=CC(=NC=C1CC2=CNC3=C2C=C(C=N3)Cl)NCC4=CN=C(C=C4)C(F)(F)F,True,True
2813,CID25151504,CID25151504,CC(C)C1=NC(=CS1)CN(C)C(=O)N[C@@H](CCN2CCOCC2)C(=O)N[C@H](CC[C@H](CC3=CC=CC=C3)NC(=O)OCC4=CN=CS4)CC5=CC=CC=C5,True,True
2814,CID25154041,CID25154041,CC1=CC(=NO1)CN2CCN(CC2)C3=C4C(=NC=C3Br)N=C(N4)C5=CC=C(C=C5)N6CCN(CC6)C,True,True
2815,CID25154713,CID25154713,CC(C)[C@@H](C(=O)N1CCC[C@H]1C2=NC=C(N2)C3=CC=C(C=C3)C4=CC=C(C=C4)C5=CN=C(N5)[C@@H]6CCCN6C(=O)[C@H](C(C)C)NC(=O)OC)NC(=O)OC.Cl.Cl,True,True
2816,CID25154714,CID25154714,CC(C)[C@@H](C(=O)N1CCC[C@H]1C2=NC=C(N2)C3=CC=C(C=C3)C4=CC=C(C=C4)C5=CN=C(N5)[C@@H]6CCCN6C(=O)[C@H](C(C)C)NC(=O)OC)NC(=O)OC,True,True
2817,CID25154867,CID25154867,C1CN(CCC1CC2=CC(=CC=C2)OC3=NC=C(C=C3)C(F)(F)F)C(=O)NC4=CN=CC=C4,True,True
2818,CID25167017,CID25167017,CCNCCS(=O)(=O)NC[C@@]1(N(N=C(S1)NC(=O)C(C)(C)C)C(=O)C(C)(C)C)C2=CC=CC=C2,True,True
2819,CID25167777,CID25167777,COC1=C(C=C(C=N1)C2=CC3=C(C=CN=C3C=C2)C4=CN=NC=C4)NS(=O)(=O)C5=C(C=C(C=C5)F)F,True,True
2820,CID25168990,CID25168990,C[C@H]1COCCN1C2=NC(=NC(=C2)C3(CC3)S(=O)(=O)C4CC4)C5=CC=C(C=C5)NC(=S)NCCO,True,True
2821,CID25169382,CID25169382,C1C(CN1)NC2=CC=CC(=N2)C3=CN=C4N3C=C(C=C4)Cl,True,True
2822,CID2518,CID2518,C1=CC(=C(C=C1/C=C/C(=O)O)O)O,True,True
2823,CID25183872,CID25183872,B([C@H](CC(C)C)NC(=O)CNC(=O)C1=C(C=CC(=C1)Cl)Cl)(O)O,True,True
2824,CID2519,CID2519,CN1C=NC2=C1C(=O)N(C(=O)N2C)C,True,True
2825,CID25195294,CID25195294,C1CN(CCN1)C2=CC=C(C=C2)C3=CN4C(=C(C=N4)C5=CC=NC6=CC=CC=C56)N=C3,True,True
2826,CID25195348,CID25195348,C1=CC(=CC=C1COC[C@@H]2[C@H]([C@H]([C@@H](O2)N3C4=NC=NC(=C4N=C3NCC5=CC(=C(C=C5)Cl)Cl)N)O)O)C#N,True,True
2827,CID25195352,CID25195352,CC(C)S(=O)(=O)C1=CC=CC=C1NC2=CC(=NC3=C2C=CN3)NC4=C(C=C(C=C4)N5CCC(CC5)O)OC,True,True
2828,CID25199517,CID25199517,C1CN(CCC1CN)C2=NC=CC(=N2)C3=CC4=CC=CC=C4C=C3,True,True
2829,CID2520,CID2520,CC(C)C(CCCN(C)CCC1=CC(=C(C=C1)OC)OC)(C#N)C2=CC(=C(C=C2)OC)OC,True,True
2830,CID25206185,CID25206185,C1CC1C(=O)NC2=NC3=C(S2)N=C(C=C3)OC4=CC(=C(C=C4)F)NC(=O)C5=C(C(=CC=C5)C6(CC6)C#N)Cl,True,True
2831,CID25207689,CID25207689,CC1=C(SC2=C1N=C(N=C2N3CCOCC3)C4=CN=C(N=C4)N)CN5CCN(CC5)S(=O)(=O)C,True,True
2832,CID25210273,CID25210273,CCNC(=O)C1=CC2=C(N=C(N=C2S1)N)C3=CC(=C(C=C3Cl)Cl)OCCN4CCCC4,True,True
2833,CID25226117,CID25226117,CC(C)S(=O)(=O)C1=CC=CC=C1NC2=NC(=NC(=C2Cl)N)NC3=C(C=C(C=C3)N4CCC(CC4)C(=O)N)OC,True,True
2834,CID25227436,CID25227436,C1CN(CCC1(C(=O)N[C@@H](CCO)C2=CC=C(C=C2)Cl)N)C3=NC=NC4=C3C=CN4,True,True
2835,CID25227462,CID25227462,CC1=NC2=C(C(=N1)NC3=NNC4=C3CN(C4(C)C)C(=O)N[C@H](CN(C)C)C5=CC=CC=C5)SC=C2,True,True
2836,CID25227847,CID25227847,C1=CC=C2C(=C1)C(=CC(=N2)NC(=O)C3=CC(=CC(=N3)C(=O)NC4=NC5=CC=CC=C5C(=C4)OCCN)OCCN)OCCN,True,True
2837,CID25229450,CID25229450,COC(=O)NC1=CC=C(C=C1)C2=NC3=C(C=NN3C4CCN(CC4)CC5=CN=CC=C5)C(=N2)N6CCOCC6,True,True
2838,CID25229526,CID25229526,C1CN(CCC1N2C3=C(C=N2)C(=NC(=N3)C4=CC5=C(C=C4)NC=C5)N6CCOCC6)CC7=CN=CC=C7,True,True
2839,CID25235170,CID25235170,CC1=C(C=CC=C1NC(=O)C2=CC3=C(S2)CCCC3)C4=CN(C(=O)C(=N4)NC5=CC=C(C=C5)C6C(=O)N(CCN6C)C)C,True,True
2840,CID25242324,CID25242324,CC(C)(C1=CC2=C(S1)C(=NC(=N2)C3=CN=C(N=C3)N)N4CCOCC4)O,True,True
2841,CID25249,CID25249,C[C@]12CC[C@H]3[C@H]([C@@H]1CC[C@]2(C)O)CC[C@@H]4[C@@]3(CC5=C(C4)NN=C5)C,True,True
2842,CID25253377,CID25253377,CCOC(=O)[C@H](CC1=CC=C(C=C1)C2=CC(=NC(=N2)N)O[C@H](C3=C(C=C(C=C3)Cl)N4C=CC(=N4)C)C(F)(F)F)N.C1=CC=C(C=C1)C(=O)NCC(=O)O,True,True
2843,CID25254071,CID25254071,CC1=C(SC2=C1N=C(N=C2N3CCOCC3)C4=CN=C(N=C4)N)CN5CCN(CC5)C(=O)[C@H](C)O,True,True
2844,CID25256849,CID25256849,CC(C(C)(C)C)NCC1=CC2=C(C=C1)N(C(=N2)NC(=O)C3=CC=C(S3)C4=CNN=C4)CC(C)(C)O,True,True
2845,CID25257557,CID25257557,CC1=CN=C(C=N1)CNC(=O)C2=C3N(C4=CC=CC=C4S3)C5=C(C2=O)C=CC(=N5)N6CCCN(CC6)C,True,True
2846,CID25260757,CID25260757,CNC(=O)NC1=CC=C(C=C1)C2=NC3=C(C=NN3C4CCC5(CC4)OCCO5)C(=N2)N6CC7CCC(C6)O7,True,True
2847,CID25262792,CID25262792,C[C@H]1COCCN1C2=NC(=NC3=C2C=CC(=N3)C4=CC(=CC=C4)C(=O)NC)N5CCOC[C@@H]5C,True,True
2848,CID25262965,CID25262965,C[C@H]1COCCN1C2=NC(=NC3=C2C=CC(=N3)C4=CC(=C(C=C4)OC)CO)N5CCOC[C@@H]5C,True,True
2849,CID25263033,CID25263033,CC1=C(C(=CC=C1)C)NC2=NN(C3=NC(=NC=C23)NC4=CC(=C(C=C4)OCCN5CCCC5)F)CCC(C)(C)OC,True,True
2850,CID25265312,CID25265312,C1CN(CCN1CCC(=O)C2=CC3=C(C=C2)NC(=O)O3)C(=O)OCC4=CC(=CC(=C4)Cl)Cl,True,True
2851,CID252682,CID252682,CC1=CC=C(C=C1)S(=O)(=O)OCC(=O)NC2=CC(=C(C=C2)C(=O)O)O,True,True
2852,CID253078,CID253078,C1=CN=CC=C1C2=C(SC(=C2C3=CC=NC=C3)C4=CC=NC=C4)C5=CC=NC=C5,True,True
2853,CID2536,CID2536,CN(C)C(=O)COC(=O)CC1=CC=C(C=C1)OC(=O)C2=CC=C(C=C2)N=C(N)N,True,True
2854,CID2540,CID2540,CCOC1=NC2=CC=CC(=C2N1CC3=CC=C(C=C3)C4=CC=CC=C4C5=NNN=N5)C(=O)OC(C)OC(=O)OC6CCCCC6,True,True
2855,CID2541,CID2541,CCOC1=NC2=CC=CC(=C2N1CC3=CC=C(C=C3)C4=CC=CC=C4C5=NNN=N5)C(=O)O,True,True
2856,CID2554,CID2554,C1=CC=C2C(=C1)C=CC3=CC=CC=C3N2C(=O)N,True,True
2857,CID2576,CID2576,CCCC(C)(COC(=O)N)COC(=O)NC(C)C,True,True
2858,CID2577,CID2577,CCCCCCNC(=O)N1C=C(C(=O)NC1=O)F,True,True
2859,CID2578,CID2578,C(CCl)NC(=O)N(CCCl)N=O,True,True
2860,CID2581,CID2581,CC(C1=CC2=C(C=C1)C3=C(N2)C=CC(=C3)Cl)C(=O)O,True,True
2861,CID2585,CID2585,COC1=CC=CC=C1OCCNCC(COC2=CC=CC3=C2C4=CC=CC=C4N3)O,True,True
2862,CID259331,CID259331,CC12CCC3C(C1CCC2O)CCC4=C3C=CC(=C4)OC(=O)N(CCCl)CCCl,True,True
2863,CID259846,CID259846,CC(=C)[C@@H]1CC[C@]2([C@H]1[C@H]3CC[C@@H]4[C@]5(CC[C@@H](C([C@@H]5CC[C@]4([C@@]3(CC2)C)C)(C)C)O)C)C,True,True
2864,CID26041,CID26041,C1=CC=[N+](C(=C1)[S-])[O-].C1=CC=[N+](C(=C1)[S-])[O-].[Zn+2],True,True
2865,CID260439,CID260439,C[C@@H]([C@H]1[C@@H](C[C@@]2([C@@]1(CC[C@]34[C@H]2CC[C@@H]5[C@]3(C4)CC[C@@H](C5(C)C)NC)C)C)O)NC,True,True
2866,CID26248,CID26248,CC(=O)OC1=CC=CC2=C1C(=O)C3=C(C2=O)C=C(C=C3OC(=O)C)C(=O)O,True,True
2867,CID265237,CID265237,CC1=C(C(=O)O[C@H](C1)[C@@H](C)[C@H]2CC[C@@H]3[C@@]2(CC[C@H]4[C@H]3C[C@@H]5[C@]6([C@@]4(C(=O)C=C[C@@H]6O)C)O5)C)CO,True,True
2868,CID26596,CID26596,CCCCC1=CC2=C(C=C1)N=C(N2)NC(=O)OC,True,True
2869,CID2662,CID2662,CC1=CC=C(C=C1)C2=CC(=NN2C3=CC=C(C=C3)S(=O)(=O)N)C(F)(F)F,True,True
2870,CID26757,CID26757,C[C@H](CC1=CC=CC=C1)N(C)CC#C,True,True
2871,CID26758,CID26758,C[C@H](CC1=CC=CC=C1)N(C)CC#C.Cl,True,True
2872,CID2678,CID2678,C1CN(CCN1CCOCC(=O)O)C(C2=CC=CC=C2)C3=CC=C(C=C3)Cl,True,True
2874,CID2682,CID2682,CCCCCCCCCCCCCCCCO,True,True
2875,CID26879,CID26879,C1CSC2=N[C@H](CN21)C3=CC=CC=C3,True,True
2876,CID26964,CID26964,C1=CC(=C(C(=C1CNNC(=O)C(CO)N)O)O)O.Cl,True,True
2877,CID2703,CID2703,C[N+]1=C2C(=C3C=CC(=C(C3=C1)OC)OC)C=CC4=CC5=C(C=C42)OCO5,True,True
2878,CID2708,CID2708,C1=CC(=CC=C1CCCC(=O)O)N(CCCl)CCCl,True,True
2879,CID2713,CID2713,C1=CC(=CC=C1NC(=NC(=NCCCCCCN=C(N)N=C(N)NC2=CC=C(C=C2)Cl)N)N)Cl,True,True
2880,CID2717,CID2717,CN1C(S(=O)(=O)CCC1=O)C2=CC=C(C=C2)Cl,True,True
2881,CID2719,CID2719,CCN(CC)CCCC(C)NC1=C2C=CC(=CC2=NC=C1)Cl,True,True
2882,CID2720,CID2720,C1=C2C(=CC(=C1Cl)S(=O)(=O)N)S(=O)(=O)N=CN2,True,True
2883,CID27200,CID27200,CS(=O)(=O)C1=CC=C(C=C1)[C@H]([C@@H](CO)NC(=O)C(Cl)Cl)O,True,True
2884,CID2722,CID2722,C1=CC2=C(C(=C(C=C2Cl)Cl)O)N=C1,True,True
2885,CID2723601,CID2723601,C1=NC2=C(N1)C(=S)N=C(N2)N,True,True
2886,CID2723754,CID2723754,C1CCC2=NC3=CC=CC=C3C(=C2C1)N.Cl,True,True
2887,CID2723920,CID2723920,C1(=NC(=O)NC(=O)N1)C(=O)[O-].[K+],True,True
2888,CID2724368,CID2724368,C1=CC(=C(C=C1N)O)C(=O)[O-].[Na+],True,True
2889,CID2724385,CID2724385,C[C@@H]1[C@H]([C@H](C[C@@H](O1)O[C@@H]2[C@H](O[C@H](C[C@@H]2O)O[C@@H]3[C@H](O[C@H](C[C@@H]3O)O[C@H]4CC[C@]5([C@@H](C4)CC[C@@H]6[C@@H]5C[C@H]([C@]7([C@@]6(CC[C@@H]7C8=CC(=O)OC8)O)C)O)C)C)C)O)O,True,True
2890,CID2725002,CID2725002,CCN(CC)CCCC(C)NC1=C2C=C(C=CC2=NC3=C1C=CC(=C3)Cl)OC.O.O.Cl.Cl,True,True
2891,CID2725048,CID2725048,CC1=CC(=CC(=C1)NC(=O)CC2=CC=C(C=C2)OC(C)(C)C(=O)[O-])C.[Na+],True,True
2893,CID2727,CID2727,CCCNC(=O)NS(=O)(=O)C1=CC=C(C=C1)Cl,True,True
2894,CID2729042,CID2729042,C1C(=O)C2=C(C1=O)C(=C(C(=C2Cl)Cl)Cl)Cl,True,True
2895,CID2733,CID2733,C1=CC2=C(C=C1Cl)NC(=O)O2,True,True
2896,CID2733525,CID2733525,CC/C(=C(\C1=CC=CC=C1)/C2=CC=C(C=C2)OCCN(C)C)/C3=CC=CC=C3.C(C(=O)O)C(CC(=O)O)(C(=O)O)O,True,True
2897,CID2733526,CID2733526,CC/C(=C(\C1=CC=CC=C1)/C2=CC=C(C=C2)OCCN(C)C)/C3=CC=CC=C3,True,True
2898,CID27350,CID27350,CC(=O)O[C@H]1C[C@@H]2CC[C@@H]3[C@@H]([C@]2(C[C@@H]1[N+]4(CCCCC4)C)C)CC[C@]5([C@H]3C[C@@H]([C@@H]5OC(=O)C)[N+]6(CCCCC6)C)C.[Br-].[Br-],True,True
2899,CID27400,CID27400,CN1CCC(=C2C3=C(CCC4=CC=CC=C42)SC=C3)CC1,True,True
2900,CID2741,CID2741,C1=CC=C2C(=C1)C(=O)C=C(O2)C(=O)O,True,True
2901,CID2742550,CID2742550,CC1=C(C=C(N1CCCN2CCOCC2)C3=CC=CC=C3)C(=O)NC4=CC=CC(=C4)C(F)(F)F,True,True
2902,CID27447,CID27447,CC1=C(N2[C@@H]([C@@H](C2=O)NC(=O)[C@@H](C3=CC=CC=C3)N)SC1)C(=O)O,True,True
2903,CID2746,CID2746,CC(=O)NC1=CC=C(C=C1)C(=O)NC2=CC=CC=C2N,True,True
2904,CID2747117,CID2747117,C1COC2=C(O1)C=CC(=C2)N3C(=O)NN=C3SC4=NC=C(S4)[N+](=O)[O-],True,True
2905,CID2749,CID2749,CC1=CC(=O)N(C(=C1)C2CCCCC2)O,True,True
2906,CID27503,CID27503,C1=CC2=C(C(=C1)OCC(COC3=CC=CC4=C3C(=O)C=C(O4)C(=O)[O-])O)C(=O)C=C(O2)C(=O)[O-].[Na+].[Na+],True,True
2907,CID275196,CID275196,CN1CCC2=CC3=C(C(=C2[C@@H]1[C@@H]4C5=C(C(=C(C=C5)OC)OC)C(=O)O4)OC)OCO3,True,True
2908,CID2754,CID2754,C1CCC(CC1)N2C(=NN=N2)CCCCOC3=CC4=C(C=C3)NC(=O)CC4,True,True
2909,CID2756,CID2756,CC1=C(N=CN1)CSCCNC(=NC)NC#N,True,True
2910,CID2761171,CID2761171,CCC1=NC=CC(=C1)C(=S)N,True,True
2911,CID2762,CID2762,CCN1C2=CC3=C(C=C2C(=O)C(=N1)C(=O)O)OCO3,True,True
2912,CID2763,CID2763,CC(C)(C(=O)O)OC1=CC=C(C=C1)C2CC2(Cl)Cl,True,True
2913,CID2764,CID2764,C1CC1N2C=C(C(=O)C3=CC(=C(C=C32)N4CCNCC4)F)C(=O)O,True,True
2914,CID2765355,CID2765355,C1=CC(=CC=C1C2=C3C=C(C=CC3=NO2)C4=NC(=NC=C4)N)Cl,True,True
2915,CID2771,CID2771,CN(C)CCCC1(C2=C(CO1)C=C(C=C2)C#N)C3=CC=C(C=C3)F,True,True
2916,CID2777,CID2777,C1COCCN1CCCCNC(=O)C2=CC3=CC=CC=C3O2,True,True
2917,CID2779853,CID2779853,C1=CC(=CC2=C1C=CS2(=O)=O)[N+](=O)[O-],True,True
2918,CID2787,CID2787,CCC(C)(C(=O)O)OC1=CC=C(C=C1)C2(CCCCC2)C3=CC=C(C=C3)OC(C)(CC)C(=O)O,True,True
2919,CID2794,CID2794,CC(C)N=C1C=C2C(=NC3=CC=CC=C3N2C4=CC=C(C=C4)Cl)C=C1NC5=CC=C(C=C5)Cl,True,True
2920,CID2796,CID2796,CCOC(=O)C(C)(C)OC1=CC=C(C=C1)Cl,True,True
2921,CID2797,CID2797,CC(C)(C(=O)O)OC1=CC=C(C=C1)Cl,True,True
2922,CID2797577,CID2797577,C1CCN(CC1)C2=C(C=C(C=C2)C(F)(F)F)NC(=O)C3=CC=NC=C3,True,True
2923,CID2800,CID2800,CCN(CC)CCOC1=CC=C(C=C1)C(=C(C2=CC=CC=C2)Cl)C3=CC=CC=C3,True,True
2924,CID2800647,CID2800647,C1=CC(=CC=C1C(=O)NCCS(=O)(=O)C2=NC=C(C=C2)C(F)(F)F)Cl,True,True
2925,CID2801,CID2801,CN(C)CCCN1C2=CC=CC=C2CCC3=C1C=C(C=C3)Cl,True,True
2926,CID2803,CID2803,C1CN=C(N1)NC2=C(C=CC=C2Cl)Cl,True,True
2927,CID28061,CID28061,CC1=NC=C(N1CC(CCl)O)[N+](=O)[O-],True,True
2928,CID2809273,CID2809273,C1CN(CCN1C2=NC(=NS2)C3=CC=CC=C3)C(=O)NC4=CC=CC=C4,True,True
2929,CID2812,CID2812,C1=CC=C(C=C1)C(C2=CC=CC=C2)(C3=CC=CC=C3Cl)N4C=CN=C4,True,True
2930,CID2817763,CID2817763,C1=C(C(=NC(=C1SC#N)N)N)SC#N,True,True
2931,CID2819993,CID2819993,CC(=O)C1=CC(=C(S1)SC2=C(C(=CC=C2)Cl)Cl)[N+](=O)[O-],True,True
2932,CID2827646,CID2827646,CC(C1=CC=CC=C1)NC(=O)C2=CC=CC=C2N=CC3=C(C=CC4=CC=CC=C43)O,True,True
2933,CID2828334,CID2828334,CN1C(=O)C(NC1=S)CC2=CNC3=CC=CC=C32,True,True
2934,CID2836600,CID2836600,C1=CC=C(C=C1)C2=CC=CC=C2NC3=CC=C(C4=NON=C34)[N+](=O)[O-],True,True
2935,CID285033,CID285033,CC(C)(CCC[C@@](CC(=O)OC)(C(=O)O[C@H]1[C@H]2C3=CC4=C(C=C3CCN5[C@@]2(CCC5)C=C1OC)OCO4)O)O,True,True
2936,CID2882,CID2882,C1=CC2=C(C(=C1)OCC(COC3=CC=CC4=C3C(=O)C=C(O4)C(=O)O)O)C(=O)C=C(O2)C(=O)O,True,True
2937,CID2882155,CID2882155,C1CC(C2=C(C1)C3=C(N2)C=CC(=C3)C4=CC=CC=C4)NCCO,True,True
2938,CID2888648,CID2888648,CS(=O)(=O)N(CC1=CC=CO1)CC(CN2C3=CC=CC=C3C4=CC=CC=C42)O,True,True
2939,CID2893,CID2893,CC1CC(CC(C1)(C)C)OC(=O)C(C2=CC=CC=C2)O,True,True
2940,CID2895,CID2895,CN(C)CCC=C1C2=CC=CC=C2C=CC3=CC=CC=C31,True,True
2941,CID2900,CID2900,CC1CC(C(=O)C(C1)C(CC2CC(=O)NC(=O)C2)O)C,True,True
2942,CID2907,CID2907,C1CNP(=O)(OC1)N(CCCl)CCCl,True,True
2943,CID29112,CID29112,CCCCCCCCCCOC1=C(C=C2C(=C1)C(=O)C(=CN2)C(=O)OCC)OCC,True,True
2944,CID2913,CID2913,CN1CCC(=C2C3=CC=CC=C3C=CC4=CC=CC=C42)CC1,True,True
2945,CID29243,CID29243,C1CN(C(=O)NC1O)[C@H]2[C@@H]([C@@H]([C@H](O2)CO)O)O,True,True
2946,CID2926768,CID2926768,CC1=C(C(C2=C(N1)CC(CC2=O)C3=CC=CC=C3OC)C4=CC(=CC=C4)O)C(=O)OCCOC,True,True
2947,CID2929,CID2929,C1=CC=C2C(=C1)C(=CN2CC3=CC=C(C=C3)Cl)C(=O)C(=O)NC4=CC=NC=C4,True,True
2948,CID29327,CID29327,CN(C(=O)N[C@@H]1[C@H]([C@@H]([C@H](O[C@@H]1O)CO)O)O)N=O,True,True
2949,CID2942,CID2942,CN(C)N=NC1=C(NC=N1)C(=O)N,True,True
2950,CID2950007,CID2950007,COC1=CC=C(C=C1)C2CC(=NN2C3=CC=C(C=C3)S(=O)(=O)N)C4=CC=CC=C4,True,True
2952,CID2984337,CID2984337,COC1=CC=C(C=C1)N2C(=NN=C2SCCCN3C(=O)C4=CC=CC5=C4C(=CC=C5)C3=O)C6=CC=NC=C6,True,True
2953,CID29971118,CID29971118,CC1=CC(=C(C(=C1/C=C/C(=C\C=C\C(=C\C(=O)O)\C)/C)C)C)OC,True,True
2954,CID29985980,CID29985980,CC[C@]12CC[C@H]3[C@H]([C@H]1CC[C@]2(C#C)O)CCC4=CC(=O)CC[C@H]34,True,True
2955,CID3000322,CID3000322,CN1C2CC(CC1C3C2O3)OC(=O)C(CO)C4=CC=CC=C4,True,True
2956,CID3000518,CID3000518,C[C@@H]1CC[C@H]2[C@H]([C@H](O[C@H]3[C@@]24[C@H]1CC[C@](O3)(OO4)C)O)C,True,True
2957,CID3001055,CID3001055,CN/C(=C\[N+](=O)[O-])/NCCSCC1=CC=C(O1)CN(C)C,True,True
2958,CID3002977,CID3002977,CC1=NN=C(N1C2C[C@H]3CC[C@@H](C2)N3CC[C@@H](C4=CC=CC=C4)NC(=O)C5CCC(CC5)(F)F)C(C)C,True,True
2959,CID3003141,CID3003141,C1[C@H](S/C(=C(\C#N)/N2C=CN=C2)/S1)C3=C(C=C(C=C3)Cl)Cl,True,True
2960,CID3003565,CID3003565,CC(=O)O[C@@H]1C[C@]2(C(CCC2=O)C3=C1[C@]4([C@H](OC(=O)C5=COC(=C54)C3=O)COC)C)C,True,True
2961,CID300471,CID300471,CN(C(=S)C1=CC=CC=C1)NC(=O)CC(=O)NN(C)C(=S)C2=CC=CC=C2,True,True
2962,CID3005572,CID3005572,CN(C)CCOC1=CC=C(C=C1)/C(=C(/CCCl)\C2=CC=CC=C2)/C3=CC=CC=C3.C(C(=O)O)C(CC(=O)O)(C(=O)O)O,True,True
2963,CID3006531,CID3006531,C1=CC=C(C(=C1)N)S/C(=C(/C(=C(/SC2=CC=CC=C2N)\N)/C#N)\C#N)/N,True,True
2964,CID3008319,CID3008319,C1=CC=C(C=C1)CCCN2C(=NC(=C2C3=CC=NC=C3)C4=CC=C(C=C4)F)C#CCCO,True,True
2965,CID3009,CID3009,C(CC(C(F)F)(C(=O)O)N)CN,True,True
2966,CID3009355,CID3009355,C[C@H]1CN(CCN1[C@@H](COC)C2=CC=C(C=C2)C(F)(F)F)C3(CCN(CC3)C(=O)C4=C(N=CN=C4C)C)C,True,True
2967,CID3010818,CID3010818,CCC[C@@H](C(=O)C(=O)NC1CC1)NC(=O)[C@@H]2[C@H]3CCC[C@H]3CN2C(=O)[C@H](C(C)(C)C)NC(=O)[C@H](C4CCCCC4)NC(=O)C5=NC=CN=C5,True,True
2968,CID3011155,CID3011155,COC1=NC(=NC2=C1N=CN2[C@H]3[C@H]([C@@H]([C@H](O3)CO)O)O)N,True,True
2969,CID3019,CID3019,CC1=NS(=O)(=O)C2=C(N1)C=CC(=C2)Cl,True,True
2970,CID3019427,CID3019427,COC1CNCCC1NC(=O)C2=CC(=C(C=C2OC)N)Cl,True,True
2971,CID3023,CID3023,C1=CC=C2C(=C1)C3=CC=CC=C3S2,True,True
2973,CID3025944,CID3025944,C1=C(SC=C1Br)COC2=NC(=NC3=C2NC=N3)N,True,True
2974,CID3025961,CID3025961,CC1=NC(=CC=C1)C#CC2=CC=CC=C2,True,True
2975,CID3025986,CID3025986,CC(C)(C)C1=CN=C(O1)CSC2=CN=C(S2)NC(=O)C3CCNCC3,True,True
2976,CID3032,CID3032,C1=CC=C(C(=C1)CC(=O)[O-])NC2=C(C=CC=C2Cl)Cl,True,True
2977,CID30323,CID30323,C[C@H]1[C@H]([C@H](C[C@@H](O1)O[C@H]2C[C@@](CC3=C2C(=C4C(=C3O)C(=O)C5=C(C4=O)C(=CC=C5)OC)O)(C(=O)C)O)N)O,True,True
2978,CID3032474,CID3032474,C[C@@H]1C[C@H]2[C@@H]3C=C(C4=CC5=C(C[C@@]4([C@H]3[C@H](C[C@@]2([C@]1(C(=O)CO)O)C)O)C)C=NN5C6=CC=CC=C6)C,True,True
2979,CID3032771,CID3032771,CC1=NC=C(C(=N1)N)CN(C=O)/C(=C(\CCOP(=O)(O)O)/SC(=O)C2=CC=CC=C2)/C,True,True
2980,CID3033050,CID3033050,C[C@]([C@H]1C[C@@]23CC[C@@]1([C@H]4[C@@]25CCN([C@@H]3CC6=C5C(=C(C=C6)O)O4)CC7CC7)OC)(C(C)(C)C)O.Cl,True,True
2981,CID3033825,CID3033825,C[C@@H]1CC(=O)NN=C1C2=CC=C(C=C2)NN=C(C#N)C#N,True,True
2982,CID3033968,CID3033968,CC[C@]12CC[C@H]3[C@H]([C@@H]1C=C[C@]2(C#C)O)CCC4=CC(=O)CC[C@H]34,True,True
2983,CID3034010,CID3034010,CCCCCCCCCCC[C@@H](C[C@H]1[C@@H](C(=O)O1)CCCCCC)OC(=O)[C@H](CC(C)C)NC=O,True,True
2984,CID3034034,CID3034034,COC1=CC2=C(C=CN=C2C=C1)[C@H]([C@@H]3C[C@@H]4CCN3C[C@@H]4C=C)O,True,True
2985,CID3035714,CID3035714,COC1=CC=C(C=C1)S(=O)(=O)NC2=C(N=CC=C2)NC3=CC=C(C=C3)O,True,True
2986,CID3035850,CID3035850,CNC(=O)[C@@H]1[C@H]([C@H]([C@@H](O1)N2C=NC3=C(N=C(N=C32)Cl)NCC4=CC(=CC=C4)I)O)O,True,True
2987,CID3036505,CID3036505,C1=CC=C(C=C1)/C(=C(/C2=CC=CC=C2)\C3=CC=C(C=C3)OCCO)/CCCl,True,True
2988,CID3037209,CID3037209,C[C@@]1(CO[C@@H]([C@@H]([C@H]1NC)O)O[C@H]2[C@@H](C[C@@H]([C@H]([C@@H]2O)O[C@@H]3[C@@H]([C@H]([C@@H]([C@H](O3)CN)O)O)O)N)NC(=O)[C@H](CN)O)O,True,True
2989,CID3038,CID3038,C1=C(C=C(C(=C1S(=O)(=O)N)Cl)Cl)S(=O)(=O)N,True,True
2990,CID3038502,CID3038502,C[C@@H](C(=O)N)NCC1=CC=C(C=C1)OCC2=CC(=CC=C2)F.CS(=O)(=O)O,True,True
2991,CID3038517,CID3038517,CN(CC1=CC=CC=C1)CC2=C(SC3=C2C(=O)N(C(=O)N3CC4=C(C=CC=C4F)F)C5=CC=CC=C5)C6=CC=C(C=C6)NC(=O)NOC,True,True
2992,CID3038522,CID3038522,CC(C)OC1=CC=C(C=C1)NC(=O)N2CCN(CC2)C3=NC=NC4=CC(=C(C=C43)OC)OCCCN5CCCCC5,True,True
2993,CID3038525,CID3038525,C1=CC(=C(C(=C1)Cl)C2=C3C=CC(=NN3C=NC2=O)SC4=C(C=C(C=C4)F)F)Cl,True,True
2994,CID3040551,CID3040551,C[C@@H]([C@@H](C1=CC=C(C=C1)O)O)NCCC2=CC=C(C=C2)O.Cl,True,True
2996,CID3045381,CID3045381,CN(CCCN1CCC2=CC(=C(C=C2CC1=O)OC)OC)C[C@H]3CC4=CC(=C(C=C34)OC)OC.Cl,True,True
2997,CID3047796,CID3047796,C1=CC(=C(C=C1[C@H](CN)O)O)O.[C@@H]([C@H](C(=O)O)O)(C(=O)O)O.O,True,True
2998,CID3052,CID3052,CCN(CC)C(=O)N1CCN(CC1)C,True,True
2999,CID3052762,CID3052762,COCCCN1CCC(CC1)NC(=O)C2=CC(=C(C3=C2OCC3)N)Cl,True,True
3000,CID3052775,CID3052775,CS(=O)(=O)O.C#CCNC1CCC2=CC=CC=C12,True,True
3001,CID3055,CID3055,C1CCN(CC1)CCCC(C2=CC=CC=C2)(C3=CC=CC=C3)O,True,True
3002,CID3062316,CID3062316,CC1=C(C(=CC=C1)Cl)NC(=O)C2=CN=C(S2)NC3=CC(=NC(=N3)C)N4CCN(CC4)CCO,True,True
3003,CID3071,CID3071,C1=CC=C2C(=C1)C(=CN2)CC3=CNC4=CC=CC=C43,True,True
3004,CID30751,CID30751,C1=NC2=C(N=C(N=C2N1[C@H]3[C@H]([C@@H]([C@H](O3)COP(=O)(O)O)O)O)F)N,True,True
3005,CID3081361,CID3081361,CN1CCC(CC1)COC2=C(C=C3C(=C2)N=CN=C3NC4=C(C=C(C=C4)Br)F)OC,True,True
3006,CID3085092,CID3085092,CC[C@H]([C@H]1CC[C@@H]([C@@H](O1)[C@@H](C)[C@@H]([C@H](C)C(=O)[C@H](CC)[C@@H]2[C@H](C[C@H]([C@]3(O2)C=C[C@H]([C@@]4(O3)CC[C@@](O4)(C)[C@H]5CC[C@@]([C@@H](O5)C)(CC)O)O)C)C)O)C)C(=O)O,True,True
3007,CID3085326,CID3085326,C1=CC=C(C(=C1)C(=O)OCC(CO)O)NC2=C3C=CC(=CC3=NC=C2)Cl.Cl,True,True
3008,CID3099980,CID3099980,CC1(CC2=C(C(NC3=C2C4=CC=CC=C4C=C3)C5=CC(=C(C=C5)N(C)C)Br)C(=O)C1)C,True,True
3009,CID3100,CID3100,CN(C)CCOC(C1=CC=CC=C1)C2=CC=CC=C2,True,True
3010,CID3101542,CID3101542,CCOC1=CC=CC=C1N=NC2=C(NN(C2=O)C3=NC(=CS3)C4=CC=CC=C4)C,True,True
3011,CID310360,CID310360,NS(=O)(=O)C1=CC=C(NC(=O)NC2=CC=C(F)C=C2)C=C1,True,True
3012,CID31072,CID31072,CCOC(=O)N1C=CN(C1=S)C,True,True
3013,CID3108,CID3108,C1CCN(CC1)C2=NC(=NC3=C2N=C(N=C3N4CCCCC4)N(CCO)CCO)N(CCO)CCO,True,True
3014,CID3114,CID3114,CC(C)N(CCC(C1=CC=CC=C1)(C2=CC=CC=N2)C(=O)N)C(C)C,True,True
3015,CID311434,CID311434,CC1=CC(=NO1)NC(=O)NC2=CC(=C(C=C2OC)OC)Cl,True,True
3016,CID3117,CID3117,CCN(CC)C(=S)SSC(=S)N(CC)CC,True,True
3017,CID3121,CID3121,CCCC(CCC)C(=O)O,True,True
3018,CID31211,CID31211,CC(=O)CCC1=CC(=C(C=C1)O)OC,True,True
3019,CID31239,CID31239,CCCCCCCCCCCCCCCC[N+]1=CC=CC=C1.[Cl-],True,True
3020,CID31401,CID31401,[H][C@@]1(CC[C@@]2([H])[C@]3([H])[C@@H](O)C[C@]4([H])C[C@H](O)CC[C@]4(C)[C@@]3([H])CC[C@]12C)[C@H](C)CCC(O)=O,True,True
3021,CID31411,CID31411,CN1CCC2=CC3=C(C(=C2[C@@H]1[C@H]4C5=C(C(=C(C=C5)OC)OC)C(=O)O4)OC)OCO3,True,True
3022,CID3151,CID3151,C1CN(CCC1N2C3=C(C=C(C=C3)Cl)NC2=O)CCCN4C5=CC=CC=C5NC4=O,True,True
3023,CID31553,CID31553,COC1=C(C=CC(=C1)[C@@H]2[C@H](OC3=C(O2)C=C(C=C3)[C@@H]4[C@H](C(=O)C5=C(C=C(C=C5O4)O)O)O)CO)O,True,True
3024,CID3156,CID3156,CCN1CC(C(C1=O)(C2=CC=CC=C2)C3=CC=CC=C3)CCN4CCOCC4,True,True
3025,CID3157,CID3157,COC1=C(C=C2C(=C1)C(=NC(=N2)N3CCN(CC3)C(=O)C4COC5=CC=CC=C5O4)N)OC,True,True
3026,CID3158,CID3158,CN(C)CC/C=C/1\C2=CC=CC=C2COC3=CC=CC=C31,True,True
3028,CID3168,CID3168,C1CN(CC=C1N2C3=CC=CC=C3NC2=O)CCCC(=O)C4=CC=C(C=C4)F,True,True
3029,CID3169,CID3169,C1CN(CCN1CC(CO)O)C2=CC=CC=C2,True,True
3030,CID31703,CID31703,C[C@H]1[C@H]([C@H](C[C@@H](O1)O[C@H]2C[C@@](CC3=C2C(=C4C(=C3O)C(=O)C5=C(C4=O)C(=CC=C5)OC)O)(C(=O)CO)O)N)O,True,True
3032,CID3182,CID3182,CN1C2=C(C(=O)N(C1=O)C)N(C=N2)CC(CO)O,True,True
3033,CID3191,CID3191,CC(C)(C)C1=CC=C(C=C1)C(=O)CCCN2CCC(CC2)OC(C3=CC=CC=C3)C4=CC=CC=C4,True,True
3034,CID3198,CID3198,C1=CC(=CC=C1COC(CN2C=CN=C2)C3=C(C=C(C=C3)Cl)Cl)Cl,True,True
3035,CID3203,CID3203,C1CC1C#CC2(C3=C(C=CC(=C3)Cl)NC(=O)O2)C(F)(F)F,True,True
3036,CID32169,CID32169,CCCNC(C)C(=O)NC1=C(SC=C1C)C(=O)OC.Cl,True,True
3037,CID3218,CID3218,CCCCCCCCCCCC1=C(C(=O)C=C(C1=O)O)O,True,True
3038,CID3220,CID3220,CC1=CC2=C(C(=C1)O)C(=O)C3=C(C2=O)C=C(C=C3O)O,True,True
3039,CID3229,CID3229,CCN1C=C(C(=O)C2=CC(=C(N=C21)N3CCNCC3)F)C(=O)O,True,True
3040,CID323,CID323,C1=CC=C2C(=C1)C=CC(=O)O2,True,True
3041,CID32343,CID32343,C1=C2C(=C3C=C(C(=O)C(=C3OC2=C(C(=C1I)[O-])I)I)I)C4=C(C(=C(C(=C4Cl)Cl)Cl)Cl)C(=O)[O-].[Na+].[Na+],True,True
3043,CID327653,CID327653,C1=CC=C(C=C1)C#CS(=O)(=O)N,True,True
3044,CID32798,CID32798,CCC(=O)O[C@@]1([C@H](C[C@@H]2[C@@]1(C[C@@H]([C@]3([C@H]2CCC4=CC(=O)C=C[C@@]43C)F)O)C)C)C(=O)CCl,True,True
3045,CID3291,CID3291,CCC1(CC(=O)NC1=O)C,True,True
3046,CID33036,CID33036,CN(C)CC[C@@H](C1=CC=C(C=C1)Cl)C2=CC=CC=N2,True,True
3047,CID3308,CID3308,CCC1=C2C(=CC=C1)C3=C(N2)C(OCC3)(CC)CC(=O)O,True,True
3048,CID3324,CID3324,CC(=O)OCC(CCN1C=NC2=CN=C(N=C21)N)COC(=O)C,True,True
3049,CID3326,CID3326,CC(C)C1=C(N(N(C1=O)C2=CC=CC=C2)C)CN(C)C(C)CC3=CC=CC=C3,True,True
3050,CID3330,CID3330,C1=CC(=CC=C1NN=C(C#N)C#N)OC(F)(F)F,True,True
3051,CID3331,CID3331,C1=CC=C(C=C1)C(COC(=O)N)COC(=O)N,True,True
3052,CID3333,CID3333,CCOC(=O)C1=C(NC(=C(C1C2=C(C(=CC=C2)Cl)Cl)C(=O)OC)C)C,True,True
3053,CID3336,CID3336,CC(C1=CC=CC=C1)NCCC(C2=CC=CC=C2)C3=CC=CC=C3,True,True
3054,CID3339,CID3339,CC(C)OC(=O)C(C)(C)OC1=CC=C(C=C1)C(=O)C2=CC=C(C=C2)Cl,True,True
3055,CID3341,CID3341,C1CNCC(C2=CC(=C(C(=C21)Cl)O)O)C3=CC=C(C=C3)O,True,True
3056,CID3342,CID3342,CC(C1=CC(=CC=C1)OC2=CC=CC=C2)C(=O)O,True,True
3059,CID3356,CID3356,C1CCNC(C1)CNC(=O)C2=C(C=CC(=C2)OCC(F)(F)F)OCC(F)(F)F,True,True
3060,CID3357,CID3357,CN1CCN(CC1)C2=C(C=C3C(=C2F)N(C=C(C3=O)C(=O)O)CCF)F,True,True
3061,CID33613,CID33613,CC1([C@@H](N2[C@H](S1)[C@@H](C2=O)NC(=O)[C@@H](C3=CC=C(C=C3)O)N)C(=O)O)C,True,True
3062,CID3362,CID3362,CCC(=O)C1=C(C=C(C=C1O)O)O,True,True
3064,CID3365,CID3365,C1=CC(=C(C=C1F)F)C(CN2C=NC=N2)(CN3C=NC=N3)O,True,True
3065,CID3366,CID3366,C1=NC(=O)NC(=C1F)N,True,True
3066,CID3367,CID3367,C1=NC2=C(N=C(N=C2N1C3C(C(C(O3)CO)O)O)F)N,True,True
3067,CID3371,CID3371,C1=CC=C(C(=C1)C(=O)O)NC2=CC=CC(=C2)C(F)(F)F,True,True
3068,CID3372,CID3372,C1CN(CCN1CCCN2C3=CC=CC=C3SC4=C2C=C(C=C4)C(F)(F)F)CCO,True,True
3069,CID3372016,CID3372016,C1=CC=C(C=C1)CC(=O)NC2=NN=C(S2)CCSCCC3=NN=C(S3)NC(=O)CC4=CC=CC=C4,True,True
3070,CID3373,CID3373,CCOC(=O)C1=C2CN(C(=O)C3=C(N2C=N1)C=CC(=C3)F)C,True,True
3071,CID3374,CID3374,CC1CCC2=C3N1C=C(C(=O)C3=CC(=C2)F)C(=O)O,True,True
3072,CID3378093,CID3378093,CC1=C(C=CC(=C1)C2=NOC(=N2)C)C3=CC=C(C=C3)C(=O)N4CCC5=CC6=C(C=C54)C7(CCN(CC7)C)CO6,True,True
3073,CID3385,CID3385,C1=C(C(=O)NC(=O)N1)F,True,True
3075,CID3392731,CID3392731,CC(C)(C(=O)O)SC1=CC=C(C=C1)CCN(CCCCC2CCCCC2)C(=O)NC3CCCCC3,True,True
3076,CID3394,CID3394,CC(C1=CC(=C(C=C1)C2=CC=CC=C2)F)C(=O)O,True,True
3077,CID3396,CID3396,C1CN(CCC12C(=O)NCN2C3=CC=CC=C3)CCCC(C4=CC=C(C=C4)F)C5=CC=C(C=C5)F,True,True
3078,CID3397,CID3397,CC(C)C(=O)NC1=CC(=C(C=C1)[N+](=O)[O-])C(F)(F)F,True,True
3079,CID3406,CID3406,CC1=CNN=C1,True,True
3081,CID3415,CID3415,C(=O)(O)P(=O)(O)O,True,True
3082,CID34312,CID34312,C1C2=CC=CC=C2N(C3=CC=CC=C3C1=O)C(=O)N,True,True
3083,CID34359,CID34359,C[C@](CC1=CC(=C(C=C1)O)O)(C(=O)O)NN,True,True
3084,CID3440,CID3440,C1=COC(=C1)CNC2=CC(=C(C=C2C(=O)O)S(=O)(=O)N)Cl,True,True
3085,CID344265,CID344265,C1=CC=C2C(=C1)C(=O)N(C2=O)[C@@H](CC3=CNC4=CC=CC=C43)C(=O)O,True,True
3086,CID34458,CID34458,COC1=C(C2=C(CC3C4=CC5=C(C=C4CCN3C2)OCO5)C=C1)OC,True,True
3087,CID3446,CID3446,C1CCC(CC1)(CC(=O)O)CN,True,True
3088,CID3463,CID3463,CC1=CC(=C(C=C1)C)OCCCC(C)(C)C(=O)O,True,True
3089,CID34633,CID34633,CCOC(=O)NC1=CC2=C(C=C1)SC3=CC=CC=C3N2C(=O)CCN4CCOCC4,True,True
3090,CID346721,CID346721,CCCC(C)NC(=O)C1=CC(=C(C=C1)Cl)Cl,True,True
3091,CID3468,CID3468,CN(C)C1=CC=C(C=C1)C(=C2C=CC(=[N+](C)C)C=C2)C3=CC=C(C=C3)N(C)C,True,True
3092,CID3474778,CID3474778,COC1=CC=C(C=C1)N2C=NC3=C2C=CC(=C3)C(=O)N4CCCCC4,True,True
3093,CID3475,CID3475,CC1=CC=C(C=C1)S(=O)(=O)NC(=O)NN2CC3CCCC3C2,True,True
3094,CID3476,CID3476,CCC1=C(CN(C1=O)C(=O)NCCC2=CC=C(C=C2)S(=O)(=O)NC(=O)NC3CCC(CC3)C)C,True,True
3095,CID3476986,CID3476986,CC1=CC2=C(C=C1)N=C3C(C2=O)(CCN3C4=CC=CC=C4)O,True,True
3096,CID3478,CID3478,CC1=CN=C(C=N1)C(=O)NCCC2=CC=C(C=C2)S(=O)(=O)NC(=O)NC3CCCCC3,True,True
3097,CID3488,CID3488,COC1=C(C=C(C=C1)Cl)C(=O)NCCC2=CC=C(C=C2)S(=O)(=O)NC(=O)NC3CCCCC3,True,True
3098,CID3499,CID3499,CN(C)CCCN1C=C(C2=C1C=CC(=C2)OC)C3=C(C(=O)NC3=O)C4=CNC5=CC=CC=C54,True,True
3099,CID3501,CID3501,CN1C2=CC=CC=C2C3=C4C(=C5C6=CC=CC=C6N(C5=C31)CCC#N)CNC4=O,True,True
3100,CID35028115,CID35028115,CS(=O)(=O)C1=CC(=CC2=C1N(C3=C2CC[C@H]3CC(=O)O)CC4=CC=C(C=C4)Cl)F,True,True
3101,CID3503,CID3503,CC1=CC2=C(C(=C(C(=C2C(C)C)O)O)C=O)C(=C1C3=C(C4=C(C=C3C)C(=C(C(=C4C=O)O)O)C(C)C)O)O,True,True
3102,CID3516,CID3516,COC1=CC=CC=C1OCC(CO)O,True,True
3103,CID3519,CID3519,C1=CC(=C(C(=C1)Cl)CC(=O)N=C(N)N)Cl,True,True
3105,CID352500,CID352500,C1=CN(C(=O)NC1=O)C2C(C(C(O2)CO)O)F,True,True
3106,CID35370,CID35370,CC1=CN(C(=O)NC1=O)[C@H]2C[C@@H]([C@H](O2)CO)N=[N+]=[N-],True,True
3107,CID354624,CID354624,C1=NC2=C(N=C(N=C2N1C3C(C(C(O3)CO)O)F)Cl)N,True,True
3108,CID3547,CID3547,C1CNCCN(C1)S(=O)(=O)C2=CC=CC3=C2C=CN=C3,True,True
3109,CID3549,CID3549,CCOC(=O)C1=C(OC2=C(C1C(C#N)C(=O)OCC)C=C(C=C2)Br)N,True,True
3110,CID3549980,CID3549980,CCCC(CCC)C(=O)[O-],True,True
3111,CID3559,CID3559,C1CN(CCC1(C2=CC=C(C=C2)Cl)O)CCCC(=O)C3=CC=C(C=C3)F,True,True
3112,CID356653,CID356653,C1=CN(C(=O)N=C1N)C2C(C(C(O2)CO)O)(F)F.Cl,True,True
3113,CID3570748,CID3570748,COC1(CCN(CC1)CCC2=CNC3=C2C=C(C=C3)F)CS(=O)C4=CC=CC=C4,True,True
3114,CID35802,CID35802,COC(=O)NC1=NC2=C(N1)C=C(C=C2)C(=O)C3=CC=C(C=C3)F,True,True
3115,CID358177,CID358177,C1=CN=C(C2=C1N(C=N2)[C@@H]3C=C([C@H]([C@H]3O)O)CO)N,True,True
3116,CID36294,CID36294,C1[C@@H]([C@H]([C@@H]([C@H]([C@@H]1N)O[C@@H]2[C@@H]([C@H]([C@@H]([C@H](O2)CO)O)N)O)O)O[C@@H]3[C@@H](C[C@@H]([C@H](O3)CN)O)N)N,True,True
3117,CID36314,CID36314,CC1=C2[C@H](C(=O)[C@@]3([C@H](C[C@@H]4[C@]([C@H]3[C@@H]([C@@](C2(C)C)(C[C@@H]1OC(=O)[C@@H]([C@H](C5=CC=CC=C5)NC(=O)C6=CC=CC=C6)O)O)OC(=O)C7=CC=CC=C7)(CO4)OC(=O)C)O)C)OC(=O)C,True,True
3118,CID3637,CID3637,C1=CC=C2C(=C1)C=NN=C2NN,True,True
3119,CID3639,CID3639,C1NC2=CC(=C(C=C2S(=O)(=O)N1)S(=O)(=O)N)Cl,True,True
3120,CID36462,CID36462,C[C@@H]1OC[C@@H]2[C@@H](O1)[C@@H]([C@H]([C@@H](O2)O[C@H]3[C@H]4COC(=O)[C@@H]4[C@@H](C5=CC6=C(C=C35)OCO6)C7=CC(=C(C(=C7)OC)O)OC)O)O,True,True
3121,CID3651377,CID3651377,CC(C)C1=CC2=C(C=C1)N(C(=C2SC(C)(C)C)CC(C)(C)C(=O)O)CC3=CC=C(C=C3)Cl,True,True
3122,CID3652,CID3652,CCN(CCCC(C)NC1=C2C=CC(=CC2=NC=C1)Cl)CCO,True,True
3123,CID3654103,CID3654103,C1CN(CCN1CC(C(C2=CC=CC=C2)C3=CC=CC=C3)O)C4=CC(=CC=C4)Cl,True,True
3124,CID3657,CID3657,C(=O)(N)NO,True,True
3126,CID36708,CID36708,CCCNCC(COC1=CC=CC=C1C(=O)CCC2=CC=CC=C2)O.Cl,True,True
3127,CID3672,CID3672,CC(C)CC1=CC=C(C=C1)C(C)C(=O)O,True,True
3128,CID3675,CID3675,C1=CC=C(C=C1)CCNN,True,True
3129,CID3676,CID3676,CCN(CC)CC(=O)NC1=C(C=CC=C1C)C,True,True
3131,CID36811,CID36811,CC(CCC1=CC=C(C=C1)O)NCCC2=CC(=C(C=C2)O)O,True,True
3132,CID3686,CID3686,CC1=C(C(=O)C(=C(C1=O)OC)OC)CCCCCCCCCCO,True,True
3134,CID3690,CID3690,C1CN(P(=O)(OC1)NCCCl)CCCl,True,True
3135,CID3696,CID3696,CN(C)CCCN1C2=CC=CC=C2CCC3=CC=CC=C31,True,True
3136,CID3702,CID3702,CC1CC2=CC=CC=C2N1NC(=O)C3=CC(=C(C=C3)Cl)S(=O)(=O)N,True,True
3137,CID3712,CID3712,C1=CC=C2C(=C1)C(=CN2)CO,True,True
3138,CID3715,CID3715,CC1=C(C2=C(N1C(=O)C3=CC=C(C=C3)Cl)C=CC(=C2)OC)CC(=O)O,True,True
3139,CID37392,CID37392,CCCCN(CCCC)CCC(C1=C2C=CC(=CC2=C3C=C(C=C(C3=C1)Cl)Cl)C(F)(F)F)O.Cl,True,True
3140,CID37393,CID37393,CCCCN(CCCC)CCC(C1=C2C=CC(=CC2=C3C=C(C=C(C3=C1)Cl)Cl)C(F)(F)F)O,True,True
3141,CID374536,CID374536,C1=C(SC(=C1)C2=CC=C(O2)C3=CC=C(S3)CO)CO,True,True
3142,CID3747,CID3747,CC(C)OC1=CC2=C(C=C1)C(=O)C(=CO2)C3=CC=CC=C3,True,True
3143,CID3749,CID3749,CCCCC1=NC2(CCCC2)C(=O)N1CC3=CC=C(C=C3)C4=CC=CC=C4C5=NNN=N5,True,True
3144,CID3752,CID3752,C1=CC(=C(C=C1Cl)C2=NC(=NC(=N2)N)N)Cl,True,True
3145,CID37542,CID37542,C1=NC(=NN1[C@H]2[C@@H]([C@@H]([C@H](O2)CO)O)O)C(=O)N,True,True
3146,CID3760,CID3760,C1=CC(=C(C(=C1)Cl)COC(CN2C=CN=C2)C3=C(C=C(C=C3)Cl)Cl)Cl,True,True
3147,CID3767,CID3767,C1=CN=CC=C1C(=O)NN,True,True
3148,CID3779,CID3779,CC(C)NCC(C1=CC(=C(C=C1)O)O)O,True,True
3149,CID3784,CID3784,CC1=C(C(C(=C(N1)C)C(=O)OC(C)C)C2=CC=CC3=NON=C32)C(=O)OC,True,True
3150,CID379077,CID379077,C1COCCN1CCNC2=C(C(=O)C3=C(C2=O)N=CC=C3)Cl,True,True
3151,CID3795,CID3795,COC1=C(C=C2C(=C1)C(=NC=N2)NC3=CC(=C(C=C3)O)Br)OC,True,True
3152,CID38103,CID38103,CC1=C(N2C(C(C2=O)NC(=O)C(C3=CCC=CC3)N)SC1)C(=O)O,True,True
3154,CID3822,CID3822,C1CN(CCC1C(=O)C2=CC=C(C=C2)F)CCN3C(=O)C4=CC=CC=C4NC3=O,True,True
3155,CID3825,CID3825,CC(C1=CC(=CC=C1)C(=O)C2=CC=CC=C2)C(=O)O,True,True
3156,CID3825829,CID3825829,COC1=C(C=C(C(=C1)N2C(=O)C3=CC=CC=C3NC2=S)Cl)Cl,True,True
3157,CID3826,CID3826,C1CN2C(=CC=C2C(=O)C3=CC=CC=C3)C1C(=O)O,True,True
3158,CID3827,CID3827,CN1CCC(=C2C3=C(C(=O)CC4=CC=CC=C42)SC=C3)CC1,True,True
3159,CID3830,CID3830,C1=COC(=C1)CNC2=NC=NC3=C2NC=N3,True,True
3160,CID3838,CID3838,CN(C(CC1=CC=C(C=C1)OS(=O)(=O)C2=CC=CC3=C2C=CN=C3)C(=O)N4CCN(CC4)C5=CC=CC=C5)S(=O)(=O)C6=CC=CC7=C6C=CN=C7,True,True
3161,CID38521,CID38521,C1CCC2(CC1)OCC(O2)CN=C(N)N,True,True
3162,CID387447,CID387447,B([C@H](CC(C)C)NC(=O)[C@H](CC1=CC=CC=C1)NC(=O)C2=NC=CN=C2)(O)O,True,True
3163,CID3878,CID3878,C1=CC(=C(C(=C1)Cl)Cl)C2=C(N=C(N=N2)N)N,True,True
3164,CID3883,CID3883,CC1=C(C=CN=C1CS(=O)C2=NC3=CC=CC=C3N2)OCC(F)(F)F,True,True
3165,CID3885,CID3885,CC1(CCC2=C(O1)C3=CC=CC=C3C(=O)C2=O)C,True,True
3166,CID38853,CID38853,C[C@](CC1=CC(=C(C=C1)O)O)(C(=O)O)N,True,True
3167,CID38911,CID38911,CC1=CC(=O)N(C(=C1)C2CCCCC2)O.C(CO)N,True,True
3168,CID3899,CID3899,CC1=C(C=NO1)C(=O)NC2=CC=C(C=C2)C(F)(F)F,True,True
3169,CID3902,CID3902,C1=CC(=CC=C1C#N)C(C2=CC=C(C=C2)C#N)N3C=NC=N3,True,True
3170,CID39042,CID39042,CC(C)(C(=O)O)OC1=CC=C(C=C1)CCNC(=O)C2=CC=C(C=C2)Cl,True,True
3171,CID39186,CID39186,CC(=O)O[C@@H]1[C@@H](SC2=CC=CC=C2N(C1=O)CCN(C)C)C3=CC=C(C=C3)OC,True,True
3172,CID3922,CID3922,CC1=CC2=C(C=C1C3(CC3)C4=NC=C(C=C4)C(=O)O)C(CCC2(C)C)(C)C,True,True
3173,CID3926,CID3926,CC1=C(C(=CC=C1)C)NC(=O)CN2CCN(CC2)CCCC(C3=CC=C(C=C3)F)C4=CC=C(C=C4)F,True,True
3174,CID392622,CID392622,CC(C)C1=NC(=CS1)CN(C)C(=O)N[C@@H](C(C)C)C(=O)N[C@@H](CC2=CC=CC=C2)C[C@@H]([C@H](CC3=CC=CC=C3)NC(=O)OCC4=CN=CS4)O,True,True
3175,CID393111,CID393111,COC1=C(C=C2C(=C1)C(=O)N3CC(=C)C[C@H]3C=N2)OCCCOC4=C(C=C5C(=C4)N=C[C@@H]6CC(=C)CN6C5=O)OC,True,True
3176,CID3932,CID3932,C1=CC=C(C=C1)N2C3=CC=CC=C3C(C2=O)(CC4=CC=NC=C4)CC5=CC=NC=C5,True,True
3177,CID3938007,CID3938007,CCN(C1=CC=CC=C1)C2=CC(=[N+](C(=N2)C)C)NC,True,True
3178,CID394397,CID394397,C1=CC=C(C(=C1)C(=O)NC2=NC=C(S2)[N+](=O)[O-])O,True,True
3179,CID3948,CID3948,CCN1C=C(C(=O)C2=CC(=C(C(=C21)F)N3CCNC(C3)C)F)C(=O)O,True,True
3180,CID3950,CID3950,C1CCC(CC1)NC(=O)N(CCCl)N=O,True,True
3181,CID3955,CID3955,CN(C)C(=O)C(CCN1CCC(CC1)(C2=CC=C(C=C2)Cl)O)(C3=CC=CC=C3)C4=CC=CC=C4,True,True
3182,CID39562,CID39562,C1=CC=C2C(=C1)C(=NN2CC3=C(C=C(C=C3)Cl)Cl)C(=O)O,True,True
3183,CID3957,CID3957,CCOC(=O)N1CCC(=C2C3=C(CCC4=C2N=CC=C4)C=C(C=C3)Cl)CC1,True,True
3185,CID3973,CID3973,C1COCCN1C2=CC(=O)C3=C(O2)C(=CC=C3)C4=CC=CC=C4,True,True
3186,CID39764,CID39764,CC(=O)O[C@H]1C[C@@H]2CC[C@@H]3[C@@H]([C@]2(C[C@@H]1N4CCCCC4)C)CC[C@]5([C@H]3C[C@@H]([C@@H]5OC(=O)C)[N+]6(CCCCC6)C)C.[Br-],True,True
3187,CID397888,CID397888,COC1=C(C=C2C(=C1)C3=C(C4=CC5=C(C=C4C3=O)OCO5)N(C2=O)CCCNCCO)OC,True,True
3188,CID398148,CID398148,C1CCC(CC1)COC2=NC(=NC(=C2N=O)N)N,True,True
3189,CID3994,CID3994,CN(C)C1=CC=C(C=C1)C(=O)NCCCCCCC(=O)NO,True,True
3190,CID399465,CID399465,CC1=C(C=CC(=C1)C2=NC3=C(S2)C=CC(=C3)F)NC(=O)[C@H](CCCCN)N,True,True
3191,CID4006,CID4006,CC(C)OC(=O)C(=C1SC=CS1)C(=O)OC(C)C,True,True
3192,CID400633,CID400633,CCCCCOC(=O)NC1=NC(=O)N(C=C1F)C2C(C(C(O2)C)O)O,True,True
3193,CID400769,CID400769,C[C@@]12CC[C@]3(CCC(C[C@H]3[C@H]1C(=O)C=C4[C@]2(CC[C@@H]5[C@@]4(C=C(C(=O)C5(C)C)C#N)C)C)(C)C)C(=O)OC,True,True
3194,CID4008,CID4008,CC1=C(C(C(=C(N1)C)C(=O)OCCN2CCN(CC2)C(C3=CC=CC=C3)C4=CC=CC=C4)C5=CC(=CC=C5)[N+](=O)[O-])C(=O)OC,True,True
3195,CID4011,CID4011,CNCCCC12CCC(C3=CC=CC=C31)C4=CC=CC=C24,True,True
3196,CID4021,CID4021,CC1=NN(C(=O)C1)C2=CC=CC=C2,True,True
3197,CID4030,CID4030,COC(=O)NC1=NC2=C(N1)C=C(C=C2)C(=O)C3=CC=CC=C3,True,True
3198,CID4032,CID4032,CC1(C2CCC(C2)C1(C)NC)C,True,True
3199,CID4033,CID4033,CN(CCCl)CCCl,True,True
3200,CID4034,CID4034,CC1=CC(=CC=C1)CN2CCN(CC2)C(C3=CC=CC=C3)C4=CC=C(C=C4)Cl,True,True
3201,CID4037,CID4037,CC1=C(C(=C(C=C1)Cl)NC2=CC=CC=C2C(=O)O)Cl,True,True
3202,CID4044,CID4044,CC1=C(C(=CC=C1)NC2=CC=CC=C2C(=O)O)C,True,True
3203,CID4046,CID4046,C1CCN[C@H](C1)[C@H](C2=CC(=NC3=C2C=CC=C3C(F)(F)F)C(F)(F)F)O,True,True
3204,CID405012,CID405012,CN1C=C(C2=CC=CC=C21)C[C@H](C(=O)O)N,True,True
3205,CID4054,CID4054,CC12CC3CC(C1)(CC(C3)(C2)N)C,True,True
3206,CID4055,CID4055,CC1=CC(=O)C2=CC=CC=C2C1=O,True,True
3208,CID4060,CID4060,CCC1(C(=O)N(C(=O)N1)C)C2=CC=CC=C2,True,True
3210,CID40632,CID40632,CC1=CN(C(=O)C=C1)C2=CC=CC=C2,True,True
3211,CID406563,CID406563,CC1=CC=C(C=C1)S(=O)(=O)O.CNC(=O)C1=NC=CC(=C1)OC2=CC=C(C=C2)NC(=O)NC3=CC(=C(C=C3)Cl)C(F)(F)F,True,True
3212,CID4068248,CID4068248,CCOC(=O)C1=CC(=C(C=C1)NC2CCCCC2)N,True,True
3213,CID4075,CID4075,C1=CC(=C(C=C1N)C(=O)O)O,True,True
3214,CID4075607,CID4075607,CC1=C(C=C(C=C1)NS(=O)(=O)C2=CC3=C(C=C2)NC(C4C3C=CC4)C5=CC=C(C=C5)C(=O)O)C,True,True
3215,CID4076092,CID4076092,CCOC(=O)C(C)OC1=CC=CC2=C1C=CN(C2=O)CC(=O)NC3=CC4=C(C=C3)OCCO4,True,True
3216,CID40854,CID40854,COC(=O)NC1=NC2=C(N1)C=C(C=C2)S(=O)C3=CC=CC=C3,True,True
3217,CID4091,CID4091,CN(C)C(=N)N=C(N)N,True,True
3218,CID4096211,CID4096211,C1C2CC3CC1CC(C2)(C3)C(=O)NC4=CC5=C(C=C4)N=C(S5)NC(=O)C6=CC=CC=C6,True,True
3219,CID409805,CID409805,CCN(CC)CCCC(C)NC1=NC(=CC(=N1)NC2=CC3=C(C=C(N=C3C=C2)C)N)C,True,True
3220,CID4100,CID4100,CC(=O)N=C1N(N=C(S1)S(=O)(=O)N)C,True,True
3221,CID4101,CID4101,C1N2CN3CN1CN(C2)C3,True,True
3222,CID41022,CID41022,CC(=O)O.C1CCNC(C1)CNC(=O)C2=C(C=CC(=C2)OCC(F)(F)F)OCC(F)(F)F,True,True
3223,CID4107,CID4107,COC1=CC=CC=C1OCC(COC(=O)N)O,True,True
3224,CID41114,CID41114,CC1=C(C(C(=C(N1)C)C(=O)OCCN(C)CC2=CC=CC=C2)C3=CC(=CC=C3)[N+](=O)[O-])C(=O)OC.Cl,True,True
3225,CID4114,CID4114,COC1=C2C(=CC3=C1OC=C3)C=CC(=O)O2,True,True
3226,CID4121,CID4121,CN1C(NC2=CC(=C(C=C2S1(=O)=O)S(=O)(=O)N)Cl)CCl,True,True
3227,CID4122,CID4122,COC(=O)NC1=NC2=C(N1)C=C(C=C2)C(=O)C3=CC=CS3,True,True
3228,CID4139,CID4139,CN(C)C1=CC2=C(C=C1)N=C3C=CC(=[N+](C)C)C=C3S2.O.O.O.[Cl-],True,True
3229,CID4165,CID4165,CC1=CC2=C(C=C1S(=O)(=O)N)S(=O)(=O)CCC2,True,True
3230,CID41684,CID41684,CC(=O)OC1=CC=CC=C1C(=O)NC2=NC=C(S2)[N+](=O)[O-],True,True
3231,CID4170,CID4170,CC1NC2=CC(=C(C=C2C(=O)N1C3=CC=CC=C3C)S(=O)(=O)N)Cl,True,True
3233,CID4173,CID4173,CC1=NC=C(N1CCO)[N+](=O)[O-],True,True
3235,CID41781,CID41781,CC1=CC(=CC=C1)NC2=C(C=NC=C2)S(=O)(=O)NC(=O)NC(C)C,True,True
3236,CID4184,CID4184,CN1CCN2C(C1)C3=CC=CC=C3CC4=CC=CC=C42,True,True
3237,CID41867,CID41867,C[C@H]1[C@@H]([C@H](C[C@@H](O1)O[C@H]2C[C@@](CC3=C2C(=C4C(=C3O)C(=O)C5=C(C4=O)C(=CC=C5)OC)O)(C(=O)CO)O)N)O,True,True
3238,CID4189,CID4189,C1=CC(=C(C=C1Cl)Cl)COC(CN2C=CN=C2)C3=C(C=C(C=C3)Cl)Cl,True,True
3239,CID4194514,CID4194514,C1=CC(=CN=C1)CC(O)(P(=O)(O)O)P(=O)(O)[O-].[Na+],True,True
3240,CID4197,CID4197,CC1=C(C=C(C(=O)N1)C#N)C2=CC=NC=C2,True,True
3241,CID4201,CID4201,C1CCN(CC1)C2=NC(=N)N(C(=C2)N)O,True,True
3242,CID4205,CID4205,CN1CCN2C(C1)C3=CC=CC=C3CC4=C2N=CC=C4,True,True
3243,CID4210951,CID4210951,C1=CC=C(C(=C1)C2=C(C(=O)NC2=O)NC3=CC(=C(C=C3)O)Cl)[N+](=O)[O-],True,True
3244,CID4211,CID4211,C1=CC=C(C(=C1)C(C2=CC=C(C=C2)Cl)C(Cl)Cl)Cl,True,True
3245,CID4212,CID4212,C1=CC(=C2C(=C1NCCNCCO)C(=O)C3=C(C=CC(=C3C2=O)O)O)NCCNCCO,True,True
3246,CID4216,CID4216,C1CNCCN(C1)S(=O)(=O)C2=CC=CC3=C2C=CC=C3I,True,True
3247,CID421610,CID421610,CN(C)C1=CC=CC=C1CN2CCCN(C2C3=CC=NC=C3)CC4=CC=CC=C4N(C)C,True,True
3248,CID4219798,CID4219798,C1CCN(CC1)C2=NC(=N)N(C(=C2)N)OS(=O)(=O)O,True,True
3249,CID4235,CID4235,C1COCCN1CCNC(=O)C2=CC=C(C=C2)Cl,True,True
3250,CID4248455,CID4248455,CCCCCCCCC1C(C(=C)C(=O)O1)C(=O)O,True,True
3251,CID4259181,CID4259181,CC(C)C1=CC=C(C=C1)CN2C=CC3=C2C=CC4=C3C(=NC(=N4)NC5CC5)N,True,True
3252,CID42596951,CID42596951,CCN1C(=O)N2CC3=C([C@H](C=C2C14CCN(CC4)CC5=CC(=CC(=C5)C)C)C)C(=CC(=C3)OC)OC,True,True
3253,CID42598643,CID42598643,CC1=C(C=CC(=C1)NC2=NC=NC3=C2C=C(C=C3)C4=CC=C(O4)CNCCS(=O)(=O)C)OC5=CC6=NC=NN6C=C5,True,True
3254,CID42609626,CID42609626,CNCC(C1=CC=C(C=C1)O)O.Cl,True,True
3255,CID42609849,CID42609849,C[C@H]1COC2(O1)CCN(CC2)C3=NC(=O)C4=C(S3)C(=CC(=C4)C(F)(F)F)[N+](=O)[O-],True,True
3256,CID4261,CID4261,C1=CC=C(C(=C1)N)NC(=O)C2=CC=C(C=C2)CNC(=O)OCC3=CN=CC=C3,True,True
3257,CID42611257,CID42611257,CCCS(=O)(=O)NC1=C(C(=C(C=C1)F)C(=O)C2=CNC3=C2C=C(C=N3)C4=CC=C(C=C4)Cl)F,True,True
3258,CID42623900,CID42623900,C1CC2=C(C1)C=C(C=C2)OC3=NC(=C4C(=N3)N(C=N4)CC5=CC=C(C=C5)C6=CC=CC=C6)N[C@@H](CC7=CC=CC=C7)CO,True,True
3259,CID42623951,CID42623951,CC(C)(C)NS(=O)(=O)C1=CN=CC(=C1)C2=CN3C(=NC(=N3)N)C(=C2)F,True,True
3260,CID42627755,CID42627755,C1CC1C2=CC(=NN2)NC3=NC(=NC=C3)NC4=CC5=C(C=C4)N=CN5,True,True
3261,CID42628503,CID42628503,CCN1CCN(CC1)CC2=C(C=C(C=C2)NC(=O)C3=CC(=C(C=C3)C)NC(=O)C4=CN=CC(=C4)C5=CC=CS5)C(F)(F)F,True,True
3262,CID42636535,CID42636535,CC1=C(SC(=N1)NC(=O)N2CCC[C@H]2C(=O)N)C3=CSC(=N3)C(C)(C)C,True,True
3263,CID42640,CID42640,CN1CCN(CC1)C2=CC=C(C3=NO[N+](=C23)[O-])[N+](=O)[O-],True,True
3264,CID42642645,CID42642645,COC1=CC2=C(C=CN=C2C=C1OCCCN3CCOCC3)OC4=C(C=C(C=C4)NC(=O)C5(CC5)C(=O)NC6=CC=C(C=C6)F)F,True,True
3265,CID42642648,CID42642648,C[C@@H]1COC(=N1)NC2=CC3=C(C=C2)N=CN=C3NC4=CC(=C(C=C4)OCC5=NC=CS5)Cl,True,True
3266,CID42642654,CID42642654,C1=CC(=C(C=C1I)F)NC2=C(C=CC3=CN=CN32)C(=O)NOCCO,True,True
3267,CID42647289,CID42647289,COC1=CC(=C(C=C1)OC)C2=NN=C3N2N=C(C=C3)C4=CC(=C(C=C4)OC)O[C@@H]5CCOC5,True,True
3268,CID43116,CID43116,CC[C@@]1(C[C@@H]2C[C@@](C3=C(CCN(C2)C1)C4=CC=CC=C4N3)(C5=C(C=C6C(=C5)[C@]78CCN9[C@H]7[C@@](C=CC9)([C@H]([C@@]([C@@H]8N6C)(C(=O)N)O)O)CC)OC)C(=O)OC)O.OS(=O)(=O)O,True,True
3269,CID43231,CID43231,C1=C(C(=CC(=C1N)S(=O)(=O)N)S(=O)(=O)N)C(=C(Cl)Cl)Cl,True,True
3270,CID4331799,CID4331799,CC1=CC(=C2C=C(C=C(C2=N1)F)F)NC(=O)NC3=CC=C(C=C3)N(C)C,True,True
3271,CID4369359,CID4369359,C1CN2C(=NN=C2C(F)(F)F)CN1C(=O)C[C@@H](CC3=CC(=C(C=C3F)F)F)N,True,True
3272,CID43815,CID43815,C1CNC[C@H]([C@@H]1C2=CC=C(C=C2)F)COC3=CC4=C(C=C3)OCO4,True,True
3273,CID439246,CID439246,C1[C@H](OC2=CC(=CC(=C2C1=O)O)O)C3=CC=C(C=C3)O,True,True
3274,CID439260,CID439260,C1=CC(=C(C=C1C(CN)O)O)O,True,True
3275,CID439280,CID439280,C1=CC2=C(C=C1O)C(=CN2)C[C@@H](C(=O)O)N,True,True
3276,CID439501,CID439501,CC1C(C(C(C(O1)OC2CC(C3(C4C(CCC3(C2)O)C5(CCC(C5(CC4O)C)C6=CC(=O)OC6)O)CO)O)O)O)O,True,True
3277,CID439503,CID439503,C1=CC=C(C(=C1)CO)O[C@H]2[C@@H]([C@H]([C@@H]([C@H](O2)CO)O)O)O,True,True
3278,CID439518,CID439518,CC(C)C[C@H]([C@@H](C(=O)N[C@@H](C(C)C)C(=O)N[C@@H](C(C)C)C(=O)N[C@@H](CC(=O)O)C(=O)O)O)N,True,True
3279,CID439533,CID439533,C1=CC(=C(C=C1[C@@H]2[C@H](C(=O)C3=C(C=C(C=C3O2)O)O)O)O)O,True,True
3280,CID439647,CID439647,CC1=CC=C(C=C1)S(=O)(=O)N[C@@H](CC2=CC=CC=C2)C(=O)CCl,True,True
3281,CID439693,CID439693,C1[C@@H]([C@H](O[C@H]1N2C=NC3=C2NC=NC[C@H]3O)CO)O,True,True
3282,CID4409,CID4409,CC(=O)CCC1=CC2=C(C=C1)C=C(C=C2)OC,True,True
3283,CID44093,CID44093,C[C@H](CS)C(=O)N1CCC[C@H]1C(=O)O,True,True
3284,CID440936,CID440936,C1=CC(=CC=C1O)O[C@H]2[C@@H]([C@H]([C@@H]([C@H](O2)CO)O)O)O,True,True
3285,CID4410,CID4410,CC1CCC2=C3N1C=C(C(=O)C3=CC(=C2N4CCC(CC4)O)F)C(=O)O,True,True
3286,CID441074,CID441074,COC1=CC2=C(C=CN=C2C=C1)[C@@H]([C@H]3C[C@@H]4CCN3C[C@@H]4C=C)O,True,True
3287,CID441130,CID441130,C[C@@H]1[C@@H]2[C@H](C(=O)N2C(=C1S[C@H]3C[C@H](NC3)C(=O)N(C)C)C(=O)O)[C@@H](C)O,True,True
3288,CID441140,CID441140,C[C@@H]1CC(=O)C=C([C@]12C(=O)C3=C(O2)C(=C(C=C3OC)OC)Cl)OC,True,True
3289,CID441207,CID441207,C[C@@H]1[C@H]([C@H](C[C@@H](O1)O[C@@H]2[C@H](O[C@H](C[C@@H]2O)O[C@@H]3[C@H](O[C@H](C[C@@H]3O)O[C@H]4CC[C@]5([C@@H](C4)CC[C@@H]6[C@@H]5CC[C@]7([C@@]6(CC[C@@H]7C8=CC(=O)OC8)O)C)C)C)C)O)O,True,True
3290,CID441242,CID441242,CN1C(=NN=N1)SCC2=C(N3[C@@H]([C@@](C3=O)(NC(=O)C(C4=CC=C(C=C4)O)C(=O)[O-])OC)OC2)C(=O)[O-].[Na+].[Na+],True,True
3291,CID441244,CID441244,C1=CN=C(N=C1)[N-]S(=O)(=O)C2=CC=C(C=C2)N.[Ag+],True,True
3292,CID4413,CID4413,C1=CC(=CC=C1C(=O)OC2=CC3=C(C=C2)C=C(C=C3)C(=N)N)N=C(N)N,True,True
3293,CID441300,CID441300,C1CC1NC2=C3C(=NC(=N2)N)N(C=N3)[C@@H]4C[C@@H](C=C4)CO,True,True
3294,CID441302,CID441302,C[C@]12CC[C@@H](C[C@@H]1CC[C@@H]3[C@@H]2CC[C@]4([C@H]3CCC4=O)C)O,True,True
3295,CID441307,CID441307,CCCC(=O)NC1=CC(=C(C=C1)OCC(CNC(C)C)O)C(=O)C.Cl,True,True
3296,CID441308,CID441308,CC(C)NCC(COC1=CC=C(C=C1)CCOC)O.CC(C)NCC(COC1=CC=C(C=C1)CCOC)O.[C@@H]([C@H](C(=O)O)O)(C(=O)O)O,True,True
3297,CID441314,CID441314,C1[C@@H]([C@H]([C@@H]([C@H](N1CCO)CO)O)O)O,True,True
3298,CID441325,CID441325,CCCCC1=C(C2=CC=CC=C2O1)C(=O)C3=CC(=C(C(=C3)I)OCCN(CC)CC)I.Cl,True,True
3299,CID441328,CID441328,CC(=O)OCC1=C(N2[C@@H]([C@@H](C2=O)N)SC1)C(=O)O,True,True
3300,CID441336,CID441336,C[C@@H]1C[C@H]2[C@@H]3CCC4=CC(=O)C=C[C@@]4([C@]3([C@H](C[C@@]2([C@]1(C(=O)CCl)OC(=O)C5=CC=CO5)C)O)Cl)C,True,True
3301,CID441344,CID441344,CCN(CC)CCOC(=O)C1(CCCCC1)C2CCCCC2.Cl,True,True
3302,CID441350,CID441350,C[C@](CC1=CC=C(C=C1)O)(C(=O)O)N,True,True
3303,CID441351,CID441351,CC(=O)O[C@H]1[C@H](C[C@@H]2[C@@]1(CC[C@H]3[C@H]2CC[C@@H]4[C@@]3(C[C@@H]([C@H](C4)O)N5CCOCC5)C)C)[N+]6(CCCC6)CC=C.[Br-],True,True
3304,CID44135961,CID44135961,CCOC(=O)C1=C(NC2=C(C1C3=CC=C(C=C3)C4=CC=CC=C4)C(=O)CC(C2)(C)C)C,True,True
3305,CID441361,CID441361,C(CC(C(F)F)(C(=O)O)N)CN.Cl,True,True
3306,CID44137675,CID44137675,CC1=CN2C(=O)C=C(N=C2C(=C1)[C@@H](C)NC3=CC=CC=C3C(=O)O)N4CCOCC4,True,True
3307,CID44137946,CID44137946,CN1C=C(C=N1)C2=CC3=C(C=CC4=C(C3=O)C=C(C=C4)NS(=O)(=O)N(C)C[C@@H]5COCCO5)N=C2,True,True
3308,CID44139710,CID44139710,CCN1CCN(CC1)C(=O)CC2=CC=C(C=C2)NC3=NC=C(C(=N3)NC4=CC=C(C=C4)C(=O)NC5=CC=CC=C5Cl)F,True,True
3309,CID441401,CID441401,CC(=O)NC[C@H]1CN(C(=O)O1)C2=CC(=C(C=C2)N3CCOCC3)F,True,True
3310,CID441404,CID441404,C[C@]12CC[C@H]3[C@H]([C@@H]1CC[C@@H]2OC(=O)CCC4CCCC4)CCC5=CC(=O)CC[C@]35C,True,True
3311,CID44143209,CID44143209,CN(C)CCCNC(=O)C1=CC=C(C=C1)C2=CC(=C3C(=C2)C=CC=N3)O,True,True
3312,CID44143370,CID44143370,CCN1CCC(CC1)N2C=C(N=N2)CNC3=CC4=C(C(=CN=C4C(=C3)Cl)C#N)NC5=CC(=C(C=C5)F)Cl,True,True
3313,CID44155856,CID44155856,C1=CC(=CC=C1C2=CNC=C(C2=O)C(=O)NC3=CC(=C(C=C3)OC4=C(C(=NC=C4)N)Cl)F)F,True,True
3314,CID44156902,CID44156902,C[C@@H]1CC[C@H]2[C@H]([C@H](O[C@H]3[C@@]24[C@H]1CC[C@@](O3)(OO4)C)CC(C[C@@H]5[C@@H]([C@@H]6CC[C@H]([C@H]7[C@]68[C@H](O5)O[C@](CC7)(OO8)C)C)C)CS(=O)(=O)C9=CC=C(C=C9)COC(=O)N(C)C)C,True,True
3315,CID44156921,CID44156921,CC(C)(C)CNCCN1C2=C(C(=NC=C2)N)N=C1SC3=CC4=C(C=C3N(C)C)OCO4,True,True
3316,CID4418,CID4418,COC1=CC=CC=C1N2CCN(CC2)CC(COC3=CC=CC4=CC=CC=C43)O,True,True
3317,CID44180156,CID44180156,C1COCCN1C2=CC(=O)C3=C(O2)C(=CS3)C4=CC5=C(C=C4)OCCO5,True,True
3318,CID44181686,CID44181686,C[C@H](C1=NN=C2N1C=C(C=C2F)C3=CN(N=C3)C)N4C=CC5=C(C4=O)C=C(C=N5)OCCOC,True,True
3319,CID44182295,CID44182295,COC1=CC(=C(C(=C1NS(=O)(=O)C2(CC2)C[C@@H](CO)O)NC3=C(C=C(C=C3)I)F)F)F,True,True
3320,CID44182398,CID44182398,CCC1=C(C=CC(=C1C)O)C(=O)NNC(=O)C(C2=CC(=CC(=C2)F)F)O,True,True
3321,CID44187,CID44187,CCN1CCN(C(=O)C1=O)C(=O)N[C@H](C2=CC=C(C=C2)O)C(=O)N[C@H]3[C@@H]4N(C3=O)C(=C(CS4)CSC5=NN=NN5C)C(=O)O,True,True
3322,CID44187362,CID44187362,C1=CC(=C(C=C1I)F)NC2=C(C=CN=C2)C(=O)NC[C@@H](CO)O,True,True
3323,CID44187953,CID44187953,CCN1C2=C(C(=NC(=N2)C3=CC=C(C=C3)NC(=O)NC4=CC=C(C=C4)C(=O)N5CCN(CC5)C)N6CCOCC6)N=N1,True,True
3324,CID44191096,CID44191096,COC1=C(C=CC(=C1)NC(=O)C2=CC=CC=N2)Cl,True,True
3325,CID44195571,CID44195571,CC1(CC2=C(C(=O)C1)C(=NN2C3=CC(=C(C=C3)C(=O)N)NC4CCC(CC4)OC(=O)CN)C(F)(F)F)C,True,True
3326,CID44195701,CID44195701,CNC1CCC(CC1)N(CC2=CC(=CC=C2)C3=CC=NC=C3)C(=O)C4=C(C5=C(C=CC(=C5S4)F)F)Cl,True,True
3327,CID44199317,CID44199317,COC1CCN(CC1)C(=O)C2=C(C=CC(=C2)CC3=NNC(=O)C4=CC=CC=C43)F,True,True
3328,CID442021,CID442021,COC1=C(C=C2C(=C1)[C@]34CCN5[C@H]3C[C@@H]6[C@@H]7[C@@H]4N2C(=O)C[C@@H]7OCC=C6C5)OC,True,True
3329,CID44205240,CID44205240,CCS(=O)(=O)N1CC(C1)(CC#N)N2C=C(C=N2)C3=C4C=CNC4=NC=N3,True,True
3330,CID44206063,CID44206063,CN1C=C(C=N1)C2=NN3C(=NC=C3CC4=CC5=C(C=C4)N=CC=C5)C=C2,True,True
3331,CID442088,CID442088,CN1[C@@H]2C3=C(CCN2C(=O)C4=CC=CC=C41)C5=CC=CC=C5N3,True,True
3332,CID4421,CID4421,CCN1C=C(C(=O)C2=C1N=C(C=C2)C)C(=O)O,True,True
3333,CID44219749,CID44219749,COC(=O)NC1=CC=C(C=C1)C2=NC3=C(C=NN3C4CCN(CC4)C(=O)OC)C(=N2)N5CCOCC5,True,True
3334,CID44224257,CID44224257,CN(C(=O)N1[C@](SC(=N1)C2=C(C=CC(=C2)F)F)(CCCN)C3=CC=CC=C3)OC,True,True
3335,CID44225877,CID44225877,C[C@@H]1COC(=N1)NC2=CC3=C(C=C2)N=CN=C3NC4=CC(=C(C=C4)OCC5=NC=CS5)Cl.CC1=CC=C(C=C1)S(=O)(=O)O.CC1=CC=C(C=C1)S(=O)(=O)O,True,True
3336,CID44237094,CID44237094,CCOC(=O)C1=C(C2=C(N1C)C(=C(C=C2)Cl)Cl)/C(=C\N)/C#N,True,True
3337,CID44240850,CID44240850,CCCCCCCCCCCCC1=CC=C(C=C1)S(=O)(=O)NC2=NN=CS2,True,True
3338,CID442424,CID442424,COC(=O)C1=CO[C@H]([C@H]2[C@@H]1CC=C2CO)O,True,True
3339,CID442428,CID442428,C[C@H]1[C@@H]([C@H]([C@H]([C@@H](O1)O[C@@H]2[C@H]([C@@H]([C@H](O[C@H]2OC3=CC(=C4C(=O)C[C@H](OC4=C3)C5=CC=C(C=C5)O)O)CO)O)O)O)O)O,True,True
3340,CID442439,CID442439,C[C@H]1[C@@H]([C@H]([C@H]([C@@H](O1)O[C@@H]2[C@H]([C@@H]([C@H](O[C@H]2OC3=CC(=C4C(=O)C[C@H](OC4=C3)C5=CC(=C(C=C5)OC)O)O)CO)O)O)O)O)O,True,True
3341,CID44246499,CID44246499,CN1C2=C(C3=C1C(=O)N(N=C3)CC4=CC(=CC=C4)N)SC(=C2)S(=O)C,True,True
3342,CID44247466,CID44247466,COC1=CC=C(C=C1)CNCC2=CC=CC3=CC=CC=C32.Cl,True,True
3343,CID44250175,CID44250175,CC1=CC=C(C=C1)C2=NC3=C(C=C(C=C3)Cl)OC2,True,True
3344,CID442514,CID442514,C1C2=CC(=C(C=C2[C@H]3[C@@]1(COC4=C3C=CC(=C4O)O)O)O)O,True,True
3345,CID44251605,CID44251605,C[C@]1(CCSC(=N1)N)C2=C(C=C(C(=C2)C3=CN=CN=C3)F)F,True,True
3346,CID442534,CID442534,C[C@]12C[C@@]3([C@@H]4C[C@]1([C@@]4([C@H](O2)O3)COC(=O)C5=CC=CC=C5)O[C@H]6[C@@H]([C@H]([C@@H]([C@H](O6)CO)O)O)O)O,True,True
3347,CID44259,CID44259,C[C@@]12[C@@H]([C@@H](C[C@@H](O1)N3C4=CC=CC=C4C5=C6C(=C7C8=CC=CC=C8N2C7=C53)CNC6=O)NC)OC,True,True
3348,CID442614,CID442614,CC1=C(C(=C2C(=C1O)[C@]3(C(=CC(=C(C3=O)C(=O)C)O)O2)C)C(=O)C)O,True,True
3349,CID442972,CID442972,C[C@H]1C[C@@H]2[C@H]([C@H]([C@]3(O2)CC[C@H]4[C@@H]5CC=C6C[C@H](CC[C@@]6([C@H]5CC4=C3C)C)O)C)NC1,True,True
3350,CID44315352,CID44315352,CNCC(C(C(C(CO)O)O)O)O.C1=CC2=CC(=NC(=C2N=C1)C3=CC4=NON=C4C=C3)C5=CC=C(C=C5)C(=O)O,True,True
3351,CID443289,CID443289,CC(C)C[C@H]1C(=O)N[C@@H](C(=O)N[C@@H](C(=O)N2CCC[C@H]2C(=O)N[C@@H](C(=O)N1)C(C)C)CC(=O)O)CC3=CNC4=CC=CC=C43,True,True
3352,CID44329754,CID44329754,CCCN1CCO[C@H]2[C@@H]1COC3=C2C=C(C=C3)O,True,True
3353,CID443354,CID443354,C1C=C([C@@H]2[C@H]1C(=CO[C@H]2O[C@H]3[C@@H]([C@H]([C@@H]([C@H](O3)CO)O)O)O)C(=O)O)CO,True,True
3354,CID443382,CID443382,CCCCCCCCCCCCCCCC(=O)OC[C@H]([C@@H](C1=CC=C(C=C1)[N+](=O)[O-])O)NC(=O)C(Cl)Cl,True,True
3355,CID443390,CID443390,COC1=C(C=C2C(=C1)CCN2C(=O)NC3=CC(=CC(=C3)C4=CN=CC=C4)F)C(F)(F)F,True,True
3356,CID44341259,CID44341259,C1CC12CN(C[C@@H]2N)C3=C(C=C4C(=C3Cl)N(C=C(C4=O)C(=O)O)C5C[C@H]5F)F,True,True
3357,CID443593,CID443593,C[C@@H]1[C@@H]2C[C@]([C@@H](C=CC=C(CC3=CC(=C(C(=C3)OC)Cl)N(C(=O)C[C@@H]([C@]4([C@H]1O4)C)OC(=O)C(C)C)C)C)OC)(NC(=O)O2)O,True,True
3359,CID44383,CID44383,COC1=C(C=C2C(=C1)C(=NC(=N2)N3CCN(CC3)C(=O)C4CCCO4)N)OC.Cl,True,True
3360,CID443867,CID443867,CC(C)(C)C1=CC=C(C=C1)CN(C)CC2=CC=CC3=CC=CC=C32.Cl,True,True
3361,CID443872,CID443872,C[C@]12CCC(=O)C=C1C[C@H]([C@@H]3[C@]24[C@H](O4)C[C@]5([C@H]3CC[C@@]56CCC(=O)O6)C)C(=O)OC,True,True
3362,CID443873,CID443873,CCOC(=O)[C@H](CCC1=CC=CC=C1)N[C@H]2CS[C@@H](CN(C2=O)CC(=O)O)C3=CC=CS3.Cl,True,True
3363,CID443878,CID443878,CC1=CC(=C(C=C1)O)[C@H](CCN(C(C)C)C(C)C)C2=CC=CC=C2.[C@@H]([C@H](C(=O)O)O)(C(=O)O)O,True,True
3365,CID443939,CID443939,C[C@H]1[C@H]([C@H](C[C@@H](O1)O[C@H]2C[C@@](CC3=C2C(=C4C(=C3O)C(=O)C5=C(C4=O)C(=CC=C5)OC)O)(C(=O)CO)O)N)O.Cl,True,True
3366,CID443943,CID443943,C[C@]12CCC(=O)C=C1CC[C@@H]3[C@@]2([C@H](C[C@]4([C@H]3C[C@@H]5[C@]4(OC(O5)(C)C)C(=O)CCl)C)O)F,True,True
3367,CID443955,CID443955,CC[C@@]12CCCN3[C@@H]1C4=C(CC3)C5=CC=CC=C5N4C(=C2)C(=O)OCC,True,True
3368,CID444,CID444,CC(C(=O)C1=CC(=CC=C1)Cl)NC(C)(C)C,True,True
3369,CID4440,CID4440,CNS(=O)(=O)CCC1=CC2=C(C=C1)NC=C2C3CCN(CC3)C,True,True
3370,CID444020,CID444020,C1[C@@H]([C@@H]([C@H]([C@@H]([C@]1(CO)O)O)O)O)NC(CO)CO,True,True
3371,CID444025,CID444025,CCOC(=O)O[C@@]1(CC[C@@H]2[C@@]1(C[C@@H]([C@H]3[C@H]2CCC4=CC(=O)C=C[C@]34C)O)C)C(=O)OCCl,True,True
3372,CID444030,CID444030,C1CN(C[C@@H]1C(C2=CC=CC=C2)(C3=CC=CC=C3)C(=O)N)CCC4=CC5=C(C=C4)OCC5.Br,True,True
3374,CID444036,CID444036,CCC(=O)O[C@@]1([C@@H](C[C@@H]2[C@@]1(C[C@@H]([C@]3([C@H]2C[C@@H](C4=CC(=O)C=C[C@@]43C)F)F)O)C)C)C(=O)SCF,True,True
3375,CID44403842,CID44403842,C1C(C(OC1N2C=C(C(=O)NC2=O)F)CO)O,True,True
3376,CID44404825,CID44404825,CN1C(=O)[C@@H](NC1=O)CC2=CNC3=C2C=CC=C3Cl,True,True
3377,CID44421596,CID44421596,CCC(CC)[C@H](C1=CC=C(C=C1)NC2=NC3=CC=CC=C3S2)N4C=NC=N4,True,True
3378,CID44424838,CID44424838,C[C@H]1/C=C/C=C/CC/C=C/C=C/C=C/C=C/[C@@H](C[C@H]2[C@@H]([C@H](C[C@](O2)(C[C@H]([C@@H](CC[C@H](C[C@H](C[C@H](CC(=O)O[C@H]([C@@H]([C@@H]1O)C)C)O)O)O)O)O)O)O)C(=O)O)O[C@@H]3[C@@H]([C@@H]([C@H]([C@@H](O3)C)O)N)O,True,True
3379,CID44451493,CID44451493,CN(C)C[C@@H]1CCN2C=C(C3C(C4=CN(CCO1)C5=CC=CC=C54)C(=O)NC3=O)C6=CC=CC=C62,True,True
3380,CID44457280,CID44457280,CC1([C@H]([C@H](C2=C(O1)C(=O)C3=CC=CC=C3C2=O)NCC4=CC=CC=C4)O)C,True,True
3381,CID44462758,CID44462758,C1CC[C@H]([C@H](C1)N)NC2=NC=C(C(=N2)NC3=CC(=CC=C3)N4N=CC=N4)C(=O)N,True,True
3382,CID44462760,CID44462760,CC(C)(C)C1=NC(=C(S1)C2=NC(=NC=C2)N)C3=C(C(=CC=C3)NS(=O)(=O)C4=C(C=CC=C4F)F)F,True,True
3383,CID444679,CID444679,C[C@H](/C=C/[C@H](C)C(C)C)[C@H]1CC[C@@H]2[C@@]1(CC[C@H]3C2=CC=C4[C@@]3(CC[C@@H](C4)O)C)C,True,True
3384,CID44469321,CID44469321,C[C@H]1CC2=C([C@]3(N1)C4=C(C=CC(=C4)Cl)NC3=O)NC5=CC(=C(C=C25)F)Cl,True,True
3385,CID444732,CID444732,C[C@H](/C=C(\C)/C=C/C(=O)NO)C(=O)C1=CC=C(C=C1)N(C)C,True,True
3386,CID44475014,CID44475014,CC1=CC2=C(C=C1C)N(C=N2)[C@@H]3[C@@H]([C@@H]([C@H](O3)CO)OP(=O)([O-])O[C@H](C)CNC(=O)CC[C@@]\4([C@H]([C@@H]5[C@]6([C@@]([C@@H](C(=N6)/C(=C\7/[C@@]([C@@H](C(=N7)/C=C\8/C([C@@H](C(=N8)/C(=C4\[N-]5)/C)CCC(=O)N)(C)C)CCC(=O)N)(C)CC(=O)N)/C)CCC(=O)N)(C)CC(=O)N)C)CC(=O)N)C)O.[OH-].[Co+3],True,True
3387,CID444795,CID444795,CC1=C(C(CCC1)(C)C)/C=C/C(=C/C=C/C(=C/C(=O)O)/C)/C,True,True
3388,CID44480399,CID44480399,CC1=C(C2=C(O1)C=C(C=C2)OC3=NC=NC4=CC(=C(C=C43)OC)OC)C(=O)NC,True,True
3389,CID44483163,CID44483163,C1[C@@H]2C=C[C@H]1[C@@H]3[C@H]2C(=O)N(C3=O)C4=CC=C(C=C4)C(=O)NC5=CC=CC6=C5N=CC=C6,True,True
3390,CID445154,CID445154,C1=CC(=CC=C1/C=C/C2=CC(=CC(=C2)O)O)O,True,True
3391,CID44516953,CID44516953,CN(C)C1CCN(CC1)C(=O)C2=CC=C(C=C2)NC(=O)NC3=CC=C(C=C3)C4=NC(=NC(=N4)N5CCOCC5)N6CCOCC6,True,True
3392,CID44519124,CID44519124,CC(C)NCCN1C2=C(C=C(C=C2)C(=O)C)C3=C1C=CC(=C3)C(=O)C,True,True
3393,CID44543605,CID44543605,C1CN(CCN(C1)S(=O)(=O)C2=CC=CC(=C2)N)S(=O)(=O)C3=CC4=C(C=C3)OCCO4,True,True
3394,CID44545852,CID44545852,CN1CCCN(CC1)C(=O)C2=CC=CC(=C2)C3=CC=C(O3)/C=C/4\C5=C(C=CC(=C5)Cl)NC4=O,True,True
3395,CID44551660,CID44551660,COC1=C(C=C2C(=C1)C(=NC=N2)N3C(=NC(=N3)C4=CC=CC=N4)N)OC,True,True
3396,CID44561,CID44561,C(=O)([O-])P(=O)([O-])[O-].[Na+].[Na+].[Na+],True,True
3397,CID445643,CID445643,C[C@@H]1C[C@@H]([C@@H]2[C@H](C[C@H]([C@@](O2)(C(=O)C(=O)N3CCCC[C@H]3C(=O)O[C@@H]([C@@H]([C@H](CC(=O)[C@@H](/C=C(/C1)\C)CC=C)O)C)/C(=C/[C@@H]4CC[C@H]([C@@H](C4)OC)O)/C)O)C)OC)OC,True,True
3398,CID44573504,CID44573504,CC(C)(CN1C2=C(C=C(C=C2)CN3CCOCC3)N=C1NC(=O)C4=CC=C(S4)C5=CNN=C5)O,True,True
3400,CID44592366,CID44592366,CCNCC1=NC2=C(N1CC(C)(C)O)C3=CC=CC=C3N=C2N,True,True
3401,CID44595079,CID44595079,CCS(=O)(=O)N1CCN(CC1)C2=CC=C(C=C2)NC3=NC=C(C(=N3)NC4CC4)C(=O)N,True,True
3402,CID44599207,CID44599207,CCC1=C(C=CC(=C1)/C(=N/OCC2=CC(=C(C=C2)C3CCCCC3)C(F)(F)F)/C)CN4CC(C4)C(=O)O,True,True
3403,CID44599690,CID44599690,CN(C)CCN(C)C(=O)C1=CC=C(C=C1)NC(=O)NC2=CC=C(C=C2)C3=NC4=C(C=CN4CC(F)(F)F)C(=N3)N5CCOCC5,True,True
3404,CID44603362,CID44603362,CC1(CN(C1)C(=O)C2=CC=C(C=C2)C3=CC=CC4=NC(=NN43)NC(=O)C5CC5)C,True,True
3405,CID44603533,CID44603533,CC1=CC=C(C(=O)N1C2=CC=C(C=C2)F)C(=O)NC3=CC(=C(C=C3)OC4=C(C=C5C(=C4)C=NN5C)C6=CNN=C6)F,True,True
3406,CID4460695,CID4460695,CC1C=CC=C(C(=O)NC2=C(C3=C(C4=C(C(=C3O)C)OC(C4=O)(OC=CC(C(C(C(C(C(C1O)C)O)C)OC(=O)C)C)OC)C)C5=NC6(CCN(CC6)CC(C)C)N=C25)O)C,True,True
3407,CID44607360,CID44607360,CN1CCN(CC1)C2=CC=C(C=C2)NC3=NC=C(C(=N3)OC4=CC=CC(=C4)NC(=O)C=C)Cl,True,True
3408,CID44607530,CID44607530,CN1CCN(CC1)C2=CC(=C(C=C2)NC3=NC=C(C(=N3)OC4=CC=CC(=C4)NC(=O)C=C)Cl)OC,True,True
3409,CID44607531,CID44607531,CN1CCN(CC1)C2=CC=C(C=C2)NC3=NC=C(C(=N3)SC4=CC=CC(=C4)NC(=O)C=C)Cl,True,True
3410,CID446156,CID446156,CC(C)C1=C(C(=C(C(=N1)C(C)C)COC)C2=CC=C(C=C2)F)/C=C/[C@H](C[C@H](CC(=O)O)O)O,True,True
3411,CID4463,CID4463,CC1=C2C(=NC=C1)N(C3=C(C=CC=N3)C(=O)N2)C4CC4,True,True
3412,CID44631912,CID44631912,CN(C)C(=O)C1=CC2=CN=C(N=C2N1C3CCCC3)NC4=NC=C(C=C4)N5CCNCC5,True,True
3413,CID44632017,CID44632017,COC1=CC=C(C=C1)C(=O)CC2(C3=C(C=CC(=C3NC2=O)Cl)Cl)O,True,True
3414,CID446378,CID446378,CCCCCCCC(=O)O[C@H]1[C@H]2C(=C([C@@H]1OC(=O)/C(=C\C)/C)C)[C@H]3[C@]([C@H](C[C@]2(C)OC(=O)C)OC(=O)CCC)([C@](C(=O)O3)(C)O)O,True,True
3415,CID446541,CID446541,CC1=C2COC(=O)C2=C(C(=C1OC)C/C=C(\C)/CCC(=O)O)O,True,True
3416,CID446598,CID446598,CCC[C@@H]1C[C@H](N(C1)C)C(=O)N[C@@H]([C@@H]2[C@@H]([C@@H]([C@H]([C@H](O2)SC)O)O)O)[C@H](C)Cl,True,True
3417,CID446727,CID446727,C1[C@@H]([C@H](O[C@H]1N2C=C(C(=O)NC2=O)/C=C/Br)CO)O,True,True
3418,CID446738,CID446738,CCC(=O)NC[C@H](CC1=CC=C(C=C1)OCCC2=C(OC(=N2)C3=CC=CC=C3)C)N/C(=C\C(=O)C4=CC=C(C=C4)C(F)(F)F)/C,True,True
3419,CID446987,CID446987,C[C@H]1[C@H](O1)P(=O)(O)O,True,True
3420,CID447043,CID447043,CC[C@@H]1[C@@]([C@@H]([C@H](N(C[C@@H](C[C@@]([C@@H]([C@H]([C@@H]([C@H](C(=O)O1)C)O[C@H]2C[C@@]([C@H]([C@@H](O2)C)O)(C)OC)C)O[C@H]3[C@@H]([C@H](C[C@H](O3)C)N(C)C)O)(C)O)C)C)C)O)(C)O,True,True
3421,CID447077,CID447077,CN1C2=NC(=NC=C2C=C(C1=O)C3=C(C=CC=C3Cl)Cl)NC4=CC(=CC=C4)SC,True,True
3422,CID4472,CID4472,C1=CC=C(C=C1)CNC(=O)CCNNC(=O)C2=CC=NC=C2,True,True
3423,CID447371,CID447371,CCCCN1C2=C(C(=O)N(C1=O)CC3=CC=CC=C3F)NC(=N2)CC4=CC=C(C=C4)NC(=O)C,True,True
3424,CID4474,CID4474,CC1=C(C(C(=C(N1)C)C(=O)OCCN(C)CC2=CC=CC=C2)C3=CC(=CC=C3)[N+](=O)[O-])C(=O)OC,True,True
3425,CID4477,CID4477,C1=CC(=C(C=C1[N+](=O)[O-])Cl)NC(=O)C2=C(C=CC(=C2)Cl)O,True,True
3426,CID447865,CID447865,C[C@H]1CCC/C(=C\C[C@H](OC(=O)C[C@@H](C(C(=O)[C@@H]([C@H]1O)C)(C)C)O)/C(=C/C2=CSC(=N2)C)/C)/C,True,True
3427,CID447905,CID447905,C1=CC=C(C=C1)C(CN(CCCOC2=CC=CC(=C2)CC(=O)O)CC3=C(C(=CC=C3)C(F)(F)F)Cl)C4=CC=CC=C4,True,True
3428,CID447912,CID447912,C1=CC=C(C=C1)S(=O)(=O)N(CC(F)(F)F)C2=CC=C(C=C2)C(C(F)(F)F)(C(F)(F)F)O,True,True
3429,CID447966,CID447966,C1=CC=C2C(=C1)C(=CC=N2)C3=C(NN=C3)C4=CC=CC=N4,True,True
3430,CID448013,CID448013,C[C@H]1CCC[C@@]2([C@@H](O2)C[C@H](OC(=O)C[C@@H](C(C(=O)[C@@H]([C@H]1O)C)(C)C)O)/C(=C/C3=CSC(=N3)C)/C)C,True,True
3431,CID448014,CID448014,COC1=CC=C(C=C1)CNC(=O)NC2=NC=C(S2)[N+](=O)[O-],True,True
3432,CID448042,CID448042,C[C@H](C1CCC(CC1)C(=O)NC2=CC=NC=C2)N,True,True
3433,CID448055,CID448055,COC1=C(C=C(C=C1)[C@H]2CC(=O)NC2)OC3CCCC3,True,True
3434,CID44814409,CID44814409,C[C@H]1C[C@H](C[C@H](C1)N)C2=C(C=NC=C2)NC(=O)C3=NC(=C(C=C3)F)C4=C(C=CC=C4F)F,True,True
3435,CID44828492,CID44828492,CCC1=C(NC2=C1C=C(C=C2)Cl)C(=O)NCCC3=CC=C(C=C3)N4CCCCC4,True,True
3436,CID4485,CID4485,CC1=C(C(C(=C(N1)C)C(=O)OC)C2=CC=CC=C2[N+](=O)[O-])C(=O)OC,True,True
3437,CID448537,CID448537,CC/C(=C(/CC)\C1=CC=C(C=C1)O)/C2=CC=C(C=C2)O,True,True
3438,CID448545,CID448545,C1[C@H](N(CC2=C(N1CC3=CN=CN3)C=CC(=C2)C#N)S(=O)(=O)C4=CC=CS4)CC5=CC=CC=C5,True,True
3439,CID4486,CID4486,CN1C(=CC(=O)N(C1=O)C)NCCN(CCCC2=CC=C(C=C2)[N+](=O)[O-])CCO,True,True
3440,CID448601,CID448601,C[C@H]([C@H]1C(=O)N[C@@H](CSSC[C@@H](C(=O)N[C@H](C(=O)N[C@@H](C(=O)N[C@H](C(=O)N1)CCCCN)CC2=CNC3=CC=CC=C32)CC4=CC=CC=C4)NC(=O)[C@@H](CC5=CC=CC=C5)N)C(=O)N[C@H](CO)[C@@H](C)O)O,True,True
3441,CID448799,CID448799,C[C@H]1CCC[C@@H]2[C@@H](O2)C[C@H](OC(=O)C[C@@H](C(C(=O)[C@@H]([C@H]1O)C)(C)C)O)/C(=C/C3=CSC(=N3)C)/C,True,True
3442,CID4488,CID4488,C1=CC(=CC(=C1)NC2=C(C=CC=N2)C(=O)O)C(F)(F)F,True,True
3443,CID448812,CID448812,C1C[C@H]2C(=O)N[C@@H](CSSCCC(=O)N[C@H](C(=O)NCC(=O)N[C@H](C(=O)N[C@H](C(=O)N2C1)CC3=CNC4=CC=CC=C43)CC(=O)O)CCCCN=C(N)N)C(=O)N,True,True
3444,CID448949,CID448949,C1=CC=C2C(=C1)C(=C(N2)C3=C(NC4=C3C=CC(=C4)Br)O)N=O,True,True
3445,CID448991,CID448991,CC(C)[C@H](CO)NC1=NC(=C2C(=N1)N(C=N2)C(C)C)NC3=CC(=C(C=C3)C(=O)O)Cl,True,True
3446,CID449035,CID449035,CC(C)(C)COC1=C(C=C(C=C1)N2C=C(C=N2)C(=O)O)C#N,True,True
3447,CID449054,CID449054,CC1=NC(=CC=C1)C2=C(C=NN2)C3=NC4=C(C=C3)N=CC=C4,True,True
3448,CID449069,CID449069,CC=C1[C@@H]2CC3=C([C@]1(CC(=C2)C)N)C=CC(=O)N3,True,True
3449,CID449171,CID449171,CC1=C(C(CCC1)(C)C)/C=C/C(=C\C=C\C(=C\C(=O)O)\C)/C,True,True
3450,CID449193,CID449193,C1CC1COC2=C(C=CC(=C2)C(=O)NC3=C(C=NC=C3Cl)Cl)OC(F)F,True,True
3451,CID449241,CID449241,C1=CC2=C(C=CN=C2)C(=C1)S(=O)(=O)NCCNC/C=C/C3=CC=C(C=C3)Br,True,True
3452,CID4493,CID4493,CC1(C(=O)N(C(=O)N1)C2=CC(=C(C=C2)[N+](=O)[O-])C(F)(F)F)C,True,True
3453,CID449381,CID449381,CCC(CC)O[C@@H]1C=C(C[C@@H]([C@H]1NC(=O)C)N)C(=O)O,True,True
3454,CID4494,CID4494,CC1=C(C(C(=C(N1)C#N)C(=O)OC)C2=CC(=CC=C2)[N+](=O)[O-])C(=O)OC(C)C,True,True
3455,CID4495,CID4495,CS(=O)(=O)NC1=C(C=C(C=C1)[N+](=O)[O-])OC2=CC=CC=C2,True,True
3456,CID4497,CID4497,CC1=C(C(C(=C(N1)C)C(=O)OC(C)C)C2=CC(=CC=C2)[N+](=O)[O-])C(=O)OCCOC,True,True
3457,CID4499,CID4499,CC1=C(C(C(=C(N1)C)C(=O)OCC(C)C)C2=CC=CC=C2[N+](=O)[O-])C(=O)OC,True,True
3458,CID45027820,CID45027820,COC1=C(C=C2C(=C1)C3=C(C4=CC5=C(C=C4C3=O)OCO5)N(C2=O)CCCN6C=CN=C6)OC.Cl,True,True
3459,CID4507,CID4507,CCOC(=O)C1=C(NC(=C(C1C2=CC(=CC=C2)[N+](=O)[O-])C(=O)OC)C)C,True,True
3460,CID45101433,CID45101433,CN1CCN(CC1)C(=O)C2C3CCC(C2C(=O)O)O3,True,True
3461,CID4513,CID4513,CN/C(=C\[N+](=O)[O-])/NCCSCC1=CSC(=N1)CN(C)C,True,True
3462,CID45139106,CID45139106,C1CCC(C1)(C#N)C2=CC=C(C=C2)NC(=O)C3=C(N=CC=C3)NCC4=CC=NC=C4,True,True
3463,CID451415,CID451415,CC[C@]1(C[C@@H](C2=C(C3=C(C=C2[C@H]1C(=O)OC)C(=O)C4=C(C3=O)C(=CC=C4)O)O)O[C@H]5C[C@@H]([C@@H]([C@@H](O5)C)O[C@H]6C[C@@H]([C@@H]([C@@H](O6)C)O[C@H]7CCC(=O)[C@@H](O7)C)O)N(C)C)O,True,True
3464,CID451668,CID451668,C1[C@@H]([C@H](O[C@H]1N2C=NC(=NC2=O)N)CO)O,True,True
3465,CID4521392,CID4521392,C1OC2=C(O1)C=C(C=C2)C3=C(NC(=N3)C4=CC=C(C=C4)C(=O)N)C5=CC=CC=N5,True,True
3466,CID452548,CID452548,COC1=CC(=CC(=C1O)OC)[C@H]2[C@@H]3[C@H](COC3=O)[C@@H](C4=CC5=C(C=C24)OCO5)O[C@H]6[C@@H]([C@H]([C@H]7[C@H](O6)CO[C@H](O7)C8=CC=CS8)O)O,True,True
3467,CID45270144,CID45270144,CN(C)C1=C(C(=NC(=N1)CC2=CC=C(C=C2)NC(=O)C3=CC=C(C=C3)C(F)(F)F)N(C)C)CC(=O)O,True,True
3468,CID45279469,CID45279469,CC1=C(C=C(C=C1)C(=O)N)NC2=NC=CC(=N2)C3=CN(C4=C3C=CN=C4)C(C)C,True,True
3469,CID453548,CID453548,C1=NC(=C2C(=N1)N(C=N2)[C@H]3[C@@H]([C@H]([C@@H](O3)CO)O)O)N,True,True
3470,CID45375808,CID45375808,C[C@@H](C(=O)OC(C)C)N[P@](=O)(OC[C@@H]1[C@H]([C@@]([C@@H](O1)N2C=CC(=O)NC2=O)(C)F)O)OC3=CC=CC=C3,True,True
3471,CID45375887,CID45375887,CNCC1=CN(C(=C1)C2=CC=CC=C2F)S(=O)(=O)C3=CN=CC=C3.C(=C/C(=O)O)\C(=O)O,True,True
3472,CID45375953,CID45375953,CC(C)N1C2=NC=NC(=C2C(=N1)C3=CC4=C(C=C3)OC(=N4)N)N,True,True
3473,CID4539,CID4539,CCN1C=C(C(=O)C2=CC(=C(C=C21)N3CCNCC3)F)C(=O)O,True,True
3474,CID454194,CID454194,C1[C@H](O[C@H](O1)CO)N2C=CC(=NC2=O)N,True,True
3475,CID454216,CID454216,CCCCC(=O)OCC(=O)[C@]1(C[C@@H](C2=C(C1)C(=C3C(=C2O)C(=O)C4=C(C3=O)C=CC=C4OC)O)O[C@H]5C[C@@H]([C@@H]([C@@H](O5)C)O)NC(=O)C(F)(F)F)O,True,True
3476,CID45480520,CID45480520,C[C@@]1(CCCN1)C2=NC3=C(C=CC=C3N2)C(=O)N.Cl.Cl,True,True
3477,CID456199,CID456199,C1[C@@H](COC2=NC(=CN21)[N+](=O)[O-])OCC3=CC=C(C=C3)OC(F)(F)F,True,True
3478,CID456214,CID456214,CC(C)[C@H](CO)NC1=NC(=C2C(=N1)N(C=N2)C(C)C)NC3=CC(=CC=C3)Cl,True,True
3479,CID456389,CID456389,C1=CC(=CC=C1C(C#N)C2=C(C=C(C=C2Cl)N3C(=O)NC(=O)C=N3)Cl)Cl,True,True
3480,CID4566,CID4566,C1CCC(CC1)COC2=NC(=NC3=C2NC=N3)NC4=CC=C(C=C4)S(=O)(=O)N,True,True
3481,CID457193,CID457193,C[C@@H]1[C@@H](C(=O)N[C@@H](C(=O)N2CCC[C@H]2C(=O)N(CC(=O)N([C@H](C(=O)O1)C(C)C)C)C)C(C)C)NC(=O)C3=C4C(=C(C=C3)C)OC5=C(C(=O)C(=C(C5=N4)C(=O)N[C@H]6[C@H](OC(=O)[C@@H](N(C(=O)CN(C(=O)[C@@H]7CCCN7C(=O)[C@H](NC6=O)C(C)C)C)C)C(C)C)C)N)C,True,True
3482,CID45784923,CID45784923,CCOC1=CC=C(C=C1)N2C(=O)C3=C(N=CC=C3)N=C2[C@@H](C)N(CC4=CN=CC=C4)C(=O)CC5=CC(=C(C=C5)F)C(F)(F)F,True,True
3483,CID4583,CID4583,CC1COC2=C3N1C=C(C(=O)C3=CC(=C2N4CCN(CC4)C)F)C(=O)O,True,True
3484,CID4593,CID4593,CC1=C(C=C(C(=O)N1)C#N)C2=CN3C=CN=C3C=C2,True,True
3485,CID4594,CID4594,CC1=CN=C(C(=C1OC)C)CS(=O)C2=NC3=C(N2)C=C(C=C3)OC,True,True
3486,CID45942672,CID45942672,COCCOC1=NN(C(=N1)C2=CC(=C(C=C2)Cl)Cl)C3=CC=C(C=C3)NC(=O)CCl,True,True
3487,CID4595,CID4595,CC1=NC=CN1CC2CCC3=C(C2=O)C4=CC=CC=C4N3C,True,True
3488,CID459617,CID459617,C1=CC2=C(C=CC(=C2N=C1)O)C(=O)O,True,True
3489,CID4601,CID4601,CC1=CC=CC=C1C(C2=CC=CC=C2)OCCN(C)C,True,True
3490,CID460612,CID460612,C1=CC(=CC=C1C[C@@H](C(=O)O)N)N(CCCl)CCCl,True,True
3491,CID461399,CID461399,C1CC12CN(C[C@H]2N)C3=C(C=C4C(=C3Cl)N(C=C(C4=O)C(=O)O)[C@@H]5C[C@@H]5F)F.O,True,True
3492,CID4614,CID4614,C1=CC=C(C=C1)C2=C(OC(=N2)CCC(=O)O)C3=CC=CC=C3,True,True
3493,CID46173038,CID46173038,COC1=CC(=CC(=C1OC)OC)C2=C(N=CC(=C2)C3=CC(=CC=C3)O)N,True,True
3494,CID46175189,CID46175189,COCCOC(=O)N1CCN([C@H](C1)C(=O)N[O-])S(=O)(=O)C2=CC(=C(C(=C2)F)OC3=CC=C(C=C3)Cl)F.COCCOC(=O)N1CCN([C@H](C1)C(=O)N[O-])S(=O)(=O)C2=CC(=C(C(=C2)F)OC3=CC=C(C=C3)Cl)F.[Mg+2],True,True
3495,CID46180666,CID46180666,CC1=NC(=NC=C1C2=NC3=C(C(=N2)N4CCOCC4)SC(=C3)C(C)(C)O)N,True,True
3496,CID46184986,CID46184986,CNC(=O)C1=NC=CC(=C1)OC2=CC3=C(C=C2)N=C(S3)N[C@@H]4CCCC[C@H]4O,True,True
3497,CID46188928,CID46188928,C1C[C@@H](N(C1)C2=NC3=C(C=NN3C=C2)NC(=O)N4CC[C@@H](C4)O)C5=C(C=CC(=C5)F)F,True,True
3498,CID46189838,CID46189838,CN(C(=O)N1[C@@](SC(=N1)C2=C(C=CC(=C2)F)F)(CCCN)C3=CC=CC=C3)OC,True,True
3499,CID46191454,CID46191454,CC(C)CC(=O)NC1=NNC2=C1CN(C2(C)C)C(=O)C3CCN(CC3)C,True,True
3500,CID46192505,CID46192505,CCNC(=O)NC1=NC=C(S1)C2=CC(=NC(=N2)C3=NC=CN=C3)C4=C(C=C(C=C4C)OC)C,True,True
3501,CID46199207,CID46199207,CC(C)N1C=NC2=C(N=C(N=C21)C3=CSC4=CC=CC=C43)NCCC5=CC=C(C=C5)O,True,True
3502,CID46199646,CID46199646,CC(C)(CO)C1=CC2=CC(=C(C=C2N1C[C@H](CO)O)F)NC(=O)C3(CC3)C4=CC5=C(C=C4)OC(O5)(F)F,True,True
3503,CID46209401,CID46209401,C1CC1C(=O)NC2=NC3=C(S2)C(=C(C=C3)OC4=CC(=C(C=C4)F)NC(=O)CC5=CC(=CC=C5)C(F)(F)F)C#N,True,True
3504,CID46209426,CID46209426,C1=CC=C(C=C1)CNC(=O)C2=CSC(=N2)NC3=NC=NC=C3,True,True
3505,CID4621,CID4621,CC(C)(CC1=CC=CC=C1)N(C)C(=O)CN(CCO)CC(=O)N(C)C(C)(C)CC2=CC=CC=C2,True,True
3506,CID46213929,CID46213929,CC1=CC(=NN1)NC2=NN3C(=C(N=C3C(=C2)CN4CCOCC4)C)CC5=C(C=C(C=C5)Cl)F,True,True
3507,CID46214930,CID46214930,CC1=NN(C(=C1)NC2=NC=C(C(=C2)NC3=CC=CC=C3C(=O)NOC)Cl)C(C)C,True,True
3508,CID46215462,CID46215462,C1CCN(C1)[C@H]2CCC3=C(CC2)C=C(C=C3)NC4=NN(C(=N4)N)C5=NN=C6C(=C5)CCCC7=CC=CC=C76,True,True
3509,CID46215815,CID46215815,C[C@@H]1CC[C@@H](CN1C2=NC(=NC(=C2)C3=CC4=C(C=C3)C(=NN4)N)NC)C(=O)NC5CCCCC5,True,True
3510,CID46216556,CID46216556,CC1=C2C(=NC(=N1)N)C[C@@H](NC2=O)C3=C(C=C(C=C3)F)C4=NC(=CC=C4)OC,True,True
3511,CID46216796,CID46216796,C1CCN(C1)CCOC2=C3COC/C=C/COCC4=CC(=CC=C4)C5=NC(=NC=C5)NC(=C3)C=C2,True,True
3512,CID4622,CID4622,CCCOC1=CC2=C(C=C1)N=C(N2)NC(=O)OC,True,True
3513,CID46220502,CID46220502,CCN1CCN(CC1)CC2=CN=C(C=C2)NC3=NC=C(C(=N3)C4=CC5=C(C(=C4)F)N=C(N5C(C)C)C)F,True,True
3514,CID46224413,CID46224413,CCC[C@@H](C(=O)NC1=CN(C=N1)C(C)(C)CNCC(C)(C)C)N[C@H]2CCC3=C(C2)C(=CC(=C3)F)F,True,True
3515,CID46224516,CID46224516,CC(C)N1CCC(CC1)NC2=NC(=NC3=CC(=C(C=C32)OC)OCCCN4CCCC4)C5CCCCC5,True,True
3516,CID46232606,CID46232606,C1CN(CCN1CC2=CC(=CC=C2)OC3=CC=CC=C3)C(=O)OC4=CC=C(C=C4)[N+](=O)[O-],True,True
3517,CID462382,CID462382,CC(C)C[C@@H](C=O)NC(=O)[C@H](CC(C)C)NC(=O)[C@H](CC(C)C)NC(=O)OCC1=CC=CC=C1,True,True
3518,CID46239014,CID46239014,CN1C=C(C=N1)C2=C3N=C(C(=C(N3N=C2)N)Br)[C@H]4CCCNC4,True,True
3519,CID46239015,CID46239015,CN1C=C(C=N1)C2=C3N=C(C(=C(N3N=C2)N)Br)[C@@H]4CCCNC4,True,True
3520,CID46241268,CID46241268,CCCCOC1=NC(=C2C(=N1)N(CC(=O)N2)CC3=CC=CC(=C3)CN4CCCC4)N,True,True
3521,CID46242512,CID46242512,C[C@@H]1CC[C@@H]2[C@@H]1[C@@H]([C@@]3(C[C@H]([C@]2(O3)C)OC(=O)CO)C(C)C)OC(=O)/C=C/C4=CC=CC=C4,True,True
3522,CID46244454,CID46244454,C[C@@H]1COCCN1C2=NC(=NC(=C2)C3(CC3)S(=O)(=O)C)C4=C5C=CNC5=CC=C4,True,True
3523,CID46245047,CID46245047,COCCCC1=C(N=C(S1)C2=CC=CC=C2)C(=O)NC3=CC=CC=C3C4=NC5=C(S4)N=CC(=C5)CN6CCCC6,True,True
3524,CID46245328,CID46245328,C[C@@]12[C@@H]([C@@H](C[C@@H](O1)N3C4=CC=CC=C4C5=C6C(=C7C8=CC=CC=C8N2C7=C53)C(=O)NC6=O)N(C)C(=O)C9=CC=CC=C9)OC,True,True
3526,CID4634,CID4634,CCN(CC)CC#CCOC(=O)C(C1CCCCC1)(C2=CC=CC=C2)O,True,True
3527,CID4636,CID4636,CC1=CC(=C(C(=C1CC2=NCCN2)C)O)C(C)(C)C,True,True
3528,CID46398810,CID46398810,C1CNCCC1N2C=C(C=N2)C3=NC4=C(C=CC=C4N=C3)C5=CC(=C(C(=C5)F)CN6CCOCC6)F,True,True
3529,CID4641,CID4641,CCCCC1C(=O)N(N(C1=O)C2=CC=C(C=C2)O)C3=CC=CC=C3,True,True
3530,CID4649,CID4649,C1=CC(=C(C=C1N)O)C(=O)O,True,True
3531,CID4659569,CID4659569,CC1=CC=C(C=C1)C(=O)C2=CC(=C(C(=C2)O)O)[N+](=O)[O-],True,True
3532,CID46700756,CID46700756,COC1=C(C(=CC=C1)OCCCN)C2=CC(=NN2)NC3=NC=C(N=C3)C#N,True,True
3533,CID4674,CID4674,C(CN)C(O)(P(=O)(O)O)P(=O)(O)O,True,True
3534,CID46742353,CID46742353,C1=CC=C(C=C1)C2=CC=C(C=C2)CNC3=C(N=NC(=N3)C4=CC=CC=N4)C5=CC=CC=C5,True,True
3535,CID4679,CID4679,COC1=C(C(=NC=C1)CS(=O)C2=NC3=C(N2)C=C(C=C3)OC(F)F)OC,True,True
3536,CID4680,CID4680,COC1=C(C=C(C=C1)CC2=NC=CC3=CC(=C(C=C32)OC)OC)OC,True,True
3537,CID46832368,CID46832368,C1CCC(CC1)[C@@H]2C[C@@]2(C3=CC=C(C=C3)S(=O)(=O)C4CC4)C(=O)NC5=NC=C(S5)SCCN6CCCC6,True,True
3538,CID46834118,CID46834118,COCCNCCC1=CC(=CC=C1)NC2=NC=C3C[C@H](C4=CC=CC=C4C3=N2)C5=CC=CC=C5F,True,True
3539,CID46836227,CID46836227,CN1C2=C(C=C(C=C2)N(CCCl)CCCl)N=C1CCCCCCC(=O)NO,True,True
3540,CID46843772,CID46843772,CCOC1=C(C=CC(=C1)N2CCC(CC2)O)NC3=NC=C4C(=N3)N(C5=CC=CC=C5C(=O)N4C)C,True,True
3541,CID46843906,CID46843906,CN1CCN(CC1)C2CCN(CC2)C(=O)C3=CC(=C(C=C3)NC4=NC=C5C(=N4)N(C6=CC=CC=C6C(=O)N5C)C)OC,True,True
3542,CID468595,CID468595,CC[C@@H]([C@H](C)O)N1C(=O)N(C=N1)C2=CC=C(C=C2)N3CCN(CC3)C4=CC=C(C=C4)OC[C@H]5C[C@](OC5)(CN6C=NC=N6)C7=C(C=C(C=C7)F)F,True,True
3543,CID46866705,CID46866705,CC1=NC=C(C=C1)C2=NC3=C4C(=CN=C3C=C2)N(C(=O)N4C5CCN(CC5)C(=O)[C@H](C)O)C,True,True
3544,CID46870258,CID46870258,CC1=CNC2=NC(=NC(=C12)C3=CC=CC(=C3)CC#N)NC4=CC(=C(C=C4)N5CCN(CC5)C)F,True,True
3545,CID4688,CID4688,CN(CC#C)CC1=CC=CC=C1,True,True
3546,CID46883536,CID46883536,C1=CC(=CC=C1S(=O)(=O)N(CC2=C(C=C(C=C2)C3=NOC=N3)F)[C@H](CCC(F)(F)F)C(=O)N)Cl,True,True
3547,CID46885626,CID46885626,CCN1C=C(C(=N1)C2=CC=C(C=C2)NC(=O)N(C)C)C3=C4C=C(NC4=NC=C3)C5=CC=CC(=C5)CN(C)C,True,True
3548,CID46898058,CID46898058,C[C@@H](C1=CC=CN2C1=NC(=C2)C3=CC=C(C=C3)C[C@@H](CNC(=O)CN(C)C)NC(=O)C4=CC(=C(C=C4)OC(C)C)Cl)O,True,True
3549,CID46907787,CID46907787,CC1=C(SC2=C1C(=N[C@H](C3=NN=C(N32)C)CC(=O)OC(C)(C)C)C4=CC=C(C=C4)Cl)C,True,True
3550,CID46909588,CID46909588,CC1=C(C=CC(=C1)N2CCOCC2)NC3=NC4=C(C(=N3)NC5CCCCC5)NC=N4,True,True
3551,CID46911017,CID46911017,C1=CC2=C(C(=C1)O)C(=O)C3=C(C2=O)C(=CC=C3)S(=O)(=O)N,True,True
3552,CID46911228,CID46911228,C[C@@H](C1=CC=C(C=C1)C2=NOC(=N2)CCC3CCCC3)NC(=O)[C@@H]4[C@H](CCN4)O,True,True
3553,CID46911863,CID46911863,CN1C=C(C=N1)C2=NN3C(=NN=C3C(C4=CC5=C(C=C4)N=CC=C5)(F)F)C=C2,True,True
3554,CID46912230,CID46912230,CC1=NC2=C(N=C(N=C2N1C(C)C)N3CCOCC3)C4=CN=C(N=C4)N,True,True
3555,CID46916694,CID46916694,CC1=CC2=C(O1)C=C(C=C2OC3=CN=C(N=C3)C(=O)N(C)C)C(=O)NC4=NC=C(N=C4)C,True,True
3556,CID46918825,CID46918825,CN1CCC2=C(C1)N(C3=CC=CC=C23)CC4=CC=C(C=C4)C(=O)NO,True,True
3557,CID46925884,CID46925884,CC(=O)NC1=C(C2=C(S1)CNC2)C3=NC4=CC=CC=C4S3,True,True
3558,CID46926062,CID46926062,C1CC2=C(C(N=C(N2)NC3=NC4=CC=CC=C4O3)C5=C(C=NN5)Cl)C(=O)C1,True,True
3559,CID46926350,CID46926350,CCC1=C2N=C(C=C(N2N=C1)NCC3=C[N+](=CC=C3)[O-])N4CCCC[C@H]4CCO,True,True
3560,CID46926973,CID46926973,CC1=CC(=CN=C1C2=CC(=NC=C2)C)CC(=O)NC3=NC=C(C=C3)C4=NC=CN=C4,True,True
3561,CID46927888,CID46927888,CC1=C(C(=NN1CC2=CC=CC=C2Cl)C)CN(C)CC(COC3=CC=C(C=C3)Cl)O,True,True
3562,CID46930984,CID46930984,C[C@@H]1[C@@H]2[C@H](C(=O)N2C(=C1SC3CN4N=CC=[N+]4C3)C(=O)[O-])C(C)O,True,True
3563,CID46930992,CID46930992,CC1CCC(CC1)C(=O)N(C2CCC(CC2)OC)C3=C(SC(=C3)C4=CCCCC4)C(=O)[O-].[K+],True,True
3564,CID46930998,CID46930998,C1CC(C1)(C2=CC=C(C=C2)C3=C(C=C4C(=N3)C=CN5C4=NNC5=O)C6=CC=CC=C6)N.Cl.Cl,True,True
3565,CID46931003,CID46931003,CCN(CC)C(=O)C1=CC=C(C=C1)C2=CC3(CCNCC3)OC4=CC=CC(=C42)O.Cl,True,True
3566,CID46931953,CID46931953,CC(=O)C1=CC(=C(S1)SC2=C(C=C(C=C2)F)F)[N+](=O)[O-],True,True
3567,CID46933992,CID46933992,CC(C)(CCC1=CC=C(C=C1)OCC2=CC(=C3C(=C2)C=CC=N3)C4=CC(=CC=C4)OC(F)F)O,True,True
3568,CID46934289,CID46934289,C1=CC=C(C(=C1)NS(=O)(=O)C2=C(C=C(C=C2)NC(=O)C3=CC=CC=N3)Cl)Cl,True,True
3569,CID46940575,CID46940575,C[C@@H](C(=O)N[C@@H](C1CCCCC1)C(=O)N2CCC[C@H]2C(=O)NC3=C(N=NS3)C4=CC=CC=C4)NC,True,True
3570,CID46943432,CID46943432,CCNC(=O)C[C@H]1C2=NN=C(N2C3=C(C=C(C=C3)OC)C(=N1)C4=CC=C(C=C4)Cl)C,True,True
3571,CID46944259,CID46944259,C[C@H](C1=C(C=NC=C1Cl)Cl)OC2=CC3=C(C=C2)NN=C3/C=C/C4=CN(N=C4)CCO,True,True
3572,CID470375,CID470375,CC1([C@@H](N2[C@H](S1)[C@@H](C2=O)NC(=O)[C@@H](C3=CSC=C3)C(=O)[O-])C(=O)[O-])C.[Na+].[Na+],True,True
3573,CID4705,CID4705,COC1=C(C=C2C(=C1)C(=NC=N2)NC3=CC(=CC=C3)Br)OC,True,True
3574,CID4708,CID4708,C=CC(=O)NC1=CC2=C(C=C1)N=CN=C2NC3=CC(=CC=C3)Br,True,True
3575,CID4713,CID4713,COC1=CC=CC(=C1N)C2=CC(=O)C3=CC=CC=C3O2,True,True
3576,CID47320,CID47320,C[N+]1(CCC2=CC(=C(C=C2C1CC3=CC(=C(C=C3)OC)OC)OC)OC)CCC(=O)OCCCCCOC(=O)CC[N+]4(CCC5=CC(=C(C=C5C4CC6=CC(=C(C=C6)OC)OC)OC)OC)C.C1=CC=C(C=C1)S(=O)(=O)[O-].C1=CC=C(C=C1)S(=O)(=O)[O-],True,True
3577,CID4735,CID4735,C1=CC(=CC=C1C(=N)N)OCCCCCOC2=CC=C(C=C2)C(=N)N,True,True
3578,CID4746,CID4746,C1CCC(CC1)C(CC2CCCCN2)C3CCCCC3,True,True
3579,CID47471,CID47471,C1=CC(=C(C(=C1)Cl)SC(CCC2=CC=C(C=C2)Cl)CN3C=CN=C3)Cl.[N+](=O)(O)[O-],True,True
3580,CID47472,CID47472,C1=CC(=C(C(=C1)Cl)SC(CCC2=CC=C(C=C2)Cl)CN3C=CN=C3)Cl,True,True
3581,CID47528,CID47528,C1=CC(=CN=C1)C(=O)NCCO[N+](=O)[O-],True,True
3583,CID4760,CID4760,C1=CC=C(C=C1)C2C(=O)C3=CC=CC=C3C2=O,True,True
3585,CID4768,CID4768,CC(COC1=CC=CC=C1)N(CCCl)CC2=CC=CC=C2,True,True
3586,CID476861,CID476861,C[C@H](CC1=CC(=C(C=C1)OC)OC)[C@@H](C)CC2=CC(=C(C=C2)OC)OC,True,True
3587,CID47751,CID47751,C1=NC(=NC(=O)N1[C@H]2[C@H]([C@@H]([C@H](O2)CO)O)O)N,True,True
3588,CID4781,CID4781,CCCCC1C(=O)N(N(C1=O)C2=CC=CC=C2)C3=CC=CC=C3,True,True
3590,CID47812,CID47812,CCCN1C[C@@H](C[C@H]2[C@H]1CC3=CNC4=CC=CC2=C34)CSC.CS(=O)(=O)O,True,True
3591,CID4784,CID4784,C1=CC=C(C=C1)CS(=O)(=O)F,True,True
3592,CID47866,CID47866,C1CC1NC2=NC(=NC(=N2)N)N,True,True
3593,CID4787937,CID4787937,C1=CC=C(C=C1)C(=O)NNC(=O)C2=CC=C(C=C2)CNS(=O)(=O)C3=CC(=C(C=C3)F)Cl,True,True
3594,CID4788,CID4788,C1=CC(=CC=C1CCC(=O)C2=C(C=C(C=C2O)O)O)O,True,True
3595,CID47936,CID47936,CC(=O)O[C@H]1[C@H]([C@@H]2[C@]([C@H](CCC2(C)C)O)([C@@]3([C@@]1(O[C@@](CC3=O)(C)C=C)C)O)C)O,True,True
3596,CID479503,CID479503,CC(=CC[C@H](C1=CC(=O)C2=C(C=CC(=C2C1=O)O)O)O)C,True,True
3597,CID4810,CID4810,CC1=NC(=C(C(=N1)Cl)NC2=NCCN2)OC,True,True
3598,CID4823,CID4823,CC1CC(=O)NN=C1C2=CC3=C(C=C2)N=C(N3)C4=CC=C(C=C4)OC,True,True
3599,CID4829,CID4829,CCC1=CN=C(C=C1)CCOC2=CC=C(C=C2)CC3C(=O)NC(=O)S3,True,True
3600,CID483477,CID483477,CCCCCCCCCCCCCCCCOCCCOP(=O)(CO[C@@H](CN1C=CC(=NC1=O)N)CO)O,True,True
3602,CID4842,CID4842,C1CN(CCN1C(=O)CCBr)C(=O)CCBr,True,True
3603,CID4843,CID4843,C1CC(=O)N(C1)CC(=O)N,True,True
3604,CID4855,CID4855,CCN1C=C(C(=O)C2=CN=C(N=C21)N3CCCC3)C(=O)O,True,True
3605,CID4858,CID4858,CN(C)CC(=O)NC1=CC2=C(C=C1)NC(=O)C3=CC=CC=C32,True,True
3606,CID4875,CID4875,[K+].[I-],True,True
3607,CID4878,CID4878,CC(C)(C)N1C2=NC=NC(=C2C(=N1)C3=CC=C(C=C3)Cl)N,True,True
3608,CID4881,CID4881,CC1=C(C(=C(C(=N1)N=NC2=C(C=C(C=C2)S(=O)(=O)O)S(=O)(=O)O)COP(=O)(O)O)C=O)O,True,True
3609,CID4887,CID4887,C1=CC=C(C=C1)CCCCOC2=CC=C(C=C2)C(=O)NC3=CC=CC4=C3OC(=CC4=O)C5=NNN=N5,True,True
3610,CID4888,CID4888,CC(C1=CC2=C(C=C1)OC3=C(C2)C=CC=N3)C(=O)O,True,True
3611,CID4891,CID4891,C1CCC(CC1)C(=O)N2CC3C4=CC=CC=C4CCN3C(=O)C2,True,True
3612,CID4893,CID4893,COC1=C(C=C2C(=C1)C(=NC(=N2)N3CCN(CC3)C(=O)C4=CC=CO4)N)OC,True,True
3614,CID4908,CID4908,CC(CCCN)NC1=C2C(=CC(=C1)OC)C=CC=N2,True,True
3615,CID4908365,CID4908365,CN1CCN(CC1)C(=O)C2=CC3=C(N2)C=CC(=C3)Cl,True,True
3616,CID4909,CID4909,CCC1(C(=O)NCNC1=O)C2=CC=CC=C2,True,True
3617,CID4911,CID4911,CCCN(CCC)S(=O)(=O)C1=CC=C(C=C1)C(=O)O,True,True
3618,CID4912,CID4912,CC(C)(C)C1=CC(=CC(=C1O)C(C)(C)C)SC(C)(C)SC2=CC(=C(C(=C2)C(C)(C)C)O)C(C)(C)C,True,True
3620,CID4915,CID4915,CC(C)NC(=O)C1=CC=C(C=C1)CNNC,True,True
3621,CID4917,CID4917,CN1CCN(CC1)CCCN2C3=CC=CC=C3SC4=C2C=C(C=C4)Cl,True,True
3623,CID4922,CID4922,CCCN(CCC)C(=O)C(CCC(=O)O)NC(=O)C1=CC=CC=C1,True,True
3624,CID492405,CID492405,C1=C(N=C(C(=O)N1)C(=O)N)F,True,True
3625,CID493027,CID493027,C1CN=C(N1)C2=CC=C(C=C2)NC(=O)C=CC3=CC=C(C=C3)C=CC(=O)NC4=CC=C(C=C4)C5=NCCN5,True,True
3626,CID4932,CID4932,CCCNCC(COC1=CC=CC=C1C(=O)CCC2=CC=CC=C2)O,True,True
3627,CID4935,CID4935,CCCOC1=C(C=C(C=C1)C(=O)OCCN(CC)CC)N,True,True
3628,CID493570,CID493570,CC1=CC2=C(C=C1C)N(C3=NC(=O)NC(=O)C3=N2)CC(C(C(CO)O)O)O,True,True
3629,CID4943,CID4943,CC(C)C1=C(C(=CC=C1)C(C)C)O,True,True
3631,CID49766501,CID49766501,C1=CC=C(C=C1)[C@H](COC2=CC3=C(C=C2)NC(=O)N3)NC(=O)C4=CC=CN(C4=O)CC5=CC(=C(C=C5)F)F,True,True
3632,CID49769085,CID49769085,CC1COC2(O1)CCN(CC2)C3=NC(=O)C4=C(S3)C(=CC(=C4)C(F)(F)F)[N+](=O)[O-],True,True
3633,CID49777740,CID49777740,C[C@@H]1CC[C@H]2[C@H]([C@H](O[C@H]3[C@@]24[C@H]1CCC(O3)(OO4)C)CCC(=O)NC5=CC=C(C=C5)F)C,True,True
3634,CID49784945,CID49784945,CS(=O)(=O)N1CCC2=C(N=C(N=C21)N3CCOCC3)C4=CN=C(N=C4)N,True,True
3635,CID4979942,CID4979942,C1=CC(=CC=C1C2C(C(=O)N2C3=CC=C(C=C3)F)CCC(C4=CC=C(C=C4)F)O)O,True,True
3636,CID49803313,CID49803313,CCC1=C(N=C(C(=N1)C(=O)N)NC2=CC(=C(C=C2)N3CCC(CC3)N4CCN(CC4)C)OC)NC5CCOCC5,True,True
3637,CID49806720,CID49806720,CCC1=CC2=C(C=C1N3CCC(CC3)N4CCOCC4)C(C5=C(C2=O)C6=C(N5)C=C(C=C6)C#N)(C)C,True,True
3638,CID49830258,CID49830258,COC1=CC=CC2=C1N=C(N=C2NCC3=CC=CC=C3)N4C5=CC=CC=C5N=C4N,True,True
3639,CID49830260,CID49830260,C1CCC2=C(C1)C(=NC(=N2)N3CCOC4=CC=CC=C43)NCC5=CC=CC=C5,True,True
3640,CID49831008,CID49831008,CC1=CC(=NN1)NC2=CC(=NC(=N2)C=CC3=CC=CC=C3)N4CCN(CC4)C,True,True
3641,CID49831257,CID49831257,C1CC1C(=O)NC2=NN3C(=N2)C=CC=C3C4=CC=C(C=C4)CN5CCS(=O)(=O)CC5,True,True
3642,CID49836020,CID49836020,CC[C@@H](C(=O)N1C[C@H](C[C@H]1CC2=C(NC3=C2C=CC(=C3)F)C4=C(C5=C(N4)C=C(C=C5)F)C[C@@H]6C[C@@H](CN6C(=O)[C@H](CC)NC(=O)[C@H](C)NC)O)O)NC(=O)[C@H](C)NC,True,True
3643,CID49836027,CID49836027,CCC(=O)N1CCN(CC1)C2=C(C=C(C=C2)N3C(=O)C=CC4=CN=C5C=CC(=CC5=C43)C6=CC7=CC=CC=C7N=C6)C(F)(F)F,True,True
3644,CID49836058,CID49836058,CC1=CC(=C2C(=C1)[C@H](CCCN2CC3CCC(CC3)C(=O)O)N(CC4=CC(=CC(=C4)C(F)(F)F)C(F)(F)F)C5=NN(N=N5)C)C,True,True
3645,CID49837968,CID49837968,C1[C@H]2CSC(=N[C@]2(CO1)C3=C(C=CC(=C3)NC(=O)C4=NC=C(C=C4)F)F)N,True,True
3646,CID49841217,CID49841217,CC1=C(C(=CC=C1)F)C(=O)N2CCC[C@@H]([C@@H]2C3=CC=C(C=C3)NC4CCCC4)C(=O)NC5=CC(=C(C=C5)C)C(F)(F)F,True,True
3647,CID49843509,CID49843509,CCC(C)[C@@H](C(=O)N1CCC2(CCC3=CC=CC=C32)CC1)NC(=O)[C@H](CC4CCCCC4)NC(=O)C5=CC=NO5,True,True
3648,CID49843531,CID49843531,C1CC(CCC1N2CCC(CC2)N3CC4=C(C3=O)C(=CC(=C4)F)C(=O)N)(F)F,True,True
3649,CID49846579,CID49846579,CC1(CCC(=C(C1)C2=CC=C(C=C2)Cl)CN3CCN(CC3)C4=CC(=C(C=C4)C(=O)NS(=O)(=O)C5=CC(=C(C=C5)NCC6CCOCC6)[N+](=O)[O-])OC7=CN=C8C(=C7)C=CN8)C,True,True
3650,CID49848070,CID49848070,CN1C(=CC=N1)C2=NN=C(C3=CC=CC=C32)N4CCC(CC4)N(C)C(=O)C5=C(C=C(C=C5)F)C(F)(F)F,True,True
3651,CID49849912,CID49849912,C[C@H]1CCCCO[C@H]([C@@H](CN(C(=O)C2=C(O1)C=CC(=C2)NC(=O)NC3=CC=CC=C3)[C@@H](C)CN(C)C)C)CN(C)S(=O)(=O)C4=CC=C(C=C4)F,True,True
3652,CID49850262,CID49850262,CN1CCC2=C(C1)C3=CC=CC=C3N2CC4=CC=C(C=C4)C(=O)NO,True,True
3653,CID49852229,CID49852229,C1=CC(=C(C=C1NC(=O)NC2=NN=C(S2)C3=CC=NC=C3)C(F)(F)F)F,True,True
3654,CID49852941,CID49852941,C1COCCN1C2=CC3=C(C=CC(=C3N=C2)O)C(=O)O,True,True
3655,CID49855250,CID49855250,CCCCC1=NC2=C(N1CCN(CC)CC)C=CC(=C2)/C=C/C(=O)NO,True,True
3656,CID49864204,CID49864204,CCCCCCCC1=CC=C(C=C1)CCC2=C(C(=CC=C2)O)C(=O)O,True,True
3657,CID49867926,CID49867926,CC1=C(C=C(C=C1)C(=O)NC2=CC=C(C=C2)S(=O)(=O)NC3=NC4=CC=CC=C4N=C3NC5=CC(=CC(=C5)OC)OC)OC,True,True
3658,CID49867928,CID49867928,CC(C)C1=C2N=C(C=C(N2N=C1)NCC3=CC=CC=C3)NCCCCCCN.Cl,True,True
3659,CID49867930,CID49867930,CC(C)(C(=O)NCC(C(F)(F)F)(F)F)C(=O)N[C@H]1C2=CC=CC=C2C3=CC=CC=C3NC1=O,True,True
3660,CID49867936,CID49867936,B1(OC(=O)C(O1)(CC(=O)O)CC(=O)O)[C@H](CC(C)C)NC(=O)CNC(=O)C2=C(C=CC(=C2)Cl)Cl,True,True
3662,CID4993,CID4993,CCC1=C(C(=NC(=N1)N)N)C2=CC=C(C=C2)Cl,True,True
3663,CID4996,CID4996,C1=CC(=CN=C1)NC(=O)CCCCCCC(=O)NO,True,True
3665,CID5003929,CID5003929,CC1(C(N(C(=O)N1CC(=O)NN=CC=CC2=CC=C(O2)[N+](=O)[O-])C3=CC=C(C=C3)Cl)N(C(=O)NC4=CC=C(C=C4)Cl)O)C,True,True
3666,CID5018304,CID5018304,C1=CC=C(C(=C1)CC(=O)[O-])NC2=C(C=CC=C2Cl)Cl.[Na+],True,True
3667,CID5034,CID5034,C1=CC2=C(C=C1I)C(=CC3=CC(=C(C(=C3)Br)O)Br)C(=O)N2,True,True
3668,CID5035,CID5035,C1CCN(CC1)CCOC2=CC=C(C=C2)C(=O)C3=C(SC4=C3C=CC(=C4)O)C5=CC=C(C=C5)O,True,True
3669,CID5042,CID5042,C1=CC=C2C(=C1)C(=CC(=O)N2)CC(C(=O)O)NC(=O)C3=CC=C(C=C3)Cl,True,True
3670,CID504670,CID504670,C1=CC(=CC(=C1)N2C(=O)C(=CC3=CC=C(C=C3)C(=O)O)SC2=S)C(F)(F)F,True,True
3671,CID50515,CID50515,CN(C)CCN1C(=O)C2=CC=CC3=CC(=CC(=C32)C1=O)N,True,True
3672,CID5052,CID5052,CO[C@H]1[C@@H](C[C@@H]2CN3CCC4=C([C@H]3C[C@@H]2[C@@H]1C(=O)OC)NC5=C4C=CC(=C5)OC)OC(=O)C6=CC(=C(C(=C6)OC)OC)OC,True,True
3673,CID5056,CID5056,C1=CC(=CC=C1C=CC2=CC(=CC(=C2)O)O)O,True,True
3674,CID5070,CID5070,C1=CC2=C(C=C1OC(F)(F)F)SC(=N2)N,True,True
3675,CID5071,CID5071,CC(C12CC3CC(C1)CC(C3)C2)N,True,True
3676,CID5073,CID5073,CC1=C(C(=O)N2CCCCC2=N1)CCN3CCC(CC3)C4=NOC5=C4C=CC(=C5)F,True,True
3677,CID5078,CID5078,CN(C)CCC1=CNC2=C1C=C(C=C2)CN3C=NC=N3,True,True
3678,CID5081913,CID5081913,C1=CC(=C(C=C1Cl)C(=O)NC2=CC(=CC(=C2)C(F)(F)F)C(F)(F)F)O,True,True
3679,CID50878566,CID50878566,C1CCC(C1)[C@H](CC#N)N2C=C(C=N2)C3=C4C=CNC4=NC=N3,True,True
3680,CID5090,CID5090,CS(=O)(=O)C1=CC=C(C=C1)C2=C(C(=O)OC2)C3=CC=CC=C3,True,True
3681,CID50905018,CID50905018,CC(C)(C)OC(=O)CN(CC1=CC=C(C=C1)Cl)CC2=CC=C(S2)[N+](=O)[O-],True,True
3682,CID50905713,CID50905713,C[C@@H](C1=CC2=C(C(=CC=C2)Cl)C(=O)N1C3=CC=CC=C3)NC4=NC=NC5=C4NC=N5,True,True
3683,CID50909779,CID50909779,C1=CC=C(C=C1)C[C@@H](C(=O)NCC2=CC=CC=C2)NC(=O)[C@@H]3[C@H](O3)C(=O)NCCC4=CC=C(C=C4)O,True,True
3684,CID5092,CID5092,COC1=C(C=C(C=C1)C2CC(=O)NC2)OC3CCCC3,True,True
3685,CID50922675,CID50922675,C[C@@H](CNC1=NC=CC(=N1)C2=CN(N=C2C3=C(C(=CC(=C3)Cl)NS(=O)(=O)C)F)C(C)C)NC(=O)OC,True,True
3686,CID50922691,CID50922691,CCN1C(=CC2=C3C(=C(N=C21)NC4=NN(C(=C4)C)C)N=CN3C)C(=O)N(C5CC5)C6CC6,True,True
3687,CID5094,CID5094,CN1C(=CN=C1COC(=O)N)[N+](=O)[O-],True,True
3688,CID50942,CID50942,CN1C2=C(C(=O)N(C1=O)C)N(C=N2)CC3OCCO3,True,True
3690,CID50985821,CID50985821,C1CC(CCC1N2C=NC3=C(C2=N)C(=C(N3CC4=CC=CC=C4)C5=CC=CC=C5)C6=CC=CC=C6)O,True,True
3691,CID51000408,CID51000408,CS(=O)(=O)C1=CC=C(C=C1)C2=CN=C(C(=N2)C(=O)NC3=CC=CC=C3)N,True,True
3692,CID51001932,CID51001932,CC1=NN(C(=N1)C2=CN3CCOC4=C(C3=N2)C=CC(=C4)C5=CN(N=C5)C(C)(C)C(=O)N)C(C)C,True,True
3693,CID51003603,CID51003603,CN(C1CCS(=O)(=O)CC1)C(=O)CNC(=O)/C=C/C2=CC(=CC=C2)Cl,True,True
3694,CID51031035,CID51031035,CCN1C2=C(C=C(C=C2)NC3=NC(=NC=C3)NCCCN4CCOCC4)C5=CC=CC=C51,True,True
3695,CID51033720,CID51033720,C1COCCN1C2=C(C(=C(S2)C3=NC=NN3)C4=C(C=C(C=C4)C#N)F)C#N,True,True
3696,CID51038269,CID51038269,CC1=C(C=C(C=C1)C(=O)NC2=CC(=C(C=C2)CN3CCN(CC3)C)C(F)(F)F)C#CC4=CC5=C(NN=C5)N=C4,True,True
3697,CID51039095,CID51039095,C[C@@H]1CN(C[C@@H](N1)C)C2=CC=C(C=C2)C(=O)NC3=NNC(=C3)CCC4=CC(=CC(=C4)OC)OC,True,True
3698,CID51040,CID51040,CC(C)(C)C1=CC=C(C=C1)C(=O)CC(=O)C2=CC=C(C=C2)OC,True,True
3699,CID51042438,CID51042438,CN1C(=C(C=N1)Cl)C2=C(OC(=C2)C(=O)N[C@@H](CC3=CC(=C(C=C3)F)F)CN)Cl,True,True
3700,CID51066577,CID51066577,C[C@H]1[C@H]([C@H](C[C@@H](O1)O[C@@H]2C[C@@](CC3=C2C(=C4C(=C3O)C(=O)C5=C(C4=O)C(=CC=C5)OC)O)(C(=O)CO)O)N)O.Cl,True,True
3701,CID51081,CID51081,CCN1C=C(C(=O)C2=CC(=C(C=C21)N3CCN(CC3)C)F)C(=O)O,True,True
3702,CID51082,CID51082,C1=CC(=C2C(=C1NCCNCCO)C(=O)C3=C(C=CC(=C3C2=O)O)O)NCCNCCO.Cl.Cl,True,True
3703,CID5113032,CID5113032,C1CC(C2=C(C1)C3=C(N2)C=CC(=C3)Cl)C(=O)N,True,True
3704,CID512282,CID512282,C[C@@H]1CN(CCN1C(=O)COC2=C(C=C(C=C2)Cl)NC(=O)N)CC3=CC=C(C=C3)F,True,True
3705,CID51346120,CID51346120,CCN1CC2(CCC(C34C2CC(C31)C5(CC(C6CC4C5(C6OC)O)OC)O)OC)OC(=O)C7=CC=CC=C7NC(=O)C.Br,True,True
3706,CID51346455,CID51346455,CC(=O)NCC(=O)N1[C@H]2CC[C@@H]1C3=C2C=CC(=C3)NC4=NC=C(C(=N4)NC5CCC5)C(F)(F)F,True,True
3707,CID51358113,CID51358113,C1=CC(=CC(=C1)N2C(=O)C=CC3=CN=C4C=CC(=CC4=C32)C5=CN=C(C=C5)N)C(F)(F)F,True,True
3708,CID51371303,CID51371303,CCC1=CN=CN=C1N2CCN(CC2)CC3=NC4=C(N3)C=C(C=C4)C(F)(F)F,True,True
3709,CID515328,CID515328,C1[C@@H]([C@H](O[C@H]1N2C=C(C(=NC2=O)N)F)CO)O,True,True
3710,CID5160,CID5160,CN(C)CC(COC1=CC=CC=C1CCC2=CC(=CC=C2)OC)OC(=O)CCC(=O)O,True,True
3711,CID5161,CID5161,C1=CC=C(C(=C1)C(=O)OC2=CC=CC=C2C(=O)O)O,True,True
3712,CID5163,CID5163,CN1C=CC2=CC3=C(CCN3C(=O)NC4=CN=CC=C4)C=C21,True,True
3713,CID51634,CID51634,CCCCN1C[C@@H]([C@H]([C@@H]([C@H]1CO)O)O)O,True,True
3714,CID5169,CID5169,C1=CC(=CC=C1C2=NC(=C(N2)C3=CC=NC=C3)C4=CC=C(C=C4)F)O,True,True
3715,CID51712,CID51712,CC(C)N(CCNC(=O)CN1CCCC1=O)C(C)C,True,True
3716,CID517321,CID517321,CCCOC1=C(C=C(C=C1)C(=O)OCCN(CC)CC)N.Cl,True,True
3717,CID51754,CID51754,C1=CC=C(C=C1)SC2=CC=C(C=C2)COC(CN3C=CN=C3)C4=C(C=C(C=C4)Cl)Cl.[N+](=O)(O)[O-],True,True
3718,CID517546,CID517546,CCN(CC)C(=S)[S-].O.O.O.[Na+],True,True
3719,CID51755,CID51755,C1=CC=C(C=C1)SC2=CC=C(C=C2)COC(CN3C=CN=C3)C4=C(C=C(C=C4)Cl)Cl,True,True
3720,CID5186,CID5186,C1=CC2=C3C(=C1)C(=O)N(C(=O)C3=CC=C2)CCCCCC(=O)NO,True,True
3721,CID521106,CID521106,C1=CC=C2C(=C1)C=CC(=C2SSC3=C(C=CC4=CC=CC=C43)O)O,True,True
3722,CID5215,CID5215,C1=CN=C(N=C1)NS(=O)(=O)C2=CC=C(C=C2)N,True,True
3723,CID5253,CID5253,CC(C)NCC(C1=CC=C(C=C1)NS(=O)(=O)C)O,True,True
3724,CID5277135,CID5277135,CC(C)[C@@H](CO)N1C=C(C(=O)C2=C1C=C(C(=C2)CC3=C(C(=CC=C3)Cl)F)OC)C(=O)O,True,True
3725,CID5278396,CID5278396,C1COCCN1C2=CC(=O)C=C(O2)C3=C4C(=CC=C3)SC5=CC=CC=C5S4,True,True
3726,CID5280343,CID5280343,C1=CC(=C(C=C1C2=C(C(=O)C3=C(C=C(C=C3O2)O)O)O)O)O,True,True
3727,CID5280360,CID5280360,CCCCC[C@@H](/C=C/[C@H]1[C@@H](CC(=O)[C@@H]1C/C=C\CCCC(=O)O)O)O,True,True
3728,CID5280373,CID5280373,COC1=CC=C(C=C1)C2=COC3=CC(=CC(=C3C2=O)O)O,True,True
3729,CID5280443,CID5280443,C1=CC(=CC=C1C2=CC(=O)C3=C(C=C(C=C3O2)O)O)O,True,True
3730,CID5280445,CID5280445,C1=CC(=C(C=C1C2=CC(=O)C3=C(C=C(C=C3O2)O)O)O)O,True,True
3731,CID5280453,CID5280453,C[C@H](CCCC(C)(C)O)[C@H]1CC[C@@H]\2[C@@]1(CCC/C2=C\C=C/3\C[C@H](C[C@@H](C3=C)O)O)C,True,True
3732,CID5280489,CID5280489,CC1=C(C(CCC1)(C)C)/C=C/C(=C/C=C/C(=C/C=C/C=C(/C=C/C=C(/C=C/C2=C(CCCC2(C)C)C)\C)\C)/C)/C,True,True
3733,CID5280567,CID5280567,CC1=CC(=O)OC2=C1C=CC(=C2)O,True,True
3734,CID5280569,CID5280569,C1=CC(=C(C2=C1C=CC(=O)O2)O)O,True,True
3735,CID5280723,CID5280723,CCCCC[C@@H](/C=C/[C@H]1[C@@H](CC(=O)[C@@H]1CCCCCCC(=O)O)O)O,True,True
3739,CID5280863,CID5280863,C1=CC(=CC=C1C2=C(C(=O)C3=C(C=C(C=C3O2)O)O)O)O,True,True
3740,CID5280961,CID5280961,C1=CC(=CC=C1C2=COC3=CC(=CC(=C3C2=O)O)O)O,True,True
3741,CID5281004,CID5281004,CCCC1O[C@@H]2C[C@H]3[C@@H]4CCC5=CC(=O)C=C[C@@]5([C@H]4[C@H](C[C@@]3([C@@]2(O1)C(=O)CO)C)O)C,True,True
3742,CID5281025,CID5281025,C1CN(CCN1CCOCCO)C2=NC3=CC=CC=C3SC4=CC=CC=C42.C1CN(CCN1CCOCCO)C2=NC3=CC=CC=C3SC4=CC=CC=C42.C(=C/C(=O)O)\C(=O)O,True,True
3743,CID5281032,CID5281032,CN1CCN(CC1)CCCN2C3=C(SC4=CC=CC=C24)C=CC(=C3)Cl.C(=C\C(=O)O)\C(=O)O.C(=C\C(=O)O)\C(=O)O,True,True
3744,CID5281033,CID5281033,CN1CCCN=C1/C=C/C2=CC=CS2.C1=CC=C2C(=C1)C=C(C(=C2CC3=C(C(=CC4=CC=CC=C43)C(=O)O)O)O)C(=O)O,True,True
3745,CID5281034,CID5281034,C[C@]12CC[C@H]3[C@H]([C@@H]1CC[C@]2(C)O)CC[C@@H]4[C@@]3(C/C(=C/O)/C(=O)C4)C,True,True
3747,CID5281056,CID5281056,CC(C)(C)NC[C@@H](COC1=NSN=C1N2CCOCC2)O.C(=C\C(=O)O)\C(=O)O,True,True
3748,CID5281064,CID5281064,CC(C)NCC(COC1=CC=C(C=C1)COCCOC(C)C)O,True,True
3749,CID5281065,CID5281065,CCCCCCCN(CC)CCCC(C1=CC=C(C=C1)NS(=O)(=O)C)O.CCCCCCCN(CC)CCCC(C1=CC=C(C=C1)NS(=O)(=O)C)O.C(=C/C(=O)O)\C(=O)O,True,True
3750,CID5281066,CID5281066,CN1CCC(=C2C3=C(C=CC=N3)CCC4=CC=CC=C24)CC1.C(=C\C(=O)O)\C(=O)O.C(=C\C(=O)O)\C(=O)O,True,True
3751,CID5281067,CID5281067,CN(C)CCC(C1=CC=C(C=C1)Br)C2=CC=CC=N2.C(=C\C(=O)O)\C(=O)O,True,True
3752,CID5281068,CID5281068,CN(C)CCC(C1=CC=C(C=C1)Cl)C2=CC=CC=N2.C(=C\C(=O)O)\C(=O)O,True,True
3753,CID5281069,CID5281069,C[C@@](C1=CC=CC=C1)(C2=CC=C(C=C2)Cl)OCC[C@H]3CCCN3C.C(=C/C(=O)O)\C(=O)O,True,True
3754,CID5281078,CID5281078,CC1=C2COC(=O)C2=C(C(=C1OC)C/C=C(\C)/CCC(=O)OCCN3CCOCC3)O,True,True
3755,CID5281081,CID5281081,CCN(CC)C(=O)/C(=C/C1=CC(=C(C(=C1)O)O)[N+](=O)[O-])/C#N,True,True
3756,CID5281107,CID5281107,C[C@H](/C=C/[C@H](C)C(C)C)[C@H]1CC[C@@H]\2[C@@]1(CCC/C2=C\C=C/3\C[C@H](C[C@@H](C3=C)O)O)C,True,True
3757,CID5281222,CID5281222,C1=CC(=C(C=C1/C=C/C(=O)C2=C(C=C(C=C2)O)O)O)O,True,True
3758,CID5281304,CID5281304,CC1=C(C(=O)C[C@]2([C@H]1C[C@@H]3[C@]45[C@@H]2[C@H]([C@@H]([C@]([C@@H]4[C@H](C(=O)O3)OC(=O)/C=C(\C)/C(C)C)(OC5)C(=O)OC)O)O)C)O,True,True
3759,CID5281321,CID5281321,C[C@@]12C[C@H]([C@@H]([C@]1(CC(=O)[C@@]3([C@H]2CC=C4[C@H]3C=C(C(=O)C4(C)C)O)C)C)[C@](C)(C(=O)/C=C/C(C)(C)O)O)O,True,True
3760,CID5281377,CID5281377,C1=CC(=CC=C1C2=COC3=CC(=CC(=C3C2=O)O)O[C@H]4[C@@H]([C@H]([C@@H]([C@H](O4)CO)O)O)O)O,True,True
3761,CID5281417,CID5281417,C1=CC(=O)OC2=CC(=C(C=C21)O[C@H]3[C@@H]([C@H]([C@@H]([C@H](O3)CO)O)O)O)O,True,True
3762,CID5281437,CID5281437,C/C/1=C\CC/C(=C/[C@@H]2[C@@H](CC1)C(=C)C(=O)O2)/C,True,True
3763,CID5281511,CID5281511,C[C@H]1C[C@H]2[C@H](CC=C1/C=C/C(=O)C)C(=C)C(=O)O2,True,True
3764,CID5281605,CID5281605,C1=CC=C(C=C1)C2=CC(=O)C3=C(O2)C=C(C(=C3O)O)O,True,True
3765,CID5281607,CID5281607,C1=CC=C(C=C1)C2=CC(=O)C3=C(C=C(C=C3O2)O)O,True,True
3766,CID5281613,CID5281613,C[C@H]1[C@@H]([C@H]([C@H]([C@@H](O1)OC[C@@H]2[C@H]([C@@H]([C@H]([C@@H](O2)OC3=CC(=C4C(=C3)OC(=CC4=O)C5=CC(=C(C=C5)OC)O)O)O)O)O)O)O)O,True,True
3767,CID5281614,CID5281614,C1=CC(=C(C=C1C2=C(C(=O)C3=C(O2)C=C(C=C3)O)O)O)O,True,True
3768,CID5281672,CID5281672,C1=C(C=C(C(=C1O)O)O)C2=C(C(=O)C3=C(C=C(C=C3O2)O)O)O,True,True
3769,CID5281673,CID5281673,C[C@H]1[C@@H]([C@H]([C@H]([C@@H](O1)OC2=C(OC3=CC(=CC(=C3C2=O)O)O)C4=CC(=C(C(=C4)O)O)O)O)O)O,True,True
3770,CID5281708,CID5281708,C1=CC(=CC=C1C2=COC3=C(C2=O)C=CC(=C3)O)O,True,True
3771,CID5281718,CID5281718,C1=CC(=CC=C1/C=C/C2=CC(=CC(=C2)O[C@H]3[C@@H]([C@H]([C@@H]([C@H](O3)CO)O)O)O)O)O,True,True
3772,CID5281787,CID5281787,C1=CC=C(C=C1)CCOC(=O)/C=C/C2=CC(=C(C=C2)O)O,True,True
3773,CID5281807,CID5281807,C1=CC(=CC=C1C2=COC3=C(C2=O)C=CC(=C3[C@H]4[C@@H]([C@H]([C@@H]([C@H](O4)CO)O)O)O)O)O,True,True
3774,CID5281855,CID5281855,C1=C2C3=C(C(=C1O)O)OC(=O)C4=CC(=C(C(=C43)OC2=O)O)O,True,True
3775,CID5281884,CID5281884,C/C=C/C[C@@H](C)C(=O)[C@H]1C(=O)N[C@H](C(=O)N(CC(=O)N([C@H](C(=O)N[C@H](C(=O)N([C@H](C(=O)N[C@H](C(=O)N[C@@H](C(=O)N([C@H](C(=O)N([C@H](C(=O)N([C@H](C(=O)N1C)C(C)C)C)CC(C)C)C)CC(C)C)C)C)C)CC(C)C)C)C(C)C)CC(C)C)C)C)C(C)C,True,True
3776,CID5281915,CID5281915,CC1=C(C(=O)C(=C(C1=O)OC)OC)C/C=C(\C)/CC/C=C(\C)/CC/C=C(\C)/CC/C=C(\C)/CC/C=C(\C)/CC/C=C(\C)/CC/C=C(\C)/CC/C=C(\C)/CC/C=C(\C)/CCC=C(C)C,True,True
3777,CID5281929,CID5281929,CC/C=C\C[C@@H]1[C@H](CCC1=O)CC(=O)OC,True,True
3778,CID5282049,CID5282049,C[C@@H]1[C@@H]2C[C@]([C@@H](/C=C/C=C(/CC3=CC(=C(C(=C3)OC)Cl)N(C(=O)C[C@@H]([C@]4([C@H]1O4)C)OC(=O)C(C)C)C)\C)OC)(NC(=O)O2)O,True,True
3779,CID5282054,CID5282054,CC=CCC=CCCC(=O)C1C(O1)C(=O)N,True,True
3780,CID5282136,CID5282136,C1CCN(CC1)CC2=CC(=NC=C2)OC/C=C\CNC(=O)CS(=O)CC3=CC=CO3,True,True
3781,CID5282138,CID5282138,CC1=C(C(C(=C(N1)C)C(=O)OC/C=C/C2=CC=CC=C2)C3=CC(=CC=C3)[N+](=O)[O-])C(=O)OCCOC,True,True
3782,CID5282139,CID5282139,CN(C)CCC(C1=CC=CC=C1)C2=CC=CC=N2.C(=C\C(=O)O)\C(=O)O,True,True
3783,CID5282181,CID5282181,C[C@H](CCCC(C)C)[C@H]1CC[C@@H]\2[C@@]1(CCC/C2=C\C=C/3\C[C@H](C[C@@H](C3=C)O)O)C,True,True
3784,CID5282226,CID5282226,CC(C)OC(=O)CCCC=CCC1C(CC(C1C=CC(COC2=CC=CC(=C2)C(F)(F)F)O)O)O,True,True
3785,CID5282230,CID5282230,COC1=C(C=C(C=C1)/C=C/C(=O)NC2=CC=CC=C2C(=O)O)OC,True,True
3786,CID5282379,CID5282379,CC1=C(C(CCC1)(C)C)/C=C/C(=C/C=C/C(=C\C(=O)O)/C)/C,True,True
3787,CID5282386,CID5282386,CC1=CC(=CC(=C1CC2=NCCN2)C)C(C)(C)C.Cl,True,True
3788,CID5282402,CID5282402,CN(C)CCC=C1C2=CC=CC=C2COC3=C1C=C(C=C3)CC(=O)O.Cl,True,True
3789,CID5282407,CID5282407,C1CN(CCN1C/C=C/C2=CC=CC=C2)C(C3=CC=C(C=C3)F)C4=CC=C(C=C4)F.Cl.Cl,True,True
3790,CID5282408,CID5282408,CN1CCC(=C2C3=C(C(=O)CC4=CC=CC=C42)SC=C3)CC1.C(=C/C(=O)O)\C(=O)O,True,True
3791,CID5282440,CID5282440,C1=CC(=CC=C1CN2C=CN=C2)/C=C/C(=O)O,True,True
3792,CID5282451,CID5282451,C1C(C1)C2=NC3=CC=CC=C3C(=C2/C=C/[C@@H](O)C[C@@H](O)CC(=O)[O-])C4=CC=C(C=C4)F.C1C(C1)C2=NC3=CC=CC=C3C(=C2/C=C/[C@@H](O)C[C@@H](O)CC(=O)[O-])C4=CC=C(C=C4)F.[Ca+2],True,True
3793,CID5282455,CID5282455,CC(C1=NC(=NC(=C1/C=C/[C@@H](O)C[C@@H](O)CC(=O)[O-])C2=CC=C(C=C2)F)N(S(=O)(=O)C)C)C.CC(C1=NC(=NC(=C1/C=C/[C@@H](O)C[C@@H](O)CC(=O)[O-])C2=CC=C(C=C2)F)N(S(=O)(=O)C)C)C.[Ca+2],True,True
3794,CID5282458,CID5282458,COC1=CC(=CC(=C1OC)OC)/C=C/C(=O)N2CCN(CC2)CC(=O)N3CCCC3.C(=C\C(=O)O)\C(=O)O,True,True
3795,CID5282474,CID5282474,CCCCC1=NC=C(N1CC2=CC=C(C=C2)C(=O)O)/C=C(\CC3=CC=CS3)/C(=O)O.CS(=O)(=O)O,True,True
3796,CID5282481,CID5282481,CC(C)(C)C#C/C=C/CN(C)CC1=CC=CC2=CC=CC=C21.Cl,True,True
3797,CID5282521,CID5282521,CC[C@@H]1[C@H](/C=C(/C=C/C(=O)[C@@H](C[C@@H]([C@@H]([C@H]([C@@H](CC(=O)O1)O)C)O[C@H]2[C@@H]([C@H]([C@@H]([C@H](O2)C)O)N(C)C)O)CCN3C[C@@H](C[C@@H](C3)C)C)C)\C)CO[C@H]4[C@@H]([C@@H]([C@@H]([C@H](O4)C)O)OC)OC,True,True
3798,CID5283066,CID5283066,CCCCC(C)(C)[C@@H](/C=C/[C@H]1[C@@H](CC(=O)[C@@H]1C/C=C\CCCC(=O)O)O)O,True,True
3799,CID5283731,CID5283731,C[C@H](CCCC(C)(C)O)[C@H]1CC[C@@H]\2[C@@]1(CCC/C2=C\C=C/3\C[C@H](CCC3=C)O)C,True,True
3800,CID5283820,CID5283820,C[C@H](CCC(=O)O)[C@H]1CC[C@@H]2[C@@]1(CC[C@H]3[C@H]2C[C@@H]([C@H]4[C@@]3(CC[C@H](C4)O)C)O)C,True,True
3801,CID5284329,CID5284329,C1CCC(CC1)N2C=NC3=C(N=C(N=C32)OC4=CC=CC5=CC=CC=C54)NC6=CC=C(C=C6)N7CCOCC7,True,True
3802,CID5284330,CID5284330,CNC1CCC(CC1)N(CC2=CC(=CC=C2)C3=CC=NC=C3)C(=O)C4=C(C5=CC=CC=C5S4)Cl,True,True
3803,CID5284360,CID5284360,CN(C)C(=O)COC(=O)CC1=CC=C(C=C1)OC(=O)C2=CC=C(C=C2)N=C(N)N.CS(=O)(=O)O,True,True
3804,CID5284373,CID5284373,CC[C@H]1C(=O)N(CC(=O)N([C@H](C(=O)N[C@H](C(=O)N([C@H](C(=O)N[C@H](C(=O)N[C@@H](C(=O)N([C@H](C(=O)N([C@H](C(=O)N([C@H](C(=O)N([C@H](C(=O)N1)[C@@H]([C@H](C)C/C=C/C)O)C)C(C)C)C)CC(C)C)C)CC(C)C)C)C)C)CC(C)C)C)C(C)C)CC(C)C)C)C,True,True
3805,CID5284419,CID5284419,C[C@H]1[C@@H]([C@H]([C@H]([C@@H](O1)OC[C@@H]2[C@H]([C@@H]([C@H]([C@@H](O2)OC3=CC(=C4C(=O)C[C@H](OC4=C3)C5=CC(=C(C=C5)OC)OC)O)O)O)O)O)O)O,True,True
3806,CID5284441,CID5284441,CC(COC1=CC=CC=C1)N(CCCl)CC2=CC=CC=C2.Cl,True,True
3807,CID5284443,CID5284443,CNC[C@@H](C1=CC(=CC=C1)O)O.Cl,True,True
3808,CID5284447,CID5284447,C[C@@H]1C/C=C/C=C/C=C/C=C/[C@@H](C[C@H]2[C@@H]([C@H](C[C@](O2)(C[C@H](C[C@@H]3[C@H](O3)/C=C/C(=O)O1)O)O)O)C(=O)O)O[C@H]4[C@H]([C@H]([C@@H]([C@H](O4)C)O)N)O,True,True
3809,CID5284452,CID5284452,C1=CC(=C(C=C1C2=C(C(=O)C3=C(C=C(C=C3O2)O)O)O)O)O.O.O,True,True
3810,CID5284513,CID5284513,CC1=CC(=C(C(=C1/C=C/C(=C/C=C/C(=C/C(=O)O)/C)/C)C)C)OC,True,True
3811,CID5284549,CID5284549,CCNC1CC(S(=O)(=O)C2=C1C=C(S2)S(=O)(=O)N)C,True,True
3812,CID5284583,CID5284583,CC[C@@H](C(=O)N)N1CCCC1=O,True,True
3813,CID5284587,CID5284587,C[C@H]1C[C@H]2[C@@H]3CCC4=CC(=O)C=C[C@@]4([C@H]3C(=O)C[C@@]2([C@]1(C(=O)CO)O)C)C,True,True
3814,CID5284592,CID5284592,CCCCCCC(C)(C)C1=CC(=C2[C@@H]3CC(=O)CC[C@H]3C(OC2=C1)(C)C)O,True,True
3816,CID5284613,CID5284613,C[C@H]1[C@@H]([C@H]([C@H]([C@@H](O1)O[C@H]2CC[C@@]3([C@H]4CC[C@@]5([C@H](CC[C@@]5([C@@H]4CCC3=C2)O)C6=COC(=O)C=C6)C)C)O)O)O,True,True
3817,CID5284616,CID5284616,C[C@@H]1CC[C@H]2C[C@@H](/C(=C/C=C/C=C/[C@H](C[C@H](C(=O)[C@@H]([C@@H](/C(=C/[C@H](C(=O)C[C@H](OC(=O)[C@@H]3CCCCN3C(=O)C(=O)[C@@]1(O2)O)[C@H](C)C[C@@H]4CC[C@H]([C@@H](C4)OC)O)C)/C)O)OC)C)C)/C)OC,True,True
3818,CID5284627,CID5284627,CC1(O[C@@H]2CO[C@@]3([C@H]([C@@H]2O1)OC(O3)(C)C)COS(=O)(=O)N)C,True,True
3819,CID5284631,CID5284631,C1CC[N+]2(C1)[C@@H]3CC[C@H]2CC(C3)OC(=O)C(C4=CC=CC=C4)(C5=CC=CC=C5)O.[Cl-],True,True
3820,CID5287541,CID5287541,C1CCC2=C(CC1)C(=O)OC3=C2C=CC(=C3)OS(=O)(=O)N,True,True
3821,CID5287620,CID5287620,C[C@H]1CCC/C=C/[C@@H]2C[C@@H](C[C@H]2[C@@H](/C=C/C(=O)O1)O)O,True,True
3822,CID5287792,CID5287792,CC1=CC2=C(C=C1)N=C3[C@](C2=O)(CCN3C4=CC=CC=C4)O,True,True
3823,CID5287855,CID5287855,C1=CC2=C(C=C1/C=C\3/C(=O)NC(=O)S3)OC(O2)(F)F,True,True
3824,CID5287969,CID5287969,CN1CC[C@@H]([C@@H](C1)O)C2=C(C=C(C3=C2OC(=CC3=O)C4=CC=CC=C4Cl)O)O,True,True
3825,CID5288149,CID5288149,CCC(CC)(/C=C/C=C/[C@@H](C)[C@H]1CC[C@@H]\2[C@@]1(CCC/C2=C\C=C/3\C[C@H](C[C@@H](C3=C)O)O)C)O,True,True
3826,CID5288209,CID5288209,CC1=C(C(CCC1)(C)C)/C=C/C(=C/C=C/C(=C/C(=O)NC2=CC=C(C=C2)O)/C)/C,True,True
3827,CID5288382,CID5288382,C[C@H]1C[C@@H]([C@@H]([C@H](/C=C(/[C@@H]([C@H](/C=C\C=C(\C(=O)NC2=CC(=O)C(=C(C1)C2=O)OC)/C)OC)OC(=O)N)\C)C)O)OC,True,True
3828,CID5289394,CID5289394,C[C@@H]1C/C=C/C=C/[C@@H]([C@@H](C[C@@H]([C@@H]([C@H]([C@@H](CC(=O)O1)O)OC)O[C@H]2[C@@H]([C@H]([C@@H]([C@H](O2)C)O[C@H]3C[C@@]([C@H]([C@@H](O3)C)O)(C)O)N(C)C)O)CC=O)C)O[C@H]4CC[C@@H]([C@H](O4)C)N(C)C,True,True
3829,CID5289418,CID5289418,CC1=CNC(=C1CCC(=O)O)/C=C\2/C3=CC=CC=C3NC2=O,True,True
3830,CID5289501,CID5289501,C/C(=C\C1=CC=C(C=C1)C(=O)O)/C2=CC3=C(C=C2)C(CCC3(C)C)(C)C,True,True
3831,CID5291,CID5291,CC1=C(C=C(C=C1)NC(=O)C2=CC=C(C=C2)CN3CCN(CC3)C)NC4=NC=CC(=N4)C5=CN=CC=C5,True,True
3832,CID52912189,CID52912189,CC1=C(C(=NO1)C)C2=C(C=C3C(=C2)N=CC4=C3N(C(=O)N4)[C@H](C)C5=CC=CC=N5)OC,True,True
3833,CID52912222,CID52912222,C[C@H]1C[C@H](C2=C(N1C(=O)C)C=CC(=C2)C3=CC=C(C=C3)C(=O)O)NC4=CC=C(C=C4)Cl,True,True
3834,CID52913813,CID52913813,C[C@H](C1=CC(=CC2=C1OC(=CC2=O)N3CCOCC3)C(=O)N(C)C)NC4=CC(=CC(=C4)F)F,True,True
3835,CID52934180,CID52934180,CC1=NC2=C(N1)C=C(C=C2)C(=O)N3CCC4(CC3)CC5=C(C(=O)C4)N(N=C5)C(C)C,True,True
3836,CID52934829,CID52934829,CCNC(=O)C[C@@H]1C2=NN=C(N2C3=C(C=C(C=C3)OC)C(=N1)C4=CC=C(C=C4)Cl)C,True,True
3837,CID52938427,CID52938427,CC(C)OC1=C(C=C(C=C1)C2=NC(=NO2)C3=C4CC[C@@H](C4=CC=C3)NCCO)C#N,True,True
3838,CID52943938,CID52943938,CC1=CC(=C(C=C1)C(C)(C2=NC3=CC=CC=C3S2)O)C,True,True
3839,CID52947716,CID52947716,CC[C@@H]\1CC[C@H]2[C@H]([C@H]([C@@H]([C@]3(O2)CC[C@@H]([C@@H](O3)C[C@@H](C)O)C)C)OC(=O)/C=C/[C@@H]([C@H]([C@@H](C(=O)[C@@H]([C@H]([C@@H](C(=O)[C@]([C@H]([C@@H](C/C=C/C=C1)C)O)(C)O)C)O)C)C)O)C)C,True,True
3840,CID52948550,CID52948550,CN(C)C1=CC=C(C=C1)NC2=NN(C(=N2)N)C(=O)C3=C(C=CC=C3F)F,True,True
3841,CID5310939,CID5310939,CCOC(=O)[C@H](CCC(=O)N[C@@H](CSCC1=CC=CC=C1)C(=O)N[C@H](C2=CC=CC=C2)C(=O)OCC)N,True,True
3842,CID5310966,CID5310966,C1C2CNCC1C3=CC4=NC=CN=C4C=C23,True,True
3843,CID5310993,CID5310993,CC1=CN=C(C=[N+]1[O-])C(=O)O,True,True
3844,CID5311,CID5311,C1=CC=C(C=C1)NC(=O)CCCCCCC(=O)NO,True,True
3845,CID5311007,CID5311007,CCCCC/C=C\C/C=C\C/C=C\C/C=C\CCCC(=O)NC1CC1,True,True
3846,CID5311027,CID5311027,CCNC(=O)CCC/C=C\C[C@H]1[C@H](C[C@H]([C@@H]1/C=C/[C@H](CCC2=CC=CC=C2)O)O)O,True,True
3847,CID5311037,CID5311037,CCN1C2=C(C(=O)N(C1=O)CC)N(C(=N2)/C=C/C3=CC(=C(C=C3)OC)OC)C,True,True
3848,CID5311066,CID5311066,C[C@]12C[C@@H]([C@H]3[C@H]([C@@H]1C[C@@H]4[C@]2(OC(O4)(C)C)C(=O)CO)CCC5=CC(=O)C=C[C@]35C)O,True,True
3849,CID5311068,CID5311068,CC1=C(C(=CC=C1)[C@H](C)C2=CN=CN2)C,True,True
3851,CID5311180,CID5311180,CS(=O)(=O)O.CS(=O)(=O)O.C1=CC(=CC=C1C(=O)OC2=CC3=C(C=C2)C=C(C=C3)C(=N)N)N=C(N)N,True,True
3852,CID5311181,CID5311181,CC#CCC(C)[C@@H](/C=C/[C@H]1[C@@H](C[C@H]2[C@@H]1C/C(=C/CCCC(=O)O)/C2)O)O,True,True
3853,CID5311194,CID5311194,CCN1C2=CC=CC=C2N(C1=O)[C@@H]3CCN(C[C@H]3CO)CC4CCCCCCC4,True,True
3854,CID5311217,CID5311217,CCOC(=O)C1=C(NC(=C(C1C2=CC=CC=C2/C=C/C(=O)OC(C)(C)C)C(=O)OCC)C)C,True,True
3855,CID5311272,CID5311272,C[C@@H](C(=O)N[C@@H](C1=CC=CC=C1)C(=O)OC(C)(C)C)NC(=O)CC2=CC(=CC(=C2)F)F,True,True
3856,CID5311309,CID5311309,CC(C)C1CCC(CC1)C(=O)N[C@H](CC2=CC=CC=C2)C(=O)O,True,True
3857,CID5311339,CID5311339,CCC1=CC=C(C=C1)OCC2=CC=CC=C2C(=O)NC3=CC4=C(C=C(N=C4C=C3)C)N.Cl,True,True
3858,CID5311345,CID5311345,CC1=C(C=CC(=C1)CN2C=NC3=C2C[C@H](N(C3)C(=O)C(C4=CC=CC=C4)C5=CC=CC=C5)C(=O)O)N(C)C,True,True
3859,CID5311382,CID5311382,CCN(CC)CCOC1=CC=C(C=C1)NC2=NC=C3C=C(C(=O)N(C3=N2)C)C4=C(C=CC=C4Cl)Cl,True,True
3860,CID5311497,CID5311497,CCC1=C[C@H]2C[C@@](C3=C(CN(C2)C1)C4=CC=CC=C4N3)(C5=C(C=C6C(=C5)[C@]78CCN9[C@H]7[C@@](C=CC9)([C@H]([C@@]([C@@H]8N6C)(C(=O)OC)O)OC(=O)C)CC)OC)C(=O)OC,True,True
3861,CID5311510,CID5311510,C1=CC(=CC(=C1)C(=O)N)C2=CC(=NC=N2)NC3=CC=C(C=C3)OC(F)(F)F,True,True
3862,CID5312122,CID5312122,CN(C/C=C/C1=CC=C(C=C1)Cl)CC2=CC=CC=C2N(CCO)S(=O)(=O)C3=CC=C(C=C3)OC,True,True
3863,CID5312125,CID5312125,CC(CC1=CC2=C(C(=C1)C(=O)N)N(CC2)CCCO)NCCOC3=CC=CC=C3OCC(F)(F)F,True,True
3864,CID5312149,CID5312149,CC1=C(SC2=C1C=C(C=C2)Cl)S(=O)(=O)NC3=CC(=C(C=C3)OC)N4CCNCC4,True,True
3865,CID5316290,CID5316290,C1=CC(=CC=C1C2=COC3=C(C2=O)C=CC(=C3)O[C@H]4[C@@H]([C@H]([C@H]([C@H](O4)CO)O)O)O)O,True,True
3866,CID5318517,CID5318517,C[C@@]12CC[C@H]([C@@]([C@H]1CCC(=C)[C@H]2C/C=C/3\[C@@H](COC3=O)O)(C)CO)O,True,True
3867,CID5318997,CID5318997,C[C@H]1[C@@H]([C@H]([C@H]([C@@H](O1)OC2=C(OC3=C(C2=O)C(=CC(=C3CC=C(C)C)O[C@H]4[C@@H]([C@H]([C@@H]([C@H](O4)CO)O)O)O)O)C5=CC=C(C=C5)OC)O)O)O,True,True
3868,CID5321010,CID5321010,CC1(CC[C@@H]([C@]23[C@@H]1[C@@H]([C@]([C@]45[C@H]2CC[C@H]([C@H]4O)C(=C)C5=O)(OC3)O)O)O)C,True,True
3869,CID5321018,CID5321018,CC1=C2C[C@H]3C(=C)CCC[C@@]3(C=C2OC1=O)C,True,True
3870,CID53232,CID53232,CC[C@H](C)C(=O)O[C@H]1C[C@H](C=C2[C@H]1[C@H]([C@H](C=C2)C)CC[C@@H]3C[C@H](CC(=O)O3)O)C,True,True
3871,CID53235510,CID53235510,CCN1CCN(CC1)C2=CC=C(C=C2)NC3=CC(=NC=N3)N(C)C(=O)NC4=C(C(=CC(=C4Cl)OC)OC)Cl,True,True
3872,CID5323714,CID5323714,C1COC(=O)N1/N=C/C2=CC=C(O2)[N+](=O)[O-],True,True
3873,CID5324,CID5324,C1=CC(=CC=C1N)S(=O)(=O)N=C(N)N,True,True
3874,CID53240420,CID53240420,CC(C)OC1=C(C=C2CC(=O)N([C@H](C2=C1)C3=CC=C(C=C3)Cl)C4=CC=C(C=C4)N(C)CC5CCC(CC5)N6CCN(C(=O)C6)C)OC,True,True
3875,CID5324346,CID5324346,COCCCC/C(=N\OCCN)/C1=CC=C(C=C1)C(F)(F)F,True,True
3876,CID53245636,CID53245636,CC1=C2C(=CC=C1)N=C(N(C2=O)C3=CC=CC=C3C)CN4C5=NC=NC(=C5C=N4)N,True,True
3877,CID53248764,CID53248764,CCOC1=C(C=C(C=C1)F)C2(C3=C(C=CC(=C3)Cl)N=C2N)O,True,True
3878,CID5325,CID5325,CC1=NC(=NC=C1)NS(=O)(=O)C2=CC=C(C=C2)N,True,True
3879,CID53252516,CID53252516,C1C[C@@H](C[C@H](C1)NC(=O)C2CCN(CC2)C3=NC4=C(O3)C=C(C(=C4)Cl)C5=CC=C(C=C5)Cl)CO,True,True
3880,CID5326,CID5326,COC1=CN=C(N=C1)NS(=O)(=O)C2=CC=C(C=C2)N,True,True
3881,CID53262401,CID53262401,C1CC(C1)(C2=CC=C(C=C2)N3C4=C(C=CC(=N4)C5=CC=CC=C5)N=C3C6=C(N=CC=C6)N)N,True,True
3882,CID5326956,CID5326956,COC1=CC=C(C=C1)C2=C(C3=C(N=CN=C3O2)N)C4=CC=C(C=C4)NC(=O)NC5=C(C=CC(=C5)C(F)(F)F)F,True,True
3883,CID5327,CID5327,CC1=CC(=NC(=N1)NS(=O)(=O)C2=CC=C(C=C2)N)C,True,True
3884,CID53276,CID53276,CCOC(=O)NC1=C(N=C(C=C1)NCC2=CC=C(C=C2)F)N,True,True
3885,CID5327686,CID5327686,CN1C=C(C2=CC=CC=C21)C3=C(C(=O)NC3=O)C4=CN(C5=C4C=CC(=C5)[N+](=O)[O-])C,True,True
3886,CID5327721,CID5327721,CN1C=C(C2=CC=CC=C21)C3=C(C(=O)NC3=O)C4=CC(=CC(=C4)Cl)Cl,True,True
3887,CID5327916,CID5327916,CN1C2=NC(=NC=C2C=C(C1=O)C3=C(C=CC=C3Cl)Cl)NC4=CC=CC(=C4)C(=O)O,True,True
3888,CID5328,CID5328,CC1=NN=C(S1)NS(=O)(=O)C2=CC=C(C=C2)N,True,True
3889,CID5328779,CID5328779,C1=CC=C(C=C1)CNC(=O)/C(=C/C2=CC(=C(C=C2)O)O)/C#N,True,True
3890,CID5328940,CID5328940,CN1CCN(CC1)CCCOC2=C(C=C3C(=C2)N=CC(=C3NC4=CC(=C(C=C4Cl)Cl)OC)C#N)OC,True,True
3891,CID5329,CID5329,CC1=CC(=NO1)NS(=O)(=O)C2=CC=C(C=C2)N,True,True
3892,CID5329006,CID5329006,COC1=C(C=C2C(=C1)C(=NC=N2)NC3=C(C=C(C=C3)Cl)F)OC,True,True
3893,CID5329098,CID5329098,CC1=CC(=C(N1)/C=C\2/C3=CC=CC=C3NC2=O)C,True,True
3894,CID5329099,CID5329099,CC1=C(NC(=C1CCC(=O)O)C)/C=C\2/C3=CC=CC=C3NC2=O,True,True
3895,CID5329102,CID5329102,CCN(CC)CCNC(=O)C1=C(NC(=C1C)/C=C\2/C3=C(C=CC(=C3)F)NC2=O)C,True,True
3896,CID5329106,CID5329106,CC1=C(NC(=C1C(=O)NCCN2CCCC2)C)/C=C\3/C4=C(C=CC(=C4)F)NC3=O,True,True
3897,CID5330,CID5330,COC1=NN=C(C=C1)NS(=O)(=O)C2=CC=C(C=C2)N,True,True
3898,CID53302361,CID53302361,CCN1CCN(CC1)CC2=C(C=C(C=C2)NC(=O)C3=CC(=C(C=C3)C)/C=C/C4=CN=C5C(=C4OC)C=CN5)C(F)(F)F,True,True
3899,CID5330286,CID5330286,CC1=C(C(=O)N(C2=NC(=NC=C12)NC3=NC=C(C=C3)N4CCNCC4)C5CCCC5)C(=O)C,True,True
3900,CID5330790,CID5330790,C1=CC(=C(C(=C1)F)C(=O)N2C(=NC(=N2)NC3=CC=C(C=C3)S(=O)(=O)N)N)F,True,True
3901,CID53315868,CID53315868,CC(C)N1CCCN(CC1)C2=NC3=CC(=C(C=C3C(=N2)NC4CCN(CC4)CC5CCCCC5)OC)OCCCN6CCCCC6,True,True
3902,CID53315882,CID53315882,CC(C)N1CCCN(CC1)C2=NC3=CC(=C(C=C3C(=N2)NC4CCN(CC4)C5CCCCC5)OC)OCCCN6CCCCC6,True,True
3903,CID53316140,CID53316140,C[C@@H]1C[C@H]2[C@@H]3CCC4=CC(=O)C=C[C@@]4([C@@]3([C@H](C[C@@]2([C@]1(C(=O)CO)O)C)O)F)C,True,True
3904,CID53316142,CID53316142,CC[C@@]12C=CCN3[C@@H]1[C@]4(CC3)[C@H]([C@@]([C@@H]2OC(=O)C)(C(=O)OC)O)N(C5=CC(=C(C=C45)[C@]6(CC7CC(CN(C7)CCC8=C6NC9=CC=CC=C89)(CC)O)C(=O)OC)OC)C=O,True,True
3905,CID53322732,CID53322732,COC1=NC=C(C=C1)NC2=NC(=NC(=C2)C3=CN=C(N=C3)N)N4CCOCC4,True,True
3906,CID53322923,CID53322923,CN1CCN(CC1)C2=CC(=C(C=C2)NC3=NC=C4C(=N3)N(C5=CC=CC=C5C(=O)N4)C)OC,True,True
3907,CID53325875,CID53325875,C1=CC=C(C(=C1)CNC2=NN=NN2C3=C(C(=CC=C3)Cl)Cl)OC4=CC=CC=N4,True,True
3908,CID5333,CID5333,C1=CC(=CC=C1N)S(=O)(=O)N,True,True
3909,CID53340426,CID53340426,C1=CC=C(C=C1)N(C2=CC=CC=C2Cl)C3=NC=C(C=N3)C(=O)NCCCCCCC(=O)NO,True,True
3910,CID53340666,CID53340666,C1=CC=C(C=C1)N(C2=CC=CC=C2)C3=NC=C(C=N3)C(=O)NCCCCCCC(=O)NO,True,True
3911,CID53340771,CID53340771,CC1=C(N=C(N=C1N2CCC(CC2)C3=NC4=C(CCCN4)C=C3)C)NC[C@@H](C(=O)O)NS(=O)(=O)C5=CC=C(C=C5)OC,True,True
3912,CID53344620,CID53344620,C[C@@H]1CCN(C[C@@H]1N(C)C2=NC=NC3=C2C=CN3)C(=O)N4CCCC4,True,True
3913,CID53348204,CID53348204,C1=CC=C2C(=C1)C=CC3=C2C=C(N3)C(=O)C4=CC=C(C=C4)N,True,True
3914,CID5335,CID5335,C1=CC=C(C=C1)N2C(=CC=N2)NS(=O)(=O)C3=CC=C(C=C3)N,True,True
3915,CID53355503,CID53355503,CCCCNC1=NC=C2C(=NN(C2=N1)CC3CCC(CC3)N)C4=CC=C(C=C4)F,True,True
3916,CID5335621,CID5335621,CCOC(=O)C1=CC=C(C=C1)N2C(=O)/C(=C\C3=CC=C(O3)[N+](=O)[O-])/C(=O)N2,True,True
3917,CID53356806,CID53356806,C1=CNC2=NC=C(C=C21)C3=NN(C=C3C4=NC(=NC=C4)NCCC#N)CC(F)F,True,True
3918,CID53358942,CID53358942,CC(C)(C)C[C@H]1[C@]([C@H]([C@@H](N1)C(=O)NC2=C(C=C(C=C2)C(=O)O)OC)C3=C(C(=CC=C3)Cl)F)(C#N)C4=C(C=C(C=C4)Cl)F,True,True
3919,CID53359,CID53359,CN(CC(=O)O)C(=S)C1=CC=CC2=C1C=CC(=C2C(F)(F)F)OC,True,True
3920,CID5336,CID5336,C1=CC=NC(=C1)NS(=O)(=O)C2=CC=C(C=C2)N,True,True
3921,CID5337997,CID5337997,C1=CC(=CC=C1C(=O)N/N=C/C2=CC=C(O2)[N+](=O)[O-])O,True,True
3922,CID53380437,CID53380437,C1CN(CCC1N2CC(C2)(CC#N)N3C=C(C=N3)C4=C5C=CNC5=NC=N4)C(=O)C6=C(C(=NC=C6)C(F)(F)F)F,True,True
3923,CID53387035,CID53387035,C1CC(CCC1CC(=O)O)C2=CC=C(C=C2)C3=NC=C(C=C3)NC4=CN=C(C=C4)C(F)(F)F,True,True
3924,CID53388144,CID53388144,CN(CC(=O)N(CC1=CC=C(C=C1)C2CCCCC2)C3=CC(=C(C=C3)C(=O)O)O)S(=O)(=O)C4=C(C(=C(C(=C4F)F)F)F)F,True,True
3925,CID5339,CID5339,C1=CC=NC(=C1)NS(=O)(=O)C2=CC=C(C=C2)N=NC3=CC(=C(C=C3)O)C(=O)O,True,True
3926,CID53396311,CID53396311,C1=CC(=C(C=C1Cl)Cl)C2=NC(=NC=C2N3C=CN=C3)NCCNC4=NC(=C(C=C4)[N+](=O)[O-])N,True,True
3927,CID53396328,CID53396328,C1CN(CCC1CCCCNC(=O)C=CC2=CN=CC=C2)C(=O)C3=CC=CC=C3,True,True
3928,CID53398697,CID53398697,CCOC1=C(C=C2C(=C1)N=CC(=C2NC3=CC(=C(C=C3)OCC4=CC=CC=N4)Cl)C#N)NC(=O)C=CCN(C)C,True,True
3929,CID53401057,CID53401057,CC1=NC=C(C=C1)OC2=C(C=C(C=C2)NC3=NC=NC4=C3C=C(C=C4)C=CCNC(=O)COC)C,True,True
3930,CID5342,CID5342,C1=CC=C(C=C1)N2C(=O)C(C(=O)N2C3=CC=CC=C3)CCS(=O)C4=CC=CC=C4,True,True
3931,CID53469059,CID53469059,CC1=NC(=CC=C1)CC(=O)N2CCC3=C2C=CC(=C3F)C4=CN(C5=NC=NC(=C45)N)C,True,True
3932,CID53469448,CID53469448,CN1C=C(C2=C(N=CN=C21)N)C3=CC4=C(C=C3)N(CC4)C(=O)CC5=CC(=CC=C5)C(F)(F)F,True,True
3933,CID53484170,CID53484170,CC1=CN2C(=CN=C2C(=N1)NC3=C(C=C(C=C3)C(=O)N4CCNCC4)F)C5=CNN=C5,True,True
3934,CID53494972,CID53494972,CC1=NC2=C(C=CC=C2N1C3=CC=C(S3)C(=O)NC4CC4)C#N,True,True
3935,CID53495165,CID53495165,CC(C)OC(=O)/C=C\N1C=NC(=N1)C2=CC(=CC(=C2)OC)C(F)(F)F,True,True
3936,CID5351307,CID5351307,C/C(=N\NC(=S)N1CCC1)/C2=CC=CC=N2,True,True
3937,CID5351344,CID5351344,COC1=C(C=C(C=C1)/C=C\C2=CC(=C(C(=C2)OC)OC)OC)O,True,True
3938,CID5352062,CID5352062,C/C=C\1/C(=O)N[C@H](C(=O)O[C@H]\2CC(=O)N[C@@H](C(=O)N[C@H](CSSCC/C=C2)C(=O)N1)C(C)C)C(C)C,True,True
3939,CID5353431,CID5353431,CC1=CC=C(C=C1)S(=O)(=O)/C=C/C#N,True,True
3940,CID5353852,CID5353852,C1=CC=C(C=C1)S(=O)(=O)NC2=CC=CC(=C2)C#C/C=C/C(=O)NO,True,True
3941,CID5355,CID5355,CCN1CCCC1CNC(=O)C2=C(C=CC(=C2)S(=O)(=O)N)OC,True,True
3942,CID5358,CID5358,CNS(=O)(=O)CC1=CC2=C(C=C1)NC=C2CCN(C)C,True,True
3943,CID5359,CID5359,CC(C1=CC=C(C=C1)C(=O)C2=CC=CS2)C(=O)O,True,True
3944,CID5360373,CID5360373,CC1=C(N=C(N=C1N)[C@H](CC(=O)N)NC[C@@H](C(=O)N)N)C(=O)N[C@@H]([C@H](C2=CN=CN2)OC3C(C(C(C(O3)CO)O)O)OC4C(C(C(C(O4)CO)O)OC(=O)N)O)C(=O)N[C@H](C)[C@H]([C@H](C)C(=O)N[C@@H]([C@@H](C)O)C(=O)NCCC5=NC(=CS5)C6=NC(=CS6)C(=O)NCCC[S+](C)C)O,True,True
3945,CID5360515,CID5360515,C1CC1CN2CC[C@]34[C@@H]5C(=O)CC[C@]3([C@H]2CC6=C4C(=C(C=C6)O)O5)O,True,True
3946,CID5360696,CID5360696,CN1CC[C@@]23CCCC[C@@H]2[C@@H]1CC4=C3C=C(C=C4)OC,True,True
3947,CID5361,CID5361,CC1=C(C=C(C=C1)C(=O)NC2=C3C(=CC(=CC3=C(C=C2)S(=O)(=O)O)S(=O)(=O)O)S(=O)(=O)O)NC(=O)C4=CC(=CC=C4)NC(=O)NC5=CC=CC(=C5)C(=O)NC6=C(C=CC(=C6)C(=O)NC7=C8C(=CC(=CC8=C(C=C7)S(=O)(=O)O)S(=O)(=O)O)S(=O)(=O)O)C,True,True
3948,CID5362123,CID5362123,CCOC(=O)[C@H](CCC1=CC=CC=C1)N[C@H]2CCC3=CC=CC=C3N(C2=O)CC(=O)O.Cl,True,True
3949,CID5362124,CID5362124,CCOC(=O)[C@H](CCC1=CC=CC=C1)N[C@H]2CCC3=CC=CC=C3N(C2=O)CC(=O)O,True,True
3950,CID5362129,CID5362129,CCOC(=O)[C@H](CCC1=CC=CC=C1)N[C@@H](C)C(=O)N2[C@H]3CCC[C@H]3C[C@H]2C(=O)O,True,True
3951,CID5362376,CID5362376,CCOC1=CC=CC=C1OCCNC(C)CC2=CC(=C(C=C2)OC)S(=O)(=O)N.Cl,True,True
3952,CID5362420,CID5362420,CC1=C(C2=CC3=NC(=CC4=C(C(=C(N4)C=C5[C@@]6([C@@H](C(=CC=C6C(=N5)C=C1N2)C(=O)OC)C(=O)OC)C)C)CCC(=O)OC)C(=C3C)CCC(=O)O)C=C,True,True
3953,CID5362422,CID5362422,CC(C)C[C@H]([C@H](CSC1=CC=CS1)C(=O)NO)C(=O)N[C@@H](CC2=CC=CC=C2)C(=O)NC,True,True
3954,CID5379,CID5379,CC1CN(CCN1)C2=C(C=C3C(=C2OC)N(C=C(C3=O)C(=O)O)C4CC4)F,True,True
3955,CID5381,CID5381,CCOC(=O)C1=CN=C(C=C1)C#CC2=CC3=C(C=C2)SCCC3(C)C,True,True
3956,CID5386,CID5386,C1CC(OC1)N2C=C(C(=O)NC2=O)F,True,True
3957,CID5388961,CID5388961,CCOC(=O)[C@H](CCC1=CC=CC=C1)N[C@@H](C)C(=O)N2CCC[C@H]2C(=O)O.C(=C\C(=O)O)\C(=O)O,True,True
3958,CID5388983,CID5388983,CC[C@@]1(C[C@H]2C[C@@](C3=C(CCN(C2)C1)C4=CC=CC=C4N3)(C5=C(C=C6C(=C5)[C@]78CCN9[C@H]7[C@@](C=CC9)([C@H]([C@@]([C@@H]8N6C)(C(=O)OC)O)OC(=O)C)CC)OC)C(=O)OC)O.OS(=O)(=O)O,True,True
3959,CID5394,CID5394,CN1C(=O)N2C=NC(=C2N=N1)C(=O)N,True,True
3960,CID5401,CID5401,COC1=C(C=C2C(=C1)C(=NC(=N2)N3CCN(CC3)C(=O)C4CCCO4)N)OC,True,True
3961,CID5405,CID5405,CC(C)(C)C1=CC=C(C=C1)C(CCCN2CCC(CC2)C(C3=CC=CC=C3)(C4=CC=CC=C4)O)O,True,True
3962,CID5417,CID5417,COC1=C(C2=C(C[C@H]3C4=CC(=C(C=C4CCN3C2)OC)OC)C=C1)OC,True,True
3963,CID54259,CID54259,CCC(C)(C)C1=CC=C(C=C1)CC(C)CN2C[C@H](O[C@H](C2)C)C.Cl,True,True
3964,CID5426,CID5426,C1CC(=O)NC(=O)C1N2C(=O)C3=CC=CC=C3C2=O,True,True
3965,CID54260,CID54260,CCC(C)(C)C1=CC=C(C=C1)CC(C)CN2C[C@H](O[C@H](C2)C)C,True,True
3966,CID5429,CID5429,CN1C=NC2=C1C(=O)NC(=O)N2C,True,True
3967,CID5430,CID5430,C1=CC=C2C(=C1)NC(=N2)C3=CSC=N3,True,True
3968,CID54360,CID54360,CN1CCCC(CC1)N2C(=O)C3=CC=CC=C3C(=N2)CC4=CC=C(C=C4)Cl.Cl,True,True
3969,CID54454,CID54454,CCC(C)(C)C(=O)O[C@H]1C[C@H](C=C2[C@H]1[C@H]([C@H](C=C2)C)CC[C@@H]3C[C@H](CC(=O)O3)O)C,True,True
3971,CID5453,CID5453,C1CN1P(=S)(N2CC2)N3CC3,True,True
3972,CID54575456,CID54575456,CN(CC1=CC2=C(S1)C(=NC(=N2)C3=CN=C(C=C3)OC)N4CCOCC4)C5=NC=C(C=N5)C(=O)NO,True,True
3973,CID54576693,CID54576693,C1CN(CCN1CC2=CC3=C(C=C2)OC(O3)(F)F)C(=O)NC4=C(C=CN=C4)Cl,True,True
3974,CID5458190,CID5458190,CCC1=C[C@H]2C[C@]3([C@@H]1N(C2)CCC4=C3NC5=CC=CC=C45)C(=O)OC,True,True
3975,CID54585,CID54585,C1=CC(=CC=C1C(=O)NCCC(=O)O)N=NC2=CC(=C(C=C2)O)C(=O)O,True,True
3976,CID5459110,CID5459110,C[N+]1(C2CC(CC1C3C2O3)OC(=O)C(CO)C4=CC=CC=C4)C.[Br-],True,True
3977,CID5459308,CID5459308,CN1CC[C@@]23CC(=O)C(=C[C@@H]2[C@@H]1CC4=C3C(=C(C=C4)OC)O)OC,True,True
3978,CID5459840,CID5459840,C[C@]12CC[C@H]3C(=CC(=O)[C@H]4[C@@]3(C[C@@H]([C@@H](C4)O)O)C)[C@@]1(CC[C@@H]2[C@](C)([C@@H](CCC(C)(C)O)O)O)O,True,True
3979,CID5460033,CID5460033,N.N.Cl[Pt]Cl,True,True
3980,CID54608520,CID54608520,C[C@@H]1CC[C@H]2C[C@@H](/C(=C/C=C/C=C/[C@H](C[C@H](C(=O)[C@@H]([C@@H](/C(=C/[C@H](C(=O)C[C@H](OC(=O)[C@@H]3CCCCN3C(=O)C(=O)[C@@]1(O2)O)[C@H](C)C[C@@H]4CC[C@H]([C@@H](C4)OC)OCCO)C)/C)O)OC)C)C)/C)OC,True,True
3981,CID54611422,CID54611422,C[C@]12CC[C@H]3[C@H]([C@@H]1CC[C@@H]2OP(=O)(O)O)CCC4=C3C=CC(=C4)OC(=O)N(CCCl)CCCl.[Na+],True,True
3982,CID5462501,CID5462501,C[C@@H](C(=O)N1CCC[C@H]1C(=O)O)N[C@@H](CCC2=CC=CC=C2)C(=O)O,True,True
3983,CID5464025,CID5464025,CN1CCC23CCCCC2C1CC4=C3C=C(C=C4)OC.Br,True,True
3984,CID5464092,CID5464092,C=CCN1CC[C@]23[C@@H]4C(=O)CC[C@]2([C@H]1CC5=C3C(=C(C=C5)O)O4)O.Cl,True,True
3985,CID54670067,CID54670067,C([C@@H]([C@@H]1C(=C(C(=O)O1)O)O)O)O,True,True
3986,CID54671008,CID54671008,CC1=NN=C(O1)C(=O)NC(C)(C)C2=NC(=C(C(=O)N2C)O)C(=O)NCC3=CC=C(C=C3)F,True,True
3987,CID54671203,CID54671203,C[C@@H]1[C@H]2[C@@H]([C@H]3[C@@H](C(=O)C(=C([C@]3(C(=O)C2=C(C4=C1C=CC=C4O)O)O)O)C(=O)N)N(C)C)O,True,True
3988,CID54675769,CID54675769,CC1=C(C=CC2=C1OC(=O)C(=C2O)NC(=O)C3=CC(=C(C=C3)O)CC=C(C)C)O[C@H]4[C@@H]([C@@H]([C@H](C(O4)(C)C)OC)OC(=O)N)O,True,True
3989,CID54675776,CID54675776,C[C@@]1([C@H]2C[C@H]3[C@@H](C(=O)C(=C([C@]3(C(=O)C2=C(C4=C1C=CC=C4O)O)O)O)C(=O)N)N(C)C)O,True,True
3990,CID54675779,CID54675779,C[C@@]1([C@H]2[C@@H]([C@H]3[C@@H](C(=O)C(=C([C@]3(C(=O)C2=C(C4=C1C=CC=C4O)O)O)O)C(=O)N)N(C)C)O)O,True,True
3991,CID54675783,CID54675783,CN(C)[C@H]1[C@@H]2C[C@@H]3CC4=C(C=CC(=C4C(=C3C(=O)[C@@]2(C(=C(C1=O)C(=O)N)O)O)O)O)N(C)C,True,True
3992,CID54676228,CID54676228,CN1C(=C(C2=CC=CC=C2S1(=O)=O)O)C(=O)NC3=CC=CC=N3,True,True
3993,CID54676905,CID54676905,C/C(=C(\C#N)/C(=O)NC1=C(C=CC(=C1)Br)Br)/O,True,True
3994,CID54677470,CID54677470,CC1=CN=C(S1)NC(=O)C2=C(C3=CC=CC=C3S(=O)(=O)N2C)O,True,True
3995,CID54677946,CID54677946,CCN(C1=CC=CC=C1)C(=O)C2=C(C3=C(C=CC=C3Cl)N(C2=O)C)O,True,True
3996,CID54677971,CID54677971,CN1C(=C(C2=C(S1(=O)=O)C=CS2)O)C(=O)NC3=CC=CC=N3,True,True
3997,CID54677973,CID54677973,CCOC(=O)C1=C(C(=O)N(C1)CC2=CC=CC=C2)O,True,True
3998,CID54678486,CID54678486,CC(=O)CC(C1=CC=CC=C1)C2=C(C3=CC=CC=C3OC2=O)O,True,True
3999,CID54678490,CID54678490,C[N+](C)(CCOC1=CC=CC=C1)CC2=CC=CC=C2.C1=CC=C2C=C(C(=CC2=C1)C(=O)O)[O-],True,True
4000,CID54678924,CID54678924,C1[C@@H]2CC3=C(C(=CC=C3)O)C(=C2C(=O)[C@]4([C@@H]1CC(=O)C(=C4O)C(=O)N)O)O,True,True
4001,CID54679224,CID54679224,C1=C(C(=CNC1=O)Cl)O,True,True
4002,CID54680660,CID54680660,CCCCCCCCCCCCCCCC(=O)OC[C@@H]([C@@H]1C(=C(C(=O)O1)O)O)O,True,True
4003,CID54680692,CID54680692,CCC(C1=CC=CC=C1)C2=C(C3=CC=CC=C3OC2=O)O,True,True
4004,CID54682876,CID54682876,CN1C2=C(C(=CC=C2)OC)C(=C(C1=O)C(=O)N(C)C3=CC=C(C=C3)C(F)(F)F)O,True,True
4005,CID54684141,CID54684141,C/C(=C(\C#N)/C(=O)NC1=CC=C(C=C1)C(F)(F)F)/O,True,True
4006,CID54685215,CID54685215,C1=CC=C(C=C1)CN2C3=CC=CC=C3C(=C(C2=O)C(=O)NCC(=O)O)O,True,True
4007,CID54686904,CID54686904,CC(C)(C)NCC(=O)NC1=CC(=C2C[C@H]3C[C@H]4[C@@H](C(=O)C(=C([C@]4(C(=O)C3=C(C2=C1O)O)O)O)C(=O)N)N(C)C)N(C)C,True,True
4008,CID54690031,CID54690031,CN1C(=C(C2=C(S1(=O)=O)C=C(S2)Cl)O)C(=O)NC3=CC=CC=N3,True,True
4009,CID5469318,CID5469318,CC(=CCC/C(=C/CC/C(=C/CSC1=CC=CC=C1C(=O)O)/C)/C)C,True,True
4010,CID54698642,CID54698642,CCN1C[C@@H](N2C3=C(C(=C2C1=O)O)C(=O)N(N=C3C(=O)NC)CC4=CC(=C(C=C4)F)Cl)C,True,True
4011,CID54704426,CID54704426,C[C@@]1([C@H]2C[C@H]3[C@@H](C(=O)C(=C([C@]3(C(=O)C2=C(C4=C1C=CC=C4O)O)O)O)C(=O)N)N(C)C)O.Cl,True,True
4012,CID54706679,CID54706679,COC1=CC=CC=C1C2=CC(=CC=C2)C3=C(C4=C(C=C(C(=C4)C#N)Cl)NC3=O)O,True,True
4013,CID54708532,CID54708532,C1=CC=C(C(=C1)C2=CC=C(C=C2)C3=CSC4=C3C(=C(C(=O)N4)C#N)O)O,True,True
4014,CID5472,CID5472,C1CN(CC2=C1SC=C2)CC3=CC=CC=C3Cl,True,True
4015,CID54726191,CID54726191,C[C@@H]1CCO[C@@H]2N1C(=O)C3=C(C(=O)C(=CN3C2)C(=O)NCC4=C(C=C(C=C4)F)F)O,True,True
4016,CID54765302,CID54765302,CCCC1=CC2=C(N=CN=C2S1)N3CCN(CC3)C4=NCC(S4)(C)C,True,True
4017,CID54766013,CID54766013,CC1=NC(=CC=C1)C2=C(N=C(N2)CNC3=CC=CC=C3F)C4=CN5C(=NC=N5)C=C4,True,True
4018,CID5477212,CID5477212,CC(=CCC/C(=C/CC/C(=C/CC/C(=C/CC/C(=C/CC/C(=C/CC/C(=C/CC/C(=C/CC/C(=C/CO)/C)/C)/C)/C)/C)/C)/C)/C)C,True,True
4019,CID5478883,CID5478883,C[C@@H](C(=O)N[C@@H](CC(C)C)[C@H](CC(=O)O)O)NC(=O)C[C@@H]([C@H](CC(C)C)NC(=O)[C@H](C(C)C)NC(=O)[C@H](C(C)C)NC(=O)CC(C)C)O,True,True
4020,CID5478927,CID5478927,C1CC[C@H]2CN(C[C@H]2C1)C(=O)C[C@H](CC3=CC=CC=C3)C(=O)[O-].C1CC[C@H]2CN(C[C@H]2C1)C(=O)C[C@H](CC3=CC=CC=C3)C(=O)[O-].[Ca+2],True,True
4021,CID5479,CID5479,CCS(=O)(=O)CCN1C(=NC=C1[N+](=O)[O-])C,True,True
4022,CID5480230,CID5480230,C1CC1CN2CC[C@]34[C@@H]5C6=C(C[C@]3([C@H]2CC7=C4C(=C(C=C7)O)O5)O)C8=C(N6)[C@H]9[C@@]12CCN([C@@H]([C@@]1(C8)O)CC1=C2C(=C(C=C1)O)O9)CC1CC1,True,True
4023,CID5482,CID5482,C1=CC(=C(C=C1Cl)Cl)C(CN2C=CN=C2)OCC3=C(SC=C3)Cl,True,True
4024,CID5483,CID5483,CC(C(=O)NCC(=O)O)S,True,True
4025,CID5483090,CID5483090,CCOC(=O)C=C[C@H](C[C@@H]1CCNC1=O)NC(=O)[C@H](CC2=CC=C(C=C2)F)CC(=O)[C@H](C(C)C)NC(=O)C3=NOC(=C3)C,True,True
4026,CID54840,CID54840,CC1=CC=CC=C1O[C@H](CCNC)C2=CC=CC=C2.Cl,True,True
4028,CID5484444,CID5484444,COC1=CC2=C(C=CN=C2C=C1)[C@H]([C@@H]3CC4CCN3C[C@H]4C=C)O,True,True
4029,CID5485201,CID5485201,C1CC1CN2CC[C@]34[C@@H]5C(=O)CC[C@]3([C@H]2CC6=C4C(=C(C=C6)O)O5)O.Cl,True,True
4030,CID5486699,CID5486699,C[C@H]1[C@@H]([C@H]([C@H]([C@@H](O1)OC[C@@H]2[C@H]([C@@H]([C@H]([C@@H](O2)OC3=C(OC4=CC(=CC(=C4C3=O)O)OCCO)C5=CC(=C(C=C5)OCCO)OCCO)O)O)O)O)O)O,True,True
4031,CID5486971,CID5486971,CC(C)C[C@@H](CC(=O)O)CN,True,True
4032,CID5487,CID5487,C1CN=C(N1)NC2=C(C=CC3=NSN=C32)Cl,True,True
4033,CID5487426,CID5487426,C[N+]1([C@@H]2CC(C[C@H]1[C@H]3[C@@H]2O3)OC(=O)C(C4=CC=CS4)(C5=CC=CS5)O)C.[Br-],True,True
4034,CID5488548,CID5488548,C[C@H]1CN(CC[C@@]1(C)C2=CC(=CC=C2)O)C[C@H](CC3=CC=CC=C3)C(=O)NCC(=O)O,True,True
4035,CID54889,CID54889,CCOC(=O)[C@H](CCC1=CC=CC=C1)N[C@@H](C)C(=O)N2CC3=CC(=C(C=C3C[C@H]2C(=O)O)OC)OC.Cl,True,True
4036,CID54891,CID54891,CCOC(=O)[C@H](CCC1=CC=CC=C1)N[C@@H](C)C(=O)N2CC3=CC=CC=C3C[C@H]2C(=O)O.Cl,True,True
4038,CID54900,CID54900,C1CCN(CC1)CCOC2=CC=C(C=C2)C(=O)C3=C(SC4=C3C=CC(=C4)O)C5=CC=C(C=C5)O.Cl,True,True
4039,CID5493444,CID5493444,CC(C)[C@@H](CC1=CC(=C(C=C1)OC)OCCCOC)C[C@@H]([C@H](C[C@@H](C(C)C)C(=O)NCC(C)(C)C(=O)N)O)N,True,True
4040,CID5494425,CID5494425,CC(C)(C)C1=NC2=C(N1)C3=C(C=C(C=C3)F)C4=C2C=CNC4=O,True,True
4041,CID5494449,CID5494449,CC1=CC(=NN1)NC2=CC(=NC(=N2)SC3=CC=C(C=C3)NC(=O)C4CC4)N5CCN(CC5)C,True,True
4042,CID5495818,CID5495818,C[C@@H]1CN(CCN1C(=O)C(=O)C2=CNC3=NC=CC(=C23)OC)C(=O)C4=CC=CC=C4,True,True
4043,CID5504,CID5504,C1CN=C(N1)CC2=CC=CC=C2,True,True
4044,CID5505,CID5505,CCCCNC(=O)NS(=O)(=O)C1=CC=C(C=C1)C,True,True
4046,CID5510,CID5510,CC1=CC(=CC=C1)N(C)C(=S)OC2=CC3=CC=CC=C3C=C2,True,True
4047,CID55182,CID55182,C1CN(CCN1CCOCC(=O)O)C(C2=CC=CC=C2)C3=CC=C(C=C3)Cl.Cl.Cl,True,True
4048,CID55245,CID55245,CC#C[C@@]1(CC[C@@H]2[C@@]1(C[C@@H](C3=C4CCC(=O)C=C4CC[C@@H]23)C5=CC=C(C=C5)N(C)C)C)O,True,True
4049,CID5526,CID5526,C1CC(CCC1CN)C(=O)O,True,True
4050,CID55283,CID55283,CCC(C)N1C(=O)N(C=N1)C2=CC=C(C=C2)N3CCN(CC3)C4=CC=C(C=C4)OC[C@H]5CO[C@](O5)(CN6C=NC=N6)C7=C(C=C(C=C7)Cl)Cl,True,True
4051,CID5530,CID5530,C1[C@H]([C@@H]1N)C2=CC=CC=C2,True,True
4052,CID55329,CID55329,CC(C(C)(C)C)N=C(NC#N)NC1=CC=NC=C1,True,True
4053,CID5533,CID5533,C1CN(CCN1CCCN2C(=O)N3C=CC=CC3=N2)C4=CC(=CC=C4)Cl,True,True
4054,CID5546,CID5546,C1=CC=C(C=C1)C2=NC3=C(N=C(N=C3N=C2N)N)N,True,True
4055,CID5560,CID5560,C1=C2C(=CC(=C1Cl)S(=O)(=O)N)S(=O)(=O)NC(N2)C(Cl)Cl,True,True
4056,CID5564,CID5564,C1=CC(=C(C=C1Cl)O)OC2=C(C=C(C=C2)Cl)Cl,True,True
4057,CID5566,CID5566,CN1CCN(CC1)CCCN2C3=CC=CC=C3SC4=C2C=C(C=C4)C(F)(F)F,True,True
4058,CID5568,CID5568,CN(C)CCCN1C2=CC=CC=C2SC3=C1C=C(C=C3)C(F)(F)F,True,True
4059,CID5572,CID5572,C1CCC(CC1)C(CCN2CCCCC2)(C3=CC=CC=C3)O,True,True
4060,CID5574924,CID5574924,CC1=CC[C@@]23[C@H]1[C@@H]4[C@@H](CC[C@@]2(O3)C)C(=C)C(=O)O4,True,True
4061,CID5577,CID5577,CN(C)CCOC1=CC=C(C=C1)CNC(=O)C2=CC(=C(C(=C2)OC)OC)OC,True,True
4062,CID5578,CID5578,COC1=CC(=CC(=C1OC)OC)CC2=CN=C(N=C2N)N,True,True
4063,CID5583,CID5583,CC1=C(C=CC2=C1C(=NC(=N2)N)N)CNC3=CC(=C(C(=C3)OC)OC)OC,True,True
4064,CID5585,CID5585,CC1=CC(=O)OC2=C1C=C3C=C(OC3=C2C)C,True,True
4066,CID5591,CID5591,CC1=C(C2=C(CCC(O2)(C)COC3=CC=C(C=C3)CC4C(=O)NC(=O)S4)C(=C1O)C)C,True,True
4067,CID5593,CID5593,CCN(CC1=CC=NC=C1)C(=O)C(CO)C2=CC=CC=C2,True,True
4068,CID56031,CID56031,CC1=C(C(=CC=C1)CC2=CN=CN2)C.Cl,True,True
4069,CID56069,CID56069,C[C@](O)(CS(=O)(=O)C1=CC=C(F)C=C1)C(=O)NC1=CC(=C(C=C1)C#N)C(F)(F)F,True,True
4070,CID5614,CID5614,CC(C)(C)C1=CC(=CC(=C1O)C(C)(C)C)C=C(C#N)C#N,True,True
4071,CID56207,CID56207,C1CN(CCN1)C2=C(C=C3C(=C2)N(C=C(C3=O)C(=O)O)C4=CC=C(C=C4)F)F.Cl,True,True
4072,CID56208,CID56208,C1CN(CCN1)C2=C(C=C3C(=C2)N(C=C(C3=O)C(=O)O)C4=CC=C(C=C4)F)F,True,True
4073,CID56329,CID56329,CCOC(=O)[C@H](CCC1=CC=CC=C1)N[C@H]2CCCN3CCC[C@H](N3C2=O)C(=O)O.O,True,True
4075,CID564,CID564,C(CCC(=O)O)CCN,True,True
4076,CID56463,CID56463,CC1=C(C2=CC=CC=C2N1CCN3CCOCC3)C(=O)C4=CC=C(C=C4)OC,True,True
4077,CID5656,CID5656,CN(C)CC(C1=CC=C(C=C1)OC)C2(CCCCC2)O,True,True
4078,CID56599293,CID56599293,COC1=C(C=CC(=C1)N2CCC(CC2)N)NC3=NC=C(C(=N3)C4=CNC5=CC=CC=C54)Cl,True,True
4079,CID56599306,CID56599306,CC(C)(C(=O)NC1=CC(=CC=C1)S(=O)(=O)NC2=NC3=CC=CC=C3N=C2NC4=C(C=CC(=C4)OC)Cl)N,True,True
4080,CID56603532,CID56603532,CCCCC1=NC2=C(N1CCN(CC)CC)C=CC(=C2)C=CC(=O)NO,True,True
4081,CID56645356,CID56645356,CC1=CC=CC=C1C(C(=O)NC2CCCCC2)N(C3=CC(=CC=C3)F)C(=O)CN4C=CN=C4C,True,True
4082,CID56645961,CID56645961,CC1=CC=CC=C1C(C(=O)NC2CCCCC2)N(C3=CC(=CC=C3)F)C(=O)CNC4=CC=C(C=C4)C#N,True,True
4083,CID56649281,CID56649281,CN1CCN(CC1)C2=CC=C(C=C2)NC3=NC=C4C=C(C(=O)N(C4=N3)C5CCCC5)C#N,True,True
4084,CID56649450,CID56649450,CC1=C(SC(=N1)NC(=O)N2CCC[C@H]2C(=O)N)C3=CC(=NC=C3)C(C)(C)C(F)(F)F,True,True
4085,CID56650312,CID56650312,C1=CC=C(C=C1)/C=C/CN2C=C(C=N2)/C=C/C(=O)NC3=C(C=C(C=C3)F)N,True,True
4086,CID56654642,CID56654642,CC1=CC=C(C=C1)C(=O)NCCCCCC(=O)NC2=CC=CC=C2N,True,True
4087,CID56682557,CID56682557,C1CC1C2=CN3C(=CN=C3C(=N2)NC4=C(C=C(C=C4)C(=O)N5CCOCC5)F)C6=CNN=C6,True,True
4088,CID56704,CID56704,CC(=O)OCC(=O)NCCCOC1=CC=CC(=C1)CN2CCCCC2.Cl,True,True
4089,CID56832449,CID56832449,CC1=CC=CC=C1C(C(=O)NC2CCCC2)N(C3=CC(=CC=C3)F)C(=O)CN4C=NC5=CC=CC=C54,True,True
4090,CID5684,CID5684,COC1=CC=CC=C1N2CCN(CC2)CCN(C3=CC=CC=N3)C(=O)C4CCCCC4,True,True
4091,CID568416,CID568416,CC1=C(C=CC(=C1)Cl)OCCCC(=O)NO,True,True
4092,CID56843850,CID56843850,CC1=CC(=C(C=C1)SC2=CC=CC=C2N3CCNCC3)C.Br,True,True
4093,CID56844015,CID56844015,B1(OC(=O)C(O1)(CC(=O)O)CC(=O)O)[C@H](CC(C)C)NC(=O)CNC(=O)C2=C(C=CC(=C2)Cl)Cl,True,True
4094,CID56846691,CID56846691,C1CN(CCC1C2=CC(=C(C=C2)O)O)C3=CC=NC4=CC=CC=C43,True,True
4095,CID56846693,CID56846693,CC(C)(C1=CC(=NO1)NC(=O)NC2=CC(=CC=C2)OC3=NC=NC4=CC(=C(C=C43)OC)OC)C(F)(F)F,True,True
4096,CID5694,CID5694,CC1=C(C(=CC=C1)NC2=CC(=NC(=N2)SCC(=O)O)Cl)C,True,True
4097,CID56941241,CID56941241,CC/C(=C(/C1=CC=C(C=C1)/C=C/C(=O)O)\C2=CC3=C(C=C2)NN=C3)/C4=C(C=C(C=C4)F)Cl,True,True
4098,CID56944144,CID56944144,CC1=NC(=NC=C1OC[C@]2(C[C@H]2C(=O)NC3=NC=C(C=C3)F)C4=CC(=CC=C4)F)C,True,True
4099,CID56948527,CID56948527,C1CC[C@H]([C@H](C1)N)NC2=NC=C(C(=N2)NC3=CC(=CC=C3)N4N=CC=N4)C(=O)N.Cl,True,True
4100,CID56949412,CID56949412,COC1=CC2=C(C=C1)OCC(=C2C3=CC=C(C=C3)F)CN4CCCC4,True,True
4101,CID56949517,CID56949517,CC1=C(C=CC=C1C(F)(F)F)CN2C(=NC3=C(C=C(C=C32)N4CCOCC4)C(=O)O)C,True,True
4102,CID56953649,CID56953649,C1CC(C1)(C2=CC=C(C=C2)C3=C(C=C(C=N3)C(=O)N)C4=CC=CC=C4)N,True,True
4103,CID56956240,CID56956240,CC1=CC(=C(N=C1)C2=CC(=NC=C2Cl)N3CCN(CC3)C(=O)CCS(=O)(=O)C)C,True,True
4104,CID56959,CID56959,CC1=C(C(=CC=C1)C)NC(=O)CN2CCN(CC2)CC(COC3=CC=CC=C3OC)O,True,True
4105,CID56960363,CID56960363,C[C@@H]1CN(C[C@@H](N1)C)C(=O)C2=CC=C(C=C2)NC(=O)C3=NN=C(C(=C3)O[C@H](C)C4=C(C=CC(=C4Cl)F)Cl)N,True,True
4106,CID56960447,CID56960447,C[C@H](C1=C(C=CC(=C1Cl)F)Cl)OC2=CC(=NN=C2N)C(=O)NC3=CC=C(C=C3)C(=O)N4CCN(CC4)C,True,True
4107,CID56962337,CID56962337,CC(C)N(CCCNC(=O)NC1=CC=C(C=C1)C(C)(C)C)C[C@@H]2[C@H]([C@H]([C@@H](O2)N3C=C(C4=C(N=CN=C43)N)Br)O)O,True,True
4108,CID56963315,CID56963315,C1CN(CCC2=CC=CC=C21)C3=NC(=NC(=C3)NCCC(=O)O)C4=CC=CC=N4,True,True
4109,CID56965901,CID56965901,CC(C)C(=O)NC1=NC=C(S1)C2=CC(=NN2C3=C(C=CC=C3Cl)Cl)C(F)F,True,True
4110,CID56965963,CID56965963,CC1=CC=C(C=C1)C2=C(N(C3=NC=NC(=C23)N)CCCNCCOC)C(=O)CF,True,True
4111,CID56968072,CID56968072,COC1=C(C=CC(=C1)NC2CN(C2)CCF)NC3=NC=C(C(=N3)NC4=CC(=CC=C4)NC(=O)C=C)C(F)(F)F,True,True
4112,CID56973724,CID56973724,CN1CCC(CC1)OC2=CC(=C(C=C2)NC3=NC=C4C(=N3)N(C(=O)N4C)C5CCCC5)OC,True,True
4113,CID5702160,CID5702160,C1=C(N=C(S1)N=C(N)N)CSCC/C(=N/S(=O)(=O)N)/N,True,True
4114,CID5702220,CID5702220,CN(CC1=C(C(=CC(=C1)Br)Br)N)C2CCCCC2.Cl,True,True
4115,CID5702541,CID5702541,C1=CC2=C(C=CN=C2)C(=C1)S(=O)(=O)NCCNC/C=C/C3=CC=C(C=C3)Br.Cl.Cl,True,True
4116,CID57030,CID57030,CC1=C(C2=C(C=CC(=C2)F)N=C1C3=CC=C(C=C3)C4=CC=CC=C4F)C(=O)O,True,True
4117,CID5709,CID5709,CC1=CC(=CC(=C1CC2=NCCN2)C)C(C)(C)C,True,True
4118,CID5712,CID5712,C1=CC=C(C=C1)CN2C3=CC=CC=C3C(=N2)C4=CC=C(O4)CO,True,True
4119,CID5717,CID5717,CC1=CC=CC=C1S(=O)(=O)NC(=O)C2=CC(=C(C=C2)CC3=CN(C4=C3C=C(C=C4)NC(=O)OC5CCCC5)C)OC,True,True
4120,CID5717801,CID5717801,C1=CC=C(C=C1)/C=C/C(=O)NC(C(Cl)(Cl)Cl)NC(=S)NC2=CC=CC3=C2N=CC=C3,True,True
4121,CID5719,CID5719,CCN(C1=CC=CC(=C1)C2=CC=NC3=C(C=NN23)C#N)C(=O)C,True,True
4122,CID572,CID572,C(CN(C=O)O)CP(=O)(O)O,True,True
4123,CID5720,CID5720,CC(C1=CC2=C(C=C1)SC3=CC=CC=C3C(=O)C2)C(=O)O,True,True
4124,CID5730,CID5730,CC1=C(C=C(C=C1)NC(=O)C2=CC(=CC=C2)N(C)C)NC(=O)C3=CC=C(C=C3)O,True,True
4125,CID57327016,CID57327016,CC1=CC2=C([C@@H]3[C@@H]4[C@H]5C6=C(C(=C7C(=C6[C@@H](N4[C@H]([C@H](C2)N3C)O)COC(=O)[C@@]8(CS5)C9=C(CCN8)C2=C(N9)C=CC(=C2)OC)OCO7)C)OC(=O)C)C(=C1OC)O,True,True
4126,CID57335384,CID57335384,CC(=O)N1CCN(CC1)C2=CC(=C(C=C2)NC3=NC=C(C(=N3)NC4=CC(=CC=C4)NC(=O)C=C)C(F)(F)F)OC,True,True
4127,CID57336514,CID57336514,CN1CCC2=C(C1)C3=CC=CC=C3N2CC4=CC=C(C=C4)C(=O)NO.Cl,True,True
4128,CID57336745,CID57336745,CN1C2=CN=C3C=CC(=CC3=C2N(C1=O)C4=CC(=C(C=C4)N5CCNCC5)C(F)(F)F)C6=CN=C(C=C6)OC.C(=C\C(=O)O)\C(=O)O,True,True
4129,CID57336812,CID57336812,CN1CCN(CC1)C2=CC=CC(=C2)NC3=NN4C=CC=C(C4=N3)C5=CC=C(C=C5)S(=O)(=O)C,True,True
4130,CID57339144,CID57339144,C1CCN(C1)C2CCN(CC2)C(=O)C3=CC(=C(C=C3)C(=O)N4CCC(CC4)N5CCCC5)NC6=CC=CC=C6,True,True
4131,CID57339395,CID57339395,C1CNCCC1N2C=C(C=N2)C3=NC4=C(C=CC=C4N=C3)C5=CC(=C(C(=C5)F)CN6CCOCC6)F.Cl.Cl,True,True
4132,CID5734,CID5734,C1=CC=C2C(=C1)C(=NO2)CS(=O)(=O)N,True,True
4133,CID57340685,CID57340685,CN(C)C/C=C/C(=O)NC1=CC=CC(=C1)C(=O)NC2=CC=C(C=C2)NC3=NC=CC(=N3)C4=CN=CC=C4,True,True
4134,CID57345410,CID57345410,CC(C)N(C[C@@H]1[C@H]([C@H]([C@@H](O1)N2C=NC3=C(N=CN=C32)N)O)O)C4CC(C4)CCC5=NC6=C(N5)C=C(C=C6)C(C)(C)C,True,True
4135,CID57345941,CID57345941,CC(C)NC(=O)C1CCC(CC1)N2C3=C(C=CC(=C3)CN4CCC(CC4)C(C)(C)O)N=C2NC(=O)C5=CC=C(C=C5)F,True,True
4136,CID57353643,CID57353643,CC1=CC(=C(N1)C=C2C(=CC(=C3C=C4C=CC=CC4=N3)N2)OC)C,True,True
4137,CID57363,CID57363,C[C@]12CC[C@H]3[C@H]([C@@H]1CC[C@@H]2C(=O)NC(C)(C)C)CC[C@@H]4[C@@]3(C=CC(=O)N4)C,True,True
4138,CID57379345,CID57379345,CC1=CC(=C(C=C1C2CCNCC2)OC(C)C)NC3=NC=C(C(=N3)NC4=CC=CC=C4S(=O)(=O)C(C)C)Cl,True,True
4139,CID57381425,CID57381425,C1CC1(C2=CC=CC=C2)NC3=NC=C(C=N3)C(=O)NO,True,True
4140,CID57394021,CID57394021,CCCCCNC(=O)N1CCC(C1)CN(CC2=CC=C(C=C2)Cl)CC3=CC=C(S3)[N+](=O)[O-],True,True
4141,CID57412684,CID57412684,CC1=CC=C(C=C1)NC(=O)NC2=NN=C(S2)SC3=NC=NC4=C3C=CC(=C4)OCCCN5CCOCC5,True,True
4142,CID5742,CID5742,C(=N)(N)N.Cl,True,True
4143,CID5742832,CID5742832,C[C@H]1[C@@H](C(=O)N1S(=O)(=O)O)NC(=O)/C(=N\OC(C)(C)C(=O)O)/C2=CSC(=N2)N,True,True
4144,CID5743,CID5743,C[C@@H]1C[C@H]2[C@@H]3CCC4=CC(=O)C=C[C@@]4([C@]3([C@H](C[C@@]2([C@]1(C(=O)CO)O)C)O)F)C,True,True
4145,CID57441923,CID57441923,C[C@@H]1COCCN1C2=NC(=NC3=C2C=CC(=N3)C4=CC(=C(C=C4)OC)CO)N5CCOC[C@H]5C,True,True
4146,CID5745,CID5745,CC(=O)OCC(=O)[C@]1(CC[C@@H]2[C@@]1(CC(=O)[C@H]3[C@H]2CCC4=CC(=O)CC[C@]34C)C)O,True,True
4147,CID5746,CID5746,CC1=C(C(=O)C2=C(C1=O)N3C[C@H]4[C@@H]([C@@]3([C@@H]2COC(=O)N)OC)N4)N,True,True
4148,CID57469,CID57469,CC(C)CN1C=NC2=C1C3=CC=CC=C3N=C2N,True,True
4149,CID5748,CID5748,CC[N+](C)(CC)CCOC(=O)C(C1CCCCC1)(C2=CC=CC=C2)O.[Br-],True,True
4150,CID5748293,CID5748293,COC1=CC=CC2=C1[C@]34CCN([C@H](C2)[C@@]3(CCC(=O)C4)OC)CC5CC5,True,True
4151,CID57519505,CID57519505,CC1=CC(=NC(=N1)N)NC2=NC=CC(=C2)NC(=O)C3=C(C=CC=C3Cl)Cl,True,True
4152,CID57519508,CID57519508,C[C@@H]1[C@@H]([C@H](C[C@@H](O1)CC2=CC3=CC4=C(C(=O)[C@@H]([C@@H](C4)[C@@H](C(=O)[C@H]([C@@H](C)O)O)OC)O[C@@H]5C[C@@H]([C@H]([C@@H](O5)C)O)O[C@@H]6C[C@@H]([C@H]([C@@H](O6)C)O)O[C@@H]7C[C@@]([C@H]([C@@H](O7)C)O)(CO)O)C(=C3C(=C2C)O)O)O[C@H]8C[C@H]([C@@H]([C@H](O8)C)O)O)O,True,True
4153,CID57519509,CID57519509,CC([C@@H](C(=O)N)NC(=O)[C@@H]1CSSC[C@@H](C(=O)N[C@H](C(=O)N[C@@H](C(=O)N[C@H](C(=O)N1)CCCCN)CC2=CNC3=CC=CC=C32)CC4=CC=C(C=C4)O)CC(=O)[C@@H](CC5=CC=CC=C5)N)O,True,True
4154,CID57519510,CID57519510,CC1=NC=C(C=C1)C2=NN(C=N2)C3=CC=C(C=C3)NC4=NC=CC(=N4)C5=CC(=CC=C5)N6CCOCC6,True,True
4155,CID57519512,CID57519512,CC(C)(C)C1=C(N=CN1)C=C2C(=O)NC(=CC3=CC=CC=C3)C(=O)N2,True,True
4156,CID57519517,CID57519517,CC1=NC(=NC=C1)NS(=O)(=O)C2=CC=C(C=C2)NC(=O)NC3=CC=C(C=C3)S(=O)(=O)NC4=NC=CC(=N4)C,True,True
4157,CID57519518,CID57519518,CCOC1=CC=C(C=C1)CC2=C(C=CC(=C2)[C@H]3[C@H]([C@H]([C@@H]([C@H](O3)CO)O)O)O)Cl,True,True
4158,CID57519522,CID57519522,C1=CC=C(C=C1)NC(=O)C=CC2=C(NC3=C2C(=CC(=C3)Cl)Cl)C(=O)[O-],True,True
4159,CID57519523,CID57519523,CN(C)CC=CC(=O)NC1=C(C=C2C(=C1)C(=NC=N2)NC3=CC(=C(C=C3)F)Cl)O[C@H]4CCOC4,True,True
4160,CID57519524,CID57519524,C[C@@H]1CC[C@H]2[C@H]([C@H](O[C@H]3[C@@]24[C@@H]1CC[C@@](O3)(OO4)C)CC(C[C@@H]5[C@H]([C@@H]6CC[C@H]([C@H]7[C@]68[C@H](O5)O[C@](CC7)(OO8)C)C)C)C[S+](=O)(C9=CC=C(C=C9)COC(=O)N(C)C)[O-])C,True,True
4161,CID57519526,CID57519526,C[C@@H]1CC[C@H]2[C@H]([C@H](O[C@H]3[C@@]24[C@@H]1CC[C@@](O3)(OO4)C)CC(=NOCC=C)[C@@H]5[C@H]([C@@H]6CC[C@H]([C@H]7[C@]68[C@H](O5)O[C@](CC7)(OO8)C)C)C)C,True,True
4162,CID57519527,CID57519527,C1C[C@@H](CNC1)NC(=O)C2=C(C=C(S2)C3=CC(=C(C=C3)CN4CCOCC4)F)NC(=O)N,True,True
4163,CID57519528,CID57519528,CN(C)C1CCN(CC1)C(=O)C2=CC=C(C=C2)NC(=O)NC3=NC(=NC(=N3)N4CCOCC4)N5CCOCC5,True,True
4164,CID57519529,CID57519529,CC(C)OC1=CC=C(C=C1)OC2=CC=C(C=C2)C(C)NC(=O)C,True,True
4165,CID57519531,CID57519531,C[C@@]1(CN(C[C@@]1(C)CO)C2=NC=C(C(=C2)C(=O)NC3=CC4=C(CCC5=C4N(N=C5C(=O)N)C6=CC=C(C=C6)F)C=C3)Cl)CO,True,True
4166,CID57519533,CID57519533,C[C@]12CC[C@@H](CC1=CC[C@@H]3[C@H]2CC[C@]4([C@@H]3CC=C4C5=CN=CC=C5)C)O,True,True
4167,CID57519535,CID57519535,CCC(=O)N[C@H]1CC[C@@H](C1)C(=O)N(C)C2=CC=C(C=C2)C3=NC4=CC=CC=C4O3,True,True
4168,CID57519537,CID57519537,C[C@H]1C[C@H]2[C@H]([C@H]([C@]3(O2)CC[C@H]4[C@@H]5CC=C6C[C@H](CC[C@@]6([C@@H]5CC4=C3C)C)O)C)NC1,True,True
4169,CID57519538,CID57519538,C1C2CC3CC1CC(C2)C3C(=O)NC4=CC5=C(C=C4)N=C(S5)NC(=O)C6=CC=CC=C6,True,True
4170,CID57519540,CID57519540,C1=CC(=CC=C1COC[C@@H]2[C@H]([C@@H]([C@@H](O2)N3C4=NC=NC(=C4N=C3NCC5=CC(=C(C=C5)Cl)Cl)N)O)O)C#N,True,True
4171,CID57519541,CID57519541,C[C@]12CC[C@H]3[C@@H]([C@H]1CC[C@@H]2NCCCCCCN4C(=O)C=CC4=O)CCC5=C3C=CC(=C5)OC,True,True
4172,CID57519542,CID57519542,C[C@@H]1CC[C@H]2[C@H]([C@H](O[C@H]3[C@@]24[C@@H]1CC[C@@](O3)(OO4)C)CC(=O)[C@@H]5[C@H]([C@@H]6CC[C@H]([C@H]7[C@]68[C@H](O5)O[C@](CC7)(OO8)C)C)C)C,True,True
4173,CID57519543,CID57519543,C1CN(C[C@@H]1CN2C3=C(C=NC=C3)N=C2C4=CC=C(C=C4)C5=CC6=C(C=C5)OC=C6)C(=O)C7CC7,True,True
4174,CID57519544,CID57519544,CC1=NC=CC(=C1)C2=CC=C(C=C2)CC(=O)NC3=CC=C(C=C3)C4=CN=CC=C4,True,True
4175,CID57519546,CID57519546,CCOC(=O)N[C@@H]1CC[C@@H]2[C@@H](C1)C[C@@H]3[C@H]([C@@H]2C=CC4=NC=C(C=C4)C5=CC(=CC=C5)F)[C@H](OC3=O)C,True,True
4176,CID57519547,CID57519547,C1COCCN1C2=CC(=O)C=C(O2)C3=CC=CC4C3SC5=CC=CC=C5S4,True,True
4177,CID57519549,CID57519549,CN(CC1=CC=CC=C1N(CCO)S(=O)(=O)C2=CC=C(C=C2)OC)C(=O)C=CC3=CC=C(C=C3)Cl,True,True
4178,CID57519550,CID57519550,CC1C(=N)N(C2=CN=C(N=C2N1CCC(C)C)NC3=CC(=C(C(=C3)F)O)F)C,True,True
4179,CID57519551,CID57519551,C1CCN(C1)CCOC2=C3COCC=CCCOC4=CC=CC(=C4)C5=NC(=NC=C5)NC(=C3)C=C2,True,True
4180,CID57519554,CID57519554,CC1=C(SC2=C1N=C(N=C2N3CCOCC3)C4=CN=C(N=C4)N)CN5CCN(CC5)C(=O)C(C)C,True,True
4181,CID57519555,CID57519555,CC1=CC(=CC=C1)NC2=NC(=NC=C2C(=O)N)N[C@@H]3CCCC[C@H]3N,True,True
4182,CID57519748,CID57519748,C[C@@H](CN1C2=C3C=C(C=CC3=NC=C2N(C1=O)C)C4=CC(=CN=C4)C(C)(C)O)OC,True,True
4183,CID5754,CID5754,C[C@]12CCC(=O)C=C1CC[C@@H]3[C@@H]2[C@H](C[C@]4([C@H]3CC[C@@]4(C(=O)CO)O)C)O,True,True
4184,CID5755,CID5755,C[C@]12C[C@@H]([C@H]3[C@H]([C@@H]1CC[C@@]2(C(=O)CO)O)CCC4=CC(=O)C=C[C@]34C)O,True,True
4185,CID5756,CID5756,C[C@]12CC[C@H]3[C@H]([C@@H]1C[C@H]([C@@H]2O)O)CCC4=C3C=CC(=C4)O,True,True
4186,CID5757,CID5757,C[C@]12CC[C@H]3[C@H]([C@@H]1CC[C@@H]2O)CCC4=C3C=CC(=C4)O,True,True
4187,CID5763,CID5763,CCN(CC)CCOC(=O)C(C1=CC=CC=C1)C2=CC=CC=C2.Cl,True,True
4188,CID57662985,CID57662985,CC1=C(C=C(C=C1)CNC)NC(=O)C2=CC=C(C=C2)NC3=NC4=CC=CC=C4C(=N3)C5=CC=CC=C5,True,True
4189,CID5770,CID5770,CO[C@H]1[C@@H](C[C@@H]2CN3CCC4=C([C@H]3C[C@@H]2[C@@H]1C(=O)OC)NC5=C4C=CC(=C5)OC)OC(=O)C6=CC(=C(C(=C6)OC)OC)OC,True,True
4190,CID5775,CID5775,CC1=CC=C(C=C1)N(CC2=NCCN2)C3=CC(=CC=C3)O,True,True
4191,CID5780,CID5780,C([C@H]([C@H]([C@@H]([C@H](CO)O)O)O)O)O,True,True
4192,CID5790,CID5790,C1[C@@H]([C@H](O[C@H]1N2C=C(C(=O)NC2=O)F)CO)O,True,True
4193,CID57928403,CID57928403,C1[C@@H]2CC3(C[C@@H](C2NC4=C5C=CNC5=NC=C4C(=O)N)CC1C3)O,True,True
4194,CID5795,CID5795,CCN(CC)CCOC(=O)C1=CC=C(C=C1)N.Cl,True,True
4195,CID5799,CID5799,C1CN1C2=NC(=NC(=N2)N3CC3)N4CC4,True,True
4196,CID57990869,CID57990869,C1C[C@H](NC1)C(=O)NC2=CC=C(C=C2)C3=NC(=NC=C3)NC4=CC=C(C=C4)N5CCOCC5,True,True
4197,CID5803,CID5803,C1=CC(=C(C=C1OC2=C(C=C(C=C2I)CC(=O)O)I)I)O,True,True
4198,CID5813717,CID5813717,CN1C(=C(C2=C1C(=O)C=C(C2=O)N3CC3)CO)/C=C/CO,True,True
4199,CID5815,CID5815,CNC[C@@H](C1=CC(=C(C=C1)O)O)O.[C@@H]([C@H](C(=O)O)O)(C(=O)O)O,True,True
4200,CID5816,CID5816,CNC[C@@H](C1=CC(=C(C=C1)O)O)O,True,True
4201,CID5819,CID5819,C1=C(C=C(C(=C1I)OC2=CC(=C(C(=C2)I)O)I)I)C[C@@H](C(=O)O)N,True,True
4202,CID58204997,CID58204997,C[C@@H](C(=O)N)OC1=CC2=C(C=C1)C3=NC(=CN3CCO2)C4=NC=NN4C(C)C,True,True
4203,CID58221879,CID58221879,CC(C#CC1=CC2=C(CCN2C3=NC(=NC=C3Cl)N)C=C1)(C4=NC=CS4)O,True,True
4204,CID58298318,CID58298318,CCN1C(=O)CNC2=NC=C(N=C21)C3=C(N=C(C=C3)C4=NC=NN4)C,True,True
4205,CID58299817,CID58299817,CN(CCO)C1CCN(CC1)C2=CN=C(C=C2)NC3=NC=C4C5=C(C(=NC=C5)F)N(C4=N3)C6CCCC6,True,True
4206,CID5831,CID5831,C[N+](C)(C)CCOC(=O)N.[Cl-],True,True
4207,CID5833,CID5833,CC(=O)S[C@@H]1CC2=CC(=O)CC[C@@]2([C@@H]3[C@@H]1[C@@H]4CC[C@]5([C@]4(CC3)C)CCC(=O)O5)C,True,True
4208,CID5834,CID5834,CC(=O)OCC(=O)[C@]1(CC[C@@H]2[C@@]1(C[C@@H]([C@H]3[C@H]2CCC4=CC(=O)C=C[C@]34C)O)C)O,True,True
4209,CID5849,CID5849,C[N+]1(CCCC1)CCCCC[N+]2(CCCC2)C.[C@@H]([C@H](C(=O)[O-])O)(C(=O)O)O.[C@@H]([C@H](C(=O)[O-])O)(C(=O)O)O,True,True
4210,CID58507717,CID58507717,C1COCCN1C2=NC(=NC(=N2)C3=CN=C(C=C3C(F)(F)F)N)N4CCOCC4,True,True
4211,CID58539301,CID58539301,CNC1=NC(=NC=C1Cl)NC2=C(C=C(C=C2)C(=O)N3CCOCC3)OC,True,True
4212,CID58573469,CID58573469,CC(C)[C@@H](CS(=O)(=O)C(C)C)N1[C@@H]([C@H](C[C@](C1=O)(C)CC(=O)O)C2=CC(=CC=C2)Cl)C3=CC=C(C=C3)Cl,True,True
4213,CID5865,CID5865,C[C@]12CC(=O)[C@H]3[C@H]([C@@H]1CC[C@@]2(C(=O)CO)O)CCC4=CC(=O)C=C[C@]34C,True,True
4214,CID5870,CID5870,C[C@]12CC[C@H]3[C@H]([C@@H]1CCC2=O)CCC4=C3C=CC(=C4)O,True,True
4215,CID5878,CID5878,C[C@]12CC[C@H]3[C@H]([C@@H]1CC[C@]2(C)O)CC[C@@H]4[C@@]3(COC(=O)C4)C,True,True
4216,CID5881,CID5881,C[C@]12CC[C@H]3[C@H]([C@@H]1CCC2=O)CC=C4[C@@]3(CC[C@@H](C4)O)C,True,True
4217,CID5905,CID5905,C1[C@@H]([C@H](O[C@H]1N2C=C(C(=O)NC2=O)I)CO)O,True,True
4218,CID5909,CID5909,CC[C@H]1[C@H](COC1=O)CC2=CN=CN2C.Cl,True,True
4220,CID59174488,CID59174488,COCCOC1=CC=C(C=C1)NC2=NC=C(C(=N2)NC3=CC(=CC=C3)NC(=O)C=C)F,True,True
4221,CID59174579,CID59174579,CNC(=O)C1=NC=CC(=C1)OC2=CC=C(C=C2)NC3=NC=C(C(=N3)NC4=CC(=CC=C4)NC(=O)C=C)F,True,True
4222,CID5920,CID5920,C1=CC(=C(C=C1OC2=C(C=C(C=C2I)C[C@@H](C(=O)O)N)I)I)O,True,True
4223,CID59239165,CID59239165,CCNC(=O)NC1=CC=C(C=C1)C2=NC3=C(CCN(C3)C4COC4)C(=N2)N5CCOC[C@@H]5C,True,True
4224,CID5924208,CID5924208,C1=CC2=C(C=C1I)/C(=C/C3=CC(=C(C(=C3)Br)O)Br)/C(=O)N2,True,True
4225,CID5935,CID5935,CN(CCCl)CCCl.Cl,True,True
4226,CID59397065,CID59397065,CC1=C(C=C(C=C1)NC(=O)NC2=C(C=CC(=C2)C(F)(F)F)F)NC3=CC4=C(C=C3)/C(=C/C5=CC=CN5)/C(=O)N4,True,True
4227,CID59422203,CID59422203,CC[C@](C)(C(=O)NCC(F)(F)F)NC1=NC(=NC=C1)C2=CNC3=C2C=CC=N3,True,True
4228,CID59437537,CID59437537,CC(C)NC1=CC(=CC2=NC(=NN12)NC(=O)C3=CN=CC=C3)C(F)(F)F,True,True
4229,CID5944,CID5944,C[C@@]12[C@H]3CC[C@@H]([C@@]1(C(=O)OC2=O)C)O3,True,True
4230,CID59472121,CID59472121,CC(C)S(=O)(=O)C1=CC=C(C=C1)C2=CN=C(C(=N2)C3=CC(=NO3)C4=CC=C(C=C4)CNC)N,True,True
4231,CID5959,CID5959,C1=CC(=CC=C1[C@H]([C@@H](CO)NC(=O)C(Cl)Cl)O)[N+](=O)[O-],True,True
4232,CID59599728,CID59599728,CN1CCN(CC1)C(=O)C2=CC=C(S2)C3=CC4=C(C=C3)C(=C(C=C4)O)C=O,True,True
4233,CID59603622,CID59603622,C1COCCN1C2=NC=NC(=C2)N3C(=O)C(=CN3)N4C=CN=N4,True,True
4234,CID59604787,CID59604787,CC1=C(C=CC(=C1F)S(=O)(=O)C)C(=O)N2CCOC3=C(C2)C=C(C=C3)C4=CN=C(C=C4)N,True,True
4235,CID59634741,CID59634741,C1CC1CN2CCN(CC2)C(=O)C3=CC=C(C=C3)NS(=O)(=O)C4=CC=CC5=C4N=CC=C5,True,True
4236,CID59669121,CID59669121,CC(C)[C@@H](C(=O)N1CCC[C@@H]1C2=NC=C(N2)C3=CC=C(C=C3)C4=CC=C(C=C4)C5=CN=C(N5)[C@@H]6CCCN6C(=O)[C@H](C(C)C)NC(=O)OC)NC(=O)OC,True,True
4237,CID59691338,CID59691338,C[C@]12CC[C@H]3[C@H]([C@@H]1CC[C@@H]2NC(=O)OCC(F)(F)F)CC[C@@H]4[C@@]3(C=CC(=O)N4C)C,True,True
4238,CID5970,CID5970,C[N+](C)(C)CC(CC(=O)O)O.[Cl-],True,True
4239,CID5974,CID5974,CCCCCCCCCCCCCCCC[N+](C)(C)C.[Br-],True,True
4240,CID59757974,CID59757974,CC(C)C1=NOC(=C1)CNC2=NC(=CC(=N2)N3CCN(CC3)C)NC4=NNC(=C4)C5CC5,True,True
4242,CID59772,CID59772,CNS(=O)(=O)CC1=CC2=C(C=C1)NC=C2CCN(C)C.C(CC(=O)O)C(=O)O,True,True
4243,CID5978,CID5978,CC[C@@]1(C[C@@H]2C[C@@](C3=C(CCN(C2)C1)C4=CC=CC=C4N3)(C5=C(C=C6C(=C5)[C@]78CCN9[C@H]7[C@@](C=CC9)([C@H]([C@@]([C@@H]8N6C=O)(C(=O)OC)O)OC(=O)C)CC)OC)C(=O)OC)O,True,True
4244,CID59783754,CID59783754,C1[C@@H]2CN([C@H]1CN2C3=NC=C(C=N3)C(=O)NO)C4=NC=CC(=C4)C(F)(F)F,True,True
4245,CID5991,CID5991,C[C@]12CC[C@H]3[C@H]([C@@H]1CC[C@]2(C#C)O)CCC4=C3C=CC(=C4)O,True,True
4246,CID5994,CID5994,CC(=O)[C@H]1CC[C@@H]2[C@@]1(CC[C@H]3[C@H]2CCC4=CC(=O)CC[C@]34C)C,True,True
4247,CID5995,CID5995,CCC(=O)O[C@H]1CC[C@@H]2[C@@]1(CC[C@H]3[C@H]2CCC4=CC(=O)CC[C@]34C)C,True,True
4248,CID60060499,CID60060499,C[C@@H]1CC[C@H]2[C@H]([C@H](O[C@H]3[C@@]24[C@@H]1CC[C@](O3)(OO4)C)OC(=O)CCC(=O)O)C,True,True
4249,CID6009,CID6009,CC1=C(C(=O)N(N1C)C2=CC=CC=C2)N(C)C,True,True
4250,CID6010,CID6010,C[C@]12CCC(=O)C=C1CC[C@@H]3[C@@H]2CC[C@]4([C@H]3CC[C@]4(C)O)C,True,True
4251,CID60119583,CID60119583,CC1=CC=C(O1)/C=N/NC(=O)C2=CC=CC=C2OC3=CC=CC=C3,True,True
4252,CID6013,CID6013,C[C@]12CC[C@H]3[C@H]([C@@H]1CC[C@@H]2O)CCC4=CC(=O)CC[C@]34C,True,True
4253,CID60138149,CID60138149,C1=CC(=CC(=C1)O)CNC(=O)NC2=NC(=CS2)C3=CC=NC=C3,True,True
4254,CID60147023,CID60147023,CC[C@@H](C)NC1=C(C=C(C(=C1)C(=O)NC2CC3CCC(C2)N3C4=NC=C(C=C4)C(=O)C5CC5)C)C(=O)N,True,True
4255,CID60160561,CID60160561,CC1=CC(=C(C(=O)N1)CNC(=O)C2=C3C=NN(C3=CC(=C2)C4=CC=C(C=C4)CN5CCOCC5)C6CCCC6)C,True,True
4256,CID60164,CID60164,COC1=C(C=C(C=C1)C2=CC3=C(C=C2)C=C(C=C3)C(=O)O)C45CC6CC(C4)CC(C6)C5,True,True
4257,CID60167648,CID60167648,C1=CC=C(C=C1)C2=CC(=NO2)C(=O)NCCCNC(=O)C3=CC=CNC3=O,True,True
4258,CID60167849,CID60167849,CC1=CN=C(N=C1NCC2=CC=C(C=C2)N3C=CN=N3)C4=CC=CC=C4C(C)C,True,True
4259,CID6018,CID6018,CC(C)CC1CN2CCC3=CC(=C(C=C3C2CC1=O)OC)OC,True,True
4260,CID6019,CID6019,CC1=NC=C(C(=C1O)CO)CO.Cl,True,True
4261,CID60195218,CID60195218,C[C@@H]1CC[C@@]23CCC(=O)[C@H]2[C@@]1([C@@H](C[C@@]([C@H]([C@@H]3C)O)(C)C=C)OC(=O)CSC(C)(C)CNC(=O)[C@@H](C(C)C)N)C.Cl,True,True
4262,CID60196195,CID60196195,C1COCCN1C2=NC(=C3C(=N2)N(C=N3)C4=CC(=CC=C4)F)NCC5=NC6=C(N5)C=CC(=C6F)F,True,True
4263,CID60196281,CID60196281,CC[C@@H]1[C@H](/C=C(/C=C/C(=O)[C@@H](C[C@@H]([C@@H]([C@H]([C@@H](CC(=O)O1)O)C)O[C@H]2[C@@H]([C@H]([C@@H]([C@H](O2)C)O[C@H]3C[C@@]([C@H]([C@@H](O3)C)O)(C)O)N(C)C)O)CC=O)C)\C)CO[C@H]4[C@@H]([C@@H]([C@@H]([C@H](O4)C)O)OC)OC.[C@@H]([C@H](C(=O)O)O)(C(=O)O)O,True,True
4264,CID60196361,CID60196361,CN(C)CC[C@@H](C1=CC=C(C=C1)Cl)C2=CC=CC=N2.Cl,True,True
4265,CID60198,CID60198,C[C@]12CC[C@H]3[C@H]([C@@H]1CCC2=O)CC(=C)C4=CC(=O)C=C[C@]34C,True,True
4266,CID60199242,CID60199242,CC(C)(C1=CSC(=N1)C2=CC=C(C=C2)F)NC(=O)O[C@@H]3CN4CCC3CC4,True,True
4267,CID60202647,CID60202647,CC1CCC(CC1)N2C3=C(C=CN=C3)C4=CN=C(N=C42)NC5=NC6=C(CN(CC6)C(=O)CO)C=C5,True,True
4268,CID6029,CID6029,C1=CN(C(=O)NC1=O)[C@H]2[C@@H]([C@@H]([C@H](O2)CO)O)O,True,True
4269,CID6032,CID6032,C1[C@H]([C@@H]([C@H]([C@@H]([C@H]1N)O[C@@H]2[C@@H]([C@H]([C@@H]([C@H](O2)CN)O)O)O)O)O[C@@H]3[C@@H]([C@H]([C@@H]([C@H](O3)CO)O)N)O)N,True,True
4270,CID6041,CID6041,CNCC(C1=CC(=CC=C1)O)O,True,True
4271,CID60464,CID60464,C[C@@H]1CN(C[C@@H](N1)C)C2=C(C(=C3C(=C2F)N(C=C(C3=O)C(=O)O)C4CC4)N)F,True,True
4272,CID6047,CID6047,C1=CC(=C(C=C1CC(C(=O)O)N)O)O,True,True
4273,CID6048,CID6048,C1CN=C(N1)CC2=CC=CC=C2.Cl,True,True
4274,CID60490,CID60490,CC(C1=CC2=CC=CC=C2S1)N(C(=O)N)O,True,True
4275,CID60560,CID60560,CCC1=CN=C(C=C1)CCOC2=CC=C(C=C2)CC3C(=O)NC(=O)S3.Cl,True,True
4277,CID60602,CID60602,CC1=C(C(C(=C(N1)C)C(=O)OCCCN2CCC(CC2)(C3=CC=CC=C3)C4=CC=CC=C4)C5=CC(=CC=C5)[N+](=O)[O-])C(=O)OC,True,True
4278,CID60606,CID60606,COC(=O)[C@H](C1=CC=CC=C1Cl)N2CCC3=C(C2)C=CS3,True,True
4279,CID60648,CID60648,CC1=C(SC=C1)C(=CCCN2CCC[C@H](C2)C(=O)O)C3=C(C=CS3)C,True,True
4280,CID60651,CID60651,CN1CCN(CC1)C2=C(C=C3C4=C2OCN(N4C=C(C3=O)C(=O)O)C)F,True,True
4281,CID60652,CID60652,C1=CC(=CC(=C1)Cl)C(C2=CC3=C(C=C2)N=CN3)N4C=CN=C4,True,True
4282,CID60656,CID60656,CC(C)NC[C@@H](COC1=CC=C(C=C1)CCOCC2CC2)O.Cl,True,True
4283,CID60699,CID60699,CC[C@@]1(C2=C(COC1=O)C(=O)N3CC4=CC5=C(C=CC(=C5CN(C)C)O)N=C4C3=C2)O.Cl,True,True
4284,CID60700,CID60700,CC[C@@]1(C2=C(COC1=O)C(=O)N3CC4=CC5=C(C=CC(=C5CN(C)C)O)N=C4C3=C2)O,True,True
4285,CID60703,CID60703,C1CN(CCC1CC2=CC=C(C=C2)F)CC(C3=CC=C(C=C3)Cl)O,True,True
4286,CID6072,CID6072,C1=CC(=CC=C1CCC(=O)C2=C(C=C(C=C2O[C@H]3[C@@H]([C@H]([C@@H]([C@H](O3)CO)O)O)O)O)O)O,True,True
4288,CID60749,CID60749,C1=CN(C(=O)N=C1N)[C@H]2C([C@@H]([C@H](O2)CO)O)(F)F.Cl,True,True
4289,CID60750,CID60750,C1=CN(C(=O)N=C1N)[C@H]2C([C@@H]([C@H](O2)CO)O)(F)F,True,True
4290,CID60753,CID60753,CCCCCCCN(CC)CCCC(C1=CC=C(C=C1)NS(=O)(=O)C)O,True,True
4291,CID60795,CID60795,C1CC(=O)NC2=C1C=CC(=C2)OCCCCN3CCN(CC3)C4=C(C(=CC=C4)Cl)Cl,True,True
4292,CID60803,CID60803,CN1CCN(CC1)C2=NC=C(C(=N2)N)C3=C(C(=CC(=C3)Cl)Cl)Cl,True,True
4293,CID60810,CID60810,C1CN(CCN1CCCC(=O)NC2C3=CC=CC=C3CSC4=CC=CC=C24)C5=CC=C(C=C5)F,True,True
4294,CID60822,CID60822,CC(C)C1=C(C(=C(N1CC[C@H](C[C@H](CC(=O)[O-])O)O)C2=CC=C(C=C2)F)C3=CC=CC=C3)C(=O)NC4=CC=CC=C4.CC(C)C1=C(C(=C(N1CC[C@H](C[C@H](CC(=O)[O-])O)O)C2=CC=C(C=C2)F)C3=CC=CC=C3)C(=O)NC4=CC=CC=C4.[Ca+2],True,True
4295,CID60825,CID60825,C1[C@H](O[C@H](S1)CO)N2C=CC(=NC2=O)N,True,True
4296,CID60834,CID60834,CNCC[C@@H](C1=CC=CS1)OC2=CC=CC3=CC=CC=C32.Cl,True,True
4297,CID60835,CID60835,CNCCC(C1=CC=CS1)OC2=CC=CC3=CC=CC=C32,True,True
4298,CID60837,CID60837,CCC1=C2CN3C(=CC4=C(C3=O)COC(=O)[C@@]4(CC)O)C2=NC5=C1C=C(C=C5)OC(=O)N6CCC(CC6)N7CCCCC7.O.O.O.Cl,True,True
4299,CID60838,CID60838,CCC1=C2CN3C(=CC4=C(C3=O)COC(=O)[C@@]4(CC)O)C2=NC5=C1C=C(C=C5)OC(=O)N6CCC(CC6)N7CCCCC7,True,True
4300,CID60846,CID60846,CCCCC(=O)N(CC1=CC=C(C=C1)C2=CC=CC=C2C3=NNN=N3)[C@@H](C(C)C)C(=O)O,True,True
4301,CID60854,CID60854,C1CN(CCN1CCC2=C(C=C3C(=C2)CC(=O)N3)Cl)C4=NSC5=CC=CC=C54,True,True
4302,CID60855,CID60855,CC(=O)N[C@@H]1[C@H](C=C(O[C@H]1[C@@H]([C@@H](CO)O)O)C(=O)O)N=C(N)N,True,True
4303,CID60857,CID60857,CN(C)CCC1=CNC2=C1C=C(C=C2)C[C@H]3COC(=O)N3,True,True
4304,CID60871,CID60871,CC(C)(C)C(=O)OCOP(=O)(COCCN1C=NC2=C(N=CN=C21)N)OCOC(=O)C(C)(C)C,True,True
4305,CID60875,CID60875,CNS(=O)(=O)CCC1=CC2=C(C=C1)NC=C2C3CCN(CC3)C.Cl,True,True
4306,CID60877,CID60877,C1[C@H](O[C@H](S1)CO)N2C=C(C(=NC2=O)N)F,True,True
4307,CID60934,CID60934,CC(C)(C)NC(=O)[C@@H]1C[C@@H]2CCCC[C@@H]2CN1C[C@H]([C@H](CC3=CC=CC=C3)NC(=O)[C@H](CC(=O)N)NC(=O)C4=NC5=CC=CC=C5C=C4)O.CS(=O)(=O)O,True,True
4308,CID60953,CID60953,CCCCCOC(=O)NC1=NC(=O)N(C=C1F)[C@H]2[C@@H]([C@@H]([C@H](O2)C)O)O,True,True
4309,CID60961,CID60961,C1=NC(=C2C(=N1)N(C=N2)[C@H]3[C@@H]([C@@H]([C@H](O3)CO)O)O)N,True,True
4310,CID60974,CID60974,CCN(CC)CCOC1=CC=C(C=C1)/C(=C(/C2=CC=CC=C2)\Cl)/C3=CC=CC=C3.C(C(=O)O)C(CC(=O)O)(C(=O)O)O,True,True
4311,CID6099,CID6099,CN(C)C1=CC2=C(C=C1)N=C3C=CC(=[N+](C)C)C=C3S2.[Cl-],True,True
4312,CID6100,CID6100,CC[N+](C)(C)CC1=CC=CC=C1Br.CC1=CC=C(C=C1)S(=O)(=O)[O-],True,True
4313,CID6103,CID6103,C1=CC2=C(C=C1Cl)N=C(O2)N,True,True
4314,CID610479,CID610479,CC1=C(C=CC=C1Cl)NC2=CC=CC=C2C(=O)O,True,True
4315,CID6135,CID6135,CC(CCCN)NC1=C2C(=CC(=C1)OC)C=CC=N2.OP(=O)(O)O.OP(=O)(O)O,True,True
4316,CID6151,CID6151,CCC(C)C(C)(COC(=O)N)COC(=O)N,True,True
4317,CID616236,CID616236,CCOC(=O)C1=C(N(C2=C1C=C(C=C2)O)C)C,True,True
4318,CID6167,CID6167,CC(=O)N[C@H]1CCC2=CC(=C(C(=C2C3=CC=C(C(=O)C=C13)OC)OC)OC)OC,True,True
4319,CID6172,CID6172,CC[N+](CC)(CC)CCOC1=C(C(=CC=C1)OCC[N+](CC)(CC)CC)OCC[N+](CC)(CC)CC.[I-].[I-].[I-],True,True
4320,CID6175,CID6175,C1=CN(C(=O)N=C1N)[C@H]2[C@@H]([C@@H]([C@H](O2)CO)O)O,True,True
4321,CID6178111,CID6178111,CC(C)N=C(N)/N=C(\N)/NC1=CC=C(C=C1)Cl,True,True
4322,CID6194,CID6194,C1=C(C(=O)NC(=O)N1)N(CCCl)CCCl,True,True
4323,CID6197,CID6197,C[C@H]1C[C@@H](C(=O)[C@@H](C1)[C@@H](CC2CC(=O)NC(=O)C2)O)C,True,True
4324,CID62074,CID62074,C[C@]12CC[C@](C[C@H]1C3=CC(=O)[C@@H]4[C@]5(CC[C@@H](C([C@@H]5CC[C@]4([C@@]3(CC2)C)C)(C)C)O[C@@H]6[C@@H]([C@H]([C@@H]([C@H](O6)C(=O)O)O)O)O[C@H]7[C@@H]([C@H]([C@@H]([C@H](O7)C(=O)O)O)O)O)C)(C)C(=O)O.N,True,True
4325,CID6209,CID6209,C[N+](C)(C)CCO.[Cl-],True,True
4326,CID6215,CID6215,C[C@]12C[C@@H]([C@]3([C@H]([C@@H]1C[C@@H]4[C@]2(OC(O4)(C)C)C(=O)CO)C[C@@H](C5=CC(=O)C=C[C@@]53C)F)F)O,True,True
4327,CID6230,CID6230,C[C@]12CC[C@H]3[C@H]([C@@H]1CC[C@]2(C#C)O)CCC4=CC(=O)CC[C@H]34,True,True
4328,CID6234,CID6234,C1[C@H](C(=O)NO1)N,True,True
4329,CID6239,CID6239,CCN(CC)CCCC(C)NC1=C2C=C(C=CC2=NC3=C1C=CC(=C3)Cl)OC.Cl.Cl,True,True
4330,CID6240,CID6240,CN(C)CCCN1C2=CC=CC=C2SC3=C1C=C(C=C3)Cl.Cl,True,True
4331,CID6241,CID6241,CN1C=NC2=C1C(=O)N(C(=O)N2C)C.C(C(=O)O)C(CC(=O)O)(C(=O)O)O,True,True
4332,CID6251,CID6251,C([C@H]([C@H]([C@@H]([C@@H](CO)O)O)O)O)O,True,True
4333,CID6252,CID6252,C1=CN(C(=O)N=C1N)[C@H]2[C@H]([C@@H]([C@H](O2)CO)O)O.Cl,True,True
4334,CID6253,CID6253,C1=CN(C(=O)N=C1N)[C@H]2[C@H]([C@@H]([C@H](O2)CO)O)O,True,True
4335,CID6256,CID6256,C1[C@@H]([C@H](O[C@H]1N2C=C(C(=O)NC2=O)C(F)(F)F)CO)O,True,True
4336,CID62705067,CID62705067,CC1=C(C=C(C=C1)C2=CSC(=C2)C#N)NS(=O)(=O)C3=CC=C(C=C3)OC,True,True
4337,CID62770,CID62770,C[C@H]1[C@H]([C@H](C[C@@H](O1)O[C@H]2C[C@@](CC3=C2C(=C4C(=C3O)C(=O)C5=C(C4=O)C(=CC=C5)OC)O)(C(=O)C)O)N)O.Cl,True,True
4338,CID6279,CID6279,C[C@H]1C[C@@H]2[C@H](CC[C@]3([C@H]2CC[C@@]3(C(=O)C)OC(=O)C)C)[C@@]4(C1=CC(=O)CC4)C,True,True
4339,CID62857,CID62857,CNCCC(C1=CC=CC=C1)OC2=CC=C(C=C2)C(F)(F)F.Cl,True,True
4340,CID62859,CID62859,C([C@H]([C@H]([C@@H]([C@H](C(C(=O)[O-])O)O)O)O)O)O.C([C@H]([C@H]([C@@H]([C@H](C(C(=O)[O-])O)O)O)O)O)O.[Ca+2],True,True
4341,CID62878,CID62878,C1CNC[C@H]([C@@H]1C2=CC=C(C=C2)F)COC3=CC4=C(C=C3)OCO4.Cl,True,True
4342,CID62886,CID62886,C[N@@+]1(CCC2=CC(=C(C=C2[C@H]1CC3=CC(=C(C=C3)OC)OC)OC)OC)CCC(=O)OCCCCCOC(=O)CC[N@+]4(CCC5=CC(=C(C=C5[C@H]4CC6=CC(=C(C=C6)OC)OC)OC)OC)C.C1=CC=C(C=C1)S(=O)(=O)[O-].C1=CC=C(C=C1)S(=O)(=O)[O-],True,True
4343,CID62907,CID62907,CCNC(=O)C1CC(CCC1C(C)C)C,True,True
4344,CID6291,CID6291,C[C@]12CC[C@H]3[C@H]([C@@H]1CC[C@]2(C#C)O)CCC4=C3C=CC(=C4)OC,True,True
4345,CID62920,CID62920,CC(=O)O[C@@H]1[C@@H](SC2=CC=CC=C2N(C1=O)CCN(C)C)C3=CC=C(C=C3)OC.Cl,True,True
4346,CID6293,CID6293,C1=CC=C2C(=C1)C(=O)C3=C(C2=O)C(=C(C=C3)O)O,True,True
4347,CID62935,CID62935,C1CN(CCN1CCCN2C(=O)N3C=CC=CC3=N2)C4=CC(=CC=C4)Cl.Cl,True,True
4348,CID62969,CID62969,CC(C)C(CCCN(C)CCC1=CC(=C(C=C1)OC)OC)(C#N)C2=CC(=C(C=C2)OC)OC.Cl,True,True
4349,CID62978,CID62978,COC1=C(C=C2C(=C1)C(=NC(=N2)N3CCN(CC3)C(=O)C4COC5=CC=CC=C5O4)N)OC.CS(=O)(=O)O,True,True
4350,CID63002,CID63002,CC(C)(C1=CC=C(C=C1)C(CCCN2CCC(CC2)C(C3=CC=CC=C3)(C4=CC=CC=C4)O)O)C(=O)O.Cl,True,True
4351,CID63009,CID63009,CN[C@H]1CC[C@H](C2=CC=CC=C12)C3=CC(=C(C=C3)Cl)Cl.Cl,True,True
4352,CID6301,CID6301,CC1=NC2=C(C=C1)C(=CC(=C2O)Cl)Cl,True,True
4353,CID6321424,CID6321424,CC[C@H](C)[C@@H]1[C@H](CC[C@@]2(O1)C[C@@H]3C[C@H](O2)C/C=C(/[C@H]([C@H](/C=C/C=C/4\CO[C@H]5[C@@]4([C@@H](C=C([C@H]5O)C)C(=O)O3)O)C)O[C@H]6C[C@@H]([C@H]([C@@H](O6)C)O[C@H]7C[C@@H]([C@H]([C@@H](O7)C)O)OC)OC)\C)C,True,True
4354,CID63224,CID63224,C1C[C@@H]([C@H](NC1)CC(=O)CN2C=NC3=CC=CC=C3C2=O)O,True,True
4355,CID6323266,CID6323266,C1CC(=N)N(C1)CC2=C(C(=O)NC(=O)N2)Cl,True,True
4356,CID6325199,CID6325199,C1C=C([C@@H]2[C@H]1C(=CO[C@H]2O[C@H]3[C@@H]([C@H]([C@H]([C@H](O3)CO)O)O)O)C(=O)O)CO,True,True
4357,CID6328657,CID6328657,CO/N=C(/C1=CSC(=N1)N)\C(=O)N[C@H]2[C@@H]3N(C2=O)C(=C(CS3)CSC(=O)C4=CC=CO4)C(=O)O,True,True
4358,CID6337614,CID6337614,C1C[C@@H]2CN(C(=O)C3=CC=CC(=C23)C1)[C@@H]4CN5CCC4CC5,True,True
4359,CID636362,CID636362,C[C@H]1[C@H]([C@H](C[C@@H](O1)O[C@H]2C[C@@](CC3=C2C(=C4C(=C3O)C(=O)C5=CC=CC=C5C4=O)O)(C(=O)C)O)N)O.Cl,True,True
4360,CID636375,CID636375,C[C@@]1(CO[C@@H]([C@@H]([C@H]1NC)O)O[C@H]2[C@@H](C[C@@H]([C@H]([C@@H]2O)O[C@@H]3[C@@H]([C@H]([C@@H]([C@H](O3)CN)O)O)O)N)NC(=O)[C@H](CN)O)O.OS(=O)(=O)O,True,True
4361,CID636377,CID636377,C[C@@H]1[C@@H]2[C@H](C(=O)N2C(=C1S[C@H]3C[C@H](NC3)CNS(=O)(=O)N)C(=O)O)[C@@H](C)O.O,True,True
4362,CID636402,CID636402,C[C@]12CC[C@](C[C@H]1C3=CC(=O)[C@@H]4[C@]5(CC[C@@H](C([C@@H]5CC[C@]4([C@@]3(CC2)C)C)(C)C)OC(=O)CCC(=O)[O-])C)(C)C(=O)[O-].[Na+].[Na+],True,True
4364,CID637568,CID637568,COC(=O)/C=C/C(=O)OC,True,True
4365,CID638024,CID638024,C1CCN(CC1)C(=O)/C=C/C=C/C2=CC3=C(C=C2)OCO3,True,True
4366,CID638278,CID638278,C1=CC(=CC=C1/C=C/C(=O)C2=C(C=C(C=C2)O)O)O,True,True
4367,CID6398764,CID6398764,C[C@H](CN1C=NC2=C(N=CN=C21)N)OCP(=O)(OCOC(=O)OC(C)C)OCOC(=O)OC(C)C.C(=C/C(=O)O)\C(=O)O,True,True
4368,CID64139,CID64139,C1CC1C#C[C@]2(C3=C(C=CC(=C3)Cl)NC(=O)O2)C(F)(F)F,True,True
4369,CID64150,CID64150,C1C2CC3CC1CC(C2)(C3)N.Cl,True,True
4370,CID6419718,CID6419718,CN(CC#C)CC1=CC2=CC=CC=C2OC3=CC=CC=C31,True,True
4371,CID6419954,CID6419954,CC(=O)[N-]S(=O)(=O)C1=CC=C(C=C1)N.[Na+],True,True
4372,CID6420013,CID6420013,COC1=CC(=C(C(=C1)OC)C(=O)CCCN2CCCC2)OC.Cl,True,True
4373,CID6420023,CID6420023,C[C@H]1[C@H]([C@@](C[C@@H](O1)O[C@@H]2[C@H]([C@@H]([C@H](O[C@H]2OC3=C4C=C5C=C3OC6=C(C=C(C=C6)[C@H]([C@H](C(=O)N[C@H](C(=O)N[C@H]5C(=O)N[C@@H]7C8=CC(=C(C=C8)O)C9=C(C=C(C=C9O)O)[C@H](NC(=O)[C@H]([C@@H](C1=CC(=C(O4)C=C1)Cl)O)NC7=O)C(=O)O)CC(=O)N)NC(=O)[C@@H](CC(C)C)NC)O)Cl)CO)O)O)(C)N)O.Cl,True,True
4374,CID6420040,CID6420040,CCCCOC1=C(C=CC(=C1)C(=O)OCCN(CC)CC)N.Cl,True,True
4375,CID6420138,CID6420138,CC1=C(SC(=N1)N)C2=NC(=NC=C2)NC3=CC=C(C=C3)N4CCOCC4,True,True
4376,CID6422124,CID6422124,C1CC1C(=O)C2=CC=C(C=C2)OCCCC3=CN=CN3,True,True
4377,CID6433118,CID6433118,CS(=O)(=O)OC1=CC2=C(C=C1)C(=C(O2)C(=O)C3=C(C=C(C=C3)Cl)Cl)NC(=O)N,True,True
4378,CID6433119,CID6433119,C1COCC(=O)N1C2=CC=C(C=C2)N3CC(OC3=O)CNC(=O)C4=CC=C(S4)Cl,True,True
4379,CID6433151,CID6433151,CN(C)CCC(C1=CC=C(C=C1)Cl)C2=CC=CC=N2.C(=CC(=O)O)C(=O)O,True,True
4380,CID6435335,CID6435335,CCOC(=O)NC1=C(N=C(C=C1)NCC2=CC=C(C=C2)F)N.C(=C\C(=O)O)\C(=O)O,True,True
4381,CID6435415,CID6435415,CC1(C[C@@H]1C(=O)N/C(=C\CCCCSC[C@@H](C(=O)O)N)/C(=O)O)C,True,True
4382,CID6436,CID6436,C[C@]12C[C@@H]([C@]3([C@H]([C@@H]1C[C@@H]4[C@]2(OC(O4)(C)C)C(=O)CO)CCC5=CC(=O)C=C[C@@]53C)F)O,True,True
4383,CID6436173,CID6436173,C[C@H]1/C=C/C=C(\C(=O)NC2=C(C3=C(C4=C(C(=C3O)C)O[C@@](C4=O)(O/C=C/[C@@H]([C@H]([C@H]([C@@H]([C@@H]([C@@H]([C@H]1O)C)O)C)OC(=O)C)C)OC)C)C5=C2N6C=CC(=CC6=N5)C)O)/C,True,True
4384,CID6436208,CID6436208,C/C=C(\C)/C(=O)N[C@@H](C1=CC=CC=C1)[C@H](C(=O)O[C@H]2C[C@]3([C@H]([C@H]4[C@@]([C@H](C[C@@H]5[C@]4(CO5)OC(=O)C)O)(C(=O)[C@@H](C(=C2C)C3(C)C)OC(=O)C)C)OC(=O)C6=CC=CC=C6)O)O,True,True
4385,CID6436223,CID6436223,C[C@H]1C/C(=C/C=C/[C@@H]([C@H](OC(=O)/C(=C/C(=C/[C@H]([C@H]1O)C)/C)/OC)[C@@H](C)[C@H]([C@H](C)[C@]2(C[C@H]([C@@H]([C@H](O2)C(C)C)C)O)O)O)OC)/C,True,True
4386,CID6437368,CID6437368,CC1=C(C(CCC1)(C)C)CC/C(=C/CCC2=CC[C@@H](O[C@H]2O)C3=CC(=O)O[C@H]3O)/C,True,True
4387,CID6437380,CID6437380,CCCCN(CCCC)CC(C1=CC(=CC\2=C1C3=C(/C2=C/C4=CC=C(C=C4)Cl)C=C(C=C3)Cl)Cl)O,True,True
4388,CID6437877,CID6437877,CC1=C(SC=N1)/C=C\C2=C(N3[C@@H]([C@@H](C3=O)NC(=O)/C(=N\OC)/C4=CSC(=N4)N)SC2)C(=O)OCOC(=O)C(C)(C)C,True,True
4389,CID6438130,CID6438130,C1=CC(=CC=C1CN2C=CN=C2)/C=C/C(=O)O.Cl,True,True
4390,CID6440181,CID6440181,CC(C)(C)/[N+](=C/C1=C(C=C(C=C1)S(=O)(=O)[O-])S(=O)(=O)[O-])/[O-].[Na+].[Na+],True,True
4391,CID6440352,CID6440352,CCOC(=O)/C=C/[C@H](C[C@@H]1CCNC1=O)NC(=O)[C@H](CC2=CC=C(C=C2)F)CC(=O)[C@H](C(C)C)NC(=O)C3=NOC(=C3)C,True,True
4392,CID644213,CID644213,C1=CC=C(C=C1)NC(=O)C2=C(C=CC(=C2)[N+](=O)[O-])Cl,True,True
4393,CID644215,CID644215,C1=CC(=CC(=C1)Cl)NC2=NC=CC(=N2)C3=CC(=NC=C3)NCCCO,True,True
4394,CID6442177,CID6442177,C[C@@H]1CC[C@H]2C[C@@H](/C(=C/C=C/C=C/[C@H](C[C@H](C(=O)[C@@H]([C@@H](/C(=C/[C@H](C(=O)C[C@H](OC(=O)[C@@H]3CCCCN3C(=O)C(=O)[C@@]1(O2)O)[C@H](C)C[C@@H]4CC[C@H]([C@@H](C4)OC)OCCO)C)/C)O)OC)C)C)/C)OC,True,True
4395,CID644241,CID644241,CC1=C(C=C(C=C1)C(=O)NC2=CC(=CC(=C2)C(F)(F)F)N3C=C(N=C3)C)NC4=NC=CC(=N4)C5=CN=CC=C5,True,True
4396,CID644243,CID644243,CC1=CC=C(C=C1)C2=C(N(C3=NC=NC(=C23)N)CCCO)C(=O)CF,True,True
4397,CID644274,CID644274,C1=CC(=CC=C1C(C2=CC=C(C=C2)Cl)N3C=C[N+](=C3)CC(C4=C(C=C(C=C4)Cl)Cl)OCC5=C(C=C(C=C5)Cl)Cl)Cl.[Cl-],True,True
4398,CID6444206,CID6444206,CC[C@H]1[C@@H](C[C@](O[C@@H]1C)(O)[C@H]([C@H](O)[C@@H]([C@H]2OC(=O)/C=C/C=C/[C@@H]([C@H](OC(=O)/C=C/C=C/[C@@H]2C)[C@H]([C@@H](O)[C@@H]([C@@]3(O[C@@H]([C@H]([C@@H](C3)O[C@@H]4O[C@H]([C@H]([C@H](C4)O)O)C)CC)C)O)C)C)C)C)C)O[C@@H]5O[C@H]([C@H]([C@H](C5)O)O)C,True,True
4399,CID6444692,CID6444692,C1=CC(=CC=C1CCCCN2C=CN=N2)OCC3=COC(=N3)/C=C/C4=CC=C(C=C4)C(F)(F)F,True,True
4400,CID6445533,CID6445533,C1=CC=C2C(=C1)C(=CN2)CCN(CCO)CC3=CC=C(C=C3)/C=C/C(=O)NO,True,True
4401,CID6445540,CID6445540,C[C@H]1CCC[C@@]2([C@@H](O2)C[C@H](NC(=O)C[C@@H](C(C(=O)[C@@H]([C@H]1O)C)(C)C)O)/C(=C/C3=CSC(=N3)C)/C)C,True,True
4402,CID6445562,CID6445562,CCOC1=C(C=C2C(=C1)N=CC(=C2NC3=CC(=C(C=C3)F)Cl)C#N)NC(=O)/C=C/CN(C)C,True,True
4403,CID6450522,CID6450522,CC1(C2=CC=CN2C3=CC=CC=C3CO1)CN4CCC(CC4)N5C6=CC=CC=C6NC5=O.C(=C\C(=O)O)\C(=O)O,True,True
4404,CID6450551,CID6450551,CNC(=O)C1=CC=CC=C1SC2=CC3=C(C=C2)C(=NN3)/C=C/C4=CC=CC=N4,True,True
4405,CID6450819,CID6450819,C1=CC=C(C=C1)CN2C=C(C3=C2C=CC(=C3)C4=CC=C(C=C4)OC(F)(F)F)C(=O)C(=O)O,True,True
4406,CID6450830,CID6450830,CC(C)(C(=O)N[C@H](COCC1=CC=CC=C1)C(=O)N2CCC3(CC2)CN(C4=CC=CC=C34)S(=O)(=O)C)N.CS(=O)(=O)O,True,True
4407,CID6451164,CID6451164,CC1=CC(=CC(=C1NC2=NC(=NC=C2)NC3=CC=C(C=C3)C#N)C)/C=C/C#N,True,True
4408,CID6456015,CID6456015,CCN(CC)CCNC(=O)C1=C(NC(=C1C)/C=C\2/C3=C(C=CC(=C3)F)NC2=O)C.C([C@@H](C(=O)O)O)C(=O)O,True,True
4409,CID6461,CID6461,C[N+]1(CCCC(C1)OC(=O)C(C2=CC=CC=C2)(C3=CC=CC=C3)O)C.[Br-],True,True
4410,CID64646,CID64646,CCN(CC)CC1=C(C=CC(=C1)NC2=C3C=CC(=CC3=NC=C2)Cl)O.O.O.Cl.Cl,True,True
4411,CID64713,CID64713,CC1=CC(=CC=C1)CN2CCN(CC2)C(C3=CC=CC=C3)C4=CC=C(C=C4)Cl.Cl.Cl,True,True
4412,CID64715,CID64715,CC[C@H](C)C(=O)O[C@H]1CCC=C2[C@H]1[C@H]([C@H](C=C2)C)CC[C@@H]3C[C@H](CC(=O)O3)O,True,True
4413,CID64737,CID64737,CCCCN1CCCCC1C(=O)NC2=C(C=CC=C2C)C.Cl,True,True
4414,CID6473881,CID6473881,C/C/1=C\CC[C@@]2([C@H](O2)[C@@H]3[C@@H](CC1)C(=C)C(=O)O3)C,True,True
4415,CID6473883,CID6473883,CC[C@@H]1[C@@]([C@H]2[C@H]([C@H]([C@@H](C[C@@]([C@@H]([C@H]([C@@H]([C@H](C(=O)O1)C)O[C@H]3C[C@@]([C@H]([C@@H](O3)C)O)(C)OC)C)O[C@H]4[C@@H]([C@H](C[C@H](O4)C)N(C)C)O)(C)O)C)N[C@H](O2)COCCOC)C)(C)O,True,True
4416,CID6476900,CID6476900,C1NC(=NC1)C2=CC=C(C=C2)NC(=O)/C=C/C3=CC=C(C=C3)/C=C/C(=O)NC4=CC=C(C=C4)C5=NCCN5,True,True
4417,CID64945,CID64945,C[C@@H]1CC[C@@]2(CC[C@@]3(C(=CC[C@H]4[C@]3(CC[C@@H]5[C@@]4(CC[C@@H](C5(C)C)O)C)C)[C@@H]2[C@H]1C)C)C(=O)O,True,True
4418,CID64982,CID64982,C1=CC=C(C=C1)C2=CC(=O)C3=C(C(=C(C=C3O2)O[C@H]4[C@@H]([C@H]([C@@H]([C@H](O4)C(=O)O)O)O)O)O)O,True,True
4419,CID65014,CID65014,C1CNCCNCCCN(CCNC1)CC2=CC=C(C=C2)CN3CCCNCCNCCCNCC3.Cl.Cl.Cl.Cl.Cl.Cl.Cl.Cl,True,True
4420,CID65015,CID65015,C1CNCCNCCCN(CCNC1)CC2=CC=C(C=C2)CN3CCCNCCNCCCNCC3,True,True
4421,CID65016,CID65016,CC(C)CN(C[C@H]([C@H](CC1=CC=CC=C1)NC(=O)O[C@H]2CCOC2)O)S(=O)(=O)C3=CC=C(C=C3)N,True,True
4422,CID65028,CID65028,CCC(CC)O[C@@H]1C=C(C[C@@H]([C@H]1NC(=O)C)N)C(=O)OCC,True,True
4423,CID6503,CID6503,C(C(CO)(CO)N)O,True,True
4424,CID6505803,CID6505803,C[C@H]1C[C@@H]([C@@H]([C@H](/C=C(/[C@@H]([C@H](/C=C\C=C(\C(=O)NC2=CC(=O)C(=C(C1)C2=O)NCC=C)/C)OC)OC(=O)N)\C)C)O)OC,True,True
4425,CID65064,CID65064,C1[C@H]([C@H](OC2=CC(=CC(=C21)O)O)C3=CC(=C(C(=C3)O)O)O)OC(=O)C4=CC(=C(C(=C4)O)O)O,True,True
4426,CID6509979,CID6509979,CC[C@@H]1/C=C(/C[C@@H](C[C@@H]([C@@H]2[C@H](C[C@H]([C@@](O2)(C(=O)C(=O)N3CCCC[C@H]3C(=O)O[C@@H]([C@@H]([C@H](CC1=O)O)C)/C(=C/[C@@H]4CC[C@@H]([C@@H](C4)OC)Cl)/C)O)C)OC)OC)C)\C,True,True
4427,CID6518171,CID6518171,CN(CCOC1=CC=C(C=C1)C[C@@H](C(=O)O)NC2=CC=CC=C2C(=O)C3=CC=CC=C3)C4=CC=CC=N4,True,True
4428,CID6519698,CID6519698,C1=CC=C(C=C1)/C(=N\NC2=NC=C(C=C2)Cl)/C3=CC=CC=N3,True,True
4429,CID65264,CID65264,CN1C2CCCC1CC(C2)NC(=O)C3=NN(C4=CC=CC=C43)C.Cl,True,True
4430,CID65328,CID65328,C1CCCN(CCC1)CCN=C(N)N.OS(=O)(=O)O,True,True
4431,CID65335,CID65335,C1CN(CC2=C1SC=C2)CC3=CC=CC=C3Cl.Cl,True,True
4432,CID65341,CID65341,CCCC(C1=CC=CC=C1)(C2=CC=CC=C2)C(=O)OCCN(CC)CC.Cl,True,True
4433,CID65348,CID65348,C[C@H]1[C@@H]([C@H](C[C@@H](O1)O[C@H]2C[C@@](CC3=C2C(=C4C(=C3O)C(=O)C5=C(C4=O)C(=CC=C5)OC)O)(C(=O)CO)O)N)O.Cl,True,True
4434,CID65373,CID65373,COC1=C(C=CC(=C1)C[C@@H](CO)[C@@H](CC2=CC(=C(C=C2)O)OC)CO)O,True,True
4435,CID65399,CID65399,CN1C2=NC=NC3=C2C(=CN3[C@H]4[C@@H]([C@@H]([C@H](O4)CO)O)O)C(=N1)N,True,True
4436,CID6539952,CID6539952,CN1CCN(CC1)C2CCC(CC2)N3C=C(C4=C(N=CN=C43)N)C5=CC=C(C=C5)OC6=CC=CC=C6,True,True
4437,CID65411,CID65411,CC(C)[C@@]12[C@@H](O1)[C@H]3[C@@]4(O3)[C@]5(CCC6=C([C@@H]5C[C@H]7[C@]4(C2=O)O7)COC6=O)C,True,True
4438,CID65483,CID65483,CCC1(CCCCN(C1)C)C2=CC(=CC=C2)O.Cl,True,True
4439,CID65495,CID65495,C1=CC(=CC=C1CSC(CN2C=CN=C2)C3=C(C=C(C=C3)Cl)Cl)Cl.[N+](=O)(O)[O-],True,True
4440,CID65625,CID65625,C(CS(=O)(=O)[O-])SSCCS(=O)(=O)[O-].[Na+].[Na+],True,True
4441,CID65628,CID65628,CN1C2=C(C=C(C=C2)N(CCCl)CCCl)N=C1CCCC(=O)O,True,True
4442,CID65632,CID65632,C1CSC(=O)C1NC(=O)CSCC(=O)O,True,True
4443,CID656583,CID656583,C[C@]12CC[C@H]3[C@H]([C@@H]1CC[C@@H]2O)CC[C@]45[C@@]3(CC(=C([C@H]4O5)O)C#N)C,True,True
4444,CID656586,CID656586,CC(C(C1=CC=C(C=C1)O)O)N2CCC(CC2)CC3=CC=CC=C3.CC(C(C1=CC=C(C=C1)O)O)N2CCC(CC2)CC3=CC=CC=C3.[C@@H]([C@H](C(=O)O)O)(C(=O)O)O,True,True
4445,CID65663,CID65663,CCOC(=O)[C@@H]1[C@H](O1)C(=O)N[C@@H](CC(C)C)C(=O)NCCC(C)C,True,True
4446,CID656631,CID656631,CN1CCC[C@@H]1CC2=CNC3=C2C=C(C=C3)CCS(=O)(=O)C4=CC=CC=C4.Br,True,True
4447,CID656665,CID656665,CN1[C@@H]2CC[C@H]1CC(C2)OC(=O)C3=CNC4=CC=CC=C43,True,True
4448,CID656667,CID656667,CC1=C([C@H](C(=C(N1)C)C(=O)O[C@@H]2CCCN(C2)CC3=CC=CC=C3)C4=CC(=CC=C4)[N+](=O)[O-])C(=O)OC.Cl,True,True
4449,CID656867,CID656867,C[N+](C)(C)CCOC(=O)CCC(=O)OCC[N+](C)(C)C.O.O.[Cl-].[Cl-],True,True
4450,CID656954,CID656954,C=CC1=C2C(=CC(=C1)O)N=C(O2)C3=CC(=C(C=C3)O)F,True,True
4451,CID65709,CID65709,CCN(CC)CCN1C2=CC=CC=C2N=C(C1=O)CC3=CC=C(C=C3)OC,True,True
4452,CID657201,CID657201,CCCC(CCC)C(=O)OC1C[C@H]2CC[C@@H](C1)[N+]2(C)C.[Br-],True,True
4453,CID657237,CID657237,C1=NC2=C(N=C(N=C2N1[C@H]3[C@H]([C@@H]([C@H](O3)CO)O)O)F)N,True,True
4454,CID65725,CID65725,C1COC(=O)N1N,True,True
4455,CID657298,CID657298,CCCC1=CC(=O)NC(=S)N1,True,True
4456,CID657302,CID657302,C1=CC=C(C=C1)C2(C(=O)[N-]C(=O)N2)C3=CC=CC=C3.[Na+],True,True
4457,CID65752,CID65752,C1CN2C(=NC3=CC=CC=C3C2=O)C4=C1C5=CC=CC=C5N4,True,True
4458,CID65777,CID65777,CC(C)(C(=O)OCCOC(=O)C1=CN=CC=C1)OC2=CC=C(C=C2)Cl,True,True
4460,CID65906,CID65906,CN(C1CCN(CC1)C2=NC3=CC=CC=C3N2CC4=CC=C(C=C4)F)C5=NC=CC(=O)N5,True,True
4461,CID65944,CID65944,C1CC(=O)N[C@@H]1C(=O)N2CSC[C@H]2C(=O)O,True,True
4462,CID65948,CID65948,CC1=C(C(C(=C(N1)N)C(=O)OC2CN(C2)C(C3=CC=CC=C3)C4=CC=CC=C4)C5=CC(=CC=C5)[N+](=O)[O-])C(=O)OC(C)C,True,True
4463,CID65958,CID65958,CNC1CCCN(C1)C2=C(C=C3C(=C2OC)N(C=C(C3=O)C(=O)O)C4CC4)F,True,True
4464,CID65981,CID65981,CCOC1=C(C=CC(=C1)CC(=O)N[C@@H](CC(C)C)C2=CC=CC=C2N3CCCCC3)C(=O)O,True,True
4465,CID65999,CID65999,CCCC1=NC2=C(N1CC3=CC=C(C=C3)C4=CC=CC=C4C(=O)O)C=C(C=C2C)C5=NC6=CC=CC=C6N5C,True,True
4466,CID6604165,CID6604165,[C-]#N.[C-]#N.[C-]#N.[C-]#N.[C-]#N.[N-]=O.O.O.[Na+].[Na+].[Fe+4],True,True
4467,CID6604437,CID6604437,C1=CC(=CC=C1CN2C=CN=C2)/C=C\C(=O)O,True,True
4468,CID6604561,CID6604561,CCOC(=O)C1=CC=C(C=C1)OC(=O)CCCCCN=C(N)N.CS(=O)(=O)O,True,True
4469,CID6604870,CID6604870,CC#C[C@@]1(CC[C@@H]2[C@@]1(C[C@H](C3=C4CCC(=O)C=C4CC[C@@H]23)C5=CC=C(C=C5)N(C)C)C)O,True,True
4470,CID6605258,CID6605258,C1=CC=C(C=C1)C(C2=CC=CC=C2)C(=O)NC(C(Cl)(Cl)Cl)NC(=S)NC3=CC(=C(C=C3)F)[N+](=O)[O-],True,True
4471,CID66062,CID66062,CN1CCCCC1CCN2C3=CC=CC=C3SC4=C2C=C(C=C4)SC.Cl,True,True
4472,CID66064,CID66064,CN1CCN(CC1)CCCN2C3=CC=CC=C3SC4=C2C=C(C=C4)C(F)(F)F.Cl.Cl,True,True
4473,CID6610318,CID6610318,CCCNC(=O)[C@@H]1[C@H](O1)C(=O)N[C@@H]([C@@H](C)CC)C(=O)N2CCC[C@H]2C(=O)OC,True,True
4474,CID6613,CID6613,CC(C)(CO)[C@H](C(=O)NCCC(=O)O)O,True,True
4475,CID66136,CID66136,CNCC(=O)C1=CC(=C(C=C1)O)O.Cl,True,True
4476,CID66144,CID66144,CCOC(=O)C(=O)CBr,True,True
4477,CID66249,CID66249,C[C@@H]1C[C@H]2[C@@H]3C=C(C4=CC5=C(C[C@@]4([C@H]3[C@H](C[C@@]2([C@]1(C(=O)COC(=O)C)O)C)O)C)C=NN5C6=CC=CC=C6)C,True,True
4478,CID66259,CID66259,CC1=CC(=C(C(=C1CC2=NCCN2)C)O)C(C)(C)C.Cl,True,True
4479,CID66414,CID66414,C[C@]12CC[C@H]3[C@H]([C@@H]1CC[C@@H]2O)CCC4=CC(=C(C=C34)OC)O,True,True
4480,CID66558287,CID66558287,C1CCC(CC1)C(CC2C3=CC=CC=C3C4=CN=CN24)O,True,True
4481,CID66558664,CID66558664,CCN(C1CCOCC1)C2=CC(=CC(=C2C)C(=O)NCC3=C(C=C(NC3=O)C)C)C4=CC=C(C=C4)CN5CCOCC5,True,True
4482,CID66577006,CID66577006,CC1=C(C=C(C=C1)NC2=NC=NC(=C2)C3=CC(=CC=C3)N4C(=O)C5=CC=CC=C5C4=O)NS(=O)(=O)C,True,True
4483,CID66577038,CID66577038,CC1=CC(=CC(=C1)OCC2=CC=C(C=C2)CN3CCC[C@@H]3CO)CS(=O)(=O)C4=CC=CC=C4,True,True
4484,CID66598080,CID66598080,CC(C)(C1CCC(CC1)NC2=NN3C(=NC=C3C4=CC(=CC=C4)C(F)(F)F)C=C2)O,True,True
4485,CID66613669,CID66613669,C1=CC(=CC(=C1)S(=O)(=O)C2=CC=C(C=C2)CNC(=O)C3=CN=C4C(=C3)C=NN4)C(F)(F)F,True,True
4486,CID666418,CID666418,CCCC1=NC=CC(=C1)C(=S)N,True,True
4487,CID66646767,CID66646767,C[C@H](C1=C(C=NC=C1Cl)Cl)OC2=CC3=C(C=C2)NN=C3C=CC4=CN(N=C4)CCO,True,True
4488,CID667467,CID667467,CN(C)CC/C=C\1/C2=CC=CC=C2SC3=C1C=C(C=C3)Cl,True,True
4489,CID667476,CID667476,C/C=C(/C(=C/C)/C1=CC=C(C=C1)O)\C2=CC=C(C=C2)O,True,True
4490,CID667484,CID667484,CCOC(=O)C1=CN=CN1[C@H](C)C2=CC=CC=C2,True,True
4491,CID667490,CID667490,C1=NC2=C(N1)C(=S)N=CN2,True,True
4492,CID667493,CID667493,CC1=CC(=O)NC(=S)N1,True,True
4493,CID6675804,CID6675804,C1[C@@H](O[C@@H](O[C@@H]1C2=CC=C(C=C2)CO)C3=CC=C(C=C3)NC(=O)CCCCCCC(=O)NO)CSC4=NC(=C(O4)C5=CC=CC=C5)C6=CC=CC=C6,True,True
4494,CID667639,CID667639,C1=CC(=C(C=C1/C=C/C2=CC(=CC(=C2)O)O)O)O,True,True
4495,CID66774402,CID66774402,CN1CCCN(CC1)C(=O)C2=CC=CC(=C2)C3=CC=C(O3)C=C4C5=C(C=CC(=C5)Cl)NC4=O,True,True
4496,CID67081200,CID67081200,CCN1C(=C(C(=O)C2=C1N=C(C=C2)C#CC(C)(COC)O)C(=O)NC)N,True,True
4497,CID6710614,CID6710614,C[C@H]1CC2C3CCC4=CC(=O)C=C[C@@]4([C@]3([C@H](C[C@@]2([C@]1(C(=O)CO)O)C)O)F)C,True,True
4498,CID6710658,CID6710658,C[C@]12CCC3C(C1CCC2=O)CCC4=C3C=CC(=C4)O,True,True
4499,CID67171867,CID67171867,C[C@@H](CN1C=CC(=N1)C2=CC(=C(C=C2)C#N)Cl)NC(=O)C3=NNC(=C3)C(C)O,True,True
4500,CID672296,CID672296,C1OC2=C(O1)C=C(C=C2)/C=C/[N+](=O)[O-],True,True
4502,CID67310049,CID67310049,C1CC(=O)O[C@@H](CNC(=O)[C@@H](CC=C1)CC(=O)NCC2=CC=C(C=C2)Cl)C3=CC=CC=C3,True,True
4503,CID67356,CID67356,C1CN(CCN1CCCN2C3=CC=CC=C3SC4=C2C=C(C=C4)C(F)(F)F)CCO.Cl.Cl,True,True
4504,CID6741,CID6741,C[C@H]1C[C@H]2[C@@H]3CC[C@@]([C@]3(C[C@@H]([C@@H]2[C@@]4(C1=CC(=O)C=C4)C)O)C)(C(=O)CO)O,True,True
4505,CID67462786,CID67462786,CC(C)NCCN(C1=CC2=NC(=CN=C2C=C1)C3=CN(N=C3)C)C4=CC(=CC(=C4)OC)OC,True,True
4506,CID67469084,CID67469084,CC(C)(C)S(=O)(=O)C1=CC2=C(C=CN=C2C=C1)NC3=NNC4=C3C=C(C=C4)F,True,True
4507,CID67469117,CID67469117,CC1=CC(=C(C(=O)N1)CNC(=O)C2=C3C(=CN(C3=CC(=C2)C4=CN=C(C=C4)N5CCN(CC5)C)C(C)C)C)C,True,True
4508,CID6746983,CID6746983,CC1=CCC[C@@]2([C@@H](O2)[C@@H]3[C@H](CC1)C(=C)C(=O)O3)C,True,True
4509,CID67501411,CID67501411,CCC1=C(C=CC(=C1)C(=O)N)N2C3=NC=CC(=C3C(=N2)C(C)C)N4C=C(N=C4)C5=CN(N=C5)C,True,True
4510,CID67533,CID67533,CN1CCN(CC1)C(C2=CC=CC=C2)C3=CC=CC=C3.Cl.Cl,True,True
4511,CID6758,CID6758,CC(=C)[C@H]1CC2=C(O1)C=CC3=C2O[C@@H]4COC5=CC(=C(C=C5[C@@H]4C3=O)OC)OC,True,True
4512,CID676352,CID676352,C1=CC=C(C=C1)CNC2=NC(=NC3=CC=CC=C32)NCC4=CC=CC=C4,True,True
4513,CID67983918,CID67983918,CC(C)(CNC1=NC=C(C(=N1)CC2CC2)C3=NC(=NC=C3)NC4=CC=NC=C4)O,True,True
4514,CID68060125,CID68060125,CCN1C2=NC(=NC=C2C=C(C1=O)C3=C(C=C(C=C3)Cl)Cl)NC4=CC(=C(C=C4)N5CCNCC5)F,True,True
4515,CID68077,CID68077,COC1=CC=C(C=C1)C2=CC(=O)C3=C(O2)C(=C(C(=C3OC)OC)OC)OC,True,True
4516,CID681,CID681,C1=CC(=C(C=C1CCN)O)O,True,True
4517,CID68107965,CID68107965,C1=CC=C(C=C1)COC2=C(C=C(C=C2)C3=CC(=NC=C3)F)C(=O)NC4=CN=CC=C4,True,True
4518,CID68165256,CID68165256,CN(C)C1CCN(CC1)C2=CC(=C(C=C2)NC3=NC=C(C(=N3)NC4=CC=CC=C4P(=O)(C)C)Cl)OC,True,True
4519,CID68210102,CID68210102,CC[C@H](C)N1C=C(C2=C(C=C(C=C21)C3=CN=C(C=C3)N4CCNCC4)C(=O)NCC5=C(C=C(NC5=O)C)C)C,True,True
4520,CID68234129,CID68234129,C1CC1C(=O)NC2=NNC3=C2C=CC(=C3)C4=CC(=CC=C4)C(=O)NC5CC5,True,True
4521,CID68304,CID68304,CCCCOC1=CC=C(C=C1)C(=O)CCN2CCCCC2.Cl,True,True
4522,CID68313,CID68313,CN(C)CCC1=CC=C(C=C1)O,True,True
4523,CID6839,CID6839,CN1C(=O)CC(C1=O)C2=CC=CC=C2,True,True
4524,CID6850808,CID6850808,CCC(C)CC(C)CCCCCCCCC(=O)N[C@H]1C[C@H]([C@H](NC(=O)[C@@H]2[C@H](CCN2C(=O)[C@@H](NC(=O)[C@@H](NC(=O)[C@@H]3C[C@H](CN3C(=O)[C@@H](NC1=O)[C@@H](C)O)O)[C@@H]([C@H](C4=CC=C(C=C4)O)O)O)[C@@H](CCN)O)O)NCCN)O.CC(=O)O.CC(=O)O,True,True
4525,CID6851740,CID6851740,CC1=CC=C(C=C1)C(=O)N(CCCN)[C@@H](C2=NC3=C(C=CC(=C3)Cl)C(=O)N2CC4=CC=CC=C4)C(C)C,True,True
4526,CID6852167,CID6852167,CC1=C(SC(=N1)NC(=O)C)C2=CC(=C(C=C2)Cl)S(=O)(=O)NCCO,True,True
4527,CID68539,CID68539,CN(C)CCCN1C2=CC=CC=C2CCC3=C1C=C(C=C3)Cl.Cl,True,True
4528,CID68540,CID68540,C1(=C(N=C(C(=N1)Cl)N)N)C(=O)N=C(N)N.Cl,True,True
4529,CID68546,CID68546,COC1=C(C=C2C(=C1)C(=NC(=N2)N3CCN(CC3)C(=O)C4=CC=CO4)N)OC.Cl,True,True
4530,CID68553,CID68553,C1=CC(=C(C=C1Cl)Cl)COC(CN2C=CN=C2)C3=C(C=C(C=C3)Cl)Cl.[N+](=O)(O)[O-],True,True
4531,CID6857732,CID6857732,CC1C(=O)N(C2CSC(C(C(=O)N(C(C(=O)OCC(C(=O)N1)NC(=O)C3=NC4=CC=CC=C4N=C3)C(C)C)C)N(C(=O)C(NC(=O)C(COC(=O)C(N(C2=O)C)C(C)C)NC(=O)C5=NC6=CC=CC=C6N=C5)C)C)SC)C,True,True
4532,CID68589,CID68589,C1=CC(=CC=C1COC(CN2C=CN=C2)C3=C(C=C(C=C3)Cl)Cl)Cl.[N+](=O)(O)[O-],True,True
4533,CID68591,CID68591,CC1=C(C=CC(=C1)N2C(=O)NC(=O)N(C2=O)C)OC3=CC=C(C=C3)SC(F)(F)F,True,True
4534,CID68601,CID68601,CC1=C(C(=CC=C1)C(C)C2=CN=CN2)C.Cl,True,True
4535,CID68617,CID68617,CN[C@H]1CC[C@H](C2=CC=CC=C12)C3=CC(=C(C=C3)Cl)Cl,True,True
4536,CID68624,CID68624,CCN1C=C(C(=O)C2=CC(=C(C(=C21)F)N3CCNC(C3)C)F)C(=O)O.Cl,True,True
4537,CID68626,CID68626,C1CN(CCC12CNC(=O)O2)CCC3=CC=CC=C3.Cl,True,True
4538,CID68643,CID68643,CNCCC1=CC=CC=N1.Cl.Cl,True,True
4539,CID68647,CID68647,CC1=NC=CN1CC2CCC3=C(C2=O)C4=CC=CC=C4N3C.Cl,True,True
4540,CID68654,CID68654,C1=CC=NC(=C1)C(C2=CC=C(C=C2)OS(=O)(=O)[O-])C3=CC=C(C=C3)OS(=O)(=O)[O-].[Na+].[Na+],True,True
4541,CID68712,CID68712,C1CC1C(C2CC2)NC3=NCCO3,True,True
4542,CID68727,CID68727,CCCN(CCC)CCC1=C2CC(=O)NC2=CC=C1.Cl,True,True
4543,CID68740,CID68740,C1=CN(C=N1)CC(O)(P(=O)(O)O)P(=O)(O)O,True,True
4544,CID6878030,CID6878030,CC1=C(C(=NN1C2=CC=CC=C2)C)/C=N/N3CCN(CC3)CC4=CC=CC=C4,True,True
4545,CID68827,CID68827,C[C@@H]1CC[C@H]2[C@H]([C@@H](O[C@H]3[C@@]24[C@H]1CC[C@](O3)(OO4)C)OC(=O)CCC(=O)O)C,True,True
4546,CID688272,CID688272,CCN1CCC[C@H]1CNC(=O)C2=C(C=CC(=C2)S(=O)(=O)N)OC,True,True
4547,CID6883,CID6883,C1[C@H]([C@@H]2[C@H](O1)[C@H](CO2)O[N+](=O)[O-])O[N+](=O)[O-],True,True
4548,CID68844,CID68844,CCN[C@H]1CN(S(=O)(=O)C2=C1C=C(S2)S(=O)(=O)N)CCCOC,True,True
4549,CID68853159,CID68853159,CC1=C(N2C=CC=CC2=C1OC)C(=O)C3=CC(=C(C=C3)N)C(=O)[O-].[Na+],True,True
4550,CID688563,CID688563,CCC(C(C1=C2C=CC(=O)NC2=C(C=C1)O)O)NC(C)C,True,True
4551,CID68861,CID68861,C[C@]12CCC3=C4CCC(=O)C=C4CC[C@H]3[C@@H]1CC[C@]2(CC#N)O,True,True
4552,CID68871,CID68871,CN1CC(C2=C(C1)C=C(C=C2)OC)C3=CC(=C(C=C3)Cl)Cl,True,True
4553,CID68873,CID68873,C[C@]12CCC(=O)C=C1[C@@H]3C[C@@H]3[C@@H]4[C@@H]2CC[C@]5([C@H]4[C@@H]6C[C@@H]6[C@@]57CCC(=O)O7)C,True,True
4554,CID6890,CID6890,CN(C)CC1=CNC2=CC=CC=C21,True,True
4555,CID68911,CID68911,C[C@@H]1CC[C@H]2[C@H]([C@H](O[C@H]3[C@@]24[C@H]1CC[C@](O3)(OO4)C)OC)C,True,True
4556,CID68938909,CID68938909,CC1=C(C(=NN1C)COC2=CC=C(C=C2)N3CCN(CC3)C(=O)C)C4=CC=CC5=C4N(C(=C5CCCOC6=CC=CC7=CC=CC=C76)C(=O)O)CC8=CN=CC=C8,True,True
4557,CID6912,CID6912,C([C@H](C([C@H](CO)O)O)O)O,True,True
4558,CID6914273,CID6914273,C1C(=O)NC(=O)N1/N=C/C2=CC=C(O2)C3=CC=C(C=C3)[N+](=O)[O-],True,True
4559,CID6914657,CID6914657,C1CN(CCC1CCCCNC(=O)/C=C/C2=CN=CC=C2)C(=O)C3=CC=CC=C3,True,True
4560,CID6914666,CID6914666,C1=CC=C2C(=C1)C(=C(N=C2Cl)C(=O)NCC(=O)O)O,True,True
4561,CID6915744,CID6915744,CC[C@@H]1[C@@]([C@@H]([C@H](/C(=N/OCOCCOC)/[C@@H](C[C@@]([C@@H]([C@H]([C@@H]([C@H](C(=O)O1)C)O[C@H]2C[C@@]([C@H]([C@@H](O2)C)O)(C)OC)C)O[C@H]3[C@@H]([C@H](C[C@H](O3)C)N(C)C)O)(C)O)C)C)O)(C)O,True,True
4562,CID6915944,CID6915944,C=CC1=C(N2[C@@H]([C@@H](C2=O)NC(=O)/C(=N\O)/C3=CSC(=N3)N)SC1)C(=O)O,True,True
4563,CID6917698,CID6917698,CO[C@H]1CN(CC[C@H]1NC(=O)C2=CC(=C(C=C2OC)N)Cl)CCCOC3=CC=C(C=C3)F,True,True
4564,CID6917715,CID6917715,CC[C@]12CC(=C)[C@H]3[C@H]([C@@H]1CC[C@]2(C#C)O)CCC4=CC(=O)CC[C@H]34,True,True
4565,CID6917797,CID6917797,C1CC(CN(C1)CCC=C(C2=CC=CC=C2)C3=CC=CC=C3)C(=O)O,True,True
4566,CID6917864,CID6917864,C[C@@H]1CC[C@H]2[C@H]([C@@H](O[C@H]3[C@@]24[C@H]1CC[C@](O3)(OO4)C)OC(=O)CCC(=O)O)C,True,True
4567,CID6917875,CID6917875,CN1C[C@H]2[C@H](C1)C3=C(C=CC(=C3)Cl)OC4=CC=CC=C24.C(=C\C(=O)O)\C(=O)O,True,True
4568,CID6917907,CID6917907,CC/C(=C/[C@H](C)C/C=C/C(=C/[C@@H](C)C(=O)[C@@H](C)[C@@H]([C@@H](C)C/C(=C/C(=O)O)/C)O)/C)/C=C/[C@H]1[C@H](C=CC(=O)O1)C,True,True
4569,CID6918029,CID6918029,C1CCN(CC1)[C@H]2[C@H](C[C@@H]([C@@H]2CC/C=C\CCC(=O)O)OCC3=CC=C(C=C3)C4=CC=CC=C4)O.Cl,True,True
4570,CID6918078,CID6918078,CCN(C)C(=O)OC1=CC=CC(=C1)[C@H](C)N(C)C.[C@@H]([C@H](C(=O)O)O)(C(=O)O)O,True,True
4571,CID6918132,CID6918132,CCN[C@H]1C[C@@H](S(=O)(=O)C2=C1C=C(S2)S(=O)(=O)N)C.Cl,True,True
4572,CID6918178,CID6918178,CCC(=O)O[C@@]1([C@H](C[C@@H]2[C@@]1(C[C@@H]([C@]3([C@H]2C[C@@H](C4=CC(=O)C=C[C@@]43C)F)F)O)C)C)C(=O)CCl,True,True
4573,CID6918182,CID6918182,C(C1=C(SC(=C1C#N)N(CC(=O)[O-])CC(=O)[O-])C(=O)[O-])C(=O)[O-].[Sr+2].[Sr+2],True,True
4574,CID6918223,CID6918223,C[C@@H](CN1CC(=O)NC(=O)C1)N2CC(=O)NC(=O)C2.Cl,True,True
4575,CID6918265,CID6918265,C[C@H]([C@@H](C(=O)N)NC(=O)[C@@H]1CSSC[C@@H](C(=O)N[C@H](C(=O)N[C@@H](C(=O)N[C@H](C(=O)N1)CCCCN)CC2=CNC3=CC=CC=C32)CC4=CC=C(C=C4)O)NC(=O)[C@@H](CC5=CC=CC=C5)N)O,True,True
4576,CID6918289,CID6918289,C[C@@H]1CC[C@H]2C[C@@H](/C(=C/C=C/C=C/[C@H](C[C@H](C(=O)[C@@H]([C@@H](/C(=C/[C@H](C(=O)C[C@H](OC(=O)[C@@H]3CCCCN3C(=O)C(=O)[C@@]1(O2)O)[C@H](C)C[C@@H]4CC[C@H]([C@@H](C4)OC)OC(=O)C(C)(CO)CO)C)/C)O)OC)C)C)/C)OC,True,True
4577,CID6918296,CID6918296,C[C@]12CC[C@H]3[C@H]([C@@H]1CC[C@@H]2C(=O)NC4=C(C=CC(=C4)C(F)(F)F)C(F)(F)F)CC[C@@H]5[C@@]3(C=CC(=O)N5)C,True,True
4578,CID6918313,CID6918313,C1CN(CCN1CCCCC2=CNC3=C2C=C(C=C3)C#N)C4=CC5=C(C=C4)OC(=C5)C(=O)N.Cl,True,True
4580,CID6918386,CID6918386,CC(C)N1C=NC2=C(N=C(N=C21)N(CCO)CCO)NCC3=CC=C(C=C3)OC,True,True
4581,CID6918405,CID6918405,COC1=C(C=C(C=C1)/C=C\C2=CC(=C(C(=C2)OC)OC)OC)NC(=O)[C@H](CO)N,True,True
4582,CID6918427,CID6918427,CC(C)[C@@H](CC1=CC(=C(C=C1)OC)OCCCOC)C[C@@H]([C@H](C[C@@H](C(C)C)C(=O)NCC(C)(C)C(=O)N)O)N.CC(C)[C@@H](CC1=CC(=C(C=C1)OC)OCCCOC)C[C@@H]([C@H](C[C@@H](C(C)C)C(=O)NCC(C)(C)C(=O)N)O)N.C(=C/C(=O)O)\C(=O)O,True,True
4583,CID6918446,CID6918446,CC(C)(CC1=CC2=CC=CC=C2C=C1)NC[C@H](COC3=C(C(=CC=C3)Cl)C#N)O,True,True
4584,CID6918454,CID6918454,C1CC1CONC(=O)C2=C(C(=C(C=C2)F)F)NC3=C(C=C(C=C3)I)Cl,True,True
4585,CID6918456,CID6918456,CC(=O)OC1=CC2=C(S1)CCN(C2)C(C3=CC=CC=C3F)C(=O)C4CC4,True,True
4586,CID6918462,CID6918462,C[C@@H]1CC[C@@]23CCC(=O)[C@H]2[C@@]1([C@@H](C[C@@]([C@H]([C@@H]3C)O)(C)C=C)OC(=O)CSC4C[C@H]5CC[C@@H](C4)N5C)C,True,True
4587,CID6918493,CID6918493,CC1=CC(=NC(=N1)O[C@H](C(=O)O)C(C2=CC=CC=C2)(C3=CC=CC=C3)OC)C,True,True
4588,CID6918537,CID6918537,C1C[C@H](N(C1)C(=O)CNC23CC4CC(C2)CC(C4)(C3)O)C#N,True,True
4589,CID6918540,CID6918540,CCC(CC)CC1(CCCCC1)C(=O)NC2=CC=CC=C2SC(=O)C(C)C,True,True
4591,CID6918558,CID6918558,CC(C)C(=O)OC1=C(C=C(C=C1)CO)[C@H](CCN(C(C)C)C(C)C)C2=CC=CC=C2,True,True
4592,CID6918638,CID6918638,C1=CC=C(C=C1)NS(=O)(=O)C2=CC=CC(=C2)/C=C/C(=O)NO,True,True
4593,CID6918663,CID6918663,CCN(CC)C(=O)CC1=CSC(=N1)NS(=O)(=O)C2=C(C(=CC=C2)Cl)C,True,True
4594,CID6918664,CID6918664,CN(C)CC(C1=CC=C(C=C1)O)C2(CCCCC2)O.C(CC(=O)O)C(=O)O,True,True
4595,CID6918670,CID6918670,C/C=C(/C)\C(=O)O[C@H]1C(=C[C@@]23[C@@]1([C@@H](C(=C[C@H](C2=O)[C@H]4[C@H](C4(C)C)C[C@H]3C)CO)O)O)C,True,True
4596,CID6918678,CID6918678,C1C2CNCC1C3=CC4=NC=CN=C4C=C23.[C@@H]([C@H](C(=O)O)O)(C(=O)O)O,True,True
4597,CID6918736,CID6918736,COC1=C(C=C(C=C1)CS(=O)(=O)/C=C/C2=C(C=C(C=C2OC)OC)OC)NCC(=O)[O-].[Na+],True,True
4598,CID6918788,CID6918788,COC1=C(C=CC(=C1)/C=C(\C#N)/C(=O)NC2=NN=C(S2)C(F)(F)F)OCC3=C(C=C(C=C3)C(F)(F)F)C(F)(F)F,True,True
4599,CID6918837,CID6918837,CC1=C(C2=CC=CC=C2N1)CCNCC3=CC=C(C=C3)/C=C/C(=O)NO,True,True
4600,CID6918848,CID6918848,CC(C)[C@@H](C1=CC=CC=C1)C(=O)NC2=CC=C(C=C2)C(=O)NO,True,True
4601,CID6918852,CID6918852,COC1=C(C(=C(C=C1)F)F)C(=O)C2=CN=C(N=C2N)NC3CCN(CC3)S(=O)(=O)C,True,True
4602,CID69923936,CID69923936,COC1=CC(=CC(=C1)C2=CC3=C4C(=CN=C3C=C2)C=CC(=O)N4C5=CC(=C(C=C5)N6CCNCC6)C(F)(F)F)OC,True,True
4603,CID70004430,CID70004430,C=C[C@H]1CN2CC[C@H]1C[C@@H]2[C@H](C3=CC=NC4=CC=CC=C34)O.Cl.Cl,True,True
4604,CID701891,CID701891,C1CN(CCN1)CC2=CC=CC3=CC=CC=C32,True,True
4605,CID7020,CID7020,C1=CC=C2C(=C1)C(=O)C3=CC=CC=C3O2,True,True
4606,CID704473,CID704473,CC1=CC(=CC=C1)NC2=NC(=CS2)C3=CC=NC=C3,True,True
4607,CID7048968,CID7048968,C[C@]12C[C@@H]([C@H]3[C@H]([C@H]1CC[C@@]2(C(=O)CO)O)CCC4=CC(=O)C=C[C@]34C)O,True,True
4608,CID70676303,CID70676303,CC1=C(SC2=C1N=C(N=C2N3CCOCC3)C4=CN=C(N=C4)N)C5(COC5)OC,True,True
4609,CID70679466,CID70679466,CC1=C(C=CC(=C1Cl)C(=O)NC2=C(C=CC(=C2)[N+](=O)[O-])N3CCN(CC3)C)F,True,True
4610,CID70684,CID70684,C(C(=O)C(=O)O)Br,True,True
4611,CID70687193,CID70687193,CC[C@H](C)[C@H]1C(=O)N[C@@H](C(=O)N[C@H](C(=O)N[C@@H](C(=O)N[C@H](C(=O)NCCCC[C@@H](C(=O)N[C@@H](C(=O)N1)CCCN)NC(=O)[C@H]([C@@H](C)CC)NC(=O)[C@@H](CCC(=O)[O-])NC(=O)[C@H](CC(C)C)NC(=O)[C@@H]2CSC(=N2)[C@H]([C@@H](C)CC)N)CC(=O)N)CC(=O)[O-])CC3=CN=CN3)CC4=CC=CC=C4.[Zn+2],True,True
4612,CID70701134,CID70701134,C[C@@H](C1=CC=CC=C1)NC(=O)C(=CC2=NC(=CC=C2)Br)C#N,True,True
4613,CID70789348,CID70789348,CC1=CC=C(C=C1)S(=O)(=O)NC2=C(C=CC(=C2)C(F)(F)F)C(=O)NC3=NC(=CS3)C4=CC=CC=C4,True,True
4614,CID70789547,CID70789547,CC1=CC=C(C=C1)S(=O)(=O)NC2=C(C=CC(=C2)Cl)C(=O)NC3=NC(=CS3)C4=CC=CC=C4,True,True
4615,CID70798655,CID70798655,C1COCCN1C(=O)C2=CN=C3N2C=C(C=C3)C4=CC5=C(C=C4)OC(=N5)N,True,True
4616,CID70817911,CID70817911,C1CC(C1)(C2=CC=C(C=C2)C3=C(N4C(=N3)C=CC(=N4)C(=O)N)C5=CC=CC=C5)N,True,True
4617,CID70914230,CID70914230,C1CC(CCC1[C@@H](C[C@H]2C3=C(C=CC=C3F)C4=CN=CN24)O)O,True,True
4618,CID70934541,CID70934541,CCN1C2=NC(=NC=C2C=C(C1=O)C3=C(C=C(C=C3)C4=CN=CS4)Cl)NC5=CC=C(C=C5)N6CCN(CC6)C,True,True
4619,CID70945511,CID70945511,CC[C@@H](C(=O)C(=O)NC1CC1)NC(=O)[C@H](CS(=O)(=O)CC2CC2)N[C@@H](C3=CC=C(C=C3)F)C(F)(F)F,True,True
4620,CID70983932,CID70983932,CC1=C(C=C(C=N1)Cl)NCC2=CC=C(S2)C(=O)N[C@@H](CC3CCCC3)C(=O)NC4CC4,True,True
4621,CID70983934,CID70983934,CC1=C(C=C(C=N1)Cl)NCC2=CC=C(S2)C(=O)NC(CC3CCCC3)C(=O)NC4CC4,True,True
4622,CID7108,CID7108,C1=CC=C2C(=C1)NC3=CC=CC=C3S2,True,True
4623,CID71157,CID71157,CC1=C(C(=CC=C1)C)NC(=O)CN2CCCC2=O,True,True
4624,CID71158,CID71158,CC(=O)NCCCS(=O)(=O)O,True,True
4625,CID71183,CID71183,C[N+]1([C@@H]2CC(C[C@H]1[C@H]3[C@@H]2O3)OC(=O)[C@H](CO)C4=CC=CC=C4)C,True,True
4626,CID71188,CID71188,CCN1CCN(CC1)C2=C(C=C3C(=C2)N(C=C(C3=O)C(=O)O)C4CC4)F,True,True
4627,CID71226662,CID71226662,CC#CC(=O)N1CCC[C@H]1C2=NC(=C3N2C=CN=C3N)C4=CC=C(C=C4)C(=O)NC5=CC=CC=N5,True,True
4628,CID71268957,CID71268957,CCCC1=C(C(=O)NC(=C1)C)CNC(=O)C2=C3C=NN(C3=CC(=C2)C4=CC(=NC=C4)N5CCN(CC5)C)C(C)C,True,True
4629,CID71271629,CID71271629,CN1CC2=C(C=CC(=C2)NS(=O)(=O)C3=CC=CC=C3OC)NC1=O,True,True
4630,CID71279,CID71279,CC1=C(C(=CC=C1)C)NC(=O)CN2CCN(CC2)CC(COC3=CC=CC=C3OC)O.Cl.Cl,True,True
4631,CID71291068,CID71291068,CC1=C(SC2=C1C(=N[C@H](C3=NN=C(N32)C)CC(=O)N)C4=CC=C(C=C4)Cl)C,True,True
4632,CID71295844,CID71295844,CC1=CN=C(N1)C2=CN=C(N=C2C3=C(C=C(C=C3)Cl)Cl)NCCNC4=NC=C(C=C4)C#N.Cl,True,True
4633,CID71295845,CID71295845,CCN1C(=C(C(=O)C2=C1N=C(C=C2)C#C[C@](C)(COC)O)C(=O)NC)N,True,True
4634,CID71300295,CID71300295,C1=CC(=C(C=C1NC(=O)NC2=NN=C(S2)C3=CC=NC=C3)C#N)C4=CNN=C4,True,True
4635,CID71301,CID71301,C1CC2=C(C=CC(=C2)F)OC1C(CNCC(C3CCC4=C(O3)C=CC(=C4)F)O)O,True,True
4636,CID71304818,CID71304818,CC(C)CNC1=NC(=NC=C1)NCC2=CSC(=N2)C3=CC=CC=C3,True,True
4637,CID71307851,CID71307851,CC1=CC=C(C=C1)N2C(=CC(=C2C)C3=NN=C4N3CCCCC4)C,True,True
4638,CID71329,CID71329,CN(CCC1=CC=C(C=C1)NS(=O)(=O)C)CCOC2=CC=C(C=C2)NS(=O)(=O)C,True,True
4639,CID71339,CID71339,C[C@@H]1[C@@H]2[C@H](C(=O)N2C(=C1SC3CN4C=NC=[N+]4C3)C(=O)[O-])[C@@H](C)O,True,True
4640,CID71352,CID71352,CN(C)[C@@H](CCOC1=CC=CC2=CC=CC=C21)C3=CC=CC=C3.Cl,True,True
4641,CID71354,CID71354,CC(C)(C(=O)O)OCC1=NN(C2=CC=CC=C21)CC3=CC=CC=C3,True,True
4642,CID71360,CID71360,CC(=O)C1=CC(=C(C=C1)OCCCN2CCC(CC2)C3=NOC4=C3C=CC(=C4)F)OC,True,True
4643,CID71384,CID71384,C[C@@H](CN1CC(=O)NC(=O)C1)N2CC(=O)NC(=O)C2,True,True
4644,CID71386,CID71386,CCCC(=O)O[C@@]1([C@H](C[C@@H]2[C@@]1(CC(=O)[C@]3([C@H]2CCC4=CC(=O)C=C[C@@]43C)F)C)C)C(=O)CCl,True,True
4645,CID71398,CID71398,CC(CC1=CC(=C(C=C1)O)O)C(C)CC2=CC(=C(C=C2)O)O,True,True
4646,CID71399,CID71399,CN1CCN(CC1)C2=NC3=CC=CC=C3OC4=C2C=C(C=C4)Cl.C(CC(=O)O)C(=O)O,True,True
4647,CID71420,CID71420,CN(C)C(=O)C(CCN1CCC(CC1)(C2=CC=C(C=C2)Cl)O)(C3=CC=CC=C3)C4=CC=CC=C4.Cl,True,True
4648,CID71478,CID71478,CNCCCC12CCC(C3=CC=CC=C31)C4=CC=CC=C24.Cl,True,True
4649,CID71479709,CID71479709,C=CC(=O)N1CCC(CC1)CNC2=NC=NC(=C2C3=CC=C(C=C3)OC4=CC=CC=C4)N,True,True
4650,CID71481097,CID71481097,C1=CN=C(C=N1)NNC(=O)/C=C\N2C=NC(=N2)C3=CC(=CC(=C3)C(F)(F)F)C(F)(F)F,True,True
4651,CID71485,CID71485,C([C@@H]1[C@@H]([C@@H]([C@H]([C@H](O1)O[C@]2([C@H]([C@@H]([C@H](O2)CCl)O)O)CCl)O)O)Cl)O,True,True
4652,CID71492799,CID71492799,C1=CC=NC(=C1)NNC(=O)/C=C\N2C=NC(=N2)C3=CC(=CC(=C3)C(F)(F)F)C(F)(F)F,True,True
4653,CID71494949,CID71494949,C[C@H]([C@@H](C)OC1=NC(=NC=C1C(F)(F)F)NC2=CC=C(C=C2)S(=N)(=O)C3CC3)O,True,True
4654,CID71496458,CID71496458,CN1C=C(C2=CC=CC=C21)C3=NC(=NC=C3)NC4=C(C=C(C(=C4)NC(=O)C=C)N(C)CCN(C)C)OC,True,True
4655,CID71496742,CID71496742,C1C(CN1C(=O)/C=C\N2C=NC(=N2)C3=CC(=CC(=C3)C(F)(F)F)C(F)(F)F)(F)F,True,True
4656,CID71521142,CID71521142,CC1=C(C=CC(=C1)OCC2=NN=C(N2C3=CN=CC=C3)SC4CCCC4)C5=CC=C(C=C5)S(=O)(=O)C,True,True
4657,CID71523377,CID71523377,C=CC(=O)N1CC/C(=C\C2=CC(=C(C=C2)F)[N+](=O)[O-])/C(=O)/C(=C/C3=CC(=C(C=C3)F)[N+](=O)[O-])/C1,True,True
4658,CID71543365,CID71543365,C1CC(CCC1N)N[C@@H]2C[C@H]2C3=CC=CC=C3,True,True
4659,CID71557891,CID71557891,CCN1C2=NC(=NC=C2C=C(C1=O)C3=C(C=C(C=C3)C4=NC(=CN=C4)C)Cl)NCCC5CCN(CC5)C,True,True
4660,CID71571306,CID71571306,COC1=C(C=C(C=C1)Cl)C2=CC(=O)NC(=S)N2CC(=O)N,True,True
4661,CID71571562,CID71571562,CC#CC(=O)N1CC[C@H](C1)N2C3=NC=NC(=C3N(C2=O)C4=CC=C(C=C4)OC5=CC=CC=C5)N.Cl,True,True
4662,CID71587153,CID71587153,CC1=C(N=C(N=C1N)[C@H](CC(=O)N)NC[C@@H](C(=O)N)N)C(=O)N[C@@H]([C@H](C2=CN=CN2)OC3C(C(C(C(O3)CO)O)O)OC4C(C(C(C(O4)CO)O)OC(=O)N)O)C(=O)N[C@H](C)[C@H]([C@H](C)C(=O)N[C@@H]([C@@H](C)O)C(=O)NCCC5=NC(=CS5)C6=NC(=CS6)C(=O)NCCC[S+](C)C)O,True,True
4663,CID71599640,CID71599640,C[C@H](C1=CC=C(C=C1)F)C(=O)NC2=CC=C(C=C2)C3=CN4C(=NC(=N4)NC5=C(C=C(C=C5)S(=O)(=O)C)OC)C=C3,True,True
4664,CID71600087,CID71600087,CCS(=O)(=O)NC1=CC(=C(C=C1)OC2=C(C=C(C=C2)F)F)C3=CN(C(=O)C4=C3C=CN4)C,True,True
4665,CID71601111,CID71601111,C1CSC2=C1N=C(N(C2=O)C3=CC=CC=C3)SCC(=O)NC4=NC=C(C=C4)C5=CC=CC=C5,True,True
4666,CID71604307,CID71604307,CCOC1=C(C=CC(=C1)C(=O)N2CCC(CC2)N3CCN(CC3)C)NC4=NC=C5C(=N4)N(C6=CC=CC=C6C(=O)N5C)C7CCCC7,True,True
4667,CID71607189,CID71607189,C1=CC=C2C(=C1)C(=NS2(=O)=O)NC3=CC(=CC=C3)NC(=O)CCl,True,True
4668,CID71616,CID71616,C[C@@H](C1=NC=NC=C1F)[C@](CN2C=NC=N2)(C3=C(C=C(C=C3)F)F)O,True,True
4669,CID71651,CID71651,C1=CC=C(C=C1)C(=O)NCCC(=O)O,True,True
4670,CID71657455,CID71657455,C1CC(=O)N([C@@H]1C(=O)N(C2=CC(=CN=C2)F)[C@@H](C3=CC=CC=C3Cl)C(=O)NC4CC(C4)(F)F)C5=NC=CC(=C5)C#N,True,True
4671,CID71660551,CID71660551,CC(C)NCCCN1C2=NC=NC(=C2N=C1SC3=CC(=CC(=C3)Cl)Cl)N,True,True
4672,CID71664305,CID71664305,C1CC(CCC1N)N[C@@H]2C[C@H]2C3=CC=CC=C3.Cl.Cl,True,True
4673,CID71668,CID71668,C1=CC(=C[N+](=C1)[O-])CO,True,True
4674,CID7172,CID7172,CNCC(C1=CC=C(C=C1)O)O,True,True
4675,CID71721540,CID71721540,CC1=CC(=C(C=C1C2=C(N=C3C(=C2)C=NC(=N3)NC)C)NC(=O)NCCC(C)(C)C)F,True,True
4676,CID71729975,CID71729975,CCOC(=O)CCNC1=CC(=NC(=N1)C2=CC=CC=N2)N3CCC4=CC=CC=C4CC3,True,True
4677,CID71731823,CID71731823,C[C@@H]1C2=C(C=CC(=C2)F)C(=O)N(CC3=NN(C(=C3C4=CC(=C(N=C4)N)O1)C#N)C)C,True,True
4678,CID71748056,CID71748056,CN1C=C(C=N1)C2=CC3=C4C(=CN=C3C=C2)C=CC(=O)N4C5=CC6=C(CCN6C(=O)C=C)C=C5,True,True
4679,CID71764,CID71764,CN(CCCNC(=O)C1CCCO1)C2=NC3=CC(=C(C=C3C(=N2)N)OC)OC.Cl,True,True
4680,CID71773,CID71773,CCOCC(COC1=CC=C(C=C1)NC(=O)CC[S+](C)C)O.CC1=CC=C(C=C1)S(=O)(=O)[O-],True,True
4681,CID71774,CID71774,CCOCC(COC1=CC=C(C=C1)NC(=O)CC[S+](C)C)O,True,True
4682,CID71811910,CID71811910,C[C@@]12CC[C@]3(CCC(C[C@H]3[C@H]1C(=O)C=C4[C@]2(CC[C@@H]5[C@@]4(C=C(C(=O)C5(C)C)C#N)C)C)(C)C)NC(=O)C(C)(F)F,True,True
4683,CID71815,CID71815,CC1=NC=C(N1CC(C)O)[N+](=O)[O-],True,True
4684,CID71916,CID71916,COC1=CC(=CC(=C1O)C(=O)NCCO)CC=C,True,True
4685,CID71992,CID71992,C[C@H](CSC(=O)C)C(=O)N1CCC[C@H]1C(=O)N[C@@H](CC2=CC=CC=C2)C(=O)O,True,True
4686,CID72092,CID72092,CCCCCCCCOC1=CC=CC=C1C(=O)NC2=CC=C(C=C2)C(=O)OCC[N+](C)(CC)CC.[Br-],True,True
4687,CID72139,CID72139,C1=CC2=C(C=C1O)OC(=O)S2,True,True
4688,CID72172,CID72172,CC(C)C[C@@H](C(=O)O)NC(=O)[C@H]([C@@H](CC1=CC=CC=C1)N)O,True,True
4689,CID72188603,CID72188603,C[C@@H]1CC[C@H]2[C@H]([C@H](O[C@H]3[C@@]24[C@H]1CC[C@@](O3)(OO4)C)CC(=O)[C@@H]5[C@@H]([C@@H]6CC[C@H]([C@H]7[C@]68[C@H](O5)O[C@](CC7)(OO8)C)C)C)C,True,True
4690,CID72200024,CID72200024,CCC(=O)NC1=CC(=CC=C1)OC2=NC(=NC=C2Cl)NC3=C(C=C(C=C3)N4CCN(CC4)C)OC,True,True
4691,CID72201027,CID72201027,CC1=C(C(=NO1)C)C2=CC3=C(C=C2)N(C(=N3)CCC4=CC(=C(C=C4)OC)Cl)C[C@H](C)N5CCOCC5,True,True
4692,CID72271,CID72271,C[C@@]12[C@@H]([C@@H](C[C@@H](O1)N3C4=CC=CC=C4C5=C6C(=C7C8=CC=CC=C8N2C7=C53)[C@H](NC6=O)O)NC)OC,True,True
4693,CID72281,CID72281,COC1=C(C=C(C=C1)[C@@H]2CC(=O)C3=C(C=C(C=C3O2)O)O)O,True,True
4694,CID72295940,CID72295940,C1COCCN1CC2=CC=C(C=C2)COC3=NC=CC(=N3)C(=C4NC5=CC=CC=C5S4)C#N,True,True
4695,CID72300,CID72300,C=CCC1=CC(=C(C=C1)O)C2=C(C=CC(=C2)CC=C)O,True,True
4696,CID72307,CID72307,C1[C@H]2[C@H](CO[C@@H]2C3=CC4=C(C=C3)OCO4)[C@H](O1)C5=CC6=C(C=C5)OCO6,True,True
4697,CID72311,CID72311,C[N+]1=C2C(=C3C=CC(=C(C3=C1)OC)OC)C=CC4=CC5=C(C=C42)OCO5.[Cl-],True,True
4698,CID72327,CID72327,CC1=CN(C(=O)NC1=O)[C@H]2[C@H]([C@@H]([C@H](O2)CO)O)F,True,True
4699,CID72344,CID72344,COC1=C(C=C(C=C1)C2=CC(=O)C3=C(O2)C(=C(C(=C3OC)OC)OC)OC)OC,True,True
4700,CID72435,CID72435,COC1=CC(=CC(=C1OC)OC)[C@H]2[C@H]3[C@H](COC3=O)[C@H](C4=CC5=C(C=C24)OCO5)O,True,True
4701,CID72547474,CID72547474,CC(=O)N1CCN(CC1)C2=CC(=C(C=C2)NC3=NC(=NC=C3Cl)NC4=C(C=C(C=C4)N5CCN(CC5)C(=O)C)OC)OC,True,True
4702,CID72547959,CID72547959,C1CN(CCC1C2=CC(=NC(=C2)N3CCC(C3)(F)F)NC4=NC=CC(=C4)C#N)C5COC5,True,True
4703,CID72551585,CID72551585,CCCC1=C(C(=O)NC(=C1)C)CNC(=O)C2=C3C=NN(C3=CC(=C2)C4=CN=C(C=C4)N5CCN(CC5)C(C)C)C(C)C,True,True
4704,CID72551586,CID72551586,CN1CCN(CC1)CC2=C(C=C(C=C2)NC(=O)NC3=CC=C(C=C3)OC4=NC=NC(=C4)NC(=O)C5CC5)C(F)(F)F,True,True
4705,CID72686,CID72686,COC1=C(C=C(C=C1)C=CC2=CC(=C(C(=C2)OC)OC)OC)O,True,True
4706,CID72699186,CID72699186,CC(C)(C)C1=CC(=CC(=C1OCCCC(=O)NCCCN=[N+]=[N-])C(C)(C)C)C2=NC3=C(N2)C=C(C=C3)N4CCN(CC4)C,True,True
4707,CID72709209,CID72709209,C[C@@H]1COCCN1C2=CC(=O)N3CC[C@H](N(C3=N2)CC4=CC(=CN=C4)Cl)C(F)(F)F,True,True
4708,CID72710568,CID72710568,CC1=C(SC(=N1)[C@@](C)(CO)O)C2=CC(=C(N=C2)N)O[C@H](C)C3=C(C=CC(=C3)F)N4N=CC=N4,True,True
4709,CID72710839,CID72710839,CC1=C(C(=CC=C1)NC(=O)C=C)NC2=NC=C3C=C(C=CC3=N2)C4=C(C(=CC(=C4Cl)OC)OC)Cl,True,True
4710,CID72716071,CID72716071,CN1CCN(CC1)C2=CC(=C(C=C2)NC3=NC=CC(=N3)C4=CN(C5=C4C=CN=C5)C)OC,True,True
4711,CID7271796,CID7271796,C1=CC=C(C=C1)C(C2=CC=CC=C2)(C3=CC=CC=C3)SC[C@H](C(=O)O)N,True,True
4712,CID72726,CID72726,CC=C(C)C(=O)N[C@@H](C1=CC=CC=C1)[C@H](C(=O)O[C@H]2C[C@]3([C@H]([C@H]4[C@@]([C@H](C[C@@H]5[C@]4(CO5)OC(=O)C)O)(C(=O)[C@@H](C(=C2C)C3(C)C)OC(=O)C)C)OC(=O)C6=CC=CC=C6)O)O,True,True
4713,CID72734520,CID72734520,CN1CCN(CC1)C2=C(C=C(C=C2)NC3=NC4=C(C=CN4)C(=N3)OC5=CC=CC(=C5)NC(=O)C=C)F,True,True
4714,CID729483,CID729483,C1=CC=C2C(=C1)C=CC(=C2C=NS(=O)(=O)C3=CC=CS3)O,True,True
4715,CID72959169,CID72959169,CCC1=C(C=CC(=C1)C(=NOCC2=CC(=C(C=C2)C3CCCCC3)C(F)(F)F)C)CN4CC(C4)C(=O)O,True,True
4716,CID73010924,CID73010924,C1CN(CCC2=CC=CC=C21)C3=NC(=NC(=C3)NCCC(=O)O)C4=CN=CC=C4,True,True
4717,CID73014064,CID73014064,CC(C)(C1=CC=C(C=C1)C2=NC3=CC=CC=C3N=C2C4=CC=CC=C4)N,True,True
4718,CID73078,CID73078,CN1CCC2=CC(=C3C=C2[C@@H]1CC4=CC=C(C=C4)OC5=C(C=CC(=C5)C[C@H]6C7=C(O3)C(=C(C=C7CCN6C)OC)OC)OC)OC,True,True
4719,CID73110,CID73110,CO[C@@H]1[C@H](O[C@H]([C@@H]([C@H]1O)O)N2C3=C(C=CC=C3Cl)C4=C5C(=C6C7=C(C(=CC=C7)Cl)NC6=C42)C(=O)NC5=O)CO,True,True
4720,CID73115,CID73115,CC1=CN(C(=O)NC1=O)[C@@H]2[C@@H]([C@H]([C@@H](O2)CO)O)F,True,True
4721,CID73211763,CID73211763,CCCCNC1=NC=C(C(=N1)NC2CCC(CC2)O)C3=NC=C(C=C3)CN4CCOCC4,True,True
4722,CID73259,CID73259,CC=CC[C@@H](C)C(=O)[C@H]1C(=O)N[C@H](C(=O)N(CC(=O)N([C@H](C(=O)N[C@H](C(=O)N([C@H](C(=O)N[C@H](C(=O)N[C@@H](C(=O)N([C@H](C(=O)N([C@H](C(=O)N([C@H](C(=O)N1C)C(C)C)C)CC(C)C)C)CC(C)C)C)C)C)CC(C)C)C)C(C)C)CC(C)C)C)C)C(C)C,True,True
4723,CID73265183,CID73265183,C1[C@H]([C@H](O[C@H]1N2C=C(C(=O)NC2=O)C=CBr)CO)O,True,True
4724,CID73265184,CID73265184,C[C@H]1[C@H]([C@@](C[C@@H](O1)O[C@H]2[C@H]([C@@H]([C@H](O[C@H]2OC3=C4C=C5C=C3OC6=C(C=C(C=C6)[C@H]([C@H](C(=O)N[C@H](C(=O)N[C@@H]5C(=O)N[C@@H]7C8=CC(=C(C=C8)O)C9=C(C=C(C=C9O)O)[C@H](NC(=O)[C@H]([C@@H](C1=CC(=C(O4)C=C1)Cl)O)NC7=O)C(=O)O)CC(=O)N)NC(=O)[C@@H](CC(C)C)NC)O)Cl)CO)O)O)(C)N)O,True,True
4725,CID73265190,CID73265190,C[C@@H]1C[C@H]([C@@](O[C@@H]1[C@H]2C[C@H]([C@@]3(O2)[C@H]([C@H](C[C@@H](O3)[C@@]4(CC[C@@]5(O4)C[C@@H]([C@H]([C@H](O5)[C@@H](C)C=C(C)C(=O)[C@H](C)C[C@H](C)C(=O)[O-])C)O)C)OC6CC[C@@H]([C@@H](O6)C)OC)C)C)(CO)O)C.[Na+],True,True
4726,CID73265200,CID73265200,C1[C@H]([C@@H]([C@@H]([C@H]([C@H]1N)O[C@@H]2[C@@H]([C@H]([C@H]([C@H](O2)CN)O)O)O)O)O[C@@H]3[C@H]([C@H]([C@@H]([C@H](O3)CO)O)N)O)N,True,True
4727,CID73265201,CID73265201,COC(=O)C1=CO[C@H]([C@H]2[C@H]1CC=C2CO)O,True,True
4728,CID73265204,CID73265204,C[C@H]([C@@H]1CC[C@H]([C@H](O1)OC2[C@H](C[C@H]([C@@H](C2O)OC3[C@H](C([C@@](CO3)(C)O)NC)O)N)N)N)NC,True,True
4729,CID73265205,CID73265205,CC(C1=CC=CC2=CC=CC=C21)N[C@H]3CCCC[C@H]3NC(=O)C4=CC=C(C=C4)Cl,True,True
4730,CID73265206,CID73265206,C[C@H]1C[C@@H]([C@H]([C@H](C=C([C@@H]([C@H](C=CC=C(C(=O)NC2=CC(=O)C(=C(C1)C2=O)NCC=C)C)OC)OC(=O)N)C)C)O)OC,True,True
4731,CID73265209,CID73265209,C[C@H]1[C@@H]([C@H]([C@@H]([C@@H](O1)OC[C@@H]2[C@H]([C@@H]([C@@H]([C@@H](O2)OC3=CC(=C4C(=C3)OC(=CC4=O)C5=CC(=C(C=C5)OC)O)O)O)O)O)O)O)O,True,True
4732,CID73265219,CID73265219,C1CNC[C@@H]1NC2=CC=CC(=N2)C3=CN=C4N3C=C(C=C4)C5=CNN=C5,True,True
4733,CID73265220,CID73265220,COC1=CC(=CN2C1=NC=C2C3=NC(=CC=C3)NC4CNC4)Cl,True,True
4734,CID73265221,CID73265221,C[C@H]1CC=CC(=O)[C@H]([C@H](CC2C(O2)C3=C(C(=CC(=C3)OC)O)C(=O)O1)O)O,True,True
4735,CID73265222,CID73265222,C[C@@H](C(C)(C)C)NCC1=CC2=C(C=C1)N(C(=N2)NC(=O)C3=CC=C(S3)C4=CNN=C4)CCC5=CC=CC=C5,True,True
4736,CID73265223,CID73265223,CCCCCCCC(=O)O[C@H]1[C@@H]2C(=C([C@@H]1OC(=O)C(=CC)C)C)[C@H]3[C@]([C@H](C[C@]2(C)OC(=O)C)OC(=O)CCC)([C@](C(=O)O3)(C)O)O,True,True
4737,CID73265224,CID73265224,C[C@@H]1COCCN1C2=NC(=NC3=C2C=CC(=N3)C4=CC(=CC=C4)C(=O)NC)N5CCOC[C@H]5C,True,True
4738,CID73265225,CID73265225,C[C@@H]1CC[C@H]2C[C@@H](C(=CC=CC=C[C@H](C[C@H](C(=O)[C@@H]([C@@H](C(=C[C@H](C(=O)C[C@H](OC(=O)[C@H]3CCCCN3C(=O)C(=O)[C@@]1(O2)O)[C@@H](C)C[C@@H]4CC[C@@H]([C@@H](C4)OC)O)C)C)O)OC)C)C)C)OC,True,True
4739,CID73265226,CID73265226,CC1=C(SC(=N1)NC(=O)N2CCC[C@@H]2C(=O)N)C3=CSC(=N3)C(C)(C)C,True,True
4740,CID73265227,CID73265227,CN1C2=NC=NC3=C2C(=CN3[C@H]4[C@@H]([C@@H]([C@H](O4)COP(=O)(O)O)O)O)C(=N1)N,True,True
4741,CID73265228,CID73265228,C[C@@H]1CC[C@H]2C[C@@H](C(=CC=CC=C[C@H](C[C@H](C(=O)[C@@H]([C@@H](C(=C[C@H](C(=O)C[C@H](OC(=O)[C@H]3CCCCN3C(=O)C(=O)[C@@]1(O2)O)[C@H](C)C[C@@H]4CC[C@@H]([C@@H](C4)OC)OP(=O)(C)C)C)C)O)OC)C)C)C)OC,True,True
4742,CID73265229,CID73265229,CC(=O)O[C@H]1C[C@]2([C@@H](CC[C@@H]2O)C3=C1[C@]4([C@H](OC(=O)C5=COC(=C54)C3=O)COC)C)C,True,True
4743,CID73265230,CID73265230,C[C@@H]1CC[C@@H]2[C@H]1[C@H]([C@@]3(C[C@H]([C@]2(O3)C)OC(=O)CO)C(C)C)OC(=O)C=CC4=CC=CC=C4,True,True
4744,CID73265232,CID73265232,CC1=C(SC(=N1)NC(=O)N2CCC[C@@H]2C(=O)N)C3=CC(=NC=C3)C(C)(C)C(F)(F)F,True,True
4745,CID73265233,CID73265233,C[C@@H]1CC[C@H]2C[C@@H](C(=CC=CC=C[C@H](C[C@H](C(=O)[C@@H]([C@@H](C(=C[C@H](C(=O)C[C@H](OC(=O)[C@H]3CCCCN3C(=O)C(=O)[C@@]1(O2)O)[C@H](C)C[C@@H]4CC[C@@H]([C@@H](C4)OC)OCCO)C)C)O)OC)C)C)C)OC,True,True
4746,CID73265234,CID73265234,C[C@@H]1CC[C@H]2C[C@@H](C(=CC=CC=C[C@H](C[C@H](C(=O)[C@@H]([C@@H](C(=C[C@H](C(=O)C[C@H](OC(=O)[C@H]3CCCCN3C(=O)C(=O)[C@@]1(O2)O)[C@H](C)C[C@@H]4CC[C@@H]([C@@H](C4)OC)OC(=O)C(C)(CO)CO)C)C)O)OC)C)C)C)OC,True,True
4747,CID73265271,CID73265271,C1[C@@H]2CSC(=N[C@]2(CO1)C3=C(C=CC(=C3)NC(=O)C4=NC=C(C=C4)F)F)N,True,True
4748,CID73265272,CID73265272,C1CC1C(=O)NC2=NC=C(S2)C3=CC(=NN3C4=C(C=CC=C4Cl)Cl)C(F)F,True,True
4749,CID73265273,CID73265273,CC(C)(C)NC(=O)NC1=CC=CC(=C1)NC2=NC=C(C(=N2)NC(C)(C)CO)F,True,True
4750,CID73265276,CID73265276,CCN(CC)CCCCNC1=NC=C2CN(C(=O)N(C2=N1)C)C3=C(C(=CC(=C3Cl)OC)OC)Cl,True,True
4751,CID73265277,CID73265277,CCNC(=O)NC1=CC=C(C=C1)C2=NC3=C(CCN(C3)C4COC4)C(=N2)N5CCOC[C@H]5C,True,True
4752,CID73265279,CID73265279,C([C@@H]1[C@H]([C@@H]([C@H]([C@@H](O1)O[C@@H]2[C@H](O[C@@]([C@@H]2O)(CO)O)CO)O)O)O)O,True,True
4753,CID73265281,CID73265281,CCNC(=O)CCCC=CC[C@H]1[C@H](C[C@@H]([C@H]1C=CC(CCC2=CC=CC=C2)O)O)O,True,True
4754,CID73265283,CID73265283,CSCC[C@H](C(=O)O)NC(=O)[C@@H](CC1=CC=CC=C1)NC(=O)CNC(=O)CNC(=O)[C@H](CC2=CC=C(C=C2)O)N,True,True
4755,CID73265288,CID73265288,C[C@@H]1CC[C@@]2([C@@H]([C@@H]3[C@@H](O2)C[C@@H]4[C@@]3(CC[C@@H]5[C@H]4CC=C6[C@@]5(CC[C@@H](C6)O[C@H]7[C@H]([C@H]([C@@H]([C@H](O7)CO)O[C@H]8[C@H]([C@@H]([C@H]([C@@H](O8)C)O)O)O)O)O[C@H]9[C@H]([C@@H]([C@H]([C@@H](O9)C)O)O)O)C)C)C)OC1,True,True
4756,CID73265289,CID73265289,CCOC(=O)CN[C@H](C1CCCCC1)C(=O)N2CC[C@@H]2C(=O)N(C)C3=CC=C(C=C3)C(=NO)N,True,True
4757,CID73265292,CID73265292,C[C@@H]1C[C@H]2[C@@H]3C=C(C4=CC5=C(C[C@@]4([C@@H]3[C@H](C[C@@]2([C@]1(C(=O)COC(=O)C)O)C)O)C)C=NN5C6=CC=CC=C6)C,True,True
4758,CID73265293,CID73265293,CCC(CC)[C@@H]([C@H]1[C@H](C[C@@H]([C@H]1O)C(=O)O)N=C(N)N)NC(=O)C,True,True
4759,CID73265294,CID73265294,C1=CC(=CC=C1C=CC2=CC(=CC(=C2)O[C@H]3[C@@H]([C@H]([C@H]([C@H](O3)CO)O)O)O)O)O,True,True
4760,CID73265297,CID73265297,CC[C@@H]1CC[C@H]2[C@@H]([C@H]([C@@H]([C@]3(O2)CC[C@@H]([C@@H](O3)C[C@@H](C)O)C)C)OC(=O)C=C[C@@H]([C@H]([C@@H](C(=O)[C@@H]([C@H]([C@@H](C(=O)[C@]([C@H]([C@@H](CC=CC=C1)C)O)(C)O)C)O)C)C)O)C)C,True,True
4761,CID73265301,CID73265301,C[C@]12C[C@@]3([C@H]4C[C@]1([C@@]4([C@H](O2)O3)COC(=O)C5=CC=CC=C5)O[C@H]6[C@H]([C@H]([C@@H]([C@H](O6)CO)O)O)O)O,True,True
4762,CID73265302,CID73265302,C[C@@H]1C[C@H]2[C@@H]3C=C(C4=CC5=C(C[C@@]4([C@@H]3[C@H](C[C@@]2([C@]1(C(=O)CO)O)C)O)C)C=NN5C6=CC=CC=C6)C,True,True
4763,CID73265304,CID73265304,C1CCN(CC1)[C@@H]2[C@H](C[C@@H]([C@@H]2CCC=CCCC(=O)O)OCC3=CC=C(C=C3)C4=CC=CC=C4)O,True,True
4764,CID73265308,CID73265308,C1=NC(=C2C(=N1)N(C(=N2)Cl)[C@H]3[C@H]([C@@H]([C@H](O3)CO)O)O)N,True,True
4765,CID73265309,CID73265309,CCOC1[C@@H](CC(=O)O1)NC(=O)[C@@H]2CCCN2C(=O)[C@H](C(C)(C)C)NC(=O)C3=CC(=C(C=C3)N)Cl,True,True
4766,CID73265310,CID73265310,C[C@@H]1CC[C@H]2[C@H]([C@@H](O[C@H]3[C@@]24[C@@H]1CC[C@](O3)(OO4)C)O)C,True,True
4767,CID73265311,CID73265311,C[C@H]1C=CC=CC=CC=CC=CC=CC=C[C@@H](C[C@H]2[C@H]([C@H](C[C@](O2)(C[C@H](C[C@H]([C@@H](CC[C@H](C[C@H](CC(=O)O[C@H]([C@@H]([C@@H]1O)C)C)O)O)O)O)O)O)O)C(=O)O)O[C@H]3[C@H]([C@H]([C@H]([C@H](O3)C)O)N)O,True,True
4768,CID73265316,CID73265316,CCC(=C[C@H](C)CC=CC(=C[C@@H](C)C(=O)[C@@H](C)[C@@H]([C@@H](C)CC(=CC(=O)O)C)O)C)C=C[C@H]1[C@@H](C=CC(=O)O1)C,True,True
4769,CID73265318,CID73265318,CCC(C1CCC(C(O1)C(C)C(C(C)C(=O)C(CC)C2C(CC(C3(O2)C=CC([C@]4(O3)CC[C@](O4)(C)C5CC[C@](C(O5)C)(CC)O)O)C)C)O)C)C(=O)[O-],True,True
4770,CID73265321,CID73265321,CC1=C(C(=NN1C)COC2=CC=C(C=C2)N3CCN(CC3)[S+](=O)(N(C)C)[O-])C4=CC=CC5=C4N(C(=C5CCCOC6=CC=CC7=CC=CC=C76)C(=O)O)CC8=CN=CC=C8,True,True
4771,CID73265323,CID73265323,CC(C)CCCCCCCC(=O)N[C@@H]1[C@H]([C@@H]([C@H](O[C@@H]1OC2=C3C=C4C=C2OC5=C(C=C(C=C5)[C@H]([C@H]6C(=O)N[C@H](C7=C(C(=CC(=C7)O)O[C@@H]8[C@@H]([C@H]([C@@H]([C@H](O8)CO)O)O)O)C9=C(C=CC(=C9)[C@H](C(=O)N6)NC(=O)[C@@H]4NC(=O)[C@@H]1C2=CC(=CC(=C2)OC2=C(C=CC(=C2)[C@H](C(=O)N[C@H](CC2=CC(=C(O3)C=C2)Cl)C(=O)N1)N)O)O)O)C(=O)O)O[C@H]1[C@H]([C@H]([C@@H]([C@H](O1)CO)O)O)NC(=O)C)Cl)CO)O)O,True,True
4772,CID73265324,CID73265324,CC[C@@H]1C=C(C[C@@H](C[C@@H]([C@@H]2[C@@H](C[C@H]([C@@](O2)(C(=O)C(=O)N3CCCC[C@@H]3C(=O)O[C@@H]([C@@H]([C@H](CC1=O)O)C)C(=C[C@@H]4CC[C@@H]([C@@H](C4)OC)Cl)C)O)C)OC)OC)C)C,True,True
4773,CID73265326,CID73265326,CC1=C(C=C(C=C1)[C@H]2[C@H]([C@H]([C@@H]([C@H](O2)CO)O)O)O)CC3=CC=C(S3)C4=CC=C(C=C4)F,True,True
4774,CID73265327,CID73265327,CC1=C(N=C(N=C1N)[C@H](CC(=O)N)NC[C@H](C(=O)N)N)C(=O)N[C@@H](C(C2=CN=CN2)O[C@@H]3[C@H]([C@@H]([C@H]([C@H](O3)CO)O)O)O[C@@H]4[C@@H]([C@H]([C@@H]([C@H](O4)CO)O)OC(=O)N)O)C(=O)N[C@@H](C)[C@@H]([C@@H](C)C(=O)N[C@H]([C@@H](C)O)C(=O)NCCC5=NC(=CS5)C6=NC(=CS6)C(=O)NCCC[S+](C)C)O,True,True
4775,CID73265328,CID73265328,C[C@@H]1C(=O)N([C@@H]2CS[C@@H]([C@@H](C(=O)N([C@@H](C(=O)OC[C@@H](C(=O)N1)NC(=O)C3=NC4=CC=CC=C4N=C3)C(C)C)C)N(C(=O)[C@H](NC(=O)[C@H](COC(=O)[C@H](N(C2=O)C)C(C)C)NC(=O)C5=NC6=CC=CC=C6N=C5)C)C)SC)C,True,True
4776,CID73265332,CID73265332,C[C@@]12[C@H]([C@@H](C[C@@H](O1)N3C4=CC=CC=C4C5=C6C(=C7C8=CC=CC=C8N2C7=C53)[C@@H](NC6=O)O)NC)OC,True,True
4777,CID73265336,CID73265336,C1=CC=C(C(=C1)CO)O[C@H]2[C@@H]([C@H]([C@H]([C@H](O2)CO)O)O)O,True,True
4778,CID73265337,CID73265337,CC[C@@H](C(=O)N1C[C@H](C[C@@H]1CC2=C(NC3=C2C=CC(=C3)F)C4=C(C5=C(N4)C=C(C=C5)F)C[C@@H]6C[C@@H](CN6C(=O)[C@H](CC)NC(=O)[C@H](C)NC)O)O)NC(=O)[C@H](C)NC,True,True
4779,CID73265342,CID73265342,CCOC(=O)C1=C(C2=C(N1C)C(=C(C=C2)Cl)Cl)C(=CN)C#N,True,True
4780,CID73265344,CID73265344,C[C@]12CC[C@H]3[C@H]([C@H]1CCC2=O)CC(=C)C4=CC(=O)C=C[C@]34C,True,True
4781,CID73265348,CID73265348,C[C@H]1CC(=CC=C[C@@H]([C@@H](OC(=O)C(=CC(=C[C@H]([C@H]1O)C)C)OC)[C@@H](C)[C@H]([C@H](C)[C@]2(C[C@H]([C@@H]([C@H](O2)C(C)C)C)O)O)O)OC)C,True,True
4782,CID73265351,CID73265351,C1CC1C2=NC3=CC=CC=C3C(=C2C=C[C@H](C[C@H](CC(=O)[O-])O)O)C4=CC=C(C=C4)F,True,True
4783,CID73265352,CID73265352,C[C@@]12[C@@H](C(C[C@@H](O1)N3C4=CC=CC=C4C5=C6C(=C7C8=CC=CC=C8N2C7=C53)C(=O)NC6=O)N(C)C(=O)C9=CC=CC=C9)OC,True,True
4784,CID73265357,CID73265357,CCCNC(=O)[C@@H]1[C@@H](O1)C(=O)N[C@@H](C(C)CC)C(=O)N2CCC[C@@H]2C(=O)OC,True,True
4785,CID73265358,CID73265358,CC[C@]1(CC[C@@H](O1)[C@@]2(CC[C@@]3(O2)C[C@@H]([C@H]([C@H](O3)[C@@H](C)[C@H]([C@H](C)C(=O)[O-])OC)C)O)C)[C@H]4[C@@H](C[C@@H](O4)[C@@H]5[C@@H](C[C@H]([C@@](O5)(CO)O)C)C)C,True,True
4786,CID73265360,CID73265360,CCC(=O)NC[C@H](CC1=CC=C(C=C1)OCCC2=C(OC(=N2)C3=CC=CC=C3)C)NC(=CC(=O)C4=CC=C(C=C4)C(F)(F)F)C,True,True
4787,CID73265362,CID73265362,C1[C@H]([C@H](O[C@H]1N2C=NC3=C2NC=NC[C@@H]3O)CO)O,True,True
4788,CID73265363,CID73265363,CC(C)C1=C(C(=C(N1CC[C@@H](C[C@H](CC(=O)[O-])O)O)C2=CC=C(C=C2)F)C3=CC=CC=C3)C(=O)NC4=CC=CC=C4,True,True
4789,CID73265364,CID73265364,C1C(N=C(C=C1C=CN2C(CC3=CC(=C(C=C32)O)OC4C(C(C(C(O4)CO)O)O)O)C(=O)O)C(=O)O)C(=O)O,True,True
4790,CID73265367,CID73265367,C1=CC(=CC=C1C2=COC3=CC(=CC(=C3C2=O)O)OC4[C@@H]([C@H]([C@H]([C@H](O4)CO)O)O)O)O,True,True
4791,CID73265368,CID73265368,CCC(=O)O[C@@]1(CC[C@@H]2[C@@]1(CC[C@@H]3[C@H]2CCC4=CC(=O)CC[C@]34C)C)C(=O)CO,True,True
4792,CID73265369,CID73265369,C[C@]12CC[C@H]3[C@H]([C@H]1CC[C@H]2OC(=O)CCC4CCCC4)CCC5=CC(=O)CC[C@]35C,True,True
4793,CID73265372,CID73265372,C1CN(C(=O)NC1O)[C@H]2[C@@H]([C@H]([C@H](O2)CO)O)O,True,True
4794,CID73265375,CID73265375,C[C@]12CC[C@H]3[C@H]([C@H]1CC[C@H]2O)[C@@H](CC4=C3C=CC(=C4)O)CCCCCCCCCS(=O)CCCC(C(F)(F)F)(F)F,True,True
4795,CID73265376,CID73265376,C[C@]12CCC([C@@](C1CCC(=C)C2CC=C3C(COC3=O)O)(C)CO)O,True,True
4796,CID73265377,CID73265377,COC1=C(C=C(C=C1)C=CC2=CC(=C(C(=C2)OC)OC)OC)NC(=O)[C@@H](CO)N,True,True
4797,CID73265380,CID73265380,C[C@H]1CCC[C@@H]2[C@H](O2)C[C@H](OC(=O)C[C@@H](C(C(=O)[C@@H]([C@@H]1O)C)(C)C)O)C(=CC3=CSC(=N3)C)C,True,True
4798,CID73265382,CID73265382,CCCC1OC2C[C@@H]3[C@H]4CCC5=CC(=O)C=C[C@@]5([C@H]4C(C[C@@]3([C@@]2(O1)C(=O)CO)C)O)C,True,True
4799,CID73265383,CID73265383,C[C@@H](C(=O)OC(C)C)N[P@](=O)(OC[C@@H]1[C@@H]([C@@]([C@@H](O1)N2C=CC(=O)NC2=O)(C)F)O)OC3=CC=CC=C3,True,True
4800,CID73265389,CID73265389,C[C@H]1CCCC=CC2C[C@@H](C[C@@H]2[C@@H](C=CC(=O)O1)O)O,True,True
4801,CID73265390,CID73265390,CC[C@@]12C=CCN3[C@@H]1[C@]4(CC3)[C@H]([C@]([C@H]2OC(=O)C)(C(=O)OC)O)N(C5=CC(=C(C=C45)[C@]6(C[C@H]7C[C@H](CN(C7)CC8=C6NC9=CC=CC=C89)C(C)(F)F)C(=O)OC)OC)C,True,True
4802,CID73265391,CID73265391,COC1=CC(=CC(=C1O)OC)[C@H]2[C@@H]3[C@H](COC3=O)[C@@H](C4=CC5=C(C=C24)OCO5)O[C@H]6[C@H]([C@H]([C@@H]7[C@H](O6)CO[C@H](O7)C8=CC=CS8)O)O,True,True
4803,CID73265392,CID73265392,CC1=C2[C@H](C(=O)[C@@]3([C@H](C[C@H]4[C@]([C@@H]3[C@@H]([C@@](C2(C)C)(C[C@@H]1O)O)OC(=O)C5=CC=CC=C5)(CO4)OC(=O)C)O)C)O,True,True
4804,CID73265393,CID73265393,CO[C@H]1[C@H](O[C@@H]([C@H]([C@@H]1O)O)N2C3=C(C=CC=C3Cl)C4=C5C(=C6C7=C(C(=CC=C7)Cl)NC6=C42)C(=O)NC5=O)CO,True,True
4805,CID73265397,CID73265397,C[C@H]1CCC[C@@]2([C@H](O2)C[C@H](OC(=O)C[C@@H](C(C(=O)[C@@H]([C@@H]1O)C)(C)C)O)C(=CC3=CSC(=N3)C)C)C,True,True
4806,CID73265399,CID73265399,CC(=O)O[C@H]1C[C@@H]2CC[C@@H]3[C@@H]([C@]2(C[C@H]1N4CCCCC4)C)CC[C@]5([C@@H]3C[C@@H]([C@H]5OC(=O)C)[N+]6(CCCCC6)C)C,True,True
4807,CID73265401,CID73265401,C[C@]12CCC3=C4CCC(=O)C=C4CC[C@@H]3[C@H]1CC[C@]2(CC#N)O,True,True
4808,CID73265403,CID73265403,CC(=O)O[C@H]1C[C@@H]2CC[C@@H]3[C@@H]([C@]2(C[C@H]1[N+]4(CCCCC4)C)C)CC[C@]5([C@@H]3C[C@@H]([C@H]5OC(=O)C)[N+]6(CCCCC6)C)C,True,True
4809,CID73265405,CID73265405,C[C@H]1C=CC=C(C(=O)NC2=C(C3=C(C4=C(C(=C3O)C)O[C@@](C4=O)(OC=C[C@@H]([C@@H]([C@H]([C@@H]([C@@H]([C@@H]([C@H]1O)C)O)C)OC(=O)C)C)OC)C)C5=C2N6C=CC(=CC6=N5)C)O)C,True,True
4810,CID73265406,CID73265406,CC1=C2[C@H](C(=O)[C@@]3([C@H](C[C@H]4[C@]([C@@H]3[C@@H]([C@@](C2(C)C)(C[C@@H]1OC(=O)C([C@H](C5=CC=CC=C5)NC(=O)OC(C)(C)C)O)O)OC(=O)C6=CC=CC=C6)(CO4)OC(=O)C)O)C)O,True,True
4811,CID73265408,CID73265408,C[C@@H]1CC=CC=CC=CC=C[C@H](C[C@H]2[C@H]([C@H](C[C@](O2)(C[C@H](C[C@H]3[C@H](O3)C=CC(=O)O1)O)O)O)C(=O)O)O[C@H]4[C@@H]([C@H]([C@@H]([C@H](O4)C)O)N)O,True,True
4812,CID73265412,CID73265412,C[C@H]1[C@@H]([C@H]([C@H]([C@@H](O1)O[C@H]2CC[C@@]3([C@@H]4CC[C@@]5([C@@H](CC[C@]5([C@@H]4CCC3=C2)O)C6=COC(=O)C=C6)C)C)O)O)O,True,True
4813,CID73265414,CID73265414,C[C@@H]1[C@@H]([C@H](C[C@@H](O1)O[C@@H]2[C@@H](O[C@H](C[C@@H]2O)O[C@@H]3[C@@H](O[C@H](C[C@@H]3O)O[C@H]4CC[C@]5([C@@H](C4)CC[C@@H]6[C@H]5C[C@H]([C@]7([C@@]6(CC[C@@H]7C8=CC(=O)OC8)O)C)O)C)C)C)O)O,True,True
4814,CID73293,CID73293,C1=CC=C2C(=C1)C3=C(N2)C4=[N+](C=C3)C5=CC=CC=C5C4=O.[Cl-],True,True
4815,CID73339,CID73339,C1[C@@H](O[C@@H](S1)CO)N2C=CC(=NC2=O)N,True,True
4816,CID73352604,CID73352604,CCC1=CC2=C(C=C1)N=C(S2)NC3=NC(=NC(=C3)CC4=CC=CC=C4)NC5CCC(CC5)O,True,True
4817,CID73388374,CID73388374,C1CC1C[C@@H]([C@@H](CCC(F)(F)F)C(=O)N[C@@H]2C(=O)NC3=C(C=CC=C3F)C(=N2)C4=CC=CC=C4)C(=O)N,True,True
4818,CID73425588,CID73425588,CCCCNC1=NC=C2C(=CN(C2=N1)C3CCC(CC3)O)C4=CC=C(C=C4)CN5CCN(CC5)C,True,True
4819,CID73425805,CID73425805,CC1=NN=C2N1C3=CC=CC=C3C(=C[C@H]2CC4=NN=C(O4)C)C5=CC=C(C=C5)Cl,True,True
4820,CID73427118,CID73427118,C1=CC2=NC(=C(N2C=C1)C3=CSC(=N3)NC4=CC=C(C=C4)C(F)(F)F)C(F)(F)F,True,True
4821,CID73442,CID73442,COC1=C(C2=C[N+]3=C(C=C2C=C1)C4=CC(=C(C=C4CC3)OC)OC)OC.[Cl-],True,True
4822,CID73442743,CID73442743,C(=PI)(I)I,True,True
4823,CID73461,CID73461,CC=C1C(=O)N[C@H](C(=O)O[C@H]2CC(=O)N[C@@H](C(=O)N[C@H](CSSCCC=C2)C(=O)N1)C(C)C)C(C)C,True,True
4824,CID73581,CID73581,CC(C)(C)[C@@]1(C[C@H]2[C@@]3([C@]14[C@H](C(=O)O[C@H]4OC3=O)O)CC(=O)O2)O,True,True
4825,CID73602827,CID73602827,CN(C)C/C=C/C(=O)NC1=CC=C(C=C1)C(=O)NC2=CC=CC(=C2)NC3=NC=C(C(=N3)C4=CNC5=CC=CC=C54)Cl,True,True
4826,CID73603034,CID73603034,CN1C(=C(C=N1)NC(=O)C2=C(SC(=N2)C3=C(C=CC=C3F)F)N)N4CC[C@H]([C@@H](CC4)F)N,True,True
4827,CID73659,CID73659,C[C@@]12CC[C@@H]3[C@@]([C@H]1CC=C4[C@]2(CC[C@@]5([C@H]4CC(CC5)(C)C)C(=O)O)C)(C[C@H]([C@@H](C3(C)C)O)O)C,True,True
4828,CID73670548,CID73670548,CCN(C1CCC(CC1)N(C)CCOC)C2=CC(=CC(=C2C)C(=O)NCC3=C(C=C(NC3=O)C)C)C#CCN4CCOCC4,True,True
4829,CID73774610,CID73774610,C1=CC(=CC(=C1)F)C2=CN(N=N2)[C@H]3[C@H]([C@H](O[C@H]([C@@H]3O)S[C@H]4[C@@H]([C@H]([C@H]([C@H](O4)CO)O)N5C=C(N=N5)C6=CC(=CC=C6)F)O)CO)O,True,True
4830,CID73777259,CID73777259,CC1=CC=CC=C1CN2C(=O)C3=C(CCN(C3)CC4=CC=CC=C4)N5C2=NCC5,True,True
4831,CID73957,CID73957,CCCCOC1=CC=C(C=C1)OCCCN2CCOCC2.Cl,True,True
4832,CID74439626,CID74439626,COCCOC(=O)N1CCN(C(C1)C(=O)NO)S(=O)(=O)C2=CC(=C(C(=C2)F)OC3=CC=C(C=C3)Cl)F,True,True
4833,CID74989,CID74989,C1CC(CCC1C2=CC=C(C=C2)Cl)C3=C(C4=CC=CC=C4C(=O)C3=O)O,True,True
4834,CID74990,CID74990,CCC1=C2CN3C(=CC4=C(C3=O)COC(=O)[C@@]4(CC)O)C2=NC5=C1C=C(C=C5)OC(=O)N6CCC(CC6)N7CCCCC7.Cl,True,True
4835,CID7533,CID7533,C1CCC(CC1)NS(=O)(=O)O,True,True
4836,CID753704,CID753704,C1=CC(=CC=C1C2=CSC(=N2)NC3=CC=C(C=C3)O)Cl,True,True
4837,CID7550,CID7550,C[N+]1=CC=CC(=C1)OC(=O)N(C)C.[Br-],True,True
4838,CID7566371,CID7566371,C1[C@@H]2[C@H](CO[C@@H]2C3=CC4=C(C=C3)OCO4)[C@@H](O1)C5=CC6=C(C=C5)OCO6,True,True
4839,CID76044,CID76044,C1=CC=C(C=C1)C(C2=CC=CC=C2)(C3=CC=CC=C3)SC[C@@H](C(=O)O)N,True,True
4840,CID76073169,CID76073169,CC1=CC(=C(C(=C1)C)S(=O)(=O)N(CCC2=CC(=CC=C2)Br)CC3=CC=C(C=C3)C4=CC(=CC=C4)S(=O)(=O)C)C,True,True
4841,CID7638,CID7638,C1=CC=C(C=C1)COC2=CC=C(C=C2)O,True,True
4842,CID764764,CID764764,CC1=C(C(=NN1)C2=C(C=C(C=C2)O)O)C3=CC=C(C=C3)OC,True,True
4843,CID76685059,CID76685059,CCN1C(=NC(=N1)C2CCN(CC2)C(=O)CCO)C3=CN=C(C(=N3)C4=NN=C(O4)C(C)(C)C)N,True,True
4844,CID766949,CID766949,C1CCC2=C(C1)C(=C(S2)NC(=O)C3=CC=CC4=CC=CC=C43)C#N,True,True
4845,CID7697,CID7697,C1=CC(=CC=C1OCC(CO)O)Cl,True,True
4846,CID76971721,CID76971721,C[C@H](CCCC(C)C)[C@H]1CC[C@@H]2[C@@]1(CC[C@H]3[C@H]2CCC4=CC(=NO)CC[C@]34C)C,True,True
4847,CID77082,CID77082,CN1C2=C(C=C(C=C2)N(CCCl)CCCl)N=C1CCCC(=O)O.Cl,True,True
4848,CID774,CID774,C1=C(NC=N1)CCN,True,True
4849,CID77991,CID77991,CCN(C)C(=O)OC1=CC=CC(=C1)[C@H](C)N(C)C,True,True
4851,CID77995,CID77995,CN(C)CCCC1(C2=C(CO1)C=C(C=C2)C#N)C3=CC=C(C=C3)F.Br,True,True
4852,CID77999,CID77999,CN(CCOC1=CC=C(C=C1)CC2C(=O)NC(=O)S2)C3=CC=CC=N3,True,True
4853,CID78000,CID78000,CCC(CC)O[C@@H]1C=C(C[C@@H]([C@H]1NC(=O)C)N)C(=O)OCC.OP(=O)(O)O,True,True
4854,CID78243717,CID78243717,C1[C@@H]2CN([C@H]1CN2C3=CC=CC=N3)/C=C/C(=O)C4=CC=CC=C4O,True,True
4855,CID78320408,CID78320408,CC1=CC(=C(C(=O)N1)CNC(=O)C2=C(N(C3=CC=CC=C32)[C@H](C)C4CCN(CC4)CC(F)(F)F)C)OC,True,True
4856,CID78320750,CID78320750,CC1=C(C=CC(=C1)C2=CN=C3N2N=C(C=C3NCCC(F)(F)F)OC4=C(C(=C(C=C4)OC)F)F)C(=O)NC5CC5,True,True
4857,CID78357763,CID78357763,CN(C)C/C=C/C(=O)NC1=CC=CC(=C1)C(=O)NC2=CC=CC(=C2)NC3=NC=C(C(=N3)C4=CNC5=CC=CC=C54)Cl,True,True
4858,CID78357807,CID78357807,CN1C=C(C2=CC=CC=C21)C3=NC(=NC=C3)NC4=C(C=C(C(=C4)NC(=O)C=C)N(C)CCN(C)C)OC.CS(=O)(=O)O,True,True
4859,CID791637,CID791637,CC1=C(C2=C(N1C3=CC=C(C=C3)OC)C=C(C=C2)O)[N+](=O)[O-],True,True
4860,CID794323,CID794323,CCOC(=O)C1=C(NC(=S)NC1C2=CC(=CC=C2)O)C,True,True
4861,CID80311,CID80311,CN(C)CCN(CC1=CC=C(C=C1)Cl)C2=CC=CC=N2.Cl,True,True
4862,CID81689696,CID81689696,C[C@@]1(C2=C(C=C(C=C2)C3=CNN=C3)C(=O)N1)C4=NC=NC=C4F,True,True
4863,CID82146,CID82146,CC1=CC2=C(C=C1C(=C)C3=CC=C(C=C3)C(=O)O)C(CCC2(C)C)(C)C,True,True
4864,CID82148,CID82148,CC(=O)NCCC1=CC=CC2=C1C=C(C=C2)OC,True,True
4865,CID82153,CID82153,CC1(OC2CC3C4CC(C5=CC(=O)C=CC5(C4C(CC3(C2(O1)C(=O)CO)C)O)C)F)C,True,True
4866,CID8226,CID8226,CC[C@@H](CO)NC(=O)[C@H]1CN([C@@H]2CC3=CNC4=CC=CC(=C34)C2=C1)C,True,True
4867,CID8228,CID8228,CN(C)CCCN1C2=CC=CC=C2CCC3=CC=CC=C31.Cl,True,True
4868,CID8249,CID8249,C1=CC=C(C=C1)CCN=C(N)N=C(N)N,True,True
4869,CID8344,CID8344,COCCOC(=O)C1=CC=CC=C1C(=O)OCCOC,True,True
4870,CID836002,CID836002,C1=CC=NC(=C1)C(=O)NC2=CC(=CC=C2)Cl,True,True
4871,CID83823,CID83823,CC1=CC=CC=C1C(C2=CC=CC=C2)OCCN(C)C.C(C(=O)O)C(CC(=O)O)(C(=O)O)O,True,True
4872,CID83969,CID83969,CCCS(=O)C1=CC2=C(C=C1)N=C(N2)NC(=O)OC,True,True
4873,CID83979,CID83979,C[C@H]1[C@H]([C@H](C[C@H](O1)O[C@H]2C[C@@](CC3=C2C(=C4C(=C3O)C(=O)C5=C(C4=O)C(=CC=C5)OC)O)(C(=O)CO)O)N)O,True,True
4874,CID84029,CID84029,CC[C@@H]1[C@@]([C@@H]([C@H](C(=O)[C@@H](C[C@@]([C@@H]([C@H]([C@@H]([C@H](C(=O)O1)C)O[C@H]2C[C@@]([C@H]([C@@H](O2)C)O)(C)OC)C)O[C@H]3[C@@H]([C@H](C[C@H](O3)C)N(C)C)O)(C)OC)C)C)O)(C)O,True,True
4875,CID84759,CID84759,C1=CC=C2C(=C1)C(=NC=N2)N,True,True
4876,CID8478,CID8478,CC(C)(C)CC(C)(C)C1=CC=C(C=C1)OCCOCC[N+](C)(C)CC2=CC=CC=C2.[Cl-],True,True
4877,CID8514,CID8514,CC1=C(C=C(C=C1)C(=O)NC2=C3C(=CC(=CC3=C(C=C2)S(=O)(=O)[O-])S(=O)(=O)[O-])S(=O)(=O)[O-])NC(=O)C4=CC(=CC=C4)NC(=O)NC5=CC=CC(=C5)C(=O)NC6=C(C=CC(=C6)C(=O)NC7=C8C(=CC(=CC8=C(C=C7)S(=O)(=O)[O-])S(=O)(=O)[O-])S(=O)(=O)[O-])C.[Na+].[Na+].[Na+].[Na+].[Na+].[Na+],True,True
4878,CID8515,CID8515,C1=CC=C2C(=C1)C3=NNC4=CC=CC(=C43)C2=O,True,True
4879,CID854026,CID854026,CC=C1C2CC3=C(C1(CC(=C2)C)N)C=CC(=O)N3,True,True
4880,CID8567,CID8567,CNC[C@@H]([C@H]([C@@H]([C@@H](CO)O)O)O)O,True,True
4881,CID8574,CID8574,CC(=O)NS(=O)(=O)C1=CC=C(C=C1)NC(=O)C2=CC=CC=C2C(=O)O,True,True
4882,CID8582409,CID8582409,COC1=C(C=C(C=C1)CCC(=O)NC2=NC3=C(S2)C=C(C=C3)Cl)OC,True,True
4883,CID8593,CID8593,C1=CC=C(C=C1)C2=NC3=CC=CC=C3C(=C2)C(=O)O,True,True
4884,CID8617,CID8617,C1=CC=C2C(=C1)C(=CN2)CCCC(=O)O,True,True
4885,CID86278937,CID86278937,C[C@H]1C[C@H]([C@@](O[C@@H]1[C@H]2C[C@@H]([C@@]3(O2)[C@@H]([C@H](C[C@@H](O3)[C@@]4(CC[C@@]5(O4)C[C@@H]([C@H]([C@H](O5)[C@@H](C)/C=C(\C)/C(=O)[C@H](C)C[C@H](C)C(=O)[O-])C)O)C)O[C@@H]6CC[C@@H]([C@H](O6)C)OC)C)C)(CO)O)C.[Na+],True,True
4886,CID86287635,CID86287635,C[C@@H]1CC2=C([C@H](N1CC(C)(C)F)C3=C(C=C(C=C3F)/C=C/C(=O)O)F)NC4=CC=CC=C24,True,True
4887,CID86340175,CID86340175,CN1C2=C(C=C(C=C2OC)C(=O)N3CC[C@H]([C@H](C3)N)O)N=C1C4=CC5=CC=CC=C5N4CC6CC6.Cl,True,True
4888,CID86345880,CID86345880,C1=C(C=C(C=C1C(F)(F)F)C(F)(F)F)C2=NN(C=N2)/C=C(\C3=CN=CN=C3)/C(=O)N,True,True
4889,CID86763204,CID86763204,C1CC1[C@@H](C2=NC3=C(C=CC(=C3C(=O)N2C4=CN=CC=C4)Cl)F)NC5=NC(=NC(=C5C#N)N)N,True,True
4890,CID8695,CID8695,CCCCNC1=CC=C(C=C1)C(=O)OCCN(C)C.Cl,True,True
4891,CID8732,CID8732,CCCC1=NC=C(C(=N1)N)C[N+]2=CC=CC=C2C.Cl.[Cl-],True,True
4892,CID8742,CID8742,C1[C@H]([C@@H]([C@@H](C=C1C(=O)O)O)O)O,True,True
4893,CID8798,CID8798,CC(=O)NC1=NC=C(S1)[N+](=O)[O-],True,True
4894,CID8813,CID8813,C1=CC(=CC=C1C(=N)N)OCCCCCOC2=CC=C(C=C2)C(=N)N.C(CS(=O)(=O)O)O.C(CS(=O)(=O)O)O,True,True
4895,CID89084603,CID89084603,COC(=O)[C@H]1CC2=C([C@@H](N1C(=O)CCl)C3=CC=C(C=C3)C(=O)OC)NC4=CC=CC=C24,True,True
4896,CID8955,CID8955,CC(=O)[C@H]1CC[C@@H]2[C@@]1(CC[C@H]3[C@H]2CC=C4[C@@]3(CC[C@@H](C4)O)C)C,True,True
4898,CID896,CID896,CC(=O)NCCC1=CNC2=C1C=C(C=C2)OC,True,True
4899,CID89675898,CID89675898,CC1=CC(=C(C2=C1NC(=O)C3=C2C=CS3)C4=CC=C(C=C4)[C@@H](C)CN(C)C)O,True,True
4900,CID89683805,CID89683805,CC(C)(CNC1=NC(=NC(=N1)C2=NC(=CC=C2)C(F)(F)F)NC3=CC(=NC=C3)C(F)(F)F)O,True,True
4901,CID8969,CID8969,COC(=O)C1C(CCC2C1CC3C4=C(CCN3C2)C5=CC=CC=C5N4)O,True,True
4902,CID89730041,CID89730041,C1CC1C(=O)N2CC(C2)NC(=O)C3=CN=C(C4=C3C=CC(=N4)C5=CC(=CC=C5)F)N,True,True
4903,CID8975,CID8975,C1=NC2=C(N=C(N=C2N1[C@H]3[C@@H]([C@@H]([C@H](O3)CO)O)O)F)N,True,True
4904,CID8980,CID8980,CN(C)CCOC(C1=CC=CC=C1)C2=CC=CC=C2.Cl,True,True
4905,CID89808643,CID89808643,C1CN(C1)C[C@H](C2=CC(=C(C=C2)Cl)C(F)(F)F)NC3=NC=NC4=C3C=CC=C4C(=O)N,True,True
4906,CID899323,CID899323,CC(C)(C)C1=CC=C(C=C1)C2=NC3=CC=CC=C3N2,True,True
4907,CID90045,CID90045,CN(C)CCCSC(=N)N.Cl.Cl,True,True
4908,CID90116945,CID90116945,CCN(C)S(=O)(=O)NC1=C(C(=C(C=C1)F)C(=O)C2=CNC3=C2C=C(C=N3)C4=CN=C(N=C4)C5CC5)F,True,True
4909,CID9015,CID9015,COC1=CC=C(C=C1)O,True,True
4910,CID90241673,CID90241673,C1CN(CC2=CC=CC=C21)C[C@H](CNC(=O)C3=CC(=NC=N3)NC4COC4)O,True,True
4911,CID90309855,CID90309855,C[C@@H]1CC[C@H]2[C@H]([C@H](O[C@H]3[C@@]24[C@H]1CC[C@@](O3)(OO4)C)C/C(=N\OCC=C)/[C@@H]5[C@@H]([C@@H]6CC[C@H]([C@H]7[C@]68[C@H](O5)O[C@](CC7)(OO8)C)C)C)C,True,True
4912,CID904,CID904,CC(=O)NC1=CC=CC=C1,True,True
4913,CID90442348,CID90442348,CCC1=C(N=C2C(=CNN2C1=O)C#N)C3=CC=CC=C3C,True,True
4914,CID90479327,CID90479327,CCN1C[C@@]2(CC[C@@H]([C@@]34[C@@H]2C[C@@H](C31)[C@]5(C[C@@H]([C@H]6C[C@@H]4[C@@]5([C@H]6OC)O)OC)O)OC)OC(=O)C7=CC=CC=C7NC(=O)C,True,True
4915,CID90479372,CID90479372,CN(CC1=CC=C(C=C1)/C=C/C(=O)NO)CC23CC4CC(C2)CC(C4)C3,True,True
4916,CID9049,CID9049,CC1(N=C(N=C(N1C2=CC=C(C=C2)Cl)N)N)C,True,True
4917,CID9051,CID9051,CC(=O)[C@H]1CC[C@@H]2[C@@]1(CC[C@@H]3[C@H]2C=CC4=CC(=O)CC[C@@]34C)C,True,True
4918,CID9066,CID9066,CN(C)CCN(CC1=CC=CC=C1)C2=CC=CC=N2.Cl,True,True
4919,CID9082,CID9082,C(CS)N.Cl,True,True
4921,CID91274,CID91274,CC1=C(SC=C1)C(=CCCN2CCC[C@H](C2)C(=O)O)C3=C(C=CS3)C.Cl,True,True
4922,CID91430,CID91430,CC1=CC=C(C=C1)N(CC2=NCCN2)C3=CC(=CC=C3)O.CS(=O)(=O)O,True,True
4923,CID91466,CID91466,C1C[C@@H]2[C@H]3CCCN4[C@H]3[C@@H](CCC4)CN2C(=O)C1,True,True
4924,CID91505,CID91505,CCN(CC)CC#CCOC(=O)C(C1CCCCC1)(C2=CC=CC=C2)O.Cl,True,True
4925,CID91513,CID91513,C1CN(CCN1CCOCCO)C(C2=CC=CC=C2)C3=CC=C(C=C3)Cl.Cl.Cl,True,True
4926,CID91610,CID91610,CC1(C2=C(C=C(C=C2)OC)C(=O)N(C1=O)CCC3=CC=C(C=C3)S(=O)(=O)NC(=O)NC4CCCCC4)C,True,True
4927,CID91617630,CID91617630,C1CCC(CC1)N2C(=O)C(C(=O)N(C2=O)C3CCCCC3)C(=O)NCC(=O)O,True,True
4928,CID91623361,CID91623361,CC1=CN(C2=CC=CC=C12)CCN3CCN(CC3)C4=CC=CC=C4C5=CC(=CC(=C5)C#N)C(=O)NCCCN6CCCC6,True,True
4929,CID91649,CID91649,CC(C)(C(=O)NC1=CC(=C(C=C1)[N+](=O)[O-])C(F)(F)F)O,True,True
4930,CID91666658,CID91666658,CC1=C(C(=NO1)C)C2=CC(=C(C=C2)C3=CC(=C(S3)NC(=O)N)C(=O)N)O[C@H]4CCNC4,True,True
4931,CID91667931,CID91667931,CC1=C(C=CC2=C1C=C(N2CC3=CNN=C3)C#N)CN4CCC(CC4)NC5=C6C=C(SC6=NC=N5)CC(F)(F)F,True,True
4932,CID91668194,CID91668194,CN1C=C(C(=N1)OC)NC2=C3C(=NC(=N2)N4C[C@H]([C@@H](C4)F)NC(=O)C=C)N(C=N3)C,True,True
4933,CID91691130,CID91691130,C1=CC=C(C(=C1)C2=NC(=C(N2)C3=CC=NC=C3)C4=CC=C(C=C4)F)F,True,True
4934,CID91801204,CID91801204,C1CC(CCC1O)OC2=CC=CC3=CN=C(N=C32)NC4=CC5=C(C=C4)N=CN5,True,True
4935,CID91885392,CID91885392,COC1=CC=C(C=C1)C2=NC3=CC=CC=C3C(=C2)C(C4CCCCN4)O.Cl.Cl,True,True
4936,CID91885438,CID91885438,CCCC1=C(SC(=C1)C(=O)N[C@H](CC2=CN=C(C=C2)C3=CC(=CC=C3)OC(F)(F)F)C(=O)N[C@@H]4CCNC4)C,True,True
4937,CID91885617,CID91885617,COC1=CC(=C(C(=C1Cl)C2=CC3=CN=C(N=C3C=C2)N[C@@H]4COCC[C@@H]4NC(=O)C=C)Cl)OC,True,True
4938,CID91885989,CID91885989,CC1=C(C=CC2=C1N=C(N2C)NC3=C(C=C(C=C3)F)F)OC4=CC(=NC=C4)NC(=O)C,True,True
4939,CID91933867,CID91933867,CC1=CC(=CC(=C1C2=CC=C(C=C2)C(C)(C)C)C)O[C@@H](CCC(F)(F)F)C3=CC=C(C=C3)C(=O)NCCC(=O)O,True,True
4940,CID9196193,CID9196193,C1OC2=C(O1)C=C(C=C2)CNC3=C4C(=CSC4=NC=N3)C5=CC=C(C=C5)F,True,True
4941,CID92044376,CID92044376,C[C@@H]1CC2=C([C@H](N1CC(C)(C)F)C3=C(C=C(C=C3F)/C=C/C(=O)O)F)NC4=CC=CC=C24.C(=C\C(=O)O)\C(=O)O,True,True
4942,CID92044379,CID92044379,CC(C)(CS(=O)(=O)NC1=CC2=C(CN(CC2)C(=O)COC3=CN=CC=C3)C=C1)O,True,True
4943,CID92045137,CID92045137,C1CN(CCN1C2=C(C=CC=N2)C#N)C(=O)C3=CC=CC(=C3)CC4=NNC(=O)C5=CC=CC=C54,True,True
4944,CID92135932,CID92135932,CCC1=C(N=C(C(=N1)C(=O)N)NC2=CC=C(C=C2)N3CCC(CC3)N4CCN(CC4)C)O[C@@H]5CCN(C5)C(=O)C=C.CS(=O)(=O)O,True,True
4945,CID92151,CID92151,C1CCN(CC1)CCC(C2CC3CC2C=C3)(C4=CC=CC=C4)O.Cl,True,True
4946,CID92178,CID92178,CN1CCN(CC1)CCCN2C3=CC=CC=C3SC4=C2C=C(C=C4)S(=O)(=O)N(C)C.CS(=O)(=O)O.CS(=O)(=O)O,True,True
4947,CID92577,CID92577,C1=CC2=C(C=C(C(=C2N=C1)O)N=NC3=CC4=C(C=C3)C=C(C=C4)S(=O)(=O)O)S(=O)(=O)O,True,True
4949,CID92722,CID92722,C[C@@H]1CCN([C@H](C1)C(=O)O)C(=O)[C@H](CCCN=C(N)N)NS(=O)(=O)C2=CC=CC3=C2NCC(C3)C,True,True
4950,CID92727,CID92727,CC1=C(C(=CC=C1)C)OCC(=O)N[C@@H](CC2=CC=CC=C2)[C@H](C[C@H](CC3=CC=CC=C3)NC(=O)[C@H](C(C)C)N4CCCNC4=O)O,True,True
4951,CID929262,CID929262,C[C@]12CCCC([C@@H]1CC[C@@]3([C@@H]2CC(=O)O3)C)(C)C,True,True
4952,CID92965,CID92965,CC1=CC=C(C=C1)C(=O)C(C)CN2CCCCC2.Cl,True,True
4953,CID9351,CID9351,C1=CC=C2C(=C1)C=NN=C2NN.Cl,True,True
4954,CID936,CID936,C1=CC(=CN=C1)C(=O)N,True,True
4955,CID938,CID938,C1=CC(=CN=C1)C(=O)O,True,True
4956,CID941361,CID941361,C1CN(CCN1C/C=C/C2=CC=CC=C2)C(C3=CC=C(C=C3)F)C4=CC=C(C=C4)F,True,True
4957,CID9433,CID9433,CN1C2=C(C(=O)N(C1=O)C)NC=N2.CN1C2=C(C(=O)N(C1=O)C)NC=N2.C(CN)N,True,True
4958,CID9444,CID9444,C1=NC(=NC(=O)N1[C@H]2[C@@H]([C@@H]([C@H](O2)CO)O)O)N,True,True
4960,CID950368,CID950368,CCN1C=NC2=C(N=CN=C21)N,True,True
4961,CID9549184,CID9549184,CC(=O)N1CCN(CC1)C2CCC(CC2)N3C4=NC=NC(=C4C(=N3)C5=CC(=C(C=C5)NC(=O)C6=CC7=CC=CC=C7N6C)OC)N,True,True
4962,CID9549289,CID9549289,C1=CC(=CC(=C1)N)C2=CC3=C(N2)N=CN=C3OC4=CC=CC(=C4)O,True,True
4963,CID9549295,CID9549295,CCCNC(=O)NC1=C(C=C(C=C1)OC2=NC=NC3=CC(=C(C=C32)OC)OC)Cl,True,True
4964,CID9549298,CID9549298,C1CCN(C1)C2CCN(CC2)C(=O)C3=CC=C(C=C3)NC4=NC=CC(=N4)C5=CC6=CC=CC=C6S5,True,True
4965,CID9549305,CID9549305,CC1=NC2=CC=CC=C2C(=C1)NC(=O)NC3=C(C=CC(=C3)Cl)OC,True,True
4966,CID9570757,CID9570757,CN1C(=NN=N1)SCC2=C(N3[C@@H]([C@@H](C3=O)NC(=O)/C(=N\OC)/C4=CSC(=N4)N)SC2)C(=O)O,True,True
4967,CID9574101,CID9574101,CCOC(=O)CN[C@H](C1CCCCC1)C(=O)N2CC[C@H]2C(=O)NCC3=CC=C(C=C3)/C(=N/O)/N,True,True
4968,CID9576185,CID9576185,C1COCCN1CC2CN(C(=O)O2)/N=C/C3=CC=C(O3)[N+](=O)[O-].Cl,True,True
4969,CID9578005,CID9578005,CC1=C(C=CN=C1C[S@@](=O)C2=NC3=CC=CC=C3N2)OCC(F)(F)F,True,True
4970,CID9600409,CID9600409,C1=CC(=CC=C1C2=C(N3C=CSC3=N2)/C=N/OCC4=CC(=C(C=C4)Cl)Cl)Cl,True,True
4971,CID9642,CID9642,CC(=O)OCC(=O)[C@@]12[C@@H](C[C@@H]3[C@@]1(C[C@@H]([C@]4([C@H]3C[C@@H](C5=CC(=O)C=C[C@@]54C)F)F)O)C)OC(O2)(C)C,True,True
4972,CID9651,CID9651,CN1CC[C@@]23C=C[C@@H](C[C@@H]2OC4=C(C=CC(=C34)C1)OC)O,True,True
4973,CID967,CID967,C1=C(NC(=O)NC1=O)C(=O)O,True,True
4974,CID9690109,CID9690109,C1=CC=C(C=C1)C(C2=CC=CC=C2)[S@](=O)CC(=O)N,True,True
4975,CID969472,CID969472,CN1CCN(CC1)C(=O)OC2C3=NC=CN=C3C(=O)N2C4=NC=C(C=C4)Cl,True,True
4976,CID969516,CID969516,COC1=C(C=CC(=C1)/C=C/C(=O)CC(=O)/C=C/C2=CC(=C(C=C2)O)OC)O,True,True
4977,CID9703,CID9703,CC(C)NC(=O)C1=CC=C(C=C1)CNNC.Cl,True,True
4978,CID97226,CID97226,CC[C@@]1(C2=C(COC1=O)C(=O)N3CC4=C(C3=C2)N=C5C=CC(=CC5=C4)O)O,True,True
4979,CID9782,CID9782,C[C@H]1C[C@H]2[C@@H]3CCC4=CC(=O)C=C[C@@]4([C@]3([C@H](C[C@@]2([C@]1(C(=O)CO)O)C)O)F)C,True,True
4980,CID9796068,CID9796068,C1=CC(=C(C=C1C(=O)N)[N+](=O)[O-])I,True,True
4981,CID9796370,CID9796370,CC1=C(C(CCC1)(C)C)/C=C/C(=C/C=C\C(=C\C(=O)O)\C)/C,True,True
4982,CID9796440,CID9796440,C(C(=O)O)O.N.N.[Pt],True,True
4983,CID9796590,CID9796590,CNC(=O)C1=CC2=C(C=C1)C=C(C=C2)[C@]3(CCN4C3=CN=C4)O,True,True
4984,CID9798973,CID9798973,C1CC1C2=CN=C(N=C2N)C3=NN(C4=C3C=CC=N4)CC5=CC=CC=C5F,True,True
4985,CID9799888,CID9799888,CCC(CC)C(C1=CC=C(C=C1)NC2=NC3=CC=CC=C3S2)N4C=NC=N4,True,True
4986,CID9800555,CID9800555,C1=CC(=CN=C1)/C=C/C(=O)NCC2=CC=C(C=C2)C(=O)NC3=C(C=CC(=C3)F)N,True,True
4987,CID9803433,CID9803433,C1CC(CCC1CCC(=O)O)(C2=C(C=CC(=C2)F)F)S(=O)(=O)C3=CC=C(C=C3)Cl,True,True
4988,CID9803932,CID9803932,C1CNCCN(C1)S(=O)(=O)C2=CC=CC3=C2C=CC=C3I.Cl,True,True
4989,CID9803963,CID9803963,CC1=C(C=CC(=C1)SCC2=C(N=C(S2)C3=CC=C(C=C3)C(F)(F)F)C)OCC(=O)O,True,True
4990,CID9804433,CID9804433,C1C(=O)N(C(=O)S1)C(CCC2=CC=NC=C2)COC3=CC=C(C=C3)C4=CC(=CC=C4)[N+](=O)[O-],True,True
4991,CID9804991,CID9804991,CCN(CC)CC1=CC2=C(C=C1)C=C(C=C2)COC(=O)NC3=CC=C(C=C3)C(=O)NO.O.Cl,True,True
4992,CID9806229,CID9806229,CC(C)(C#CC1=CC2=C(C=C1NC(=O)C=C)C(=NC=N2)NC3=CC(=C(C=C3)F)Cl)N4CCN(CC4)C,True,True
4993,CID9807431,CID9807431,CCOC(CN1C2=CC=CC=C2[C@@](C1=O)(CC(=O)NC3=CC=C(C=C3)C)NC(=O)NC4=CC=C(C=C4)C)OCC,True,True
4994,CID9808022,CID9808022,C1=CC=C(C=C1)CCC2=CC=C(C=C2)COC3=CC=CC=C3CCN(CCCCC(=O)O)CC4=CC=C(C=C4)C(=O)O,True,True
4995,CID9808844,CID9808844,CNC(=O)C1=NC=CC(=C1)COC2=NN=C(C3=C2OC=C3)NC4=CC=C(C=C4)Cl,True,True
4996,CID9810709,CID9810709,C[C@H]1[C@H]([C@H](C[C@@H](O1)O[C@H]2C[C@@](CC3=C2C(=C4C(=C3O)C(=O)C5=C(C4=O)C(=CC=C5)OC)O)(/C(=N\NC(=O)CCCCCN6C(=O)C=CC6=O)/CO)O)N)O,True,True
4997,CID9810884,CID9810884,C[C@H](C1=CC=C(C=C1)C(=O)NC2=C3C=CNC3=NC=C2)N,True,True
4998,CID9810929,CID9810929,CC[C@H](C)[C@@H]([C@@H](CC(=O)N1CCC[C@H]1[C@@H]([C@@H](C)C(=O)N[C@@H](CC2=CC=CC=C2)C3=NC=CS3)OC)OC)N(C)C(=O)[C@H](C(C)C)NC(=O)[C@H](C(C)C)N(C)C,True,True
4999,CID9811611,CID9811611,C1CCN(C1)CCCCNC(=O)NC2=C(C(=NS2)OCC3=C(C=C(C=C3F)Br)F)C(=O)N,True,True
5000,CID9811704,CID9811704,C[C@@H]1[C@H]([C@@H]([C@H]([C@H](O1)O[C@@H]2[C@H](O[C@@H]([C@@H]([C@H]2O)O)O[C@@H]3[C@H](OC([C@@H]([C@H]3O)O)O)CO)CO)O)O)N[C@H]4C=C([C@H]([C@@H]([C@H]4O)O)O)CO,True,True
5001,CID9813758,CID9813758,CC1=CC2=C(C=C1)N=C(C3=NC=C(N23)C)NCCN,True,True
5002,CID9818478,CID9818478,CN[C@@H]1CC2=C3C(=CC=C2)NC(=O)N3C1.C(=C\C(=O)O)\C(=O)O,True,True
5003,CID9818479,CID9818479,CN[C@@H]1CC2=C3C(=CC=C2)NC(=O)N3C1,True,True
5004,CID9818682,CID9818682,C1CCC(CC1)CCC[C@H](CC(=O)NO)C2=NC(=NO2)C(=O)N,True,True
5005,CID9819382,CID9819382,CC(C)N(CC[C@H](C1=CC=CC=C1)C2=C(C=CC(=C2)CO)O)C(C)C,True,True
5006,CID9819927,CID9819927,C1[C@@H]([C@H]1[C@@](CC2C3=CC=CC=C3OC4=CC=CC=C24)(C(=O)O)N)C(=O)O,True,True
5007,CID9820008,CID9820008,COC1=CC=CC(=C1)C2=CC(=C(C=C2)NC(=O)C3=C(CCC3)C(=O)O)F,True,True
5008,CID9820526,CID9820526,CC1=CC(=O)N(C1=O)NC2=NC(=NC3=C2C(=CC=C3)OC)C4=CC=CS4,True,True
5009,CID9821849,CID9821849,CC(=O)O[C@H]1CC[C@@]2([C@H]3CC[C@]4([C@H]([C@@H]3CC=C2C1)CC=C4C5=CN=CC=C5)C)C,True,True
5010,CID9823820,CID9823820,COC1=CC2=NC=CC(=C2C=C1C(=O)N)OC3=CC(=C(C=C3)NC(=O)NC4CC4)Cl,True,True
5011,CID9824562,CID9824562,CC(=O)NC1=CC=C(C=C1)OC[C@@](C)(C(=O)NC2=CC(=C(C=C2)[N+](=O)[O-])C(F)(F)F)O,True,True
5012,CID9825149,CID9825149,C1CCN(C1)CC2CC(C2)N3C=C(C4=C(N=CN=C43)N)C5=CC(=CC=C5)OCC6=CC=CC=C6,True,True
5013,CID9826188,CID9826188,CN(C)C1=C(C(=NC(=N1)CC2=CC=C(C=C2)NC(=O)C3=CC4=CC=CC=C4C=C3)Cl)CC(=O)O,True,True
5014,CID9826309,CID9826309,C1CN(CC2=C1C=C(C=C2)NC(=O)C3=CC=CC=C3C4=CC=C(C=C4)C(F)(F)F)CC5=NC=NN5,True,True
5015,CID9826528,CID9826528,C1=CC(=C(C=C1I)F)NC2=C(C=CC(=C2F)F)C(=O)NOC[C@@H](CO)O,True,True
5016,CID9827599,CID9827599,CCC1=C(C=C2CC(CC2=C1)NC[C@@H](C3=C4C=CC(=O)NC4=C(C=C3)O)O)CC.C(=C\C(=O)O)\C(=O)O,True,True
5017,CID9827968,CID9827968,CC1=CC(=CC2=C(C(=CN=C12)C(=O)N)NC3=CC(=CC=C3)OC)S(=O)(=O)C4=CC=CC(=C4)C(=O)N(C)C,True,True
5018,CID9828911,CID9828911,CC(C)(C(=O)N[C@H](CC1=CNC2=CC=CC=C21)C(=O)N3CCC[C@](C3)(CC4=CC=CC=C4)C(=O)N(C)N(C)C)N,True,True
5019,CID9829523,CID9829523,C[C@@]12[C@@H]([C@@H](C[C@@H](O1)N3C4=CC=CC=C4C5=C6C(=C7C8=CC=CC=C8N2C7=C53)CNC6=O)N(C)C(=O)C9=CC=CC=C9)OC,True,True
5020,CID9830519,CID9830519,CO/N=C(/C1=CSC(=N1)N)\C(=O)N[C@H]2[C@@H]3N(C2=O)C(=C(CS3)CN4C=CC(=N)N4CCO)C(=O)O.OS(=O)(=O)O,True,True
5021,CID9832292,CID9832292,C[C@@H](CC1=CC=C(C=C1)OC)NC[C@H](C2=CC(=C(C=C2)O)NC=O)O.C[C@@H](CC1=CC=C(C=C1)OC)NC[C@H](C2=CC(=C(C=C2)O)NC=O)O.C(=C/C(=O)O)\C(=O)O,True,True
5022,CID9839311,CID9839311,CC1=CC=C(C=C1)SC2=C3C=C(SC3=CN=C2)C(=O)N,True,True
5023,CID9839500,CID9839500,C1=CC(=CC=C1/C=C(/C(=O)O)\S)I,True,True
5024,CID9840076,CID9840076,CN(C)CC1=CC=C(C=C1)C2=NC3=CC=CC4=C3N2CCNC4=O,True,True
5025,CID9841667,CID9841667,C1=CC=C(C(=C1)NC(=O)NC2=CC=C(C3=NNN=C23)C#N)Br,True,True
5026,CID984170,CID984170,CCC1=CC(=C(C=C1O)O)C2=NNC(=C2C3=CC4=C(C=C3)OCCO4)C,True,True
5027,CID9843750,CID9843750,C[C@@H](C(=O)N[C@H]1C2=CC=CC=C2CCN(C1=O)C)NC(=O)[C@H](C(C)C)O,True,True
5028,CID9843900,CID9843900,CN(C)C(=O)[C@@H]([C@H](CC1=CC=CC=C1)NC(=O)C2=CC3=C(N2)C=CC(=C3)Cl)O,True,True
5029,CID9847557,CID9847557,C1=CC(=C(C=C1Cl)Cl)C2=NC(=NC=C2C3=NC=CN3)NCCNC4=NC=C(C=C4)[N+](=O)[O-],True,True
5030,CID9849040,CID9849040,CCN(CC)CCCCNC1=NC2=CC(=C(C=C2N=C1C3=CC=C(S3)C4=CC=CS4)Cl)Cl,True,True
5031,CID9849808,CID9849808,CC(C)C(=O)OC1=C(C=C(C=C1)CO)[C@H](CCN(C(C)C)C(C)C)C2=CC=CC=C2.C(=C/C(=O)O)\C(=O)O,True,True
5032,CID9852573,CID9852573,C[C@H]1C[C@@H]([C@@H]([C@H](/C=C(/[C@@H]([C@H](/C=C\C=C(\C(=O)NC2=CC(=O)C(=C(C1)C2=O)NCCN(C)C)/C)OC)OC(=O)N)\C)C)O)OC.Cl,True,True
5033,CID9853654,CID9853654,CC(C)(C)OC(=O)NCCC(=O)N[C@@H](CC1=CNC2=CC=CC=C21)C(=O)N[C@@H](CCSC)C(=O)N[C@@H](CC(=O)O)C(=O)N[C@@H](CC3=CC=CC=C3)C(=O)N,True,True
5034,CID9854073,CID9854073,CC1=C2[C@H](C(=O)[C@@]3([C@H](C[C@@H]4[C@]([C@H]3[C@@H]([C@@](C2(C)C)(C[C@@H]1OC(=O)[C@@H]([C@H](C5=CC=CC=C5)NC(=O)OC(C)(C)C)O)O)OC(=O)C6=CC=CC=C6)(CO4)OC(=O)C)O)C)O,True,True
5035,CID9855350,CID9855350,CC([C@@H]1CC[C@H]([C@H](O1)O[C@@H]2[C@H](C[C@H]([C@@H]([C@H]2O)O[C@@H]3[C@@H]([C@H]([C@@](CO3)(C)O)NC)O)N)N)N)N.CC([C@@H]1CC[C@H]([C@H](O1)O[C@@H]2[C@H](C[C@H]([C@@H]([C@H]2O)O[C@@H]3[C@@H]([C@H]([C@@](CO3)(C)O)NC)O)N)N)N)NC.C[C@@]1(CO[C@@H]([C@@H]([C@H]1NC)O)O[C@H]2[C@@H](C[C@@H]([C@H]([C@@H]2O)O[C@@H]3[C@@H](CC[C@H](O3)CN)N)N)N)O.OS(=O)(=O)O,True,True
5036,CID9858940,CID9858940,CC1=NC(=CC=C1)C2=C(N=C(N2)C(C)(C)C)C3=CC4=C(C=C3)OCO4,True,True
5037,CID9863367,CID9863367,COC1=NC=CC(=N1)C2=C(N=CN2C3CCNCC3)C4=CC=C(C=C4)F,True,True
5038,CID9863672,CID9863672,C[C@H]1CNCCCN1S(=O)(=O)C2=CC=CC3=CN=CC(=C32)F,True,True
5039,CID9865515,CID9865515,C1=CC=C(C(=C1)N)NC(=O)C2=CC=C(C=C2)CNC3=NC=CC(=N3)C4=CN=CC=C4,True,True
5040,CID9865528,CID9865528,C1=CC=C(C=C1)[C@H](CNCCC2=CC=C(C=C2)NC(=O)CC3=CSC(=N3)N)O,True,True
5041,CID9866696,CID9866696,C1=CC2=C(C(=C1)O)C(=O)C3=C([C@H]2[C@H]4[C@@H]([C@H]([C@@H]([C@H](O4)CO)O)O)O)C=C(C=C3O)CO,True,True
5042,CID9867340,CID9867340,CC(=O)O[C@@H]1C[C@]2([C@@H](CC[C@@H]2O)C3=C1[C@]4([C@H](OC(=O)C5=COC(=C54)C3=O)COC)C)C,True,True
5043,CID9867642,CID9867642,CS(=O)(=O)C1=CC(=CC2=C1N(C3=C2CC[C@@H]3CC(=O)O)CC4=CC=C(C=C4)Cl)F,True,True
5044,CID9868037,CID9868037,C1=CC=C2C(=C1)C(=CC=N2)CNC3=C(SC=C3)C(=O)NC4=CC=C(C=C4)OC(F)(F)F,True,True
5045,CID9868928,CID9868928,CCC[C@@H](C=O)NC(=O)[C@H](CC(C)C)NC(=O)[C@H](CC(C)C)NC(=O)OCC1=CC=CC=C1,True,True
5046,CID9869779,CID9869779,CC(C1=NC=CS1)NC(=O)NC2=C(C=C(C=C2)OC3=C4C=C(C(=CC4=NC=C3)OC)OC)OC,True,True
5047,CID9869929,CID9869929,COC1=C(C=C(C=C1)CNC2=NC(=NC=C2C(=O)NCC3=NC=CC=N3)N4CCC[C@H]4CO)Cl,True,True
5048,CID9870009,CID9870009,COCCCN1CCC(CC1)NC(=O)C2=CC(=C(C3=C2OCC3)N)Cl.C(CC(=O)O)C(=O)O,True,True
5049,CID9871074,CID9871074,C[C@@H]1CN([C@H](CN1C(=O)C2=C(C=C3C(=C2)C(=CN3C)C(=O)C(=O)N(C)C)Cl)C)CC4=CC=C(C=C4)F,True,True
5050,CID9871419,CID9871419,CCCSC1=NC(=C2C(=N1)N(N=N2)[C@@H]3C[C@@H]([C@H]([C@H]3O)O)OCCO)N[C@@H]4C[C@H]4C5=CC(=C(C=C5)F)F,True,True
5051,CID9872438,CID9872438,CC(C)C1=C2C(=CC(=C1)OC)S(=O)(=O)N(C2=O)COC3=CC(=O)N4C=CC=C(C4=N3)OCCN5CCCCC5,True,True
5052,CID9874913,CID9874913,CC1=NC=C(C=C1)OC2=C(C=C(C=C2)NC3=NC=NC4=C3C=C(C=C4)/C=C/CNC(=O)COC)C,True,True
5053,CID9875401,CID9875401,C1COCC(=O)N1C2=CC=C(C=C2)N3C[C@@H](OC3=O)CNC(=O)C4=CC=C(S4)Cl,True,True
5054,CID9880,CID9880,CC(=O)[C@]1(CC[C@@H]2[C@@]1(CC[C@H]3[C@H]2C=C(C4=CC(=O)[C@@H]5C[C@@H]5[C@]34C)Cl)C)OC(=O)C,True,True
5055,CID9882793,CID9882793,C[C@H](C1=CC=CC2=CC=CC=C21)NCC3=CC4=CC=CC=C4N3,True,True
5056,CID9883029,CID9883029,CNC(=O)C1=CC2=C(C=C1)C=C(C=C2)C3(CCN4C3=CN=C4)O,True,True
5057,CID9884807,CID9884807,C1CCN(CC1)CC(CO/N=C(/C2=CN=CC=C2)\N)O.Cl.Cl,True,True
5058,CID9887053,CID9887053,C1CC[C@H]([C@@H](C1)[NH-])[NH-].C(=O)(C(=O)O)O.[Pt+2],True,True
5059,CID9887712,CID9887712,CCOC1=CC=C(C=C1)CC2=C(C=CC(=C2)[C@H]3[C@@H]([C@H]([C@@H]([C@H](O3)CO)O)O)O)Cl,True,True
5060,CID9887867,CID9887867,C1C2CC3CC1CC(C2)(C3)CNCCCCCN.Br.Br,True,True
5061,CID9887870,CID9887870,CC(C)[C@@H](C(=O)O)NS(=O)(=O)C1=CC=C(C=C1)C2=CC=C(C=C2)Br,True,True
5062,CID9888590,CID9888590,CC(=O)N(C1=CC=CC=C1/C=C/C2=CC=[N+](C=C2)[O-])S(=O)(=O)C3=CC=C(C=C3)OC,True,True
5063,CID9890250,CID9890250,COC1=C2C(=CC(=C1N3C[C@@H]4CCCN[C@@H]4C3)F)C(=O)C(=CN2C5CC5)C(=O)O.O.Cl,True,True
5064,CID9892071,CID9892071,C[C@@H]1[C@@H]2[C@H](C(=O)N2C(=C1SC3CN(C3)C4=NCCS4)C(=O)OCOC(=O)C(C)(C)C)[C@@H](C)O,True,True
5065,CID9893571,CID9893571,CC(C)C1=C(C(=NO1)C2=C(C=CC=C2Cl)Cl)COC3=CC(=C(C=C3)/C=C/C4=CC(=CC=C4)C(=O)O)Cl,True,True
5066,CID9894584,CID9894584,C[C@H]1[C@@H]([C@H]([C@H]([C@@H](O1)O[C@@H]2[C@H]([C@@H]([C@H](O[C@H]2OC3=CC(=C(C(=C3)O)C(=O)CCC4=CC=C(C=C4)O)O)CO)O)O)O)O)O,True,True
5067,CID9894653,CID9894653,C1=CC(=CC=C1[C@@H]2[C@H](C(=O)N2C3=CC=C(C=C3)F)CC[C@@H](C4=CC=C(C=C4)F)O)O[C@H]5[C@@H]([C@H]([C@@H]([C@H](O5)C(=O)O)O)O)O,True,True
5068,CID9902100,CID9902100,C[C@@H](C1=CC=C(C=C1)NC(=O)C)C(=O)NC2=NC=C(S2)C(C)C,True,True
5069,CID9903,CID9903,C[C@H](CCC(=O)O)[C@H]1CC[C@@H]2[C@@]1(CC[C@H]3[C@H]2CC[C@H]4[C@@]3(CC[C@H](C4)O)C)C,True,True
5070,CID9903786,CID9903786,C1=CC(=CC=C1C2=CC(=C(S2)NC(=O)N)C(=O)N)F,True,True
5071,CID9907093,CID9907093,CC1=CN2C(=O)C=C(N=C2C(=C1)C(C)NC3=CC=CC=C3)N4CCOCC4,True,True
5072,CID9907323,CID9907323,COC1=C(C=C(C=C1)CCN2CCN(CC2)CCCC3=CC=CC=C3)OC,True,True
5073,CID9908783,CID9908783,CC1=C2C(=CC=C1)N=C(N(C2=O)C3=CC=CC=C3C)CN4C=NC5=C(N=CN=C54)N,True,True
5074,CID9909368,CID9909368,CC1C(=O)OC2C1(C34C(=O)OC5C3(C2)C6(C(C5)C(C)(C)C)C(C(=O)OC6O4)O)O,True,True
5075,CID9910224,CID9910224,CC1=CN=C(C(=N1)OC)NS(=O)(=O)C2=C(N=CC=C2)C3=CC=C(C=C3)C4=NN=CO4,True,True
5076,CID9910486,CID9910486,C1CN(C[C@@H]1NC(=O)NC2=CC=CC=C2Br)C3=NC=C(C=C3)C(F)(F)F,True,True
5077,CID9910986,CID9910986,CN1CC[C@@H]([C@@H](C1)O)C2=C(C=C(C3=C2OC(=CC3=O)C4=CC=CC=C4Cl)O)O.Cl,True,True
5078,CID9911830,CID9911830,CC1=CC(=NO1)NC(=O)NC2=C(C=C(C=C2)OC3=C4C=C(C(=CC4=NC=C3)OC)OC)Cl,True,True
5079,CID9913405,CID9913405,CC1=NOC(=C1NC(=O)OC(C)C2=CC=CC=C2Cl)C3=CC=C(C=C3)CSCCC(=O)OC,True,True
5080,CID9914412,CID9914412,COC1=C(C=C2C(=C1)C(=NC=N2)NC3=CC=C(C=C3)NC(=O)C4=CC=CC=C4)OCCCN5CCOCC5,True,True
5081,CID9915743,CID9915743,CCOC1=C(C=C2C(=C1)N=CC(=C2NC3=CC(=C(C=C3)OCC4=CC=CC=N4)Cl)C#N)NC(=O)/C=C/CN(C)C,True,True
5082,CID9918559,CID9918559,CC[C@H](CC#N)OC(=O)N[C@@H](C)C1=CC(=CC=C1)NC(=O)NC2=CC(=C(C=C2)C3=CN=CO3)OC,True,True
5083,CID9926054,CID9926054,CC1=CC2=C(C=C1)N=C(C3=NC=C(N23)C)NCCN,True,True
5084,CID9926791,CID9926791,C[C@@H]1CCN(C[C@@H]1N(C)C2=NC=NC3=C2C=CN3)C(=O)CC#N,True,True
5085,CID9927531,CID9927531,C/C(=C\C(=O)NC1=CC=CC=C1C(=O)O)/C2=CC3=CC=CC=C3C=C2,True,True
5086,CID9927978,CID9927978,C1=CC(=CC=C1C[C@@H](C(=O)O)N)N(CCCl)CCCl.Cl,True,True
5087,CID9929127,CID9929127,CC1=C(C=CC=N1)C(=O)NC2=C3C(=CC(=C2OC)Cl)C4=C(N3)C=NC=C4,True,True
5088,CID9929643,CID9929643,C[C@H]1C/C=C\C(=O)[C@H]([C@H](C[C@@H]2[C@H](O2)C3=C(C(=CC(=C3)OC)O)C(=O)O1)O)O,True,True
5089,CID9930913,CID9930913,C1CCC2(C1)CC(=O)N(C(=O)C2O)CCCCN3CCN(CC3)C4=NC=CC=N4,True,True
5090,CID9931953,CID9931953,CNCC1=CC=C(C=C1)C2=C3CCNC(=O)C4=C3C(=CC(=C4)F)N2.OP(=O)(O)O,True,True
5091,CID9931954,CID9931954,CNCC1=CC=C(C=C1)C2=C3CCNC(=O)C4=C3C(=CC(=C4)F)N2,True,True
5092,CID9933439,CID9933439,CN1CCC2=CC3=C(C(=C2[C@@H]1[C@@H]4C5=C(C(=C(C=C5)OC)OC)C(=O)O4)OC)OCO3.Cl,True,True
5093,CID9933475,CID9933475,CC1=CC2=C(N1)C=CC(=C2F)OC3=NC=NC4=CC(=C(C=C43)OC)OCCCN5CCCC5,True,True
5094,CID9934283,CID9934283,CC1=NN(C(=C1)C(=O)NC2=C(C=CC(=C2)NC3=CC4=C(C=C3)C(=NN4)/C=C/C5=CC=CC=N5)F)C,True,True
5095,CID9934347,CID9934347,CNC(=O)C1=CC=CC=C1NC2=NC(=NC=C2Cl)NC3=C(C=C(C=C3)N4CCOCC4)OC,True,True
5096,CID9934458,CID9934458,CC1=C(C=CC(=C1)SCC2=C(N=C(S2)C3=CC(=C(C=C3)C(F)(F)F)F)C)OCC(=O)O,True,True
5097,CID9936012,CID9936012,CC1=C(N(C2=C1C=C(C=C2)O)CC3=CC=C(C=C3)OCCN4CCCCCC4)C5=CC=C(C=C5)O.Cl,True,True
5098,CID9936388,CID9936388,CC1=CC=C(C=C1)C(=O)N(CCCN)[C@@H](C2=C(C(=O)C3=C(O2)C=C(C=C3)Cl)CC4=CC=CC=C4)C(C)C.Cl,True,True
5099,CID9936727,CID9936727,CCC(CC)(C1=CC=CC=C1)C(=O)OCCOCCN(CC)CC.C(C(=O)O)C(CC(=O)O)(C(=O)O)O,True,True
5100,CID9937686,CID9937686,CO/N=C(/C1=CSC(=N1)N)\C(=O)N[C@H]2[C@@H]3N(C2=O)C(=C(CS3)CSC(=O)C4=CC=CO4)C(=O)O.Cl,True,True
5101,CID9938203,CID9938203,C1COCCN1CC2=CC(=O)C(=CO2)OCCCCCSC3=C4C=CC(=CC4=NC=C3)C(F)(F)F,True,True
5102,CID9938280,CID9938280,CN1CCN(CC1)CC2=NC3=C(C=C(C(=C3)Cl)CN(CC#C)C4=CC=C(C=C4)C(=O)NCC5=CN=CC=C5)C(=O)N2C,True,True
5103,CID9941095,CID9941095,CC1=CC=C(C=C1)S(=O)(=O)O.CC1=CC=C(C=C1)S(=O)(=O)O.CS(=O)(=O)CCNCC1=CC=C(O1)C2=CC3=C(C=C2)N=CN=C3NC4=CC(=C(C=C4)OCC5=CC(=CC=C5)F)Cl,True,True
5104,CID9943465,CID9943465,CN1C=C(C2=CC=CC=C21)/C=C\3/C4=C(C=CC=N4)NC3=O,True,True
5105,CID99474,CID99474,C[C@@H]1CC[C@@]2([C@H]([C@H]3[C@@H](O2)C[C@@H]4[C@@]3(CC[C@H]5[C@H]4CC=C6[C@@]5(CC[C@@H](C6)O)C)C)C)OC1,True,True
5106,CID9949093,CID9949093,C1=CC(=CN=C1)C(=O)NC2=CC(=CC3=C2NC4=C3C=CN=C4)Cl,True,True
5107,CID9949641,CID9949641,CC(C)(C)C1=C(N=CN1)/C=C\2/C(=O)N/C(=C\C3=CC=CC=C3)/C(=O)N2,True,True
5108,CID9950176,CID9950176,C1=CC=C(C=C1)C2=NC(=C(N2)C3=CC=NC=C3)C4=CC(=C(C=C4)Cl)O,True,True
5109,CID9952773,CID9952773,CCC1=NC(=C(S1)C2=CC(=NC=C2)NC(=O)C3=CC=CC=C3)C4=CC=CC(=C4)C,True,True
5110,CID9952884,CID9952884,CN[C@H]1CN(C[C@@H]1OC)C2=NC3=C(C=C2)C(=O)C(=CN3C4=NC=CS4)C(=O)O,True,True
5111,CID9952923,CID9952923,CN1CCC(C1CO)C2=C(C=C(C3=C2OC(=CC3=O)C4=CC=CC=C4Cl)O)O,True,True
5112,CID9953906,CID9953906,C1COCCN1C2=C(N=C(N=C2N)C3=NN(C4=C3C=CC=N4)CC5=CC=CC=C5F)N,True,True
5113,CID9954540,CID9954540,C1CCN[C@@H](C1)[C@H](C2=CC=CC=C2)NC(=O)C3=C(C(=CC=C3)C(F)(F)F)Cl.Cl,True,True
5114,CID9956119,CID9956119,CC1=CN=C(N1)C2=CN=C(N=C2C3=C(C=C(C=C3)Cl)Cl)NCCNC4=NC=C(C=C4)C#N,True,True
5115,CID9956222,CID9956222,C1COCCN1C2=NC(=NC3=C2OC4=C3C=CC=N4)C5=CC(=CC=C5)NC(=O)C6=CN=C(C=C6)N,True,True
5116,CID9956637,CID9956637,CC1=C(C=CC(=C1)I)NC2=C(C(=C(C=C2C(=O)NOCC3CC3)F)F)F,True,True
5117,CID9958103,CID9958103,CCOC(=O)C1=C(N(C2=CC(=C(C(=C21)CN(C)C)O)Br)C)CSC3=CC=CC=C3.Cl,True,True
5118,CID9966538,CID9966538,C[C@@H]1CCN(C[C@H]1N(C)C2=NC=NC3=C2C=CN3)C(=O)CC#N,True,True
5119,CID9967941,CID9967941,CC1=NC(=CC=C1)C2=C(N=C(N2)C(C)(C)C)C3=CC4=NC=CN=C4C=C3,True,True
5120,CID9968854,CID9968854,C1COCCN1CC2=CC=C(C=C2)C3=CC(=C(S3)C(=O)N)NC(=O)N,True,True
