drug1_id,drug2_id,drug1_entity,drug2_entity,label,split
1708,1903,CID100094,CID11347535,1,train
1710,1903,CID10027278,CID11347535,1,train
1711,1903,CID10029385,CID11347535,1,train
1714,4315,CID10047612,CID6135,1,train
1715,1903,CID10052040,CID11347535,1,train
1717,1903,CID10056071,CID11347535,1,train
1720,1903,CID10074640,CID11347535,1,train
1722,2740,CID10077147,CID24821094,1,train
1723,2083,CID10090485,CID11977753,1,train
1723,2431,CID10090485,CID16654980,1,train
1723,2486,CID10090485,CID176870,1,train
1723,2546,CID10090485,CID208908,1,train
1723,2684,CID10090485,CID23725625,1,train
1723,2740,CID10090485,CID24821094,1,train
1723,2769,CID10090485,CID24964624,1,train
1723,2771,CID10090485,CID24978538,1,train
1723,3002,CID10090485,CID3062316,1,train
1723,3692,CID10090485,CID51001932,1,train
1723,3899,CID10090485,CID5330286,1,train
1723,3911,CID10090485,CID53340771,1,train
1723,4299,CID10090485,CID60838,1,train
1723,4910,CID10090485,CID90241673,1,train
1723,5058,CID10090485,CID9887053,1,train
1724,1778,CID10090750,CID10339178,1,train
1724,1877,CID10090750,CID11243969,1,train
1724,2046,CID10090750,CID11876263,1,train
1724,2112,CID10090750,CID122108,1,train
1724,2152,CID10090750,CID130881,1,train
1724,2153,CID10090750,CID130904,1,train
1724,2155,CID10090750,CID13109,1,train
1724,2195,CID10090750,CID135398740,1,train
1724,2222,CID10090750,CID135413536,1,train
1724,2226,CID10090750,CID135415564,1,train
1724,2293,CID10090750,CID1461,1,train
1724,2311,CID10090750,CID150311,1,train
1724,2357,CID10090750,CID157920,1,train
1724,2430,CID10090750,CID165580,1,train
1724,2438,CID10090750,CID16667669,1,train
1724,2514,CID10090750,CID1935,1,train
1724,2527,CID10090750,CID1989,1,train
1724,2540,CID10090750,CID2082,1,train
1724,2544,CID10090750,CID208898,1,train
1724,2555,CID10090750,CID2130,1,train
1724,2582,CID10090750,CID2170,1,train
1724,2592,CID10090750,CID219078,1,train
1724,2620,CID10090750,CID2284,1,train
1724,2859,CID10090750,CID2578,1,train
1724,2969,CID10090750,CID3019,1,train
1724,2984,CID10090750,CID3034034,1,train
1724,2989,CID10090750,CID3038,1,train
1724,3001,CID10090750,CID3055,1,train
1724,3016,CID10090750,CID3117,1,train
1724,3051,CID10090750,CID3331,1,train
1724,3070,CID10090750,CID3373,1,train
1724,3078,CID10090750,CID3397,1,train
1724,3079,CID10090750,CID3406,1,train
1724,3103,CID10090750,CID3519,1,train
1724,3140,CID10090750,CID37393,1,train
1724,3164,CID10090750,CID3883,1,train
1724,3181,CID10090750,CID3955,1,train
1724,3198,CID10090750,CID4032,1,train
1724,3201,CID10090750,CID4037,1,train
1724,3205,CID10090750,CID4054,1,train
1724,3230,CID10090750,CID41684,1,train
1724,3233,CID10090750,CID4173,1,train
1724,3245,CID10090750,CID4212,1,train
1724,3281,CID10090750,CID439693,1,train
1724,3397,CID10090750,CID445643,1,train
1724,3419,CID10090750,CID446987,1,train
1724,3425,CID10090750,CID4477,1,train
1724,3453,CID10090750,CID449381,1,train
1724,3461,CID10090750,CID4513,1,train
1724,3533,CID10090750,CID4674,1,train
1724,3812,CID10090750,CID5284583,1,train
1724,3831,CID10090750,CID5291,1,train
1724,3842,CID10090750,CID5310966,1,train
1724,3844,CID10090750,CID5311,1,train
1724,3895,CID10090750,CID5329102,1,train
1724,3930,CID10090750,CID5342,1,train
1724,3942,CID10090750,CID5358,1,train
1724,3945,CID10090750,CID5360515,1,train
1724,3964,CID10090750,CID5426,1,train
1724,3967,CID10090750,CID5430,1,train
1724,3982,CID10090750,CID5462501,1,train
1724,3988,CID10090750,CID54675769,1,train
1724,4003,CID10090750,CID54680692,1,train
1724,4039,CID10090750,CID5493444,1,train
1724,4054,CID10090750,CID5546,1,train
1724,4206,CID10090750,CID5831,1,train
1724,4207,CID10090750,CID5833,1,train
1724,4245,CID10090750,CID5991,1,train
1724,4252,CID10090750,CID6013,1,train
1724,4259,CID10090750,CID6018,1,train
1724,4279,CID10090750,CID60648,1,train
1724,4290,CID10090750,CID60753,1,train
1724,4299,CID10090750,CID60838,1,train
1724,4312,CID10090750,CID6100,1,train
1724,4353,CID10090750,CID6321424,1,train
1724,4358,CID10090750,CID6337614,1,train
1724,4368,CID10090750,CID64139,1,train
1724,4443,CID10090750,CID656583,1,train
1724,4535,CID10090750,CID68617,1,train
1724,4558,CID10090750,CID6914273,1,train
1724,4577,CID10090750,CID6918296,1,train
1724,4837,CID10090750,CID7550,1,train
1724,4929,CID10090750,CID91649,1,train
1724,4949,CID10090750,CID92722,1,train
1724,5000,CID10090750,CID9811704,1,train
1724,5089,CID10090750,CID9930913,1,train
1725,1903,CID10095659,CID11347535,1,train
1727,1903,CID101043861,CID11347535,1,train
1732,1903,CID10133,CID11347535,1,train
1743,2740,CID10173277,CID24821094,1,train
1743,2935,CID10173277,CID285033,1,train
1743,2962,CID10173277,CID3005572,1,train
1743,3115,CID10173277,CID358177,1,train
1743,3624,CID10173277,CID492405,1,train
1743,3754,CID10173277,CID5281078,1,train
1743,4310,CID10173277,CID60974,1,train
1743,4318,CID10173277,CID6167,1,train
1743,4408,CID10173277,CID6456015,1,train
1746,1903,CID10177,CID11347535,1,train
1749,1939,CID10184653,CID11488320,1,train
1749,2027,CID10184653,CID117817422,1,train
1749,2066,CID10184653,CID11957503,1,train
1749,2230,CID10184653,CID135421197,1,train
1749,2431,CID10184653,CID16654980,1,train
1749,2546,CID10184653,CID208908,1,train
1749,2684,CID10184653,CID23725625,1,train
1749,2701,CID10184653,CID24360,1,train
1749,2732,CID10184653,CID24785538,1,train
1749,2769,CID10184653,CID24964624,1,train
1749,2771,CID10184653,CID24978538,1,train
1749,3382,CID10184653,CID44462760,1,train
1749,3449,CID10184653,CID449171,1,train
1749,3692,CID10184653,CID51001932,1,train
1749,3844,CID10184653,CID5311,1,train
1749,3860,CID10184653,CID5311497,1,train
1749,3899,CID10184653,CID5330286,1,train
1749,4255,CID10184653,CID60160561,1,train
1749,4559,CID10184653,CID6914657,1,train
1749,4658,CID10184653,CID71543365,1,train
1749,4672,CID10184653,CID71664305,1,train
1749,5036,CID10184653,CID9858940,1,train
1749,5058,CID10184653,CID9887053,1,train
1752,1903,CID10202642,CID11347535,1,train
1757,1824,CID10219,CID107771,1,train
1757,1848,CID10219,CID11057,1,train
1757,1903,CID10219,CID11347535,1,train
1757,1962,CID10219,CID11538455,1,train
1757,2116,CID10219,CID122262,1,train
1757,2471,CID10219,CID17134,1,train
1757,2638,CID10219,CID23582824,1,train
1757,2819,CID10219,CID25167777,1,train
1757,2943,CID10219,CID29112,1,train
1757,3140,CID10219,CID37393,1,train
1757,3384,CID10219,CID44469321,1,train
1757,3421,CID10219,CID447077,1,train
1757,3934,CID10219,CID53494972,1,train
1757,4128,CID10219,CID57336745,1,train
1757,4354,CID10219,CID63224,1,train
1757,4566,CID10219,CID6917864,1,train
1757,5032,CID10219,CID9852573,1,train
1758,1903,CID10226546,CID11347535,1,train
1758,2740,CID10226546,CID24821094,1,train
1759,1824,CID10228,CID107771,1,train
1759,2116,CID10228,CID122262,1,train
1759,3384,CID10228,CID44469321,1,train
1759,3934,CID10228,CID53494972,1,train
1759,4566,CID10228,CID6917864,1,train
1761,1830,CID10235,CID107969,1,train
1761,1831,CID10235,CID107970,1,train
1761,1955,CID10235,CID11524144,1,train
1761,2438,CID10235,CID16667669,1,train
1761,2896,CID10235,CID2733525,1,train
1761,3002,CID10235,CID3062316,1,train
1761,3167,CID10235,CID38911,1,train
1761,3425,CID10235,CID4477,1,train
1761,3899,CID10235,CID5330286,1,train
1761,4529,CID10235,CID68546,1,train
1767,1903,CID10275789,CID11347535,1,train
1773,1903,CID10297043,CID11347535,1,train
1773,1925,CID10297043,CID11442891,1,train
1773,2771,CID10297043,CID24978538,1,train
1773,3414,CID10297043,CID446378,1,train
1773,4248,CID10297043,CID60060499,1,train
1773,4566,CID10297043,CID6917864,1,train
1773,4736,CID10297043,CID73265223,1,train
1773,4745,CID10297043,CID73265233,1,train
1774,2740,CID10302451,CID24821094,1,train
1777,1903,CID10331844,CID11347535,1,train
1778,1799,CID10339178,CID104741,1,train
1778,1877,CID10339178,CID11243969,1,train
1778,1954,CID10339178,CID11520894,1,train
1778,1956,CID10339178,CID11525740,1,train
1778,2046,CID10339178,CID11876263,1,train
1778,2083,CID10339178,CID11977753,1,train
1778,2112,CID10339178,CID122108,1,train
1778,2123,CID10339178,CID123608,1,train
1778,2152,CID10339178,CID130881,1,train
1778,2153,CID10339178,CID130904,1,train
1778,2155,CID10339178,CID13109,1,train
1778,2163,CID10339178,CID132971,1,train
1778,2195,CID10339178,CID135398740,1,train
1778,2203,CID10339178,CID135401907,1,train
1778,2213,CID10339178,CID135410875,1,train
1778,2222,CID10339178,CID135413536,1,train
1778,2226,CID10339178,CID135415564,1,train
1778,2284,CID10339178,CID13988706,1,train
1778,2293,CID10339178,CID1461,1,train
1778,2299,CID10339178,CID148121,1,train
1778,2311,CID10339178,CID150311,1,train
1778,2357,CID10339178,CID157920,1,train
1778,2430,CID10339178,CID165580,1,train
1778,2486,CID10339178,CID176870,1,train
1778,2487,CID10339178,CID176871,1,train
1778,2514,CID10339178,CID1935,1,train
1778,2527,CID10339178,CID1989,1,train
1778,2540,CID10339178,CID2082,1,train
1778,2544,CID10339178,CID208898,1,train
1778,2546,CID10339178,CID208908,1,train
1778,2555,CID10339178,CID2130,1,train
1778,2558,CID10339178,CID2141,1,train
1778,2578,CID10339178,CID216454,1,train
1778,2582,CID10339178,CID2170,1,train
1778,2592,CID10339178,CID219078,1,train
1778,2609,CID10339178,CID22475,1,train
1778,2610,CID10339178,CID2249,1,train
1778,2620,CID10339178,CID2284,1,train
1778,2698,CID10339178,CID24197464,1,train
1778,2712,CID10339178,CID24748204,1,train
1778,2727,CID10339178,CID24776445,1,train
1778,2730,CID10339178,CID2478,1,train
1778,2769,CID10339178,CID24964624,1,train
1778,2859,CID10339178,CID2578,1,train
1778,2869,CID10339178,CID2662,1,train
1778,2875,CID10339178,CID26879,1,train
1778,2896,CID10339178,CID2733525,1,train
1778,2942,CID10339178,CID2907,1,train
1778,2948,CID10339178,CID29327,1,train
1778,2969,CID10339178,CID3019,1,train
1778,2984,CID10339178,CID3034034,1,train
1778,2989,CID10339178,CID3038,1,train
1778,3001,CID10339178,CID3055,1,train
1778,3002,CID10339178,CID3062316,1,train
1778,3016,CID10339178,CID3117,1,train
1778,3051,CID10339178,CID3331,1,train
1778,3070,CID10339178,CID3373,1,train
1778,3078,CID10339178,CID3397,1,train
1778,3079,CID10339178,CID3406,1,train
1778,3103,CID10339178,CID3519,1,train
1778,3112,CID10339178,CID356653,1,train
1778,3134,CID10339178,CID3690,1,train
1778,3140,CID10339178,CID37393,1,train
1778,3164,CID10339178,CID3883,1,train
1778,3181,CID10339178,CID3955,1,train
1778,3198,CID10339178,CID4032,1,train
1778,3201,CID10339178,CID4037,1,train
1778,3205,CID10339178,CID4054,1,train
1778,3225,CID10339178,CID4114,1,train
1778,3230,CID10339178,CID41684,1,train
1778,3233,CID10339178,CID4173,1,train
1778,3245,CID10339178,CID4212,1,train
1778,3281,CID10339178,CID439693,1,train
1778,3365,CID10339178,CID443939,1,train
1778,3375,CID10339178,CID44403842,1,train
1778,3387,CID10339178,CID444795,1,train
1778,3397,CID10339178,CID445643,1,train
1778,3419,CID10339178,CID446987,1,train
1778,3425,CID10339178,CID4477,1,train
1778,3453,CID10339178,CID449381,1,train
1778,3461,CID10339178,CID4513,1,train
1778,3519,CID10339178,CID46239015,1,train
1778,3533,CID10339178,CID4674,1,train
1778,3812,CID10339178,CID5284583,1,train
1778,3831,CID10339178,CID5291,1,train
1778,3842,CID10339178,CID5310966,1,train
1778,3844,CID10339178,CID5311,1,train
1778,3849,CID10339178,CID5311068,1,train
1778,3872,CID10339178,CID5323714,1,train
1778,3895,CID10339178,CID5329102,1,train
1778,3930,CID10339178,CID5342,1,train
1778,3942,CID10339178,CID5358,1,train
1778,3944,CID10339178,CID5360373,1,train
1778,3945,CID10339178,CID5360515,1,train
1778,3958,CID10339178,CID5388983,1,train
1778,3964,CID10339178,CID5426,1,train
1778,3967,CID10339178,CID5430,1,train
1778,3982,CID10339178,CID5462501,1,train
1778,3988,CID10339178,CID54675769,1,train
1778,4003,CID10339178,CID54680692,1,train
1778,4005,CID10339178,CID54684141,1,train
1778,4039,CID10339178,CID5493444,1,train
1778,4051,CID10339178,CID5530,1,train
1778,4054,CID10339178,CID5546,1,train
1778,4206,CID10339178,CID5831,1,train
1778,4207,CID10339178,CID5833,1,train
1778,4237,CID10339178,CID59691338,1,train
1778,4245,CID10339178,CID5991,1,train
1778,4252,CID10339178,CID6013,1,train
1778,4259,CID10339178,CID6018,1,train
1778,4265,CID10339178,CID60198,1,train
1778,4279,CID10339178,CID60648,1,train
1778,4283,CID10339178,CID60699,1,train
1778,4290,CID10339178,CID60753,1,train
1778,4291,CID10339178,CID60795,1,train
1778,4299,CID10339178,CID60838,1,train
1778,4312,CID10339178,CID6100,1,train
1778,4353,CID10339178,CID6321424,1,train
1778,4358,CID10339178,CID6337614,1,train
1778,4359,CID10339178,CID636362,1,train
1778,4368,CID10339178,CID64139,1,train
1778,4443,CID10339178,CID656583,1,train
1778,4535,CID10339178,CID68617,1,train
1778,4543,CID10339178,CID68740,1,train
1778,4558,CID10339178,CID6914273,1,train
1778,4577,CID10339178,CID6918296,1,train
1778,4643,CID10339178,CID71384,1,train
1778,4837,CID10339178,CID7550,1,train
1778,4929,CID10339178,CID91649,1,train
1778,4949,CID10339178,CID92722,1,train
1778,5000,CID10339178,CID9811704,1,train
1778,5089,CID10339178,CID9930913,1,train
1780,1903,CID10341154,CID11347535,1,train
1785,1903,CID10367662,CID11347535,1,train
1793,1903,CID10437018,CID11347535,1,train
1794,1903,CID10458325,CID11347535,1,train
1796,2740,CID10461508,CID24821094,1,train
1799,1956,CID104741,CID11525740,1,train
1799,2123,CID104741,CID123608,1,train
1799,2163,CID104741,CID132971,1,train
1799,2203,CID104741,CID135401907,1,train
1799,2213,CID104741,CID135410875,1,train
1799,2284,CID104741,CID13988706,1,train
1799,2299,CID104741,CID148121,1,train
1799,2486,CID104741,CID176870,1,train
1799,2487,CID104741,CID176871,1,train
1799,2546,CID104741,CID208908,1,train
1799,2558,CID104741,CID2141,1,train
1799,2698,CID104741,CID24197464,1,train
1799,2727,CID104741,CID24776445,1,train
1799,2730,CID104741,CID2478,1,train
1799,2859,CID104741,CID2578,1,train
1799,2869,CID104741,CID2662,1,train
1799,2896,CID104741,CID2733525,1,train
1799,2942,CID104741,CID2907,1,train
1799,2948,CID104741,CID29327,1,train
1799,2949,CID104741,CID2942,1,train
1799,3002,CID104741,CID3062316,1,train
1799,3112,CID104741,CID356653,1,train
1799,3134,CID104741,CID3690,1,train
1799,3225,CID104741,CID4114,1,train
1799,3245,CID104741,CID4212,1,train
1799,3365,CID104741,CID443939,1,train
1799,3375,CID104741,CID44403842,1,train
1799,3387,CID104741,CID444795,1,train
1799,3831,CID104741,CID5291,1,train
1799,3844,CID104741,CID5311,1,train
1799,3895,CID104741,CID5329102,1,train
1799,3944,CID104741,CID5360373,1,train
1799,3958,CID104741,CID5388983,1,train
1799,3964,CID104741,CID5426,1,train
1799,4265,CID104741,CID60198,1,train
1799,4283,CID104741,CID60699,1,train
1799,4359,CID104741,CID636362,1,train
1799,4543,CID104741,CID68740,1,train
1799,4643,CID104741,CID71384,1,train
1799,5034,CID104741,CID9854073,1,train
1801,2067,CID10475633,CID11957577,1,train
1801,2686,CID10475633,CID2377,1,train
1801,2943,CID10475633,CID29112,1,train
1801,2984,CID10475633,CID3034034,1,train
1801,3206,CID10475633,CID4055,1,train
1801,3355,CID10475633,CID443390,1,train
1801,3384,CID10475633,CID44469321,1,train
1801,3430,CID10475633,CID448013,1,train
1801,3633,CID10475633,CID49777740,1,train
1801,3662,CID10475633,CID4993,1,train
1801,3934,CID10475633,CID53494972,1,train
1801,4056,CID10475633,CID5564,1,train
1801,4353,CID10475633,CID6321424,1,train
1801,4354,CID10475633,CID63224,1,train
1801,4689,CID10475633,CID72188603,1,train
1801,4904,CID10475633,CID8980,1,train
1801,4950,CID10475633,CID92727,1,train
1801,4976,CID10475633,CID969516,1,train
1801,5080,CID10475633,CID9914412,1,train
1803,1903,CID104794,CID11347535,1,train
1822,1903,CID107706,CID11347535,1,train
1823,1903,CID107751,CID11347535,1,train
1824,1962,CID107771,CID11538455,1,train
1824,2419,CID107771,CID163751,1,train
1824,2471,CID107771,CID17134,1,train
1824,2638,CID107771,CID23582824,1,train
1824,2819,CID107771,CID25167777,1,train
1824,3014,CID107771,CID3114,1,train
1824,3082,CID107771,CID34312,1,train
1824,3140,CID107771,CID37393,1,train
1824,3149,CID107771,CID3784,1,train
1824,3171,CID107771,CID39186,1,train
1824,3176,CID107771,CID3932,1,train
1824,3194,CID107771,CID4008,1,train
1824,3222,CID107771,CID41022,1,train
1824,3298,CID107771,CID441325,1,train
1824,3355,CID107771,CID443390,1,train
1824,3384,CID107771,CID44469321,1,train
1824,3430,CID107771,CID448013,1,train
1824,3578,CID107771,CID4746,1,train
1824,3662,CID107771,CID4993,1,train
1824,3844,CID107771,CID5311,1,train
1824,3877,CID107771,CID53248764,1,train
1824,3934,CID107771,CID53494972,1,train
1824,4353,CID107771,CID6321424,1,train
1824,4354,CID107771,CID63224,1,train
1824,4397,CID107771,CID644274,1,train
1824,4566,CID107771,CID6917864,1,train
1824,4583,CID107771,CID6918446,1,train
1824,4686,CID107771,CID72092,1,train
1824,4946,CID107771,CID92178,1,train
1825,1903,CID107778,CID11347535,1,train
1828,2740,CID107935,CID24821094,1,train
1830,1903,CID107969,CID11347535,1,train
1830,2732,CID107969,CID24785538,1,train
1830,3002,CID107969,CID3062316,1,train
1830,3414,CID107969,CID446378,1,train
1830,3425,CID107969,CID4477,1,train
1830,4529,CID107969,CID68546,1,train
1831,1955,CID107970,CID11524144,1,train
1831,2438,CID107970,CID16667669,1,train
1831,2732,CID107970,CID24785538,1,train
1831,2771,CID107970,CID24978538,1,train
1831,2896,CID107970,CID2733525,1,train
1831,3002,CID107970,CID3062316,1,train
1831,3167,CID107970,CID38911,1,train
1831,3414,CID107970,CID446378,1,train
1831,3425,CID107970,CID4477,1,train
1831,4180,CID107970,CID57519554,1,train
1831,4469,CID107970,CID6604870,1,train
1833,1903,CID107985,CID11347535,1,train
1833,2252,CID107985,CID135564985,1,train
1833,2740,CID107985,CID24821094,1,train
1833,3002,CID107985,CID3062316,1,train
1833,3050,CID107985,CID3330,1,train
1833,3414,CID107985,CID446378,1,train
1833,3513,CID107985,CID46220502,1,train
1833,3839,CID107985,CID52947716,1,train
1833,5032,CID107985,CID9852573,1,train
1833,5107,CID107985,CID9949641,1,train
1838,1903,CID108150,CID11347535,1,train
1839,1903,CID108187,CID11347535,1,train
1848,1903,CID11057,CID11347535,1,train
1848,1962,CID11057,CID11538455,1,train
1848,2116,CID11057,CID122262,1,train
1848,2471,CID11057,CID17134,1,train
1848,2638,CID11057,CID23582824,1,train
1848,2819,CID11057,CID25167777,1,train
1848,2943,CID11057,CID29112,1,train
1848,3140,CID11057,CID37393,1,train
1848,3384,CID11057,CID44469321,1,train
1848,3421,CID11057,CID447077,1,train
1848,3934,CID11057,CID53494972,1,train
1848,4354,CID11057,CID63224,1,train
1848,4566,CID11057,CID6917864,1,train
1848,5032,CID11057,CID9852573,1,train
1854,1903,CID11092,CID11347535,1,train
1854,2438,CID11092,CID16667669,1,train
1854,2619,CID11092,CID22833280,1,train
1854,2732,CID11092,CID24785538,1,train
1854,3414,CID11092,CID446378,1,train
1854,4038,CID11092,CID54900,1,train
1854,4469,CID11092,CID6604870,1,train
1854,4769,CID11092,CID73265318,1,train
1858,1903,CID11159621,CID11347535,1,train
1858,2740,CID11159621,CID24821094,1,train
1864,2740,CID11201705,CID24821094,1,train
1869,2740,CID11222830,CID24821094,1,train
1872,1903,CID11228183,CID11347535,1,train
1875,1903,CID11242315,CID11347535,1,train
1876,1903,CID11243536,CID11347535,1,train
1877,2046,CID11243969,CID11876263,1,train
1877,2112,CID11243969,CID122108,1,train
1877,2153,CID11243969,CID130904,1,train
1877,2155,CID11243969,CID13109,1,train
1877,2195,CID11243969,CID135398740,1,train
1877,2203,CID11243969,CID135401907,1,train
1877,2222,CID11243969,CID135413536,1,train
1877,2226,CID11243969,CID135415564,1,train
1877,2311,CID11243969,CID150311,1,train
1877,2357,CID11243969,CID157920,1,train
1877,2438,CID11243969,CID16667669,1,train
1877,2514,CID11243969,CID1935,1,train
1877,2527,CID11243969,CID1989,1,train
1877,2540,CID11243969,CID2082,1,train
1877,2544,CID11243969,CID208898,1,train
1877,2555,CID11243969,CID2130,1,train
1877,2582,CID11243969,CID2170,1,train
1877,2592,CID11243969,CID219078,1,train
1877,2609,CID11243969,CID22475,1,train
1877,2610,CID11243969,CID2249,1,train
1877,2620,CID11243969,CID2284,1,train
1877,2730,CID11243969,CID2478,1,train
1877,2859,CID11243969,CID2578,1,train
1877,2969,CID11243969,CID3019,1,train
1877,2989,CID11243969,CID3038,1,train
1877,3001,CID11243969,CID3055,1,train
1877,3016,CID11243969,CID3117,1,train
1877,3051,CID11243969,CID3331,1,train
1877,3078,CID11243969,CID3397,1,train
1877,3079,CID11243969,CID3406,1,train
1877,3103,CID11243969,CID3519,1,train
1877,3140,CID11243969,CID37393,1,train
1877,3164,CID11243969,CID3883,1,train
1877,3181,CID11243969,CID3955,1,train
1877,3198,CID11243969,CID4032,1,train
1877,3201,CID11243969,CID4037,1,train
1877,3230,CID11243969,CID41684,1,train
1877,3245,CID11243969,CID4212,1,train
1877,3281,CID11243969,CID439693,1,train
1877,3397,CID11243969,CID445643,1,train
1877,3425,CID11243969,CID4477,1,train
1877,3453,CID11243969,CID449381,1,train
1877,3461,CID11243969,CID4513,1,train
1877,3533,CID11243969,CID4674,1,train
1877,3618,CID11243969,CID4912,1,train
1877,3718,CID11243969,CID517546,1,train
1877,3812,CID11243969,CID5284583,1,train
1877,3831,CID11243969,CID5291,1,train
1877,3844,CID11243969,CID5311,1,train
1877,3872,CID11243969,CID5323714,1,train
1877,3895,CID11243969,CID5329102,1,train
1877,3930,CID11243969,CID5342,1,train
1877,3942,CID11243969,CID5358,1,train
1877,3945,CID11243969,CID5360515,1,train
1877,3964,CID11243969,CID5426,1,train
1877,3967,CID11243969,CID5430,1,train
1877,3982,CID11243969,CID5462501,1,train
1877,3988,CID11243969,CID54675769,1,train
1877,4003,CID11243969,CID54680692,1,train
1877,4005,CID11243969,CID54684141,1,train
1877,4039,CID11243969,CID5493444,1,train
1877,4051,CID11243969,CID5530,1,train
1877,4206,CID11243969,CID5831,1,train
1877,4207,CID11243969,CID5833,1,train
1877,4252,CID11243969,CID6013,1,train
1877,4259,CID11243969,CID6018,1,train
1877,4290,CID11243969,CID60753,1,train
1877,4291,CID11243969,CID60795,1,train
1877,4299,CID11243969,CID60838,1,train
1877,4312,CID11243969,CID6100,1,train
1877,4353,CID11243969,CID6321424,1,train
1877,4358,CID11243969,CID6337614,1,train
1877,4368,CID11243969,CID64139,1,train
1877,4443,CID11243969,CID656583,1,train
1877,4535,CID11243969,CID68617,1,train
1877,4577,CID11243969,CID6918296,1,train
1877,4837,CID11243969,CID7550,1,train
1877,4949,CID11243969,CID92722,1,train
1877,5000,CID11243969,CID9811704,1,train
1884,2740,CID11271909,CID24821094,1,train
1886,1903,CID11273,CID11347535,1,train
1886,2740,CID11273,CID24821094,1,train
1888,1903,CID11285001,CID11347535,1,train
1896,1903,CID11314340,CID11347535,1,train
1903,1912,CID11347535,CID11387605,1,train
1903,1914,CID11347535,CID11398092,1,train
1903,1915,CID11347535,CID11399764,1,train
1903,1936,CID11347535,CID11485656,1,train
1903,1938,CID11347535,CID11488110,1,train
1903,1939,CID11347535,CID11488320,1,train
1903,1940,CID11347535,CID11491176,1,train
1903,1944,CID11347535,CID11497983,1,train
1903,1947,CID11347535,CID11501591,1,train
1903,1952,CID11347535,CID11519397,1,train
1903,1954,CID11347535,CID11520894,1,train
1903,1962,CID11347535,CID11538455,1,train
1903,1968,CID11347535,CID11556427,1,train
1903,1981,CID11347535,CID11617559,1,train
1903,1988,CID11347535,CID11634725,1,train
1903,1998,CID11347535,CID11671467,1,train
1903,2001,CID11347535,CID11676786,1,train
1903,2003,CID11347535,CID11685945,1,train
1903,2008,CID11347535,CID117072549,1,train
1903,2013,CID11347535,CID11717001,1,train
1903,2016,CID11347535,CID11719003,1,train
1903,2021,CID11347535,CID11749858,1,train
1903,2024,CID11347535,CID11754200,1,train
1903,2026,CID11347535,CID117636625,1,train
1903,2027,CID11347535,CID117817422,1,train
1903,2028,CID11347535,CID11784504,1,train
1903,2031,CID11347535,CID118025540,1,train
1903,2034,CID11347535,CID118196485,1,train
1903,2044,CID11347535,CID118598754,1,train
1903,2045,CID11347535,CID118693658,1,train
1903,2049,CID11347535,CID118957930,1,train
1903,2051,CID11347535,CID118986645,1,train
1903,2057,CID11347535,CID119192,1,train
1903,2061,CID11347535,CID11950170,1,train
1903,2063,CID11347535,CID11955716,1,train
1903,2077,CID11347535,CID11963194,1,train
1903,2081,CID11347535,CID11973736,1,train
1903,2086,CID11347535,CID11983295,1,train
1903,2087,CID11347535,CID11984561,1,train
1903,2095,CID11347535,CID121232405,1,train
1903,2096,CID11347535,CID121271792,1,train
1903,2102,CID11347535,CID121473004,1,train
1903,2103,CID11347535,CID121487936,1,train
1903,2106,CID11347535,CID121513855,1,train
1903,2115,CID11347535,CID122197581,1,train
1903,2126,CID11347535,CID12387471,1,train
1903,2127,CID11347535,CID123964,1,train
1903,2134,CID11347535,CID12620,1,train
1903,2140,CID11347535,CID1271002,1,train
1903,2144,CID11347535,CID129010078,1,train
1903,2149,CID11347535,CID129869,1,train
1903,2158,CID11347535,CID131955127,1,train
1903,2165,CID11347535,CID133053818,1,train
1903,2174,CID11347535,CID134828256,1,train
1903,2180,CID11347535,CID135398495,1,train
1903,2181,CID11347535,CID135398499,1,train
1903,2200,CID11347535,CID135399748,1,train
1903,2213,CID11347535,CID135410875,1,train
1903,2222,CID11347535,CID135413536,1,train
1903,2224,CID11347535,CID135413539,1,train
1903,2226,CID11347535,CID135415564,1,train
1903,2228,CID11347535,CID135418940,1,train
1903,2231,CID11347535,CID135421442,1,train
1903,2249,CID11347535,CID135564749,1,train
1903,2252,CID11347535,CID135564985,1,train
1903,2256,CID11347535,CID135565596,1,train
1903,2257,CID11347535,CID135565635,1,train
1903,2258,CID11347535,CID135565674,1,train
1903,2261,CID11347535,CID135565981,1,train
1903,2262,CID11347535,CID135567102,1,train
1903,2265,CID11347535,CID1357397,1,train
1903,2268,CID11347535,CID1361334,1,train
1903,2280,CID11347535,CID1383884,1,train
1903,2291,CID11347535,CID14240392,1,train
1903,2301,CID11347535,CID148177,1,train
1903,2302,CID11347535,CID148195,1,train
1903,2311,CID11347535,CID150311,1,train
1903,2316,CID11347535,CID151118,1,train
1903,2322,CID11347535,CID151194,1,train
1903,2323,CID11347535,CID153270,1,train
1903,2337,CID11347535,CID1548943,1,train
1903,2347,CID11347535,CID155815,1,train
1903,2354,CID11347535,CID156422,1,train
1903,2361,CID11347535,CID158797,1,train
1903,2362,CID11347535,CID159269,1,train
1903,2366,CID11347535,CID15951529,1,train
1903,2368,CID11347535,CID15953870,1,train
1903,2375,CID11347535,CID160254,1,train
1903,2377,CID11347535,CID16038120,1,train
1903,2378,CID11347535,CID16038374,1,train
1903,2379,CID11347535,CID16041424,1,train
1903,2382,CID11347535,CID16049404,1,train
1903,2384,CID11347535,CID16052038,1,train
1903,2388,CID11347535,CID16086114,1,train
1903,2389,CID11347535,CID16095342,1,train
1903,2393,CID11347535,CID16118392,1,train
1903,2394,CID11347535,CID16123056,1,train
1903,2423,CID11347535,CID164676,1,train
1903,2425,CID11347535,CID16533,1,train
1903,2431,CID11347535,CID16654980,1,train
1903,2438,CID11347535,CID16667669,1,train
1903,2440,CID11347535,CID16681698,1,train
1903,2449,CID11347535,CID16736529,1,train
1903,2450,CID11347535,CID16736978,1,train
1903,2452,CID11347535,CID16739650,1,train
1903,2454,CID11347535,CID16742063,1,train
1903,2471,CID11347535,CID17134,1,train
1903,2500,CID11347535,CID177865,1,train
1903,2508,CID11347535,CID188914,1,train
1903,2512,CID11347535,CID19212,1,train
1903,2518,CID11347535,CID196970,1,train
1903,2526,CID11347535,CID198693,1,train
1903,2531,CID11347535,CID20058,1,train
1903,2532,CID11347535,CID20279,1,train
1903,2538,CID11347535,CID20635522,1,train
1903,2546,CID11347535,CID208908,1,train
1903,2557,CID11347535,CID213040,1,train
1903,2580,CID11347535,CID216468,1,train
1903,2587,CID11347535,CID2179,1,train
1903,2604,CID11347535,CID22291652,1,train
1903,2611,CID11347535,CID22508903,1,train
1903,2622,CID11347535,CID229455,1,train
1903,2624,CID11347535,CID23009,1,train
1903,2625,CID11347535,CID23063810,1,train
1903,2627,CID11347535,CID23116321,1,train
1903,2648,CID11347535,CID23662354,1,train
1903,2682,CID11347535,CID23711819,1,train
1903,2701,CID11347535,CID24360,1,train
1903,2715,CID11347535,CID24756910,1,train
1903,2721,CID11347535,CID24770514,1,train
1903,2723,CID11347535,CID24771867,1,train
1903,2724,CID11347535,CID24772860,1,train
1903,2725,CID11347535,CID24775005,1,train
1903,2726,CID11347535,CID24776050,1,train
1903,2728,CID11347535,CID24779724,1,train
1903,2729,CID11347535,CID24779775,1,train
1903,2730,CID11347535,CID2478,1,train
1903,2731,CID11347535,CID24780598,1,train
1903,2732,CID11347535,CID24785538,1,train
1903,2738,CID11347535,CID24800541,1,train
1903,2739,CID11347535,CID24812758,1,train
1903,2743,CID11347535,CID24826799,1,train
1903,2745,CID11347535,CID24853505,1,train
1903,2748,CID11347535,CID24857286,1,train
1903,2749,CID11347535,CID24857323,1,train
1903,2756,CID11347535,CID24879368,1,train
1903,2760,CID11347535,CID24889392,1,train
1903,2764,CID11347535,CID24906275,1,train
1903,2766,CID11347535,CID24951314,1,train
1903,2770,CID11347535,CID24967599,1,train
1903,2771,CID11347535,CID24978538,1,train
1903,2774,CID11347535,CID24995524,1,train
1903,2777,CID11347535,CID25019940,1,train
1903,2780,CID11347535,CID25023738,1,train
1903,2781,CID11347535,CID25027363,1,train
1903,2783,CID11347535,CID25050,1,train
1903,2784,CID11347535,CID25062766,1,train
1903,2787,CID11347535,CID25073775,1,train
1903,2793,CID11347535,CID25109292,1,train
1903,2794,CID11347535,CID25109985,1,train
1903,2799,CID11347535,CID25114442,1,train
1903,2801,CID11347535,CID25124816,1,train
1903,2804,CID11347535,CID25127713,1,train
1903,2806,CID11347535,CID25134521,1,train
1903,2809,CID11347535,CID25141092,1,train
1903,2812,CID11347535,CID25151352,1,train
1903,2818,CID11347535,CID25167017,1,train
1903,2819,CID11347535,CID25167777,1,train
1903,2828,CID11347535,CID25199517,1,train
1903,2831,CID11347535,CID25207689,1,train
1903,2836,CID11347535,CID25227847,1,train
1903,2847,CID11347535,CID25262792,1,train
1903,2853,CID11347535,CID2536,1,train
1903,2858,CID11347535,CID2577,1,train
1903,2863,CID11347535,CID259846,1,train
1903,2867,CID11347535,CID265237,1,train
1903,2890,CID11347535,CID2725002,1,train
1903,2903,CID11347535,CID2746,1,train
1903,2933,CID11347535,CID2828334,1,train
1903,2945,CID11347535,CID29243,1,train
1903,2950,CID11347535,CID2950007,1,train
1903,2966,CID11347535,CID3009355,1,train
1903,2975,CID11347535,CID3025986,1,train
1903,2988,CID11347535,CID3037209,1,train
1903,2991,CID11347535,CID3038517,1,train
1903,2993,CID11347535,CID3038525,1,train
1903,3002,CID11347535,CID3062316,1,train
1903,3023,CID11347535,CID31553,1,train
1903,3048,CID11347535,CID3324,1,train
1903,3050,CID11347535,CID3330,1,train
1903,3115,CID11347535,CID358177,1,train
1903,3139,CID11347535,CID37392,1,train
1903,3140,CID11347535,CID37393,1,train
1903,3164,CID11347535,CID3883,1,train
1903,3204,CID11347535,CID405012,1,train
1903,3225,CID11347535,CID4114,1,train
1903,3231,CID11347535,CID4170,1,train
1903,3245,CID11347535,CID4212,1,train
1903,3246,CID11347535,CID4216,1,train
1903,3250,CID11347535,CID4248455,1,train
1903,3251,CID11347535,CID4259181,1,train
1903,3261,CID11347535,CID42628503,1,train
1903,3275,CID11347535,CID439280,1,train
1903,3279,CID11347535,CID439533,1,train
1903,3280,CID11347535,CID439647,1,train
1903,3281,CID11347535,CID439693,1,train
1903,3315,CID11347535,CID44156921,1,train
1903,3320,CID11347535,CID44182398,1,train
1903,3336,CID11347535,CID44237094,1,train
1903,3337,CID11347535,CID44240850,1,train
1903,3344,CID11347535,CID442514,1,train
1903,3345,CID11347535,CID44251605,1,train
1903,3353,CID11347535,CID443354,1,train
1903,3381,CID11347535,CID44462758,1,train
1903,3383,CID11347535,CID444679,1,train
1903,3386,CID11347535,CID44475014,1,train
1903,3387,CID11347535,CID444795,1,train
1903,3388,CID11347535,CID44480399,1,train
1903,3393,CID11347535,CID44543605,1,train
1903,3394,CID11347535,CID44545852,1,train
1903,3405,CID11347535,CID44603533,1,train
1903,3408,CID11347535,CID44607530,1,train
1903,3414,CID11347535,CID446378,1,train
1903,3425,CID11347535,CID4477,1,train
1903,3426,CID11347535,CID447865,1,train
1903,3427,CID11347535,CID447905,1,train
1903,3430,CID11347535,CID448013,1,train
1903,3434,CID11347535,CID44814409,1,train
1903,3438,CID11347535,CID448545,1,train
1903,3440,CID11347535,CID448601,1,train
1903,3447,CID11347535,CID449054,1,train
1903,3480,CID11347535,CID4566,1,train
1903,3488,CID11347535,CID459617,1,train
1903,3490,CID11347535,CID460612,1,train
1903,3496,CID11347535,CID46184986,1,train
1903,3506,CID11347535,CID46213929,1,train
1903,3510,CID11347535,CID46216556,1,train
1903,3511,CID11347535,CID46216796,1,train
1903,3513,CID11347535,CID46220502,1,train
1903,3515,CID11347535,CID46224516,1,train
1903,3520,CID11347535,CID46241268,1,train
1903,3523,CID11347535,CID46245047,1,train
1903,3534,CID11347535,CID46742353,1,train
1903,3535,CID11347535,CID4679,1,train
1903,3537,CID11347535,CID46832368,1,train
1903,3540,CID11347535,CID46843772,1,train
1903,3541,CID11347535,CID46843906,1,train
1903,3543,CID11347535,CID46866705,1,train
1903,3544,CID11347535,CID46870258,1,train
1903,3547,CID11347535,CID46885626,1,train
1903,3550,CID11347535,CID46909588,1,train
1903,3552,CID11347535,CID46911228,1,train
1903,3553,CID11347535,CID46911863,1,train
1903,3561,CID11347535,CID46927888,1,train
1903,3563,CID11347535,CID46930992,1,train
1903,3570,CID11347535,CID46943432,1,train
1903,3586,CID11347535,CID476861,1,train
1903,3596,CID11347535,CID479503,1,train
1903,3598,CID11347535,CID4823,1,train
1903,3600,CID11347535,CID483477,1,train
1903,3618,CID11347535,CID4912,1,train
1903,3623,CID11347535,CID4922,1,train
1903,3646,CID11347535,CID49841217,1,train
1903,3648,CID11347535,CID49843531,1,train
1903,3655,CID11347535,CID49855250,1,train
1903,3682,CID11347535,CID50905713,1,train
1903,3685,CID11347535,CID50922675,1,train
1903,3692,CID11347535,CID51001932,1,train
1903,3693,CID11347535,CID51003603,1,train
1903,3695,CID11347535,CID51033720,1,train
1903,3706,CID11347535,CID51346455,1,train
1903,3707,CID11347535,CID51358113,1,train
1903,3712,CID11347535,CID5163,1,train
1903,3724,CID11347535,CID5277135,1,train
1903,3727,CID11347535,CID5280360,1,train
1903,3728,CID11347535,CID5280373,1,train
1903,3735,CID11347535,CID5280723,1,train
1903,3739,CID11347535,CID5280863,1,train
1903,3744,CID11347535,CID5281033,1,train
1903,3758,CID11347535,CID5281304,1,train
1903,3766,CID11347535,CID5281613,1,train
1903,3775,CID11347535,CID5281884,1,train
1903,3776,CID11347535,CID5281915,1,train
1903,3785,CID11347535,CID5282230,1,train
1903,3800,CID11347535,CID5283820,1,train
1903,3801,CID11347535,CID5284329,1,train
1903,3808,CID11347535,CID5284447,1,train
1903,3833,CID11347535,CID52912222,1,train
1903,3837,CID11347535,CID52938427,1,train
1903,3844,CID11347535,CID5311,1,train
1903,3868,CID11347535,CID5321010,1,train
1903,3869,CID11347535,CID5321018,1,train
1903,3887,CID11347535,CID5327916,1,train
1903,3893,CID11347535,CID5329098,1,train
1903,3894,CID11347535,CID5329099,1,train
1903,3901,CID11347535,CID53315868,1,train
1903,3902,CID11347535,CID53315882,1,train
1903,3906,CID11347535,CID53322923,1,train
1903,3909,CID11347535,CID53340426,1,train
1903,3910,CID11347535,CID53340666,1,train
1903,3912,CID11347535,CID53344620,1,train
1903,3915,CID11347535,CID53355503,1,train
1903,3926,CID11347535,CID53396311,1,train
1903,3931,CID11347535,CID53469059,1,train
1903,3932,CID11347535,CID53469448,1,train
1903,3940,CID11347535,CID5353852,1,train
1903,3964,CID11347535,CID5426,1,train
1903,3973,CID11347535,CID54576693,1,train
1903,3991,CID11347535,CID54675783,1,train
1903,3995,CID11347535,CID54677946,1,train
1903,4000,CID11347535,CID54678924,1,train
1903,4004,CID11347535,CID54682876,1,train
1903,4005,CID11347535,CID54684141,1,train
1903,4006,CID11347535,CID54685215,1,train
1903,4011,CID11347535,CID54704426,1,train
1903,4019,CID11347535,CID5478883,1,train
1903,4020,CID11347535,CID5478927,1,train
1903,4082,CID11347535,CID56645961,1,train
1903,4090,CID11347535,CID5684,1,train
1903,4092,CID11347535,CID56843850,1,train
1903,4093,CID11347535,CID56844015,1,train
1903,4094,CID11347535,CID56846691,1,train
1903,4095,CID11347535,CID56846693,1,train
1903,4109,CID11347535,CID56965901,1,train
1903,4111,CID11347535,CID56968072,1,train
1903,4112,CID11347535,CID56973724,1,train
1903,4116,CID11347535,CID57030,1,train
1903,4124,CID11347535,CID5730,1,train
1903,4128,CID11347535,CID57336745,1,train
1903,4134,CID11347535,CID57345410,1,train
1903,4135,CID11347535,CID57345941,1,train
1903,4138,CID11347535,CID57379345,1,train
1903,4139,CID11347535,CID57381425,1,train
1903,4151,CID11347535,CID57519505,1,train
1903,4174,CID11347535,CID57519544,1,train
1903,4178,CID11347535,CID57519550,1,train
1903,4182,CID11347535,CID57519748,1,train
1903,4183,CID11347535,CID5754,1,train
1903,4204,CID11347535,CID58298318,1,train
1903,4205,CID11347535,CID58299817,1,train
1903,4210,CID11347535,CID58507717,1,train
1903,4224,CID11347535,CID5924208,1,train
1903,4227,CID11347535,CID59422203,1,train
1903,4228,CID11347535,CID59437537,1,train
1903,4234,CID11347535,CID59604787,1,train
1903,4235,CID11347535,CID59634741,1,train
1903,4254,CID11347535,CID60147023,1,train
1903,4256,CID11347535,CID60164,1,train
1903,4258,CID11347535,CID60167849,1,train
1903,4265,CID11347535,CID60198,1,train
1903,4267,CID11347535,CID60202647,1,train
1903,4269,CID11347535,CID6032,1,train
1903,4281,CID11347535,CID60652,1,train
1903,4291,CID11347535,CID60795,1,train
1903,4292,CID11347535,CID60803,1,train
1903,4295,CID11347535,CID60825,1,train
1903,4359,CID11347535,CID636362,1,train
1903,4360,CID11347535,CID636375,1,train
1903,4384,CID11347535,CID6436208,1,train
1903,4400,CID11347535,CID6445533,1,train
1903,4405,CID11347535,CID6450819,1,train
1903,4411,CID11347535,CID64713,1,train
1903,4417,CID11347535,CID64945,1,train
1903,4419,CID11347535,CID65014,1,train
1903,4424,CID11347535,CID6505803,1,train
1903,4437,CID11347535,CID65411,1,train
1903,4450,CID11347535,CID656954,1,train
1903,4468,CID11347535,CID6604561,1,train
1903,4483,CID11347535,CID66577038,1,train
1903,4484,CID11347535,CID66598080,1,train
1903,4506,CID11347535,CID67469084,1,train
1903,4511,CID11347535,CID6758,1,train
1903,4517,CID11347535,CID68107965,1,train
1903,4571,CID11347535,CID6918132,1,train
1903,4573,CID11347535,CID6918182,1,train
1903,4576,CID11347535,CID6918289,1,train
1903,4577,CID11347535,CID6918296,1,train
1903,4583,CID11347535,CID6918446,1,train
1903,4587,CID11347535,CID6918493,1,train
1903,4592,CID11347535,CID6918638,1,train
1903,4598,CID11347535,CID6918788,1,train
1903,4600,CID11347535,CID6918848,1,train
1903,4603,CID11347535,CID70004430,1,train
1903,4608,CID11347535,CID70676303,1,train
1903,4609,CID11347535,CID70679466,1,train
1903,4611,CID11347535,CID70687193,1,train
1903,4615,CID11347535,CID70798655,1,train
1903,4620,CID11347535,CID70983932,1,train
1903,4621,CID11347535,CID70983934,1,train
1903,4631,CID11347535,CID71291068,1,train
1903,4648,CID11347535,CID71478,1,train
1903,4650,CID11347535,CID71481097,1,train
1903,4653,CID11347535,CID71494949,1,train
1903,4654,CID11347535,CID71496458,1,train
1903,4662,CID11347535,CID71587153,1,train
1903,4663,CID11347535,CID71599640,1,train
1903,4664,CID11347535,CID71600087,1,train
1903,4666,CID11347535,CID71604307,1,train
1903,4675,CID11347535,CID71721540,1,train
1903,4677,CID11347535,CID71731823,1,train
1903,4682,CID11347535,CID71811910,1,train
1903,4690,CID11347535,CID72200024,1,train
1903,4692,CID11347535,CID72271,1,train
1903,4700,CID11347535,CID72435,1,train
1903,4701,CID11347535,CID72547474,1,train
1903,4707,CID11347535,CID72709209,1,train
1903,4713,CID11347535,CID72734520,1,train
1903,4726,CID11347535,CID73265200,1,train
1903,4729,CID11347535,CID73265205,1,train
1903,4740,CID11347535,CID73265227,1,train
1903,4749,CID11347535,CID73265273,1,train
1903,4754,CID11347535,CID73265283,1,train
1903,4764,CID11347535,CID73265308,1,train
1903,4779,CID11347535,CID73265342,1,train
1903,4785,CID11347535,CID73265358,1,train
1903,4793,CID11347535,CID73265372,1,train
1903,4827,CID11347535,CID73659,1,train
1903,4828,CID11347535,CID73670548,1,train
1903,4841,CID11347535,CID7638,1,train
1903,4843,CID11347535,CID76685059,1,train
1903,4853,CID11347535,CID78000,1,train
1903,4854,CID11347535,CID78243717,1,train
1903,4856,CID11347535,CID78320750,1,train
1903,4857,CID11347535,CID78357763,1,train
1903,4858,CID11347535,CID78357807,1,train
1903,4882,CID11347535,CID8582409,1,train
1903,4884,CID11347535,CID8617,1,train
1903,4886,CID11347535,CID86287635,1,train
1903,4888,CID11347535,CID86345880,1,train
1903,4889,CID11347535,CID86763204,1,train
1903,4900,CID11347535,CID89683805,1,train
1903,4908,CID11347535,CID90116945,1,train
1903,4922,CID11347535,CID91430,1,train
1903,4927,CID11347535,CID91617630,1,train
1903,4928,CID11347535,CID91623361,1,train
1903,4931,CID11347535,CID91667931,1,train
1903,4936,CID11347535,CID91885438,1,train
1903,4937,CID11347535,CID91885617,1,train
1903,4939,CID11347535,CID91933867,1,train
1903,4941,CID11347535,CID92044376,1,train
1903,4947,CID11347535,CID92577,1,train
1903,4980,CID11347535,CID9796068,1,train
1903,4984,CID11347535,CID9798973,1,train
1903,4985,CID11347535,CID9799888,1,train
1903,4986,CID11347535,CID9800555,1,train
1903,4988,CID11347535,CID9803932,1,train
1903,4993,CID11347535,CID9807431,1,train
1903,4996,CID11347535,CID9810709,1,train
1903,5006,CID11347535,CID9819927,1,train
1903,5018,CID11347535,CID9828911,1,train
1903,5028,CID11347535,CID9843900,1,train
1903,5029,CID11347535,CID9847557,1,train
1903,5032,CID11347535,CID9852573,1,train
1903,5036,CID11347535,CID9858940,1,train
1903,5039,CID11347535,CID9865515,1,train
1903,5042,CID11347535,CID9867340,1,train
1903,5055,CID11347535,CID9882793,1,train
1903,5057,CID11347535,CID9884807,1,train
1903,5059,CID11347535,CID9887712,1,train
1903,5080,CID11347535,CID9914412,1,train
1903,5093,CID11347535,CID9933475,1,train
1903,5094,CID11347535,CID9934283,1,train
1903,5101,CID11347535,CID9938203,1,train
1903,5104,CID11347535,CID9943465,1,train
1903,5110,CID11347535,CID9952884,1,train
1903,5116,CID11347535,CID9956637,1,train
1906,3365,CID11354606,CID443939,1,train
1906,4359,CID11354606,CID636362,1,train
1925,1943,CID11442891,CID11494412,1,train
1925,2015,CID11442891,CID11717641,1,train
1925,2084,CID11442891,CID11978790,1,train
1925,2135,CID11442891,CID126565,1,train
1925,2252,CID11442891,CID135564985,1,train
1925,2299,CID11442891,CID148121,1,train
1925,2431,CID11442891,CID16654980,1,train
1925,2701,CID11442891,CID24360,1,train
1925,2769,CID11442891,CID24964624,1,train
1925,2771,CID11442891,CID24978538,1,train
1925,3414,CID11442891,CID446378,1,train
1925,3571,CID11442891,CID46944259,1,train
1925,4128,CID11442891,CID57336745,1,train
1925,4145,CID11442891,CID57441923,1,train
1925,4229,CID11442891,CID5944,1,train
1925,4248,CID11442891,CID60060499,1,train
1925,4487,CID11442891,CID66646767,1,train
1925,4566,CID11442891,CID6917864,1,train
1925,4581,CID11442891,CID6918405,1,train
1925,4736,CID11442891,CID73265223,1,train
1925,4745,CID11442891,CID73265233,1,train
1925,4796,CID11442891,CID73265377,1,train
1925,4823,CID11442891,CID73461,1,train
1925,5082,CID11442891,CID9918559,1,train
1928,2740,CID11454028,CID24821094,1,train
1929,2740,CID11455910,CID24821094,1,train
1936,2740,CID11485656,CID24821094,1,train
1939,2354,CID11488320,CID156422,1,train
1939,2389,CID11488320,CID16095342,1,train
1939,2546,CID11488320,CID208908,1,train
1939,2684,CID11488320,CID23725625,1,train
1939,2701,CID11488320,CID24360,1,train
1939,2723,CID11488320,CID24771867,1,train
1939,2732,CID11488320,CID24785538,1,train
1939,2769,CID11488320,CID24964624,1,train
1939,2771,CID11488320,CID24978538,1,train
1939,3382,CID11488320,CID44462760,1,train
1939,3692,CID11488320,CID51001932,1,train
1939,3699,CID11488320,CID51042438,1,train
1939,3844,CID11488320,CID5311,1,train
1939,3860,CID11488320,CID5311497,1,train
1939,3899,CID11488320,CID5330286,1,train
1939,4084,CID11488320,CID56649450,1,train
1939,5036,CID11488320,CID9858940,1,train
1939,5058,CID11488320,CID9887053,1,train
1939,5080,CID11488320,CID9914412,1,train
1942,2740,CID11493841,CID24821094,1,train
1943,2431,CID11494412,CID16654980,1,train
1943,2771,CID11494412,CID24978538,1,train
1943,2867,CID11494412,CID265237,1,train
1943,3414,CID11494412,CID446378,1,train
1943,4559,CID11494412,CID6914657,1,train
1943,4700,CID11494412,CID72435,1,train
1943,5010,CID11494412,CID9823820,1,train
1954,2083,CID11520894,CID11977753,1,train
1954,2486,CID11520894,CID176870,1,train
1954,2546,CID11520894,CID208908,1,train
1954,2578,CID11520894,CID216454,1,train
1954,2712,CID11520894,CID24748204,1,train
1954,2769,CID11520894,CID24964624,1,train
1954,2942,CID11520894,CID2907,1,train
1954,3002,CID11520894,CID3062316,1,train
1954,3519,CID11520894,CID46239015,1,train
1954,3844,CID11520894,CID5311,1,train
1954,3860,CID11520894,CID5311497,1,train
1954,3895,CID11520894,CID5329102,1,train
1954,4237,CID11520894,CID59691338,1,train
1954,5058,CID11520894,CID9887053,1,train
1955,1998,CID11524144,CID11671467,1,train
1955,2083,CID11524144,CID11977753,1,train
1955,2438,CID11524144,CID16667669,1,train
1955,2457,CID11524144,CID16755649,1,train
1955,2715,CID11524144,CID24756910,1,train
1955,2723,CID11524144,CID24771867,1,train
1955,2732,CID11524144,CID24785538,1,train
1955,2771,CID11524144,CID24978538,1,train
1955,2896,CID11524144,CID2733525,1,train
1955,3002,CID11524144,CID3062316,1,train
1955,3167,CID11524144,CID38911,1,train
1955,3425,CID11524144,CID4477,1,train
1955,3868,CID11524144,CID5321010,1,train
1955,3899,CID11524144,CID5330286,1,train
1955,4038,CID11524144,CID54900,1,train
1955,4559,CID11524144,CID6914657,1,train
1956,2123,CID11525740,CID123608,1,train
1956,2163,CID11525740,CID132971,1,train
1956,2203,CID11525740,CID135401907,1,train
1956,2213,CID11525740,CID135410875,1,train
1956,2284,CID11525740,CID13988706,1,train
1956,2299,CID11525740,CID148121,1,train
1956,2486,CID11525740,CID176870,1,train
1956,2487,CID11525740,CID176871,1,train
1956,2546,CID11525740,CID208908,1,train
1956,2558,CID11525740,CID2141,1,train
1956,2698,CID11525740,CID24197464,1,train
1956,2727,CID11525740,CID24776445,1,train
1956,2730,CID11525740,CID2478,1,train
1956,2859,CID11525740,CID2578,1,train
1956,2869,CID11525740,CID2662,1,train
1956,2896,CID11525740,CID2733525,1,train
1956,2942,CID11525740,CID2907,1,train
1956,2948,CID11525740,CID29327,1,train
1956,2949,CID11525740,CID2942,1,train
1956,3002,CID11525740,CID3062316,1,train
1956,3112,CID11525740,CID356653,1,train
1956,3134,CID11525740,CID3690,1,train
1956,3225,CID11525740,CID4114,1,train
1956,3245,CID11525740,CID4212,1,train
1956,3365,CID11525740,CID443939,1,train
1956,3375,CID11525740,CID44403842,1,train
1956,3387,CID11525740,CID444795,1,train
1956,3831,CID11525740,CID5291,1,train
1956,3844,CID11525740,CID5311,1,train
1956,3895,CID11525740,CID5329102,1,train
1956,3944,CID11525740,CID5360373,1,train
1956,3958,CID11525740,CID5388983,1,train
1956,3964,CID11525740,CID5426,1,train
1956,4265,CID11525740,CID60198,1,train
1956,4283,CID11525740,CID60699,1,train
1956,4359,CID11525740,CID636362,1,train
1956,4543,CID11525740,CID68740,1,train
1956,4643,CID11525740,CID71384,1,train
1956,5034,CID11525740,CID9854073,1,train
1958,2740,CID11530459,CID24821094,1,train
1962,2116,CID11538455,CID122262,1,train
1962,2471,CID11538455,CID17134,1,train
1962,2638,CID11538455,CID23582824,1,train
1962,2943,CID11538455,CID29112,1,train
1962,3140,CID11538455,CID37393,1,train
1962,3384,CID11538455,CID44469321,1,train
1962,3421,CID11538455,CID447077,1,train
1962,3934,CID11538455,CID53494972,1,train
1962,4128,CID11538455,CID57336745,1,train
1962,4566,CID11538455,CID6917864,1,train
1973,2740,CID11577725,CID24821094,1,train
1975,2740,CID11595431,CID24821094,1,train
1978,2740,CID11609586,CID24821094,1,train
1985,2740,CID11625818,CID24821094,1,train
1988,2740,CID11634725,CID24821094,1,train
1997,2740,CID11667893,CID24821094,1,train
1998,2619,CID11671467,CID22833280,1,train
1998,2715,CID11671467,CID24756910,1,train
1998,2723,CID11671467,CID24771867,1,train
1998,2732,CID11671467,CID24785538,1,train
1998,2771,CID11671467,CID24978538,1,train
1998,3167,CID11671467,CID38911,1,train
1998,3414,CID11671467,CID446378,1,train
1998,3425,CID11671467,CID4477,1,train
1998,4038,CID11671467,CID54900,1,train
1998,4180,CID11671467,CID57519554,1,train
1998,4229,CID11671467,CID5944,1,train
1998,4469,CID11671467,CID6604870,1,train
1998,4529,CID11671467,CID68546,1,train
1998,4705,CID11671467,CID72686,1,train
1998,4769,CID11671467,CID73265318,1,train
1998,4800,CID11671467,CID73265389,1,train
2001,2740,CID11676786,CID24821094,1,train
2013,2740,CID11717001,CID24821094,1,train
2015,2431,CID11717641,CID16654980,1,train
2015,3927,CID11717641,CID53396328,1,train
2015,4700,CID11717641,CID72435,1,train
2015,4736,CID11717641,CID73265223,1,train
2015,4745,CID11717641,CID73265233,1,train
2019,2084,CID11740218,CID11978790,1,train
2019,2769,CID11740218,CID24964624,1,train
2019,2771,CID11740218,CID24978538,1,train
2019,4145,CID11740218,CID57441923,1,train
2019,4745,CID11740218,CID73265233,1,train
2019,4823,CID11740218,CID73461,1,train
2019,5010,CID11740218,CID9823820,1,train
2019,5082,CID11740218,CID9918559,1,train
2027,2083,CID117817422,CID11977753,1,train
2027,2431,CID117817422,CID16654980,1,train
2027,2441,CID117817422,CID16718576,1,train
2027,2732,CID117817422,CID24785538,1,train
2027,3449,CID117817422,CID449171,1,train
2027,3497,CID117817422,CID46188928,1,train
2027,3899,CID117817422,CID5330286,1,train
2027,3909,CID117817422,CID53340426,1,train
2046,2112,CID11876263,CID122108,1,train
2046,2155,CID11876263,CID13109,1,train
2046,2203,CID11876263,CID135401907,1,train
2046,2222,CID11876263,CID135413536,1,train
2046,2293,CID11876263,CID1461,1,train
2046,2311,CID11876263,CID150311,1,train
2046,2357,CID11876263,CID157920,1,train
2046,2430,CID11876263,CID165580,1,train
2046,2438,CID11876263,CID16667669,1,train
2046,2514,CID11876263,CID1935,1,train
2046,2527,CID11876263,CID1989,1,train
2046,2540,CID11876263,CID2082,1,train
2046,2544,CID11876263,CID208898,1,train
2046,2592,CID11876263,CID219078,1,train
2046,2609,CID11876263,CID22475,1,train
2046,2610,CID11876263,CID2249,1,train
2046,2620,CID11876263,CID2284,1,train
2046,2730,CID11876263,CID2478,1,train
2046,2859,CID11876263,CID2578,1,train
2046,2969,CID11876263,CID3019,1,train
2046,2984,CID11876263,CID3034034,1,train
2046,2989,CID11876263,CID3038,1,train
2046,3001,CID11876263,CID3055,1,train
2046,3016,CID11876263,CID3117,1,train
2046,3070,CID11876263,CID3373,1,train
2046,3078,CID11876263,CID3397,1,train
2046,3079,CID11876263,CID3406,1,train
2046,3103,CID11876263,CID3519,1,train
2046,3140,CID11876263,CID37393,1,train
2046,3164,CID11876263,CID3883,1,train
2046,3181,CID11876263,CID3955,1,train
2046,3201,CID11876263,CID4037,1,train
2046,3205,CID11876263,CID4054,1,train
2046,3230,CID11876263,CID41684,1,train
2046,3233,CID11876263,CID4173,1,train
2046,3245,CID11876263,CID4212,1,train
2046,3397,CID11876263,CID445643,1,train
2046,3419,CID11876263,CID446987,1,train
2046,3425,CID11876263,CID4477,1,train
2046,3453,CID11876263,CID449381,1,train
2046,3461,CID11876263,CID4513,1,train
2046,3718,CID11876263,CID517546,1,train
2046,3831,CID11876263,CID5291,1,train
2046,3844,CID11876263,CID5311,1,train
2046,3872,CID11876263,CID5323714,1,train
2046,3895,CID11876263,CID5329102,1,train
2046,3930,CID11876263,CID5342,1,train
2046,3942,CID11876263,CID5358,1,train
2046,3945,CID11876263,CID5360515,1,train
2046,3964,CID11876263,CID5426,1,train
2046,3967,CID11876263,CID5430,1,train
2046,3982,CID11876263,CID5462501,1,train
2046,3988,CID11876263,CID54675769,1,train
2046,4003,CID11876263,CID54680692,1,train
2046,4005,CID11876263,CID54684141,1,train
2046,4039,CID11876263,CID5493444,1,train
2046,4051,CID11876263,CID5530,1,train
2046,4054,CID11876263,CID5546,1,train
2046,4206,CID11876263,CID5831,1,train
2046,4207,CID11876263,CID5833,1,train
2046,4252,CID11876263,CID6013,1,train
2046,4259,CID11876263,CID6018,1,train
2046,4279,CID11876263,CID60648,1,train
2046,4291,CID11876263,CID60795,1,train
2046,4299,CID11876263,CID60838,1,train
2046,4312,CID11876263,CID6100,1,train
2046,4353,CID11876263,CID6321424,1,train
2046,4358,CID11876263,CID6337614,1,train
2046,4443,CID11876263,CID656583,1,train
2046,4535,CID11876263,CID68617,1,train
2046,4558,CID11876263,CID6914273,1,train
2046,4577,CID11876263,CID6918296,1,train
2046,4837,CID11876263,CID7550,1,train
2046,4929,CID11876263,CID91649,1,train
2046,4949,CID11876263,CID92722,1,train
2046,5000,CID11876263,CID9811704,1,train
2046,5089,CID11876263,CID9930913,1,train
2057,2740,CID119192,CID24821094,1,train
2066,2083,CID11957503,CID11977753,1,train
2066,2230,CID11957503,CID135421197,1,train
2066,2431,CID11957503,CID16654980,1,train
2066,2441,CID11957503,CID16718576,1,train
2066,3305,CID11957503,CID441361,1,train
2066,3449,CID11957503,CID449171,1,train
2066,3497,CID11957503,CID46188928,1,train
2066,3899,CID11957503,CID5330286,1,train
2066,4255,CID11957503,CID60160561,1,train
2078,2431,CID11964036,CID16654980,1,train
2078,2740,CID11964036,CID24821094,1,train
2078,2743,CID11964036,CID24826799,1,train
2083,2230,CID11977753,CID135421197,1,train
2083,2408,CID11977753,CID16222096,1,train
2083,2409,CID11977753,CID16222097,1,train
2083,2441,CID11977753,CID16718576,1,train
2083,2449,CID11977753,CID16736529,1,train
2083,2486,CID11977753,CID176870,1,train
2083,2546,CID11977753,CID208908,1,train
2083,2578,CID11977753,CID216454,1,train
2083,2684,CID11977753,CID23725625,1,train
2083,2712,CID11977753,CID24748204,1,train
2083,2715,CID11977753,CID24756910,1,train
2083,2723,CID11977753,CID24771867,1,train
2083,2729,CID11977753,CID24779775,1,train
2083,2732,CID11977753,CID24785538,1,train
2083,2740,CID11977753,CID24821094,1,train
2083,2769,CID11977753,CID24964624,1,train
2083,2771,CID11977753,CID24978538,1,train
2083,2942,CID11977753,CID2907,1,train
2083,3002,CID11977753,CID3062316,1,train
2083,3021,CID11977753,CID31411,1,train
2083,3167,CID11977753,CID38911,1,train
2083,3414,CID11977753,CID446378,1,train
2083,3449,CID11977753,CID449171,1,train
2083,3497,CID11977753,CID46188928,1,train
2083,3519,CID11977753,CID46239015,1,train
2083,3692,CID11977753,CID51001932,1,train
2083,3844,CID11977753,CID5311,1,train
2083,3860,CID11977753,CID5311497,1,train
2083,3868,CID11977753,CID5321010,1,train
2083,3895,CID11977753,CID5329102,1,train
2083,3899,CID11977753,CID5330286,1,train
2083,3909,CID11977753,CID53340426,1,train
2083,4038,CID11977753,CID54900,1,train
2083,4180,CID11977753,CID57519554,1,train
2083,4237,CID11977753,CID59691338,1,train
2083,4299,CID11977753,CID60838,1,train
2083,4508,CID11977753,CID6746983,1,train
2083,4529,CID11977753,CID68546,1,train
2083,4559,CID11977753,CID6914657,1,train
2083,4705,CID11977753,CID72686,1,train
2083,4769,CID11977753,CID73265318,1,train
2083,4800,CID11977753,CID73265389,1,train
2083,4823,CID11977753,CID73461,1,train
2083,4986,CID11977753,CID9800555,1,train
2083,5058,CID11977753,CID9887053,1,train
2084,2252,CID11978790,CID135564985,1,train
2084,2299,CID11978790,CID148121,1,train
2084,2346,CID11978790,CID15558393,1,train
2084,2409,CID11978790,CID16222097,1,train
2084,2431,CID11978790,CID16654980,1,train
2084,2701,CID11978790,CID24360,1,train
2084,2743,CID11978790,CID24826799,1,train
2084,2769,CID11978790,CID24964624,1,train
2084,2771,CID11978790,CID24978538,1,train
2084,3016,CID11978790,CID3117,1,train
2084,3414,CID11978790,CID446378,1,train
2084,3927,CID11978790,CID53396328,1,train
2084,4145,CID11978790,CID57441923,1,train
2084,4453,CID11978790,CID657237,1,train
2084,4487,CID11978790,CID66646767,1,train
2084,4736,CID11978790,CID73265223,1,train
2084,4745,CID11978790,CID73265233,1,train
2084,4796,CID11978790,CID73265377,1,train
2084,4823,CID11978790,CID73461,1,train
2084,5082,CID11978790,CID9918559,1,train
2086,2740,CID11983295,CID24821094,1,train
2088,2740,CID11987888,CID24821094,1,train
2112,2152,CID122108,CID130881,1,train
2112,2153,CID122108,CID130904,1,train
2112,2155,CID122108,CID13109,1,train
2112,2195,CID122108,CID135398740,1,train
2112,2203,CID122108,CID135401907,1,train
2112,2222,CID122108,CID135413536,1,train
2112,2226,CID122108,CID135415564,1,train
2112,2293,CID122108,CID1461,1,train
2112,2311,CID122108,CID150311,1,train
2112,2357,CID122108,CID157920,1,train
2112,2430,CID122108,CID165580,1,train
2112,2438,CID122108,CID16667669,1,train
2112,2514,CID122108,CID1935,1,train
2112,2527,CID122108,CID1989,1,train
2112,2540,CID122108,CID2082,1,train
2112,2544,CID122108,CID208898,1,train
2112,2582,CID122108,CID2170,1,train
2112,2592,CID122108,CID219078,1,train
2112,2609,CID122108,CID22475,1,train
2112,2610,CID122108,CID2249,1,train
2112,2620,CID122108,CID2284,1,train
2112,2730,CID122108,CID2478,1,train
2112,2859,CID122108,CID2578,1,train
2112,2969,CID122108,CID3019,1,train
2112,2984,CID122108,CID3034034,1,train
2112,3016,CID122108,CID3117,1,train
2112,3051,CID122108,CID3331,1,train
2112,3070,CID122108,CID3373,1,train
2112,3078,CID122108,CID3397,1,train
2112,3079,CID122108,CID3406,1,train
2112,3103,CID122108,CID3519,1,train
2112,3140,CID122108,CID37393,1,train
2112,3164,CID122108,CID3883,1,train
2112,3198,CID122108,CID4032,1,train
2112,3201,CID122108,CID4037,1,train
2112,3205,CID122108,CID4054,1,train
2112,3230,CID122108,CID41684,1,train
2112,3233,CID122108,CID4173,1,train
2112,3245,CID122108,CID4212,1,train
2112,3397,CID122108,CID445643,1,train
2112,3419,CID122108,CID446987,1,train
2112,3425,CID122108,CID4477,1,train
2112,3533,CID122108,CID4674,1,train
2112,3618,CID122108,CID4912,1,train
2112,3718,CID122108,CID517546,1,train
2112,3812,CID122108,CID5284583,1,train
2112,3831,CID122108,CID5291,1,train
2112,3842,CID122108,CID5310966,1,train
2112,3844,CID122108,CID5311,1,train
2112,3849,CID122108,CID5311068,1,train
2112,3872,CID122108,CID5323714,1,train
2112,3930,CID122108,CID5342,1,train
2112,3942,CID122108,CID5358,1,train
2112,3945,CID122108,CID5360515,1,train
2112,3967,CID122108,CID5430,1,train
2112,3988,CID122108,CID54675769,1,train
2112,4003,CID122108,CID54680692,1,train
2112,4005,CID122108,CID54684141,1,train
2112,4039,CID122108,CID5493444,1,train
2112,4051,CID122108,CID5530,1,train
2112,4054,CID122108,CID5546,1,train
2112,4206,CID122108,CID5831,1,train
2112,4245,CID122108,CID5991,1,train
2112,4252,CID122108,CID6013,1,train
2112,4279,CID122108,CID60648,1,train
2112,4290,CID122108,CID60753,1,train
2112,4291,CID122108,CID60795,1,train
2112,4299,CID122108,CID60838,1,train
2112,4312,CID122108,CID6100,1,train
2112,4353,CID122108,CID6321424,1,train
2112,4358,CID122108,CID6337614,1,train
2112,4368,CID122108,CID64139,1,train
2112,4535,CID122108,CID68617,1,train
2112,4558,CID122108,CID6914273,1,train
2112,4577,CID122108,CID6918296,1,train
2112,4837,CID122108,CID7550,1,train
2112,4929,CID122108,CID91649,1,train
2112,4949,CID122108,CID92722,1,train
2112,5089,CID122108,CID9930913,1,train
2115,2729,CID122197581,CID24779775,1,train
2115,3909,CID122197581,CID53340426,1,train
2116,2361,CID122262,CID158797,1,train
2116,2471,CID122262,CID17134,1,train
2116,2638,CID122262,CID23582824,1,train
2116,2819,CID122262,CID25167777,1,train
2116,2943,CID122262,CID29112,1,train
2116,3077,CID122262,CID3396,1,train
2116,3082,CID122262,CID34312,1,train
2116,3089,CID122262,CID34633,1,train
2116,3126,CID122262,CID36708,1,train
2116,3140,CID122262,CID37393,1,train
2116,3149,CID122262,CID3784,1,train
2116,3176,CID122262,CID3932,1,train
2116,3194,CID122262,CID4008,1,train
2116,3222,CID122262,CID41022,1,train
2116,3298,CID122262,CID441325,1,train
2116,3384,CID122262,CID44469321,1,train
2116,3421,CID122262,CID447077,1,train
2116,3424,CID122262,CID4474,1,train
2116,3578,CID122262,CID4746,1,train
2116,3934,CID122262,CID53494972,1,train
2116,4293,CID122262,CID60810,1,train
2116,4307,CID122262,CID60934,1,train
2116,4354,CID122262,CID63224,1,train
2116,4397,CID122262,CID644274,1,train
2116,4472,CID122262,CID66064,1,train
2116,4566,CID122262,CID6917864,1,train
2116,4583,CID122262,CID6918446,1,train
2116,5032,CID122262,CID9852573,1,train
2116,5055,CID122262,CID9882793,1,train
2123,2163,CID123608,CID132971,1,train
2123,2203,CID123608,CID135401907,1,train
2123,2213,CID123608,CID135410875,1,train
2123,2284,CID123608,CID13988706,1,train
2123,2299,CID123608,CID148121,1,train
2123,2487,CID123608,CID176871,1,train
2123,2546,CID123608,CID208908,1,train
2123,2558,CID123608,CID2141,1,train
2123,2698,CID123608,CID24197464,1,train
2123,2727,CID123608,CID24776445,1,train
2123,2730,CID123608,CID2478,1,train
2123,2859,CID123608,CID2578,1,train
2123,2869,CID123608,CID2662,1,train
2123,2896,CID123608,CID2733525,1,train
2123,2942,CID123608,CID2907,1,train
2123,2948,CID123608,CID29327,1,train
2123,3002,CID123608,CID3062316,1,train
2123,3112,CID123608,CID356653,1,train
2123,3134,CID123608,CID3690,1,train
2123,3225,CID123608,CID4114,1,train
2123,3245,CID123608,CID4212,1,train
2123,3365,CID123608,CID443939,1,train
2123,3375,CID123608,CID44403842,1,train
2123,3387,CID123608,CID444795,1,train
2123,3831,CID123608,CID5291,1,train
2123,3844,CID123608,CID5311,1,train
2123,3895,CID123608,CID5329102,1,train
2123,3944,CID123608,CID5360373,1,train
2123,3958,CID123608,CID5388983,1,train
2123,3964,CID123608,CID5426,1,train
2123,4265,CID123608,CID60198,1,train
2123,4283,CID123608,CID60699,1,train
2123,4359,CID123608,CID636362,1,train
2123,4543,CID123608,CID68740,1,train
2123,4643,CID123608,CID71384,1,train
2135,2431,CID126565,CID16654980,1,train
2135,2701,CID126565,CID24360,1,train
2135,2740,CID126565,CID24821094,1,train
2135,3314,CID126565,CID44156902,1,train
2135,3571,CID126565,CID46944259,1,train
2135,4128,CID126565,CID57336745,1,train
2135,4559,CID126565,CID6914657,1,train
2135,5082,CID126565,CID9918559,1,train
2136,2740,CID126758,CID24821094,1,train
2144,2252,CID129010078,CID135564985,1,train
2144,2740,CID129010078,CID24821094,1,train
2144,3002,CID129010078,CID3062316,1,train
2144,3050,CID129010078,CID3330,1,train
2144,3414,CID129010078,CID446378,1,train
2144,3513,CID129010078,CID46220502,1,train
2144,3839,CID129010078,CID52947716,1,train
2144,5032,CID129010078,CID9852573,1,train
2144,5107,CID129010078,CID9949641,1,train
2148,2740,CID12947,CID24821094,1,train
2152,2155,CID130881,CID13109,1,train
2152,2195,CID130881,CID135398740,1,train
2152,2203,CID130881,CID135401907,1,train
2152,2222,CID130881,CID135413536,1,train
2152,2226,CID130881,CID135415564,1,train
2152,2293,CID130881,CID1461,1,train
2152,2311,CID130881,CID150311,1,train
2152,2357,CID130881,CID157920,1,train
2152,2430,CID130881,CID165580,1,train
2152,2438,CID130881,CID16667669,1,train
2152,2527,CID130881,CID1989,1,train
2152,2540,CID130881,CID2082,1,train
2152,2544,CID130881,CID208898,1,train
2152,2582,CID130881,CID2170,1,train
2152,2592,CID130881,CID219078,1,train
2152,2609,CID130881,CID22475,1,train
2152,2610,CID130881,CID2249,1,train
2152,2620,CID130881,CID2284,1,train
2152,2730,CID130881,CID2478,1,train
2152,2859,CID130881,CID2578,1,train
2152,2969,CID130881,CID3019,1,train
2152,2984,CID130881,CID3034034,1,train
2152,2989,CID130881,CID3038,1,train
2152,3001,CID130881,CID3055,1,train
2152,3016,CID130881,CID3117,1,train
2152,3051,CID130881,CID3331,1,train
2152,3070,CID130881,CID3373,1,train
2152,3078,CID130881,CID3397,1,train
2152,3079,CID130881,CID3406,1,train
2152,3103,CID130881,CID3519,1,train
2152,3140,CID130881,CID37393,1,train
2152,3164,CID130881,CID3883,1,train
2152,3181,CID130881,CID3955,1,train
2152,3198,CID130881,CID4032,1,train
2152,3201,CID130881,CID4037,1,train
2152,3205,CID130881,CID4054,1,train
2152,3230,CID130881,CID41684,1,train
2152,3233,CID130881,CID4173,1,train
2152,3281,CID130881,CID439693,1,train
2152,3397,CID130881,CID445643,1,train
2152,3419,CID130881,CID446987,1,train
2152,3425,CID130881,CID4477,1,train
2152,3461,CID130881,CID4513,1,train
2152,3533,CID130881,CID4674,1,train
2152,3618,CID130881,CID4912,1,train
2152,3718,CID130881,CID517546,1,train
2152,3831,CID130881,CID5291,1,train
2152,3844,CID130881,CID5311,1,train
2152,3849,CID130881,CID5311068,1,train
2152,3872,CID130881,CID5323714,1,train
2152,3930,CID130881,CID5342,1,train
2152,3942,CID130881,CID5358,1,train
2152,3945,CID130881,CID5360515,1,train
2152,3964,CID130881,CID5426,1,train
2152,3967,CID130881,CID5430,1,train
2152,3982,CID130881,CID5462501,1,train
2152,3988,CID130881,CID54675769,1,train
2152,4005,CID130881,CID54684141,1,train
2152,4039,CID130881,CID5493444,1,train
2152,4051,CID130881,CID5530,1,train
2152,4054,CID130881,CID5546,1,train
2152,4206,CID130881,CID5831,1,train
2152,4207,CID130881,CID5833,1,train
2152,4245,CID130881,CID5991,1,train
2152,4252,CID130881,CID6013,1,train
2152,4259,CID130881,CID6018,1,train
2152,4279,CID130881,CID60648,1,train
2152,4290,CID130881,CID60753,1,train
2152,4291,CID130881,CID60795,1,train
2152,4299,CID130881,CID60838,1,train
2152,4312,CID130881,CID6100,1,train
2152,4353,CID130881,CID6321424,1,train
2152,4358,CID130881,CID6337614,1,train
2152,4368,CID130881,CID64139,1,train
2152,4443,CID130881,CID656583,1,train
2152,4558,CID130881,CID6914273,1,train
2152,4929,CID130881,CID91649,1,train
2152,4949,CID130881,CID92722,1,train
2152,5000,CID130881,CID9811704,1,train
2152,5089,CID130881,CID9930913,1,train
2153,2155,CID130904,CID13109,1,train
2153,2203,CID130904,CID135401907,1,train
2153,2222,CID130904,CID135413536,1,train
2153,2226,CID130904,CID135415564,1,train
2153,2293,CID130904,CID1461,1,train
2153,2311,CID130904,CID150311,1,train
2153,2430,CID130904,CID165580,1,train
2153,2438,CID130904,CID16667669,1,train
2153,2514,CID130904,CID1935,1,train
2153,2527,CID130904,CID1989,1,train
2153,2540,CID130904,CID2082,1,train
2153,2555,CID130904,CID2130,1,train
2153,2592,CID130904,CID219078,1,train
2153,2609,CID130904,CID22475,1,train
2153,2610,CID130904,CID2249,1,train
2153,2730,CID130904,CID2478,1,train
2153,2859,CID130904,CID2578,1,train
2153,2969,CID130904,CID3019,1,train
2153,2984,CID130904,CID3034034,1,train
2153,2989,CID130904,CID3038,1,train
2153,3001,CID130904,CID3055,1,train
2153,3016,CID130904,CID3117,1,train
2153,3051,CID130904,CID3331,1,train
2153,3070,CID130904,CID3373,1,train
2153,3078,CID130904,CID3397,1,train
2153,3079,CID130904,CID3406,1,train
2153,3103,CID130904,CID3519,1,train
2153,3140,CID130904,CID37393,1,train
2153,3164,CID130904,CID3883,1,train
2153,3181,CID130904,CID3955,1,train
2153,3198,CID130904,CID4032,1,train
2153,3201,CID130904,CID4037,1,train
2153,3205,CID130904,CID4054,1,train
2153,3230,CID130904,CID41684,1,train
2153,3233,CID130904,CID4173,1,train
2153,3245,CID130904,CID4212,1,train
2153,3281,CID130904,CID439693,1,train
2153,3425,CID130904,CID4477,1,train
2153,3453,CID130904,CID449381,1,train
2153,3461,CID130904,CID4513,1,train
2153,3533,CID130904,CID4674,1,train
2153,3618,CID130904,CID4912,1,train
2153,3718,CID130904,CID517546,1,train
2153,3831,CID130904,CID5291,1,train
2153,3842,CID130904,CID5310966,1,train
2153,3844,CID130904,CID5311,1,train
2153,3849,CID130904,CID5311068,1,train
2153,3872,CID130904,CID5323714,1,train
2153,3895,CID130904,CID5329102,1,train
2153,3930,CID130904,CID5342,1,train
2153,3945,CID130904,CID5360515,1,train
2153,3964,CID130904,CID5426,1,train
2153,3982,CID130904,CID5462501,1,train
2153,3988,CID130904,CID54675769,1,train
2153,4003,CID130904,CID54680692,1,train
2153,4005,CID130904,CID54684141,1,train
2153,4039,CID130904,CID5493444,1,train
2153,4051,CID130904,CID5530,1,train
2153,4206,CID130904,CID5831,1,train
2153,4207,CID130904,CID5833,1,train
2153,4245,CID130904,CID5991,1,train
2153,4259,CID130904,CID6018,1,train
2153,4290,CID130904,CID60753,1,train
2153,4291,CID130904,CID60795,1,train
2153,4299,CID130904,CID60838,1,train
2153,4312,CID130904,CID6100,1,train
2153,4353,CID130904,CID6321424,1,train
2153,4358,CID130904,CID6337614,1,train
2153,4368,CID130904,CID64139,1,train
2153,4535,CID130904,CID68617,1,train
2153,4558,CID130904,CID6914273,1,train
2153,4837,CID130904,CID7550,1,train
2153,4929,CID130904,CID91649,1,train
2153,5000,CID130904,CID9811704,1,train
2153,5089,CID130904,CID9930913,1,train
2155,2195,CID13109,CID135398740,1,train
2155,2203,CID13109,CID135401907,1,train
2155,2222,CID13109,CID135413536,1,train
2155,2226,CID13109,CID135415564,1,train
2155,2311,CID13109,CID150311,1,train
2155,2357,CID13109,CID157920,1,train
2155,2430,CID13109,CID165580,1,train
2155,2438,CID13109,CID16667669,1,train
2155,2514,CID13109,CID1935,1,train
2155,2527,CID13109,CID1989,1,train
2155,2540,CID13109,CID2082,1,train
2155,2544,CID13109,CID208898,1,train
2155,2555,CID13109,CID2130,1,train
2155,2582,CID13109,CID2170,1,train
2155,2609,CID13109,CID22475,1,train
2155,2610,CID13109,CID2249,1,train
2155,2620,CID13109,CID2284,1,train
2155,2730,CID13109,CID2478,1,train
2155,2859,CID13109,CID2578,1,train
2155,2969,CID13109,CID3019,1,train
2155,2984,CID13109,CID3034034,1,train
2155,2989,CID13109,CID3038,1,train
2155,3001,CID13109,CID3055,1,train
2155,3016,CID13109,CID3117,1,train
2155,3051,CID13109,CID3331,1,train
2155,3070,CID13109,CID3373,1,train
2155,3078,CID13109,CID3397,1,train
2155,3079,CID13109,CID3406,1,train
2155,3103,CID13109,CID3519,1,train
2155,3140,CID13109,CID37393,1,train
2155,3164,CID13109,CID3883,1,train
2155,3181,CID13109,CID3955,1,train
2155,3201,CID13109,CID4037,1,train
2155,3230,CID13109,CID41684,1,train
2155,3233,CID13109,CID4173,1,train
2155,3245,CID13109,CID4212,1,train
2155,3281,CID13109,CID439693,1,train
2155,3397,CID13109,CID445643,1,train
2155,3419,CID13109,CID446987,1,train
2155,3425,CID13109,CID4477,1,train
2155,3453,CID13109,CID449381,1,train
2155,3461,CID13109,CID4513,1,train
2155,3533,CID13109,CID4674,1,train
2155,3618,CID13109,CID4912,1,train
2155,3718,CID13109,CID517546,1,train
2155,3831,CID13109,CID5291,1,train
2155,3844,CID13109,CID5311,1,train
2155,3849,CID13109,CID5311068,1,train
2155,3872,CID13109,CID5323714,1,train
2155,3895,CID13109,CID5329102,1,train
2155,3942,CID13109,CID5358,1,train
2155,3945,CID13109,CID5360515,1,train
2155,3964,CID13109,CID5426,1,train
2155,3967,CID13109,CID5430,1,train
2155,3982,CID13109,CID5462501,1,train
2155,3988,CID13109,CID54675769,1,train
2155,4003,CID13109,CID54680692,1,train
2155,4005,CID13109,CID54684141,1,train
2155,4039,CID13109,CID5493444,1,train
2155,4051,CID13109,CID5530,1,train
2155,4054,CID13109,CID5546,1,train
2155,4206,CID13109,CID5831,1,train
2155,4252,CID13109,CID6013,1,train
2155,4259,CID13109,CID6018,1,train
2155,4279,CID13109,CID60648,1,train
2155,4299,CID13109,CID60838,1,train
2155,4312,CID13109,CID6100,1,train
2155,4353,CID13109,CID6321424,1,train
2155,4358,CID13109,CID6337614,1,train
2155,4368,CID13109,CID64139,1,train
2155,4443,CID13109,CID656583,1,train
2155,4558,CID13109,CID6914273,1,train
2155,4577,CID13109,CID6918296,1,train
2155,4837,CID13109,CID7550,1,train
2155,4929,CID13109,CID91649,1,train
2155,5089,CID13109,CID9930913,1,train
2163,2203,CID132971,CID135401907,1,train
2163,2213,CID132971,CID135410875,1,train
2163,2284,CID132971,CID13988706,1,train
2163,2299,CID132971,CID148121,1,train
2163,2486,CID132971,CID176870,1,train
2163,2487,CID132971,CID176871,1,train
2163,2546,CID132971,CID208908,1,train
2163,2558,CID132971,CID2141,1,train
2163,2698,CID132971,CID24197464,1,train
2163,2727,CID132971,CID24776445,1,train
2163,2730,CID132971,CID2478,1,train
2163,2859,CID132971,CID2578,1,train
2163,2869,CID132971,CID2662,1,train
2163,2896,CID132971,CID2733525,1,train
2163,2942,CID132971,CID2907,1,train
2163,2948,CID132971,CID29327,1,train
2163,2949,CID132971,CID2942,1,train
2163,3002,CID132971,CID3062316,1,train
2163,3112,CID132971,CID356653,1,train
2163,3134,CID132971,CID3690,1,train
2163,3225,CID132971,CID4114,1,train
2163,3245,CID132971,CID4212,1,train
2163,3365,CID132971,CID443939,1,train
2163,3375,CID132971,CID44403842,1,train
2163,3387,CID132971,CID444795,1,train
2163,3831,CID132971,CID5291,1,train
2163,3844,CID132971,CID5311,1,train
2163,3895,CID132971,CID5329102,1,train
2163,3934,CID132971,CID53494972,1,train
2163,3944,CID132971,CID5360373,1,train
2163,3958,CID132971,CID5388983,1,train
2163,3964,CID132971,CID5426,1,train
2163,4265,CID132971,CID60198,1,train
2163,4283,CID132971,CID60699,1,train
2163,4353,CID132971,CID6321424,1,train
2163,4359,CID132971,CID636362,1,train
2163,4543,CID132971,CID68740,1,train
2163,4643,CID132971,CID71384,1,train
2163,5034,CID132971,CID9854073,1,train
2164,2740,CID133021,CID24821094,1,train
2171,2740,CID1345,CID24821094,1,train
2178,2740,CID135398491,CID24821094,1,train
2195,2226,CID135398740,CID135415564,1,train
2195,2293,CID135398740,CID1461,1,train
2195,2311,CID135398740,CID150311,1,train
2195,2357,CID135398740,CID157920,1,train
2195,2430,CID135398740,CID165580,1,train
2195,2438,CID135398740,CID16667669,1,train
2195,2514,CID135398740,CID1935,1,train
2195,2527,CID135398740,CID1989,1,train
2195,2540,CID135398740,CID2082,1,train
2195,2544,CID135398740,CID208898,1,train
2195,2582,CID135398740,CID2170,1,train
2195,2609,CID135398740,CID22475,1,train
2195,2610,CID135398740,CID2249,1,train
2195,2620,CID135398740,CID2284,1,train
2195,2859,CID135398740,CID2578,1,train
2195,2875,CID135398740,CID26879,1,train
2195,2969,CID135398740,CID3019,1,train
2195,2984,CID135398740,CID3034034,1,train
2195,2989,CID135398740,CID3038,1,train
2195,3001,CID135398740,CID3055,1,train
2195,3016,CID135398740,CID3117,1,train
2195,3070,CID135398740,CID3373,1,train
2195,3078,CID135398740,CID3397,1,train
2195,3079,CID135398740,CID3406,1,train
2195,3103,CID135398740,CID3519,1,train
2195,3140,CID135398740,CID37393,1,train
2195,3164,CID135398740,CID3883,1,train
2195,3181,CID135398740,CID3955,1,train
2195,3198,CID135398740,CID4032,1,train
2195,3201,CID135398740,CID4037,1,train
2195,3205,CID135398740,CID4054,1,train
2195,3230,CID135398740,CID41684,1,train
2195,3233,CID135398740,CID4173,1,train
2195,3245,CID135398740,CID4212,1,train
2195,3281,CID135398740,CID439693,1,train
2195,3397,CID135398740,CID445643,1,train
2195,3419,CID135398740,CID446987,1,train
2195,3425,CID135398740,CID4477,1,train
2195,3453,CID135398740,CID449381,1,train
2195,3461,CID135398740,CID4513,1,train
2195,3533,CID135398740,CID4674,1,train
2195,3618,CID135398740,CID4912,1,train
2195,3718,CID135398740,CID517546,1,train
2195,3812,CID135398740,CID5284583,1,train
2195,3831,CID135398740,CID5291,1,train
2195,3842,CID135398740,CID5310966,1,train
2195,3844,CID135398740,CID5311,1,train
2195,3849,CID135398740,CID5311068,1,train
2195,3872,CID135398740,CID5323714,1,train
2195,3895,CID135398740,CID5329102,1,train
2195,3930,CID135398740,CID5342,1,train
2195,3942,CID135398740,CID5358,1,train
2195,3945,CID135398740,CID5360515,1,train
2195,3964,CID135398740,CID5426,1,train
2195,3967,CID135398740,CID5430,1,train
2195,3988,CID135398740,CID54675769,1,train
2195,4003,CID135398740,CID54680692,1,train
2195,4005,CID135398740,CID54684141,1,train
2195,4039,CID135398740,CID5493444,1,train
2195,4051,CID135398740,CID5530,1,train
2195,4054,CID135398740,CID5546,1,train
2195,4206,CID135398740,CID5831,1,train
2195,4245,CID135398740,CID5991,1,train
2195,4252,CID135398740,CID6013,1,train
2195,4259,CID135398740,CID6018,1,train
2195,4279,CID135398740,CID60648,1,train
2195,4290,CID135398740,CID60753,1,train
2195,4291,CID135398740,CID60795,1,train
2195,4299,CID135398740,CID60838,1,train
2195,4312,CID135398740,CID6100,1,train
2195,4353,CID135398740,CID6321424,1,train
2195,4358,CID135398740,CID6337614,1,train
2195,4368,CID135398740,CID64139,1,train
2195,4443,CID135398740,CID656583,1,train
2195,4535,CID135398740,CID68617,1,train
2195,4558,CID135398740,CID6914273,1,train
2195,4577,CID135398740,CID6918296,1,train
2195,4837,CID135398740,CID7550,1,train
2195,4929,CID135398740,CID91649,1,train
2195,4949,CID135398740,CID92722,1,train
2195,5000,CID135398740,CID9811704,1,train
2195,5089,CID135398740,CID9930913,1,train
2201,2740,CID135400182,CID24821094,1,train
2203,2213,CID135401907,CID135410875,1,train
2203,2222,CID135401907,CID135413536,1,train
2203,2226,CID135401907,CID135415564,1,train
2203,2284,CID135401907,CID13988706,1,train
2203,2293,CID135401907,CID1461,1,train
2203,2299,CID135401907,CID148121,1,train
2203,2311,CID135401907,CID150311,1,train
2203,2357,CID135401907,CID157920,1,train
2203,2430,CID135401907,CID165580,1,train
2203,2438,CID135401907,CID16667669,1,train
2203,2486,CID135401907,CID176870,1,train
2203,2487,CID135401907,CID176871,1,train
2203,2514,CID135401907,CID1935,1,train
2203,2527,CID135401907,CID1989,1,train
2203,2540,CID135401907,CID2082,1,train
2203,2544,CID135401907,CID208898,1,train
2203,2546,CID135401907,CID208908,1,train
2203,2555,CID135401907,CID2130,1,train
2203,2558,CID135401907,CID2141,1,train
2203,2592,CID135401907,CID219078,1,train
2203,2609,CID135401907,CID22475,1,train
2203,2620,CID135401907,CID2284,1,train
2203,2698,CID135401907,CID24197464,1,train
2203,2727,CID135401907,CID24776445,1,train
2203,2730,CID135401907,CID2478,1,train
2203,2859,CID135401907,CID2578,1,train
2203,2869,CID135401907,CID2662,1,train
2203,2875,CID135401907,CID26879,1,train
2203,2896,CID135401907,CID2733525,1,train
2203,2942,CID135401907,CID2907,1,train
2203,2948,CID135401907,CID29327,1,train
2203,2949,CID135401907,CID2942,1,train
2203,2969,CID135401907,CID3019,1,train
2203,2984,CID135401907,CID3034034,1,train
2203,3001,CID135401907,CID3055,1,train
2203,3002,CID135401907,CID3062316,1,train
2203,3016,CID135401907,CID3117,1,train
2203,3070,CID135401907,CID3373,1,train
2203,3078,CID135401907,CID3397,1,train
2203,3079,CID135401907,CID3406,1,train
2203,3103,CID135401907,CID3519,1,train
2203,3112,CID135401907,CID356653,1,train
2203,3134,CID135401907,CID3690,1,train
2203,3140,CID135401907,CID37393,1,train
2203,3181,CID135401907,CID3955,1,train
2203,3198,CID135401907,CID4032,1,train
2203,3201,CID135401907,CID4037,1,train
2203,3205,CID135401907,CID4054,1,train
2203,3225,CID135401907,CID4114,1,train
2203,3230,CID135401907,CID41684,1,train
2203,3233,CID135401907,CID4173,1,train
2203,3245,CID135401907,CID4212,1,train
2203,3281,CID135401907,CID439693,1,train
2203,3365,CID135401907,CID443939,1,train
2203,3375,CID135401907,CID44403842,1,train
2203,3387,CID135401907,CID444795,1,train
2203,3397,CID135401907,CID445643,1,train
2203,3419,CID135401907,CID446987,1,train
2203,3425,CID135401907,CID4477,1,train
2203,3453,CID135401907,CID449381,1,train
2203,3461,CID135401907,CID4513,1,train
2203,3533,CID135401907,CID4674,1,train
2203,3618,CID135401907,CID4912,1,train
2203,3718,CID135401907,CID517546,1,train
2203,3831,CID135401907,CID5291,1,train
2203,3842,CID135401907,CID5310966,1,train
2203,3844,CID135401907,CID5311,1,train
2203,3872,CID135401907,CID5323714,1,train
2203,3895,CID135401907,CID5329102,1,train
2203,3930,CID135401907,CID5342,1,train
2203,3942,CID135401907,CID5358,1,train
2203,3944,CID135401907,CID5360373,1,train
2203,3958,CID135401907,CID5388983,1,train
2203,3964,CID135401907,CID5426,1,train
2203,3982,CID135401907,CID5462501,1,train
2203,3988,CID135401907,CID54675769,1,train
2203,4003,CID135401907,CID54680692,1,train
2203,4005,CID135401907,CID54684141,1,train
2203,4039,CID135401907,CID5493444,1,train
2203,4051,CID135401907,CID5530,1,train
2203,4054,CID135401907,CID5546,1,train
2203,4245,CID135401907,CID5991,1,train
2203,4259,CID135401907,CID6018,1,train
2203,4265,CID135401907,CID60198,1,train
2203,4279,CID135401907,CID60648,1,train
2203,4283,CID135401907,CID60699,1,train
2203,4290,CID135401907,CID60753,1,train
2203,4291,CID135401907,CID60795,1,train
2203,4299,CID135401907,CID60838,1,train
2203,4353,CID135401907,CID6321424,1,train
2203,4358,CID135401907,CID6337614,1,train
2203,4359,CID135401907,CID636362,1,train
2203,4368,CID135401907,CID64139,1,train
2203,4535,CID135401907,CID68617,1,train
2203,4543,CID135401907,CID68740,1,train
2203,4558,CID135401907,CID6914273,1,train
2203,4577,CID135401907,CID6918296,1,train
2203,4643,CID135401907,CID71384,1,train
2203,4837,CID135401907,CID7550,1,train
2203,4929,CID135401907,CID91649,1,train
2203,4949,CID135401907,CID92722,1,train
2203,5000,CID135401907,CID9811704,1,train
2203,5034,CID135401907,CID9854073,1,train
2203,5089,CID135401907,CID9930913,1,train
2205,2740,CID135403620,CID24821094,1,train
2210,2740,CID135409400,CID24821094,1,train
2213,2284,CID135410875,CID13988706,1,train
2213,2299,CID135410875,CID148121,1,train
2213,2486,CID135410875,CID176870,1,train
2213,2487,CID135410875,CID176871,1,train
2213,2546,CID135410875,CID208908,1,train
2213,2558,CID135410875,CID2141,1,train
2213,2698,CID135410875,CID24197464,1,train
2213,2727,CID135410875,CID24776445,1,train
2213,2730,CID135410875,CID2478,1,train
2213,2740,CID135410875,CID24821094,1,train
2213,2859,CID135410875,CID2578,1,train
2213,2869,CID135410875,CID2662,1,train
2213,2896,CID135410875,CID2733525,1,train
2213,2942,CID135410875,CID2907,1,train
2213,2948,CID135410875,CID29327,1,train
2213,2949,CID135410875,CID2942,1,train
2213,3002,CID135410875,CID3062316,1,train
2213,3112,CID135410875,CID356653,1,train
2213,3134,CID135410875,CID3690,1,train
2213,3225,CID135410875,CID4114,1,train
2213,3245,CID135410875,CID4212,1,train
2213,3365,CID135410875,CID443939,1,train
2213,3375,CID135410875,CID44403842,1,train
2213,3387,CID135410875,CID444795,1,train
2213,3831,CID135410875,CID5291,1,train
2213,3844,CID135410875,CID5311,1,train
2213,3895,CID135410875,CID5329102,1,train
2213,3944,CID135410875,CID5360373,1,train
2213,3958,CID135410875,CID5388983,1,train
2213,3964,CID135410875,CID5426,1,train
2213,4265,CID135410875,CID60198,1,train
2213,4283,CID135410875,CID60699,1,train
2213,4359,CID135410875,CID636362,1,train
2213,4543,CID135410875,CID68740,1,train
2213,4643,CID135410875,CID71384,1,train
2213,5034,CID135410875,CID9854073,1,train
2222,2226,CID135413536,CID135415564,1,train
2222,2293,CID135413536,CID1461,1,train
2222,2311,CID135413536,CID150311,1,train
2222,2357,CID135413536,CID157920,1,train
2222,2430,CID135413536,CID165580,1,train
2222,2438,CID135413536,CID16667669,1,train
2222,2527,CID135413536,CID1989,1,train
2222,2540,CID135413536,CID2082,1,train
2222,2544,CID135413536,CID208898,1,train
2222,2555,CID135413536,CID2130,1,train
2222,2609,CID135413536,CID22475,1,train
2222,2610,CID135413536,CID2249,1,train
2222,2620,CID135413536,CID2284,1,train
2222,2730,CID135413536,CID2478,1,train
2222,2859,CID135413536,CID2578,1,train
2222,2875,CID135413536,CID26879,1,train
2222,2969,CID135413536,CID3019,1,train
2222,2984,CID135413536,CID3034034,1,train
2222,2989,CID135413536,CID3038,1,train
2222,3001,CID135413536,CID3055,1,train
2222,3016,CID135413536,CID3117,1,train
2222,3051,CID135413536,CID3331,1,train
2222,3070,CID135413536,CID3373,1,train
2222,3078,CID135413536,CID3397,1,train
2222,3079,CID135413536,CID3406,1,train
2222,3103,CID135413536,CID3519,1,train
2222,3164,CID135413536,CID3883,1,train
2222,3181,CID135413536,CID3955,1,train
2222,3198,CID135413536,CID4032,1,train
2222,3201,CID135413536,CID4037,1,train
2222,3233,CID135413536,CID4173,1,train
2222,3245,CID135413536,CID4212,1,train
2222,3281,CID135413536,CID439693,1,train
2222,3397,CID135413536,CID445643,1,train
2222,3419,CID135413536,CID446987,1,train
2222,3425,CID135413536,CID4477,1,train
2222,3453,CID135413536,CID449381,1,train
2222,3461,CID135413536,CID4513,1,train
2222,3533,CID135413536,CID4674,1,train
2222,3618,CID135413536,CID4912,1,train
2222,3718,CID135413536,CID517546,1,train
2222,3812,CID135413536,CID5284583,1,train
2222,3831,CID135413536,CID5291,1,train
2222,3842,CID135413536,CID5310966,1,train
2222,3849,CID135413536,CID5311068,1,train
2222,3872,CID135413536,CID5323714,1,train
2222,3895,CID135413536,CID5329102,1,train
2222,3930,CID135413536,CID5342,1,train
2222,3942,CID135413536,CID5358,1,train
2222,3945,CID135413536,CID5360515,1,train
2222,3964,CID135413536,CID5426,1,train
2222,3967,CID135413536,CID5430,1,train
2222,3982,CID135413536,CID5462501,1,train
2222,3988,CID135413536,CID54675769,1,train
2222,4003,CID135413536,CID54680692,1,train
2222,4005,CID135413536,CID54684141,1,train
2222,4039,CID135413536,CID5493444,1,train
2222,4051,CID135413536,CID5530,1,train
2222,4054,CID135413536,CID5546,1,train
2222,4206,CID135413536,CID5831,1,train
2222,4207,CID135413536,CID5833,1,train
2222,4245,CID135413536,CID5991,1,train
2222,4252,CID135413536,CID6013,1,train
2222,4259,CID135413536,CID6018,1,train
2222,4279,CID135413536,CID60648,1,train
2222,4290,CID135413536,CID60753,1,train
2222,4291,CID135413536,CID60795,1,train
2222,4299,CID135413536,CID60838,1,train
2222,4312,CID135413536,CID6100,1,train
2222,4353,CID135413536,CID6321424,1,train
2222,4358,CID135413536,CID6337614,1,train
2222,4368,CID135413536,CID64139,1,train
2222,4443,CID135413536,CID656583,1,train
2222,4535,CID135413536,CID68617,1,train
2222,4558,CID135413536,CID6914273,1,train
2222,4837,CID135413536,CID7550,1,train
2222,4929,CID135413536,CID91649,1,train
2222,4949,CID135413536,CID92722,1,train
2222,5000,CID135413536,CID9811704,1,train
2222,5089,CID135413536,CID9930913,1,train
2226,2293,CID135415564,CID1461,1,train
2226,2311,CID135415564,CID150311,1,train
2226,2357,CID135415564,CID157920,1,train
2226,2430,CID135415564,CID165580,1,train
2226,2438,CID135415564,CID16667669,1,train
2226,2514,CID135415564,CID1935,1,train
2226,2540,CID135415564,CID2082,1,train
2226,2544,CID135415564,CID208898,1,train
2226,2555,CID135415564,CID2130,1,train
2226,2582,CID135415564,CID2170,1,train
2226,2592,CID135415564,CID219078,1,train
2226,2609,CID135415564,CID22475,1,train
2226,2610,CID135415564,CID2249,1,train
2226,2620,CID135415564,CID2284,1,train
2226,2730,CID135415564,CID2478,1,train
2226,2859,CID135415564,CID2578,1,train
2226,2875,CID135415564,CID26879,1,train
2226,2969,CID135415564,CID3019,1,train
2226,2984,CID135415564,CID3034034,1,train
2226,3001,CID135415564,CID3055,1,train
2226,3016,CID135415564,CID3117,1,train
2226,3070,CID135415564,CID3373,1,train
2226,3078,CID135415564,CID3397,1,train
2226,3079,CID135415564,CID3406,1,train
2226,3103,CID135415564,CID3519,1,train
2226,3140,CID135415564,CID37393,1,train
2226,3164,CID135415564,CID3883,1,train
2226,3181,CID135415564,CID3955,1,train
2226,3198,CID135415564,CID4032,1,train
2226,3201,CID135415564,CID4037,1,train
2226,3205,CID135415564,CID4054,1,train
2226,3230,CID135415564,CID41684,1,train
2226,3233,CID135415564,CID4173,1,train
2226,3245,CID135415564,CID4212,1,train
2226,3281,CID135415564,CID439693,1,train
2226,3397,CID135415564,CID445643,1,train
2226,3425,CID135415564,CID4477,1,train
2226,3453,CID135415564,CID449381,1,train
2226,3461,CID135415564,CID4513,1,train
2226,3533,CID135415564,CID4674,1,train
2226,3618,CID135415564,CID4912,1,train
2226,3718,CID135415564,CID517546,1,train
2226,3812,CID135415564,CID5284583,1,train
2226,3831,CID135415564,CID5291,1,train
2226,3842,CID135415564,CID5310966,1,train
2226,3844,CID135415564,CID5311,1,train
2226,3849,CID135415564,CID5311068,1,train
2226,3872,CID135415564,CID5323714,1,train
2226,3895,CID135415564,CID5329102,1,train
2226,3930,CID135415564,CID5342,1,train
2226,3945,CID135415564,CID5360515,1,train
2226,3967,CID135415564,CID5430,1,train
2226,3988,CID135415564,CID54675769,1,train
2226,4005,CID135415564,CID54684141,1,train
2226,4039,CID135415564,CID5493444,1,train
2226,4051,CID135415564,CID5530,1,train
2226,4054,CID135415564,CID5546,1,train
2226,4207,CID135415564,CID5833,1,train
2226,4252,CID135415564,CID6013,1,train
2226,4259,CID135415564,CID6018,1,train
2226,4290,CID135415564,CID60753,1,train
2226,4291,CID135415564,CID60795,1,train
2226,4299,CID135415564,CID60838,1,train
2226,4353,CID135415564,CID6321424,1,train
2226,4358,CID135415564,CID6337614,1,train
2226,4368,CID135415564,CID64139,1,train
2226,4443,CID135415564,CID656583,1,train
2226,4558,CID135415564,CID6914273,1,train
2226,4577,CID135415564,CID6918296,1,train
2226,4837,CID135415564,CID7550,1,train
2226,4949,CID135415564,CID92722,1,train
2226,5089,CID135415564,CID9930913,1,train
2228,2740,CID135418940,CID24821094,1,train
2230,2431,CID135421197,CID16654980,1,train
2230,2441,CID135421197,CID16718576,1,train
2230,2449,CID135421197,CID16736529,1,train
2230,2532,CID135421197,CID20279,1,train
2230,2732,CID135421197,CID24785538,1,train
2230,2769,CID135421197,CID24964624,1,train
2230,2771,CID135421197,CID24978538,1,train
2230,2819,CID135421197,CID25167777,1,train
2230,3021,CID135421197,CID31411,1,train
2230,3305,CID135421197,CID441361,1,train
2230,3449,CID135421197,CID449171,1,train
2230,3911,CID135421197,CID53340771,1,train
2230,4559,CID135421197,CID6914657,1,train
2230,4658,CID135421197,CID71543365,1,train
2230,4672,CID135421197,CID71664305,1,train
2250,2740,CID135564787,CID24821094,1,train
2252,2486,CID135564985,CID176870,1,train
2252,2701,CID135564985,CID24360,1,train
2252,2732,CID135564985,CID24785538,1,train
2252,2867,CID135564985,CID265237,1,train
2252,3050,CID135564985,CID3330,1,train
2252,3314,CID135564985,CID44156902,1,train
2252,3414,CID135564985,CID446378,1,train
2252,3513,CID135564985,CID46220502,1,train
2252,3839,CID135564985,CID52947716,1,train
2252,3927,CID135564985,CID53396328,1,train
2252,4128,CID135564985,CID57336745,1,train
2252,4145,CID135564985,CID57441923,1,train
2252,4248,CID135564985,CID60060499,1,train
2252,4511,CID135564985,CID6758,1,train
2252,4559,CID135564985,CID6914657,1,train
2252,4566,CID135564985,CID6917864,1,train
2252,4745,CID135564985,CID73265233,1,train
2256,2740,CID135565596,CID24821094,1,train
2282,2740,CID138403267,CID24821094,1,train
2284,2299,CID13988706,CID148121,1,train
2284,2487,CID13988706,CID176871,1,train
2284,2546,CID13988706,CID208908,1,train
2284,2558,CID13988706,CID2141,1,train
2284,2698,CID13988706,CID24197464,1,train
2284,2727,CID13988706,CID24776445,1,train
2284,2730,CID13988706,CID2478,1,train
2284,2859,CID13988706,CID2578,1,train
2284,2869,CID13988706,CID2662,1,train
2284,2896,CID13988706,CID2733525,1,train
2284,2942,CID13988706,CID2907,1,train
2284,2948,CID13988706,CID29327,1,train
2284,3002,CID13988706,CID3062316,1,train
2284,3112,CID13988706,CID356653,1,train
2284,3134,CID13988706,CID3690,1,train
2284,3225,CID13988706,CID4114,1,train
2284,3245,CID13988706,CID4212,1,train
2284,3365,CID13988706,CID443939,1,train
2284,3375,CID13988706,CID44403842,1,train
2284,3387,CID13988706,CID444795,1,train
2284,3831,CID13988706,CID5291,1,train
2284,3844,CID13988706,CID5311,1,train
2284,3895,CID13988706,CID5329102,1,train
2284,3944,CID13988706,CID5360373,1,train
2284,3958,CID13988706,CID5388983,1,train
2284,3964,CID13988706,CID5426,1,train
2284,4265,CID13988706,CID60198,1,train
2284,4283,CID13988706,CID60699,1,train
2284,4359,CID13988706,CID636362,1,train
2284,4543,CID13988706,CID68740,1,train
2284,4643,CID13988706,CID71384,1,train
2293,2357,CID1461,CID157920,1,train
2293,2430,CID1461,CID165580,1,train
2293,2514,CID1461,CID1935,1,train
2293,2540,CID1461,CID2082,1,train
2293,2544,CID1461,CID208898,1,train
2293,2582,CID1461,CID2170,1,train
2293,2592,CID1461,CID219078,1,train
2293,2609,CID1461,CID22475,1,train
2293,2610,CID1461,CID2249,1,train
2293,2730,CID1461,CID2478,1,train
2293,2859,CID1461,CID2578,1,train
2293,2875,CID1461,CID26879,1,train
2293,2969,CID1461,CID3019,1,train
2293,2984,CID1461,CID3034034,1,train
2293,2989,CID1461,CID3038,1,train
2293,3001,CID1461,CID3055,1,train
2293,3016,CID1461,CID3117,1,train
2293,3051,CID1461,CID3331,1,train
2293,3070,CID1461,CID3373,1,train
2293,3078,CID1461,CID3397,1,train
2293,3103,CID1461,CID3519,1,train
2293,3140,CID1461,CID37393,1,train
2293,3164,CID1461,CID3883,1,train
2293,3198,CID1461,CID4032,1,train
2293,3201,CID1461,CID4037,1,train
2293,3205,CID1461,CID4054,1,train
2293,3230,CID1461,CID41684,1,train
2293,3233,CID1461,CID4173,1,train
2293,3245,CID1461,CID4212,1,train
2293,3397,CID1461,CID445643,1,train
2293,3425,CID1461,CID4477,1,train
2293,3461,CID1461,CID4513,1,train
2293,3533,CID1461,CID4674,1,train
2293,3718,CID1461,CID517546,1,train
2293,3831,CID1461,CID5291,1,train
2293,3844,CID1461,CID5311,1,train
2293,3849,CID1461,CID5311068,1,train
2293,3872,CID1461,CID5323714,1,train
2293,3895,CID1461,CID5329102,1,train
2293,3942,CID1461,CID5358,1,train
2293,3964,CID1461,CID5426,1,train
2293,3967,CID1461,CID5430,1,train
2293,3982,CID1461,CID5462501,1,train
2293,4003,CID1461,CID54680692,1,train
2293,4005,CID1461,CID54684141,1,train
2293,4039,CID1461,CID5493444,1,train
2293,4051,CID1461,CID5530,1,train
2293,4054,CID1461,CID5546,1,train
2293,4206,CID1461,CID5831,1,train
2293,4207,CID1461,CID5833,1,train
2293,4252,CID1461,CID6013,1,train
2293,4259,CID1461,CID6018,1,train
2293,4279,CID1461,CID60648,1,train
2293,4290,CID1461,CID60753,1,train
2293,4291,CID1461,CID60795,1,train
2293,4299,CID1461,CID60838,1,train
2293,4353,CID1461,CID6321424,1,train
2293,4358,CID1461,CID6337614,1,train
2293,4368,CID1461,CID64139,1,train
2293,4443,CID1461,CID656583,1,train
2293,4558,CID1461,CID6914273,1,train
2293,4837,CID1461,CID7550,1,train
2293,4929,CID1461,CID91649,1,train
2293,4949,CID1461,CID92722,1,train
2293,5000,CID1461,CID9811704,1,train
2293,5089,CID1461,CID9930913,1,train
2299,2409,CID148121,CID16222097,1,train
2299,2486,CID148121,CID176870,1,train
2299,2487,CID148121,CID176871,1,train
2299,2546,CID148121,CID208908,1,train
2299,2558,CID148121,CID2141,1,train
2299,2698,CID148121,CID24197464,1,train
2299,2701,CID148121,CID24360,1,train
2299,2727,CID148121,CID24776445,1,train
2299,2730,CID148121,CID2478,1,train
2299,2740,CID148121,CID24821094,1,train
2299,2771,CID148121,CID24978538,1,train
2299,2859,CID148121,CID2578,1,train
2299,2867,CID148121,CID265237,1,train
2299,2869,CID148121,CID2662,1,train
2299,2896,CID148121,CID2733525,1,train
2299,2942,CID148121,CID2907,1,train
2299,2948,CID148121,CID29327,1,train
2299,2949,CID148121,CID2942,1,train
2299,3002,CID148121,CID3062316,1,train
2299,3016,CID148121,CID3117,1,train
2299,3112,CID148121,CID356653,1,train
2299,3134,CID148121,CID3690,1,train
2299,3225,CID148121,CID4114,1,train
2299,3245,CID148121,CID4212,1,train
2299,3365,CID148121,CID443939,1,train
2299,3375,CID148121,CID44403842,1,train
2299,3387,CID148121,CID444795,1,train
2299,3414,CID148121,CID446378,1,train
2299,3831,CID148121,CID5291,1,train
2299,3844,CID148121,CID5311,1,train
2299,3895,CID148121,CID5329102,1,train
2299,3927,CID148121,CID53396328,1,train
2299,3944,CID148121,CID5360373,1,train
2299,3958,CID148121,CID5388983,1,train
2299,3964,CID148121,CID5426,1,train
2299,4128,CID148121,CID57336745,1,train
2299,4145,CID148121,CID57441923,1,train
2299,4248,CID148121,CID60060499,1,train
2299,4265,CID148121,CID60198,1,train
2299,4283,CID148121,CID60699,1,train
2299,4359,CID148121,CID636362,1,train
2299,4543,CID148121,CID68740,1,train
2299,4559,CID148121,CID6914657,1,train
2299,4566,CID148121,CID6917864,1,train
2299,4643,CID148121,CID71384,1,train
2299,4745,CID148121,CID73265233,1,train
2299,4796,CID148121,CID73265377,1,train
2299,5034,CID148121,CID9854073,1,train
2301,2740,CID148177,CID24821094,1,train
2311,2357,CID150311,CID157920,1,train
2311,2430,CID150311,CID165580,1,train
2311,2438,CID150311,CID16667669,1,train
2311,2514,CID150311,CID1935,1,train
2311,2540,CID150311,CID2082,1,train
2311,2544,CID150311,CID208898,1,train
2311,2592,CID150311,CID219078,1,train
2311,2609,CID150311,CID22475,1,train
2311,2610,CID150311,CID2249,1,train
2311,2620,CID150311,CID2284,1,train
2311,2859,CID150311,CID2578,1,train
2311,2969,CID150311,CID3019,1,train
2311,2989,CID150311,CID3038,1,train
2311,3001,CID150311,CID3055,1,train
2311,3016,CID150311,CID3117,1,train
2311,3051,CID150311,CID3331,1,train
2311,3070,CID150311,CID3373,1,train
2311,3079,CID150311,CID3406,1,train
2311,3103,CID150311,CID3519,1,train
2311,3140,CID150311,CID37393,1,train
2311,3164,CID150311,CID3883,1,train
2311,3181,CID150311,CID3955,1,train
2311,3198,CID150311,CID4032,1,train
2311,3201,CID150311,CID4037,1,train
2311,3230,CID150311,CID41684,1,train
2311,3245,CID150311,CID4212,1,train
2311,3281,CID150311,CID439693,1,train
2311,3397,CID150311,CID445643,1,train
2311,3419,CID150311,CID446987,1,train
2311,3425,CID150311,CID4477,1,train
2311,3453,CID150311,CID449381,1,train
2311,3461,CID150311,CID4513,1,train
2311,3533,CID150311,CID4674,1,train
2311,3618,CID150311,CID4912,1,train
2311,3718,CID150311,CID517546,1,train
2311,3831,CID150311,CID5291,1,train
2311,3842,CID150311,CID5310966,1,train
2311,3844,CID150311,CID5311,1,train
2311,3849,CID150311,CID5311068,1,train
2311,3872,CID150311,CID5323714,1,train
2311,3895,CID150311,CID5329102,1,train
2311,3930,CID150311,CID5342,1,train
2311,3942,CID150311,CID5358,1,train
2311,3945,CID150311,CID5360515,1,train
2311,3964,CID150311,CID5426,1,train
2311,3967,CID150311,CID5430,1,train
2311,3982,CID150311,CID5462501,1,train
2311,3988,CID150311,CID54675769,1,train
2311,4003,CID150311,CID54680692,1,train
2311,4005,CID150311,CID54684141,1,train
2311,4039,CID150311,CID5493444,1,train
2311,4051,CID150311,CID5530,1,train
2311,4054,CID150311,CID5546,1,train
2311,4245,CID150311,CID5991,1,train
2311,4252,CID150311,CID6013,1,train
2311,4259,CID150311,CID6018,1,train
2311,4279,CID150311,CID60648,1,train
2311,4290,CID150311,CID60753,1,train
2311,4291,CID150311,CID60795,1,train
2311,4299,CID150311,CID60838,1,train
2311,4312,CID150311,CID6100,1,train
2311,4353,CID150311,CID6321424,1,train
2311,4358,CID150311,CID6337614,1,train
2311,4443,CID150311,CID656583,1,train
2311,4535,CID150311,CID68617,1,train
2311,4558,CID150311,CID6914273,1,train
2311,4577,CID150311,CID6918296,1,train
2311,4837,CID150311,CID7550,1,train
2311,4929,CID150311,CID91649,1,train
2311,5000,CID150311,CID9811704,1,train
2311,5089,CID150311,CID9930913,1,train
2322,2740,CID151194,CID24821094,1,train
2330,2740,CID154257,CID24821094,1,train
2330,3934,CID154257,CID53494972,1,train
2339,2740,CID1548972,CID24821094,1,train
2345,2740,CID15547703,CID24821094,1,train
2346,2771,CID15558393,CID24978538,1,train
2346,3414,CID15558393,CID446378,1,train
2346,3868,CID15558393,CID5321010,1,train
2346,4745,CID15558393,CID73265233,1,train
2346,4823,CID15558393,CID73461,1,train
2351,2740,CID156414,CID24821094,1,train
2354,2546,CID156422,CID208908,1,train
2354,2684,CID156422,CID23725625,1,train
2354,2769,CID156422,CID24964624,1,train
2354,2771,CID156422,CID24978538,1,train
2354,3692,CID156422,CID51001932,1,train
2354,3844,CID156422,CID5311,1,train
2354,3899,CID156422,CID5330286,1,train
2357,2430,CID157920,CID165580,1,train
2357,2438,CID157920,CID16667669,1,train
2357,2514,CID157920,CID1935,1,train
2357,2540,CID157920,CID2082,1,train
2357,2544,CID157920,CID208898,1,train
2357,2555,CID157920,CID2130,1,train
2357,2582,CID157920,CID2170,1,train
2357,2609,CID157920,CID22475,1,train
2357,2610,CID157920,CID2249,1,train
2357,2620,CID157920,CID2284,1,train
2357,2730,CID157920,CID2478,1,train
2357,2859,CID157920,CID2578,1,train
2357,2875,CID157920,CID26879,1,train
2357,2969,CID157920,CID3019,1,train
2357,2984,CID157920,CID3034034,1,train
2357,2989,CID157920,CID3038,1,train
2357,3001,CID157920,CID3055,1,train
2357,3016,CID157920,CID3117,1,train
2357,3051,CID157920,CID3331,1,train
2357,3070,CID157920,CID3373,1,train
2357,3078,CID157920,CID3397,1,train
2357,3079,CID157920,CID3406,1,train
2357,3103,CID157920,CID3519,1,train
2357,3140,CID157920,CID37393,1,train
2357,3164,CID157920,CID3883,1,train
2357,3181,CID157920,CID3955,1,train
2357,3198,CID157920,CID4032,1,train
2357,3201,CID157920,CID4037,1,train
2357,3205,CID157920,CID4054,1,train
2357,3230,CID157920,CID41684,1,train
2357,3233,CID157920,CID4173,1,train
2357,3245,CID157920,CID4212,1,train
2357,3281,CID157920,CID439693,1,train
2357,3419,CID157920,CID446987,1,train
2357,3425,CID157920,CID4477,1,train
2357,3453,CID157920,CID449381,1,train
2357,3461,CID157920,CID4513,1,train
2357,3533,CID157920,CID4674,1,train
2357,3618,CID157920,CID4912,1,train
2357,3718,CID157920,CID517546,1,train
2357,3831,CID157920,CID5291,1,train
2357,3842,CID157920,CID5310966,1,train
2357,3844,CID157920,CID5311,1,train
2357,3849,CID157920,CID5311068,1,train
2357,3872,CID157920,CID5323714,1,train
2357,3895,CID157920,CID5329102,1,train
2357,3930,CID157920,CID5342,1,train
2357,3942,CID157920,CID5358,1,train
2357,3945,CID157920,CID5360515,1,train
2357,3967,CID157920,CID5430,1,train
2357,3982,CID157920,CID5462501,1,train
2357,3988,CID157920,CID54675769,1,train
2357,4003,CID157920,CID54680692,1,train
2357,4005,CID157920,CID54684141,1,train
2357,4039,CID157920,CID5493444,1,train
2357,4206,CID157920,CID5831,1,train
2357,4207,CID157920,CID5833,1,train
2357,4245,CID157920,CID5991,1,train
2357,4252,CID157920,CID6013,1,train
2357,4259,CID157920,CID6018,1,train
2357,4279,CID157920,CID60648,1,train
2357,4290,CID157920,CID60753,1,train
2357,4291,CID157920,CID60795,1,train
2357,4299,CID157920,CID60838,1,train
2357,4312,CID157920,CID6100,1,train
2357,4353,CID157920,CID6321424,1,train
2357,4358,CID157920,CID6337614,1,train
2357,4368,CID157920,CID64139,1,train
2357,4535,CID157920,CID68617,1,train
2357,4577,CID157920,CID6918296,1,train
2357,4837,CID157920,CID7550,1,train
2357,4949,CID157920,CID92722,1,train
2357,5000,CID157920,CID9811704,1,train
2357,5089,CID157920,CID9930913,1,train
2361,3139,CID158797,CID37392,1,train
2361,3384,CID158797,CID44469321,1,train
2364,2740,CID159324,CID24821094,1,train
2389,2546,CID16095342,CID208908,1,train
2389,2684,CID16095342,CID23725625,1,train
2389,2769,CID16095342,CID24964624,1,train
2389,2771,CID16095342,CID24978538,1,train
2389,3692,CID16095342,CID51001932,1,train
2389,3844,CID16095342,CID5311,1,train
2389,3899,CID16095342,CID5330286,1,train
2392,2740,CID16108977,CID24821094,1,train
2408,2431,CID16222096,CID16654980,1,train
2408,2448,CID16222096,CID16725726,1,train
2408,2734,CID16222096,CID24788740,1,train
2408,2743,CID16222096,CID24826799,1,train
2408,2769,CID16222096,CID24964624,1,train
2408,4128,CID16222096,CID57336745,1,train
2409,2431,CID16222097,CID16654980,1,train
2409,2448,CID16222097,CID16725726,1,train
2409,2734,CID16222097,CID24788740,1,train
2409,2743,CID16222097,CID24826799,1,train
2409,2769,CID16222097,CID24964624,1,train
2409,4145,CID16222097,CID57441923,1,train
2409,4180,CID16222097,CID57519554,1,train
2409,4745,CID16222097,CID73265233,1,train
2419,3384,CID163751,CID44469321,1,train
2419,3934,CID163751,CID53494972,1,train
2419,4566,CID163751,CID6917864,1,train
2430,2438,CID165580,CID16667669,1,train
2430,2514,CID165580,CID1935,1,train
2430,2527,CID165580,CID1989,1,train
2430,2540,CID165580,CID2082,1,train
2430,2555,CID165580,CID2130,1,train
2430,2609,CID165580,CID22475,1,train
2430,2610,CID165580,CID2249,1,train
2430,2730,CID165580,CID2478,1,train
2430,2859,CID165580,CID2578,1,train
2430,2875,CID165580,CID26879,1,train
2430,2969,CID165580,CID3019,1,train
2430,2984,CID165580,CID3034034,1,train
2430,2989,CID165580,CID3038,1,train
2430,3001,CID165580,CID3055,1,train
2430,3016,CID165580,CID3117,1,train
2430,3051,CID165580,CID3331,1,train
2430,3070,CID165580,CID3373,1,train
2430,3078,CID165580,CID3397,1,train
2430,3079,CID165580,CID3406,1,train
2430,3103,CID165580,CID3519,1,train
2430,3140,CID165580,CID37393,1,train
2430,3164,CID165580,CID3883,1,train
2430,3198,CID165580,CID4032,1,train
2430,3201,CID165580,CID4037,1,train
2430,3205,CID165580,CID4054,1,train
2430,3230,CID165580,CID41684,1,train
2430,3233,CID165580,CID4173,1,train
2430,3245,CID165580,CID4212,1,train
2430,3397,CID165580,CID445643,1,train
2430,3419,CID165580,CID446987,1,train
2430,3425,CID165580,CID4477,1,train
2430,3461,CID165580,CID4513,1,train
2430,3533,CID165580,CID4674,1,train
2430,3618,CID165580,CID4912,1,train
2430,3718,CID165580,CID517546,1,train
2430,3812,CID165580,CID5284583,1,train
2430,3831,CID165580,CID5291,1,train
2430,3842,CID165580,CID5310966,1,train
2430,3844,CID165580,CID5311,1,train
2430,3849,CID165580,CID5311068,1,train
2430,3872,CID165580,CID5323714,1,train
2430,3895,CID165580,CID5329102,1,train
2430,3945,CID165580,CID5360515,1,train
2430,3964,CID165580,CID5426,1,train
2430,3988,CID165580,CID54675769,1,train
2430,4003,CID165580,CID54680692,1,train
2430,4005,CID165580,CID54684141,1,train
2430,4039,CID165580,CID5493444,1,train
2430,4051,CID165580,CID5530,1,train
2430,4206,CID165580,CID5831,1,train
2430,4207,CID165580,CID5833,1,train
2430,4245,CID165580,CID5991,1,train
2430,4252,CID165580,CID6013,1,train
2430,4259,CID165580,CID6018,1,train
2430,4299,CID165580,CID60838,1,train
2430,4353,CID165580,CID6321424,1,train
2430,4358,CID165580,CID6337614,1,train
2430,4368,CID165580,CID64139,1,train
2430,4443,CID165580,CID656583,1,train
2430,4535,CID165580,CID68617,1,train
2430,4558,CID165580,CID6914273,1,train
2430,4837,CID165580,CID7550,1,train
2430,4929,CID165580,CID91649,1,train
2430,4949,CID165580,CID92722,1,train
2430,5000,CID165580,CID9811704,1,train
2430,5089,CID165580,CID9930913,1,train
2431,2441,CID16654980,CID16718576,1,train
2431,2486,CID16654980,CID176870,1,train
2431,2715,CID16654980,CID24756910,1,train
2431,2732,CID16654980,CID24785538,1,train
2431,2740,CID16654980,CID24821094,1,train
2431,2769,CID16654980,CID24964624,1,train
2431,2771,CID16654980,CID24978538,1,train
2431,3002,CID16654980,CID3062316,1,train
2431,3021,CID16654980,CID31411,1,train
2431,3050,CID16654980,CID3330,1,train
2431,3314,CID16654980,CID44156902,1,train
2431,3414,CID16654980,CID446378,1,train
2431,3449,CID16654980,CID449171,1,train
2431,3513,CID16654980,CID46220502,1,train
2431,3519,CID16654980,CID46239015,1,train
2431,3839,CID16654980,CID52947716,1,train
2431,3899,CID16654980,CID5330286,1,train
2431,3911,CID16654980,CID53340771,1,train
2431,4005,CID16654980,CID54684141,1,train
2431,4128,CID16654980,CID57336745,1,train
2431,4559,CID16654980,CID6914657,1,train
2431,4581,CID16654980,CID6918405,1,train
2431,4658,CID16654980,CID71543365,1,train
2431,4672,CID16654980,CID71664305,1,train
2431,4700,CID16654980,CID72435,1,train
2431,4705,CID16654980,CID72686,1,train
2431,4736,CID16654980,CID73265223,1,train
2431,4745,CID16654980,CID73265233,1,train
2431,4796,CID16654980,CID73265377,1,train
2431,4797,CID16654980,CID73265380,1,train
2431,4823,CID16654980,CID73461,1,train
2431,4910,CID16654980,CID90241673,1,train
2431,5032,CID16654980,CID9852573,1,train
2433,2771,CID16659841,CID24978538,1,train
2438,2514,CID16667669,CID1935,1,train
2438,2527,CID16667669,CID1989,1,train
2438,2540,CID16667669,CID2082,1,train
2438,2544,CID16667669,CID208898,1,train
2438,2555,CID16667669,CID2130,1,train
2438,2582,CID16667669,CID2170,1,train
2438,2592,CID16667669,CID219078,1,train
2438,2609,CID16667669,CID22475,1,train
2438,2610,CID16667669,CID2249,1,train
2438,2620,CID16667669,CID2284,1,train
2438,2730,CID16667669,CID2478,1,train
2438,2771,CID16667669,CID24978538,1,train
2438,2859,CID16667669,CID2578,1,train
2438,2875,CID16667669,CID26879,1,train
2438,2896,CID16667669,CID2733525,1,train
2438,2969,CID16667669,CID3019,1,train
2438,2984,CID16667669,CID3034034,1,train
2438,2989,CID16667669,CID3038,1,train
2438,3002,CID16667669,CID3062316,1,train
2438,3016,CID16667669,CID3117,1,train
2438,3051,CID16667669,CID3331,1,train
2438,3070,CID16667669,CID3373,1,train
2438,3079,CID16667669,CID3406,1,train
2438,3140,CID16667669,CID37393,1,train
2438,3164,CID16667669,CID3883,1,train
2438,3167,CID16667669,CID38911,1,train
2438,3181,CID16667669,CID3955,1,train
2438,3198,CID16667669,CID4032,1,train
2438,3205,CID16667669,CID4054,1,train
2438,3230,CID16667669,CID41684,1,train
2438,3233,CID16667669,CID4173,1,train
2438,3245,CID16667669,CID4212,1,train
2438,3281,CID16667669,CID439693,1,train
2438,3397,CID16667669,CID445643,1,train
2438,3414,CID16667669,CID446378,1,train
2438,3419,CID16667669,CID446987,1,train
2438,3453,CID16667669,CID449381,1,train
2438,3461,CID16667669,CID4513,1,train
2438,3831,CID16667669,CID5291,1,train
2438,3842,CID16667669,CID5310966,1,train
2438,3844,CID16667669,CID5311,1,train
2438,3849,CID16667669,CID5311068,1,train
2438,3868,CID16667669,CID5321010,1,train
2438,3872,CID16667669,CID5323714,1,train
2438,3895,CID16667669,CID5329102,1,train
2438,3899,CID16667669,CID5330286,1,train
2438,3930,CID16667669,CID5342,1,train
2438,3942,CID16667669,CID5358,1,train
2438,3945,CID16667669,CID5360515,1,train
2438,3964,CID16667669,CID5426,1,train
2438,3967,CID16667669,CID5430,1,train
2438,3982,CID16667669,CID5462501,1,train
2438,4003,CID16667669,CID54680692,1,train
2438,4005,CID16667669,CID54684141,1,train
2438,4039,CID16667669,CID5493444,1,train
2438,4051,CID16667669,CID5530,1,train
2438,4054,CID16667669,CID5546,1,train
2438,4180,CID16667669,CID57519554,1,train
2438,4206,CID16667669,CID5831,1,train
2438,4207,CID16667669,CID5833,1,train
2438,4245,CID16667669,CID5991,1,train
2438,4252,CID16667669,CID6013,1,train
2438,4259,CID16667669,CID6018,1,train
2438,4279,CID16667669,CID60648,1,train
2438,4290,CID16667669,CID60753,1,train
2438,4291,CID16667669,CID60795,1,train
2438,4312,CID16667669,CID6100,1,train
2438,4368,CID16667669,CID64139,1,train
2438,4443,CID16667669,CID656583,1,train
2438,4469,CID16667669,CID6604870,1,train
2438,4558,CID16667669,CID6914273,1,train
2438,4559,CID16667669,CID6914657,1,train
2438,4577,CID16667669,CID6918296,1,train
2438,4837,CID16667669,CID7550,1,train
2438,4929,CID16667669,CID91649,1,train
2438,4949,CID16667669,CID92722,1,train
2438,5000,CID16667669,CID9811704,1,train
2438,5089,CID16667669,CID9930913,1,train
2441,2732,CID16718576,CID24785538,1,train
2441,2769,CID16718576,CID24964624,1,train
2441,3021,CID16718576,CID31411,1,train
2441,3305,CID16718576,CID441361,1,train
2441,3497,CID16718576,CID46188928,1,train
2441,3899,CID16718576,CID5330286,1,train
2441,3911,CID16718576,CID53340771,1,train
2441,4559,CID16718576,CID6914657,1,train
2448,2740,CID16725726,CID24821094,1,train
2449,2532,CID16736529,CID20279,1,train
2449,2715,CID16736529,CID24756910,1,train
2449,2732,CID16736529,CID24785538,1,train
2449,2740,CID16736529,CID24821094,1,train
2449,2819,CID16736529,CID25167777,1,train
2449,3167,CID16736529,CID38911,1,train
2449,3414,CID16736529,CID446378,1,train
2449,4180,CID16736529,CID57519554,1,train
2449,4469,CID16736529,CID6604870,1,train
2449,4508,CID16736529,CID6746983,1,train
2449,4559,CID16736529,CID6914657,1,train
2449,4705,CID16736529,CID72686,1,train
2449,4769,CID16736529,CID73265318,1,train
2449,4800,CID16736529,CID73265389,1,train
2450,2740,CID16736978,CID24821094,1,train
2457,2723,CID16755649,CID24771867,1,train
2457,2732,CID16755649,CID24785538,1,train
2457,2740,CID16755649,CID24821094,1,train
2468,2740,CID169371,CID24821094,1,train
2471,2638,CID17134,CID23582824,1,train
2471,2819,CID17134,CID25167777,1,train
2471,3139,CID17134,CID37392,1,train
2471,3140,CID17134,CID37393,1,train
2471,3384,CID17134,CID44469321,1,train
2471,3421,CID17134,CID447077,1,train
2471,3430,CID17134,CID448013,1,train
2471,3934,CID17134,CID53494972,1,train
2471,4122,CID17134,CID572,1,train
2471,4353,CID17134,CID6321424,1,train
2471,4354,CID17134,CID63224,1,train
2471,4566,CID17134,CID6917864,1,train
2471,4904,CID17134,CID8980,1,train
2471,4950,CID17134,CID92727,1,train
2471,5032,CID17134,CID9852573,1,train
2481,2740,CID176155,CID24821094,1,train
2486,2546,CID176870,CID208908,1,train
2486,2558,CID176870,CID2141,1,train
2486,2578,CID176870,CID216454,1,train
2486,2684,CID176870,CID23725625,1,train
2486,2712,CID176870,CID24748204,1,train
2486,2727,CID176870,CID24776445,1,train
2486,2769,CID176870,CID24964624,1,train
2486,2771,CID176870,CID24978538,1,train
2486,2859,CID176870,CID2578,1,train
2486,2869,CID176870,CID2662,1,train
2486,2896,CID176870,CID2733525,1,train
2486,2942,CID176870,CID2907,1,train
2486,2949,CID176870,CID2942,1,train
2486,3002,CID176870,CID3062316,1,train
2486,3050,CID176870,CID3330,1,train
2486,3225,CID176870,CID4114,1,train
2486,3245,CID176870,CID4212,1,train
2486,3387,CID176870,CID444795,1,train
2486,3513,CID176870,CID46220502,1,train
2486,3519,CID176870,CID46239015,1,train
2486,3692,CID176870,CID51001932,1,train
2486,3831,CID176870,CID5291,1,train
2486,3839,CID176870,CID52947716,1,train
2486,3844,CID176870,CID5311,1,train
2486,3860,CID176870,CID5311497,1,train
2486,3895,CID176870,CID5329102,1,train
2486,3899,CID176870,CID5330286,1,train
2486,3944,CID176870,CID5360373,1,train
2486,3964,CID176870,CID5426,1,train
2486,4005,CID176870,CID54684141,1,train
2486,4237,CID176870,CID59691338,1,train
2486,4299,CID176870,CID60838,1,train
2486,4543,CID176870,CID68740,1,train
2486,4643,CID176870,CID71384,1,train
2486,4834,CID176870,CID74990,1,train
2486,5032,CID176870,CID9852573,1,train
2486,5034,CID176870,CID9854073,1,train
2486,5058,CID176870,CID9887053,1,train
2486,5107,CID176870,CID9949641,1,train
2487,2546,CID176871,CID208908,1,train
2487,2558,CID176871,CID2141,1,train
2487,2698,CID176871,CID24197464,1,train
2487,2727,CID176871,CID24776445,1,train
2487,2730,CID176871,CID2478,1,train
2487,2859,CID176871,CID2578,1,train
2487,2869,CID176871,CID2662,1,train
2487,2896,CID176871,CID2733525,1,train
2487,2942,CID176871,CID2907,1,train
2487,2948,CID176871,CID29327,1,train
2487,3002,CID176871,CID3062316,1,train
2487,3112,CID176871,CID356653,1,train
2487,3134,CID176871,CID3690,1,train
2487,3225,CID176871,CID4114,1,train
2487,3245,CID176871,CID4212,1,train
2487,3365,CID176871,CID443939,1,train
2487,3375,CID176871,CID44403842,1,train
2487,3387,CID176871,CID444795,1,train
2487,3831,CID176871,CID5291,1,train
2487,3844,CID176871,CID5311,1,train
2487,3895,CID176871,CID5329102,1,train
2487,3944,CID176871,CID5360373,1,train
2487,3958,CID176871,CID5388983,1,train
2487,3964,CID176871,CID5426,1,train
2487,4265,CID176871,CID60198,1,train
2487,4283,CID176871,CID60699,1,train
2487,4359,CID176871,CID636362,1,train
2487,4543,CID176871,CID68740,1,train
2487,4643,CID176871,CID71384,1,train
2499,2740,CID17756618,CID24821094,1,train
2514,2540,CID1935,CID2082,1,train
2514,2544,CID1935,CID208898,1,train
2514,2555,CID1935,CID2130,1,train
2514,2582,CID1935,CID2170,1,train
2514,2609,CID1935,CID22475,1,train
2514,2610,CID1935,CID2249,1,train
2514,2620,CID1935,CID2284,1,train
2514,2730,CID1935,CID2478,1,train
2514,2859,CID1935,CID2578,1,train
2514,2875,CID1935,CID26879,1,train
2514,2984,CID1935,CID3034034,1,train
2514,2989,CID1935,CID3038,1,train
2514,3001,CID1935,CID3055,1,train
2514,3016,CID1935,CID3117,1,train
2514,3051,CID1935,CID3331,1,train
2514,3070,CID1935,CID3373,1,train
2514,3078,CID1935,CID3397,1,train
2514,3079,CID1935,CID3406,1,train
2514,3103,CID1935,CID3519,1,train
2514,3140,CID1935,CID37393,1,train
2514,3164,CID1935,CID3883,1,train
2514,3198,CID1935,CID4032,1,train
2514,3201,CID1935,CID4037,1,train
2514,3205,CID1935,CID4054,1,train
2514,3230,CID1935,CID41684,1,train
2514,3233,CID1935,CID4173,1,train
2514,3245,CID1935,CID4212,1,train
2514,3281,CID1935,CID439693,1,train
2514,3397,CID1935,CID445643,1,train
2514,3425,CID1935,CID4477,1,train
2514,3453,CID1935,CID449381,1,train
2514,3461,CID1935,CID4513,1,train
2514,3533,CID1935,CID4674,1,train
2514,3618,CID1935,CID4912,1,train
2514,3718,CID1935,CID517546,1,train
2514,3831,CID1935,CID5291,1,train
2514,3842,CID1935,CID5310966,1,train
2514,3844,CID1935,CID5311,1,train
2514,3849,CID1935,CID5311068,1,train
2514,3872,CID1935,CID5323714,1,train
2514,3895,CID1935,CID5329102,1,train
2514,3930,CID1935,CID5342,1,train
2514,3945,CID1935,CID5360515,1,train
2514,3964,CID1935,CID5426,1,train
2514,3967,CID1935,CID5430,1,train
2514,3982,CID1935,CID5462501,1,train
2514,3988,CID1935,CID54675769,1,train
2514,4003,CID1935,CID54680692,1,train
2514,4005,CID1935,CID54684141,1,train
2514,4039,CID1935,CID5493444,1,train
2514,4051,CID1935,CID5530,1,train
2514,4054,CID1935,CID5546,1,train
2514,4206,CID1935,CID5831,1,train
2514,4207,CID1935,CID5833,1,train
2514,4245,CID1935,CID5991,1,train
2514,4252,CID1935,CID6013,1,train
2514,4259,CID1935,CID6018,1,train
2514,4279,CID1935,CID60648,1,train
2514,4291,CID1935,CID60795,1,train
2514,4299,CID1935,CID60838,1,train
2514,4312,CID1935,CID6100,1,train
2514,4353,CID1935,CID6321424,1,train
2514,4358,CID1935,CID6337614,1,train
2514,4368,CID1935,CID64139,1,train
2514,4443,CID1935,CID656583,1,train
2514,4535,CID1935,CID68617,1,train
2514,4558,CID1935,CID6914273,1,train
2514,4837,CID1935,CID7550,1,train
2514,4929,CID1935,CID91649,1,train
2514,4949,CID1935,CID92722,1,train
2514,5000,CID1935,CID9811704,1,train
2514,5089,CID1935,CID9930913,1,train
2516,2962,CID19675,CID3005572,1,train
2516,3624,CID19675,CID492405,1,train
2516,4291,CID19675,CID60795,1,train
2516,4310,CID19675,CID60974,1,train
2516,4318,CID19675,CID6167,1,train
2516,4408,CID19675,CID6456015,1,train
2519,2740,CID1973,CID24821094,1,train
2527,2540,CID1989,CID2082,1,train
2527,2544,CID1989,CID208898,1,train
2527,2582,CID1989,CID2170,1,train
2527,2609,CID1989,CID22475,1,train
2527,2620,CID1989,CID2284,1,train
2527,2730,CID1989,CID2478,1,train
2527,2859,CID1989,CID2578,1,train
2527,2875,CID1989,CID26879,1,train
2527,2969,CID1989,CID3019,1,train
2527,2984,CID1989,CID3034034,1,train
2527,2989,CID1989,CID3038,1,train
2527,3001,CID1989,CID3055,1,train
2527,3016,CID1989,CID3117,1,train
2527,3051,CID1989,CID3331,1,train
2527,3070,CID1989,CID3373,1,train
2527,3078,CID1989,CID3397,1,train
2527,3079,CID1989,CID3406,1,train
2527,3103,CID1989,CID3519,1,train
2527,3140,CID1989,CID37393,1,train
2527,3164,CID1989,CID3883,1,train
2527,3181,CID1989,CID3955,1,train
2527,3198,CID1989,CID4032,1,train
2527,3201,CID1989,CID4037,1,train
2527,3230,CID1989,CID41684,1,train
2527,3233,CID1989,CID4173,1,train
2527,3245,CID1989,CID4212,1,train
2527,3281,CID1989,CID439693,1,train
2527,3397,CID1989,CID445643,1,train
2527,3419,CID1989,CID446987,1,train
2527,3425,CID1989,CID4477,1,train
2527,3453,CID1989,CID449381,1,train
2527,3461,CID1989,CID4513,1,train
2527,3533,CID1989,CID4674,1,train
2527,3618,CID1989,CID4912,1,train
2527,3812,CID1989,CID5284583,1,train
2527,3831,CID1989,CID5291,1,train
2527,3844,CID1989,CID5311,1,train
2527,3872,CID1989,CID5323714,1,train
2527,3930,CID1989,CID5342,1,train
2527,3967,CID1989,CID5430,1,train
2527,3988,CID1989,CID54675769,1,train
2527,4003,CID1989,CID54680692,1,train
2527,4005,CID1989,CID54684141,1,train
2527,4039,CID1989,CID5493444,1,train
2527,4051,CID1989,CID5530,1,train
2527,4054,CID1989,CID5546,1,train
2527,4206,CID1989,CID5831,1,train
2527,4207,CID1989,CID5833,1,train
2527,4245,CID1989,CID5991,1,train
2527,4259,CID1989,CID6018,1,train
2527,4290,CID1989,CID60753,1,train
2527,4291,CID1989,CID60795,1,train
2527,4312,CID1989,CID6100,1,train
2527,4353,CID1989,CID6321424,1,train
2527,4358,CID1989,CID6337614,1,train
2527,4368,CID1989,CID64139,1,train
2527,4443,CID1989,CID656583,1,train
2527,4535,CID1989,CID68617,1,train
2527,4558,CID1989,CID6914273,1,train
2527,4577,CID1989,CID6918296,1,train
2527,4837,CID1989,CID7550,1,train
2527,4929,CID1989,CID91649,1,train
2527,5000,CID1989,CID9811704,1,train
2527,5089,CID1989,CID9930913,1,train
2532,2619,CID20279,CID22833280,1,train
2532,2768,CID20279,CID24963252,1,train
2532,2771,CID20279,CID24978538,1,train
2532,2819,CID20279,CID25167777,1,train
2532,4145,CID20279,CID57441923,1,train
2532,4705,CID20279,CID72686,1,train
2540,2544,CID2082,CID208898,1,train
2540,2555,CID2082,CID2130,1,train
2540,2582,CID2082,CID2170,1,train
2540,2592,CID2082,CID219078,1,train
2540,2609,CID2082,CID22475,1,train
2540,2610,CID2082,CID2249,1,train
2540,2620,CID2082,CID2284,1,train
2540,2730,CID2082,CID2478,1,train
2540,2859,CID2082,CID2578,1,train
2540,2875,CID2082,CID26879,1,train
2540,2969,CID2082,CID3019,1,train
2540,2984,CID2082,CID3034034,1,train
2540,2989,CID2082,CID3038,1,train
2540,3001,CID2082,CID3055,1,train
2540,3016,CID2082,CID3117,1,train
2540,3051,CID2082,CID3331,1,train
2540,3070,CID2082,CID3373,1,train
2540,3078,CID2082,CID3397,1,train
2540,3079,CID2082,CID3406,1,train
2540,3103,CID2082,CID3519,1,train
2540,3140,CID2082,CID37393,1,train
2540,3164,CID2082,CID3883,1,train
2540,3181,CID2082,CID3955,1,train
2540,3198,CID2082,CID4032,1,train
2540,3201,CID2082,CID4037,1,train
2540,3205,CID2082,CID4054,1,train
2540,3230,CID2082,CID41684,1,train
2540,3233,CID2082,CID4173,1,train
2540,3245,CID2082,CID4212,1,train
2540,3281,CID2082,CID439693,1,train
2540,3397,CID2082,CID445643,1,train
2540,3419,CID2082,CID446987,1,train
2540,3425,CID2082,CID4477,1,train
2540,3453,CID2082,CID449381,1,train
2540,3461,CID2082,CID4513,1,train
2540,3533,CID2082,CID4674,1,train
2540,3618,CID2082,CID4912,1,train
2540,3718,CID2082,CID517546,1,train
2540,3812,CID2082,CID5284583,1,train
2540,3831,CID2082,CID5291,1,train
2540,3842,CID2082,CID5310966,1,train
2540,3844,CID2082,CID5311,1,train
2540,3849,CID2082,CID5311068,1,train
2540,3872,CID2082,CID5323714,1,train
2540,3895,CID2082,CID5329102,1,train
2540,3930,CID2082,CID5342,1,train
2540,3942,CID2082,CID5358,1,train
2540,3945,CID2082,CID5360515,1,train
2540,3964,CID2082,CID5426,1,train
2540,3967,CID2082,CID5430,1,train
2540,3982,CID2082,CID5462501,1,train
2540,3988,CID2082,CID54675769,1,train
2540,4003,CID2082,CID54680692,1,train
2540,4039,CID2082,CID5493444,1,train
2540,4051,CID2082,CID5530,1,train
2540,4054,CID2082,CID5546,1,train
2540,4206,CID2082,CID5831,1,train
2540,4207,CID2082,CID5833,1,train
2540,4245,CID2082,CID5991,1,train
2540,4252,CID2082,CID6013,1,train
2540,4259,CID2082,CID6018,1,train
2540,4279,CID2082,CID60648,1,train
2540,4290,CID2082,CID60753,1,train
2540,4291,CID2082,CID60795,1,train
2540,4299,CID2082,CID60838,1,train
2540,4312,CID2082,CID6100,1,train
2540,4353,CID2082,CID6321424,1,train
2540,4358,CID2082,CID6337614,1,train
2540,4368,CID2082,CID64139,1,train
2540,4443,CID2082,CID656583,1,train
2540,4535,CID2082,CID68617,1,train
2540,4558,CID2082,CID6914273,1,train
2540,4577,CID2082,CID6918296,1,train
2540,4837,CID2082,CID7550,1,train
2540,4929,CID2082,CID91649,1,train
2540,4949,CID2082,CID92722,1,train
2540,5000,CID2082,CID9811704,1,train
2540,5089,CID2082,CID9930913,1,train
2544,2555,CID208898,CID2130,1,train
2544,2592,CID208898,CID219078,1,train
2544,2609,CID208898,CID22475,1,train
2544,2610,CID208898,CID2249,1,train
2544,2620,CID208898,CID2284,1,train
2544,2730,CID208898,CID2478,1,train
2544,2875,CID208898,CID26879,1,train
2544,2969,CID208898,CID3019,1,train
2544,2984,CID208898,CID3034034,1,train
2544,2989,CID208898,CID3038,1,train
2544,3001,CID208898,CID3055,1,train
2544,3016,CID208898,CID3117,1,train
2544,3070,CID208898,CID3373,1,train
2544,3079,CID208898,CID3406,1,train
2544,3103,CID208898,CID3519,1,train
2544,3140,CID208898,CID37393,1,train
2544,3164,CID208898,CID3883,1,train
2544,3201,CID208898,CID4037,1,train
2544,3230,CID208898,CID41684,1,train
2544,3233,CID208898,CID4173,1,train
2544,3245,CID208898,CID4212,1,train
2544,3281,CID208898,CID439693,1,train
2544,3397,CID208898,CID445643,1,train
2544,3425,CID208898,CID4477,1,train
2544,3461,CID208898,CID4513,1,train
2544,3533,CID208898,CID4674,1,train
2544,3618,CID208898,CID4912,1,train
2544,3718,CID208898,CID517546,1,train
2544,3812,CID208898,CID5284583,1,train
2544,3831,CID208898,CID5291,1,train
2544,3842,CID208898,CID5310966,1,train
2544,3844,CID208898,CID5311,1,train
2544,3849,CID208898,CID5311068,1,train
2544,3872,CID208898,CID5323714,1,train
2544,3895,CID208898,CID5329102,1,train
2544,3930,CID208898,CID5342,1,train
2544,3942,CID208898,CID5358,1,train
2544,3945,CID208898,CID5360515,1,train
2544,3964,CID208898,CID5426,1,train
2544,3967,CID208898,CID5430,1,train
2544,3982,CID208898,CID5462501,1,train
2544,3988,CID208898,CID54675769,1,train
2544,4003,CID208898,CID54680692,1,train
2544,4005,CID208898,CID54684141,1,train
2544,4039,CID208898,CID5493444,1,train
2544,4054,CID208898,CID5546,1,train
2544,4206,CID208898,CID5831,1,train
2544,4252,CID208898,CID6013,1,train
2544,4259,CID208898,CID6018,1,train
2544,4279,CID208898,CID60648,1,train
2544,4290,CID208898,CID60753,1,train
2544,4291,CID208898,CID60795,1,train
2544,4299,CID208898,CID60838,1,train
2544,4312,CID208898,CID6100,1,train
2544,4353,CID208898,CID6321424,1,train
2544,4358,CID208898,CID6337614,1,train
2544,4368,CID208898,CID64139,1,train
2544,4443,CID208898,CID656583,1,train
2544,4535,CID208898,CID68617,1,train
2544,4558,CID208898,CID6914273,1,train
2544,4837,CID208898,CID7550,1,train
2544,4929,CID208898,CID91649,1,train
2544,4949,CID208898,CID92722,1,train
2546,2558,CID208908,CID2141,1,train
2546,2578,CID208908,CID216454,1,train
2546,2684,CID208908,CID23725625,1,train
2546,2698,CID208908,CID24197464,1,train
2546,2701,CID208908,CID24360,1,train
2546,2712,CID208908,CID24748204,1,train
2546,2723,CID208908,CID24771867,1,train
2546,2727,CID208908,CID24776445,1,train
2546,2730,CID208908,CID2478,1,train
2546,2769,CID208908,CID24964624,1,train
2546,2771,CID208908,CID24978538,1,train
2546,2859,CID208908,CID2578,1,train
2546,2869,CID208908,CID2662,1,train
2546,2896,CID208908,CID2733525,1,train
2546,2942,CID208908,CID2907,1,train
2546,2948,CID208908,CID29327,1,train
2546,2949,CID208908,CID2942,1,train
2546,3002,CID208908,CID3062316,1,train
2546,3112,CID208908,CID356653,1,train
2546,3134,CID208908,CID3690,1,train
2546,3225,CID208908,CID4114,1,train
2546,3245,CID208908,CID4212,1,train
2546,3365,CID208908,CID443939,1,train
2546,3375,CID208908,CID44403842,1,train
2546,3382,CID208908,CID44462760,1,train
2546,3387,CID208908,CID444795,1,train
2546,3519,CID208908,CID46239015,1,train
2546,3692,CID208908,CID51001932,1,train
2546,3699,CID208908,CID51042438,1,train
2546,3831,CID208908,CID5291,1,train
2546,3844,CID208908,CID5311,1,train
2546,3860,CID208908,CID5311497,1,train
2546,3895,CID208908,CID5329102,1,train
2546,3899,CID208908,CID5330286,1,train
2546,3944,CID208908,CID5360373,1,train
2546,3958,CID208908,CID5388983,1,train
2546,3964,CID208908,CID5426,1,train
2546,4084,CID208908,CID56649450,1,train
2546,4237,CID208908,CID59691338,1,train
2546,4265,CID208908,CID60198,1,train
2546,4283,CID208908,CID60699,1,train
2546,4299,CID208908,CID60838,1,train
2546,4359,CID208908,CID636362,1,train
2546,4543,CID208908,CID68740,1,train
2546,4643,CID208908,CID71384,1,train
2546,5034,CID208908,CID9854073,1,train
2546,5058,CID208908,CID9887053,1,train
2546,5080,CID208908,CID9914412,1,train
2555,2582,CID2130,CID2170,1,train
2555,2592,CID2130,CID219078,1,train
2555,2609,CID2130,CID22475,1,train
2555,2610,CID2130,CID2249,1,train
2555,2730,CID2130,CID2478,1,train
2555,2859,CID2130,CID2578,1,train
2555,2875,CID2130,CID26879,1,train
2555,2969,CID2130,CID3019,1,train
2555,2984,CID2130,CID3034034,1,train
2555,2989,CID2130,CID3038,1,train
2555,3001,CID2130,CID3055,1,train
2555,3016,CID2130,CID3117,1,train
2555,3051,CID2130,CID3331,1,train
2555,3078,CID2130,CID3397,1,train
2555,3079,CID2130,CID3406,1,train
2555,3103,CID2130,CID3519,1,train
2555,3164,CID2130,CID3883,1,train
2555,3181,CID2130,CID3955,1,train
2555,3198,CID2130,CID4032,1,train
2555,3201,CID2130,CID4037,1,train
2555,3205,CID2130,CID4054,1,train
2555,3230,CID2130,CID41684,1,train
2555,3233,CID2130,CID4173,1,train
2555,3245,CID2130,CID4212,1,train
2555,3281,CID2130,CID439693,1,train
2555,3397,CID2130,CID445643,1,train
2555,3419,CID2130,CID446987,1,train
2555,3425,CID2130,CID4477,1,train
2555,3453,CID2130,CID449381,1,train
2555,3461,CID2130,CID4513,1,train
2555,3533,CID2130,CID4674,1,train
2555,3618,CID2130,CID4912,1,train
2555,3718,CID2130,CID517546,1,train
2555,3812,CID2130,CID5284583,1,train
2555,3831,CID2130,CID5291,1,train
2555,3842,CID2130,CID5310966,1,train
2555,3844,CID2130,CID5311,1,train
2555,3849,CID2130,CID5311068,1,train
2555,3895,CID2130,CID5329102,1,train
2555,3930,CID2130,CID5342,1,train
2555,3942,CID2130,CID5358,1,train
2555,3945,CID2130,CID5360515,1,train
2555,3964,CID2130,CID5426,1,train
2555,3967,CID2130,CID5430,1,train
2555,3982,CID2130,CID5462501,1,train
2555,4005,CID2130,CID54684141,1,train
2555,4039,CID2130,CID5493444,1,train
2555,4051,CID2130,CID5530,1,train
2555,4054,CID2130,CID5546,1,train
2555,4206,CID2130,CID5831,1,train
2555,4207,CID2130,CID5833,1,train
2555,4252,CID2130,CID6013,1,train
2555,4259,CID2130,CID6018,1,train
2555,4279,CID2130,CID60648,1,train
2555,4290,CID2130,CID60753,1,train
2555,4299,CID2130,CID60838,1,train
2555,4312,CID2130,CID6100,1,train
2555,4353,CID2130,CID6321424,1,train
2555,4358,CID2130,CID6337614,1,train
2555,4368,CID2130,CID64139,1,train
2555,4443,CID2130,CID656583,1,train
2555,4558,CID2130,CID6914273,1,train
2555,4577,CID2130,CID6918296,1,train
2555,4929,CID2130,CID91649,1,train
2555,5000,CID2130,CID9811704,1,train
2555,5089,CID2130,CID9930913,1,train
2558,2698,CID2141,CID24197464,1,train
2558,2727,CID2141,CID24776445,1,train
2558,2730,CID2141,CID2478,1,train
2558,2859,CID2141,CID2578,1,train
2558,2869,CID2141,CID2662,1,train
2558,2896,CID2141,CID2733525,1,train
2558,2942,CID2141,CID2907,1,train
2558,2948,CID2141,CID29327,1,train
2558,2949,CID2141,CID2942,1,train
2558,3002,CID2141,CID3062316,1,train
2558,3112,CID2141,CID356653,1,train
2558,3134,CID2141,CID3690,1,train
2558,3225,CID2141,CID4114,1,train
2558,3245,CID2141,CID4212,1,train
2558,3365,CID2141,CID443939,1,train
2558,3375,CID2141,CID44403842,1,train
2558,3387,CID2141,CID444795,1,train
2558,3831,CID2141,CID5291,1,train
2558,3844,CID2141,CID5311,1,train
2558,3895,CID2141,CID5329102,1,train
2558,3944,CID2141,CID5360373,1,train
2558,3958,CID2141,CID5388983,1,train
2558,3964,CID2141,CID5426,1,train
2558,4265,CID2141,CID60198,1,train
2558,4283,CID2141,CID60699,1,train
2558,4359,CID2141,CID636362,1,train
2558,4543,CID2141,CID68740,1,train
2558,4643,CID2141,CID71384,1,train
2558,5034,CID2141,CID9854073,1,train
2578,2712,CID216454,CID24748204,1,train
2578,2769,CID216454,CID24964624,1,train
2578,2942,CID216454,CID2907,1,train
2578,3002,CID216454,CID3062316,1,train
2578,3519,CID216454,CID46239015,1,train
2578,3844,CID216454,CID5311,1,train
2578,3860,CID216454,CID5311497,1,train
2578,3895,CID216454,CID5329102,1,train
2578,4237,CID216454,CID59691338,1,train
2578,5058,CID216454,CID9887053,1,train
2582,2592,CID2170,CID219078,1,train
2582,2610,CID2170,CID2249,1,train
2582,2730,CID2170,CID2478,1,train
2582,2859,CID2170,CID2578,1,train
2582,2875,CID2170,CID26879,1,train
2582,2969,CID2170,CID3019,1,train
2582,2984,CID2170,CID3034034,1,train
2582,3001,CID2170,CID3055,1,train
2582,3016,CID2170,CID3117,1,train
2582,3051,CID2170,CID3331,1,train
2582,3079,CID2170,CID3406,1,train
2582,3103,CID2170,CID3519,1,train
2582,3140,CID2170,CID37393,1,train
2582,3181,CID2170,CID3955,1,train
2582,3198,CID2170,CID4032,1,train
2582,3201,CID2170,CID4037,1,train
2582,3205,CID2170,CID4054,1,train
2582,3230,CID2170,CID41684,1,train
2582,3233,CID2170,CID4173,1,train
2582,3245,CID2170,CID4212,1,train
2582,3397,CID2170,CID445643,1,train
2582,3419,CID2170,CID446987,1,train
2582,3425,CID2170,CID4477,1,train
2582,3453,CID2170,CID449381,1,train
2582,3533,CID2170,CID4674,1,train
2582,3718,CID2170,CID517546,1,train
2582,3812,CID2170,CID5284583,1,train
2582,3831,CID2170,CID5291,1,train
2582,3842,CID2170,CID5310966,1,train
2582,3844,CID2170,CID5311,1,train
2582,3849,CID2170,CID5311068,1,train
2582,3872,CID2170,CID5323714,1,train
2582,3930,CID2170,CID5342,1,train
2582,3942,CID2170,CID5358,1,train
2582,3945,CID2170,CID5360515,1,train
2582,3964,CID2170,CID5426,1,train
2582,3967,CID2170,CID5430,1,train
2582,3982,CID2170,CID5462501,1,train
2582,3988,CID2170,CID54675769,1,train
2582,4003,CID2170,CID54680692,1,train
2582,4005,CID2170,CID54684141,1,train
2582,4039,CID2170,CID5493444,1,train
2582,4051,CID2170,CID5530,1,train
2582,4054,CID2170,CID5546,1,train
2582,4206,CID2170,CID5831,1,train
2582,4252,CID2170,CID6013,1,train
2582,4259,CID2170,CID6018,1,train
2582,4279,CID2170,CID60648,1,train
2582,4290,CID2170,CID60753,1,train
2582,4291,CID2170,CID60795,1,train
2582,4299,CID2170,CID60838,1,train
2582,4312,CID2170,CID6100,1,train
2582,4353,CID2170,CID6321424,1,train
2582,4358,CID2170,CID6337614,1,train
2582,4368,CID2170,CID64139,1,train
2582,4558,CID2170,CID6914273,1,train
2582,4577,CID2170,CID6918296,1,train
2582,4837,CID2170,CID7550,1,train
2582,4929,CID2170,CID91649,1,train
2582,5089,CID2170,CID9930913,1,train
2592,2859,CID219078,CID2578,1,train
2592,2969,CID219078,CID3019,1,train
2592,2984,CID219078,CID3034034,1,train
2592,3001,CID219078,CID3055,1,train
2592,3016,CID219078,CID3117,1,train
2592,3070,CID219078,CID3373,1,train
2592,3078,CID219078,CID3397,1,train
2592,3079,CID219078,CID3406,1,train
2592,3103,CID219078,CID3519,1,train
2592,3140,CID219078,CID37393,1,train
2592,3164,CID219078,CID3883,1,train
2592,3181,CID219078,CID3955,1,train
2592,3198,CID219078,CID4032,1,train
2592,3201,CID219078,CID4037,1,train
2592,3205,CID219078,CID4054,1,train
2592,3230,CID219078,CID41684,1,train
2592,3233,CID219078,CID4173,1,train
2592,3245,CID219078,CID4212,1,train
2592,3281,CID219078,CID439693,1,train
2592,3397,CID219078,CID445643,1,train
2592,3419,CID219078,CID446987,1,train
2592,3425,CID219078,CID4477,1,train
2592,3461,CID219078,CID4513,1,train
2592,3533,CID219078,CID4674,1,train
2592,3618,CID219078,CID4912,1,train
2592,3718,CID219078,CID517546,1,train
2592,3812,CID219078,CID5284583,1,train
2592,3831,CID219078,CID5291,1,train
2592,3842,CID219078,CID5310966,1,train
2592,3844,CID219078,CID5311,1,train
2592,3849,CID219078,CID5311068,1,train
2592,3872,CID219078,CID5323714,1,train
2592,3942,CID219078,CID5358,1,train
2592,3964,CID219078,CID5426,1,train
2592,3967,CID219078,CID5430,1,train
2592,3982,CID219078,CID5462501,1,train
2592,4005,CID219078,CID54684141,1,train
2592,4051,CID219078,CID5530,1,train
2592,4206,CID219078,CID5831,1,train
2592,4207,CID219078,CID5833,1,train
2592,4245,CID219078,CID5991,1,train
2592,4252,CID219078,CID6013,1,train
2592,4259,CID219078,CID6018,1,train
2592,4279,CID219078,CID60648,1,train
2592,4290,CID219078,CID60753,1,train
2592,4291,CID219078,CID60795,1,train
2592,4299,CID219078,CID60838,1,train
2592,4312,CID219078,CID6100,1,train
2592,4353,CID219078,CID6321424,1,train
2592,4358,CID219078,CID6337614,1,train
2592,4368,CID219078,CID64139,1,train
2592,4443,CID219078,CID656583,1,train
2592,4535,CID219078,CID68617,1,train
2592,4577,CID219078,CID6918296,1,train
2592,4837,CID219078,CID7550,1,train
2592,4949,CID219078,CID92722,1,train
2592,5000,CID219078,CID9811704,1,train
2592,5089,CID219078,CID9930913,1,train
2609,2610,CID22475,CID2249,1,train
2609,2859,CID22475,CID2578,1,train
2609,2875,CID22475,CID26879,1,train
2609,2969,CID22475,CID3019,1,train
2609,2984,CID22475,CID3034034,1,train
2609,2989,CID22475,CID3038,1,train
2609,3016,CID22475,CID3117,1,train
2609,3051,CID22475,CID3331,1,train
2609,3070,CID22475,CID3373,1,train
2609,3078,CID22475,CID3397,1,train
2609,3079,CID22475,CID3406,1,train
2609,3103,CID22475,CID3519,1,train
2609,3140,CID22475,CID37393,1,train
2609,3164,CID22475,CID3883,1,train
2609,3181,CID22475,CID3955,1,train
2609,3198,CID22475,CID4032,1,train
2609,3201,CID22475,CID4037,1,train
2609,3230,CID22475,CID41684,1,train
2609,3233,CID22475,CID4173,1,train
2609,3245,CID22475,CID4212,1,train
2609,3397,CID22475,CID445643,1,train
2609,3419,CID22475,CID446987,1,train
2609,3425,CID22475,CID4477,1,train
2609,3453,CID22475,CID449381,1,train
2609,3533,CID22475,CID4674,1,train
2609,3618,CID22475,CID4912,1,train
2609,3718,CID22475,CID517546,1,train
2609,3812,CID22475,CID5284583,1,train
2609,3831,CID22475,CID5291,1,train
2609,3842,CID22475,CID5310966,1,train
2609,3844,CID22475,CID5311,1,train
2609,3872,CID22475,CID5323714,1,train
2609,3895,CID22475,CID5329102,1,train
2609,3942,CID22475,CID5358,1,train
2609,3945,CID22475,CID5360515,1,train
2609,3967,CID22475,CID5430,1,train
2609,3982,CID22475,CID5462501,1,train
2609,3988,CID22475,CID54675769,1,train
2609,4003,CID22475,CID54680692,1,train
2609,4005,CID22475,CID54684141,1,train
2609,4039,CID22475,CID5493444,1,train
2609,4051,CID22475,CID5530,1,train
2609,4054,CID22475,CID5546,1,train
2609,4252,CID22475,CID6013,1,train
2609,4259,CID22475,CID6018,1,train
2609,4279,CID22475,CID60648,1,train
2609,4290,CID22475,CID60753,1,train
2609,4291,CID22475,CID60795,1,train
2609,4312,CID22475,CID6100,1,train
2609,4353,CID22475,CID6321424,1,train
2609,4358,CID22475,CID6337614,1,train
2609,4368,CID22475,CID64139,1,train
2609,4443,CID22475,CID656583,1,train
2609,4558,CID22475,CID6914273,1,train
2609,4577,CID22475,CID6918296,1,train
2609,4929,CID22475,CID91649,1,train
2609,4949,CID22475,CID92722,1,train
2609,5000,CID22475,CID9811704,1,train
2609,5089,CID22475,CID9930913,1,train
2610,2730,CID2249,CID2478,1,train
2610,2859,CID2249,CID2578,1,train
2610,2875,CID2249,CID26879,1,train
2610,2969,CID2249,CID3019,1,train
2610,2984,CID2249,CID3034034,1,train
2610,2989,CID2249,CID3038,1,train
2610,3001,CID2249,CID3055,1,train
2610,3051,CID2249,CID3331,1,train
2610,3070,CID2249,CID3373,1,train
2610,3079,CID2249,CID3406,1,train
2610,3103,CID2249,CID3519,1,train
2610,3140,CID2249,CID37393,1,train
2610,3164,CID2249,CID3883,1,train
2610,3181,CID2249,CID3955,1,train
2610,3198,CID2249,CID4032,1,train
2610,3201,CID2249,CID4037,1,train
2610,3205,CID2249,CID4054,1,train
2610,3230,CID2249,CID41684,1,train
2610,3233,CID2249,CID4173,1,train
2610,3245,CID2249,CID4212,1,train
2610,3397,CID2249,CID445643,1,train
2610,3425,CID2249,CID4477,1,train
2610,3453,CID2249,CID449381,1,train
2610,3461,CID2249,CID4513,1,train
2610,3533,CID2249,CID4674,1,train
2610,3618,CID2249,CID4912,1,train
2610,3718,CID2249,CID517546,1,train
2610,3831,CID2249,CID5291,1,train
2610,3842,CID2249,CID5310966,1,train
2610,3844,CID2249,CID5311,1,train
2610,3849,CID2249,CID5311068,1,train
2610,3872,CID2249,CID5323714,1,train
2610,3895,CID2249,CID5329102,1,train
2610,3930,CID2249,CID5342,1,train
2610,3942,CID2249,CID5358,1,train
2610,3945,CID2249,CID5360515,1,train
2610,3964,CID2249,CID5426,1,train
2610,3967,CID2249,CID5430,1,train
2610,3982,CID2249,CID5462501,1,train
2610,4003,CID2249,CID54680692,1,train
2610,4051,CID2249,CID5530,1,train
2610,4054,CID2249,CID5546,1,train
2610,4206,CID2249,CID5831,1,train
2610,4207,CID2249,CID5833,1,train
2610,4252,CID2249,CID6013,1,train
2610,4259,CID2249,CID6018,1,train
2610,4279,CID2249,CID60648,1,train
2610,4291,CID2249,CID60795,1,train
2610,4299,CID2249,CID60838,1,train
2610,4312,CID2249,CID6100,1,train
2610,4353,CID2249,CID6321424,1,train
2610,4358,CID2249,CID6337614,1,train
2610,4443,CID2249,CID656583,1,train
2610,4535,CID2249,CID68617,1,train
2610,4558,CID2249,CID6914273,1,train
2610,4577,CID2249,CID6918296,1,train
2610,4837,CID2249,CID7550,1,train
2610,4929,CID2249,CID91649,1,train
2610,4949,CID2249,CID92722,1,train
2610,5000,CID2249,CID9811704,1,train
2610,5089,CID2249,CID9930913,1,train
2619,2715,CID22833280,CID24756910,1,train
2619,2723,CID22833280,CID24771867,1,train
2619,2732,CID22833280,CID24785538,1,train
2619,2819,CID22833280,CID25167777,1,train
2619,3002,CID22833280,CID3062316,1,train
2619,4180,CID22833280,CID57519554,1,train
2619,4559,CID22833280,CID6914657,1,train
2619,4769,CID22833280,CID73265318,1,train
2619,4800,CID22833280,CID73265389,1,train
2620,2730,CID2284,CID2478,1,train
2620,2859,CID2284,CID2578,1,train
2620,2875,CID2284,CID26879,1,train
2620,2969,CID2284,CID3019,1,train
2620,2984,CID2284,CID3034034,1,train
2620,2989,CID2284,CID3038,1,train
2620,3001,CID2284,CID3055,1,train
2620,3016,CID2284,CID3117,1,train
2620,3070,CID2284,CID3373,1,train
2620,3078,CID2284,CID3397,1,train
2620,3079,CID2284,CID3406,1,train
2620,3103,CID2284,CID3519,1,train
2620,3140,CID2284,CID37393,1,train
2620,3164,CID2284,CID3883,1,train
2620,3181,CID2284,CID3955,1,train
2620,3198,CID2284,CID4032,1,train
2620,3201,CID2284,CID4037,1,train
2620,3205,CID2284,CID4054,1,train
2620,3230,CID2284,CID41684,1,train
2620,3233,CID2284,CID4173,1,train
2620,3245,CID2284,CID4212,1,train
2620,3281,CID2284,CID439693,1,train
2620,3397,CID2284,CID445643,1,train
2620,3419,CID2284,CID446987,1,train
2620,3425,CID2284,CID4477,1,train
2620,3453,CID2284,CID449381,1,train
2620,3461,CID2284,CID4513,1,train
2620,3533,CID2284,CID4674,1,train
2620,3618,CID2284,CID4912,1,train
2620,3718,CID2284,CID517546,1,train
2620,3812,CID2284,CID5284583,1,train
2620,3831,CID2284,CID5291,1,train
2620,3842,CID2284,CID5310966,1,train
2620,3844,CID2284,CID5311,1,train
2620,3849,CID2284,CID5311068,1,train
2620,3872,CID2284,CID5323714,1,train
2620,3895,CID2284,CID5329102,1,train
2620,3930,CID2284,CID5342,1,train
2620,3942,CID2284,CID5358,1,train
2620,3945,CID2284,CID5360515,1,train
2620,3964,CID2284,CID5426,1,train
2620,3967,CID2284,CID5430,1,train
2620,3982,CID2284,CID5462501,1,train
2620,3988,CID2284,CID54675769,1,train
2620,4003,CID2284,CID54680692,1,train
2620,4005,CID2284,CID54684141,1,train
2620,4051,CID2284,CID5530,1,train
2620,4054,CID2284,CID5546,1,train
2620,4207,CID2284,CID5833,1,train
2620,4245,CID2284,CID5991,1,train
2620,4252,CID2284,CID6013,1,train
2620,4259,CID2284,CID6018,1,train
2620,4279,CID2284,CID60648,1,train
2620,4290,CID2284,CID60753,1,train
2620,4291,CID2284,CID60795,1,train
2620,4299,CID2284,CID60838,1,train
2620,4353,CID2284,CID6321424,1,train
2620,4358,CID2284,CID6337614,1,train
2620,4368,CID2284,CID64139,1,train
2620,4443,CID2284,CID656583,1,train
2620,4535,CID2284,CID68617,1,train
2620,4558,CID2284,CID6914273,1,train
2620,4577,CID2284,CID6918296,1,train
2620,4837,CID2284,CID7550,1,train
2620,4929,CID2284,CID91649,1,train
2620,4949,CID2284,CID92722,1,train
2620,5089,CID2284,CID9930913,1,train
2638,2819,CID23582824,CID25167777,1,train
2638,2943,CID23582824,CID29112,1,train
2638,3140,CID23582824,CID37393,1,train
2638,3384,CID23582824,CID44469321,1,train
2638,3421,CID23582824,CID447077,1,train
2638,3934,CID23582824,CID53494972,1,train
2638,4128,CID23582824,CID57336745,1,train
2638,4354,CID23582824,CID63224,1,train
2638,4566,CID23582824,CID6917864,1,train
2638,5032,CID23582824,CID9852573,1,train
2684,2701,CID23725625,CID24360,1,train
2684,2723,CID23725625,CID24771867,1,train
2684,2732,CID23725625,CID24785538,1,train
2684,2769,CID23725625,CID24964624,1,train
2684,2771,CID23725625,CID24978538,1,train
2684,3002,CID23725625,CID3062316,1,train
2684,3365,CID23725625,CID443939,1,train
2684,3382,CID23725625,CID44462760,1,train
2684,3692,CID23725625,CID51001932,1,train
2684,3699,CID23725625,CID51042438,1,train
2684,3844,CID23725625,CID5311,1,train
2684,3860,CID23725625,CID5311497,1,train
2684,3899,CID23725625,CID5330286,1,train
2684,3927,CID23725625,CID53396328,1,train
2684,4084,CID23725625,CID56649450,1,train
2684,4299,CID23725625,CID60838,1,train
2684,5036,CID23725625,CID9858940,1,train
2684,5058,CID23725625,CID9887053,1,train
2684,5080,CID23725625,CID9914412,1,train
2685,2740,CID2375,CID24821094,1,train
2697,2740,CID24180719,CID24821094,1,train
2698,2727,CID24197464,CID24776445,1,train
2698,2730,CID24197464,CID2478,1,train
2698,2859,CID24197464,CID2578,1,train
2698,2869,CID24197464,CID2662,1,train
2698,2896,CID24197464,CID2733525,1,train
2698,2942,CID24197464,CID2907,1,train
2698,2948,CID24197464,CID29327,1,train
2698,3002,CID24197464,CID3062316,1,train
2698,3112,CID24197464,CID356653,1,train
2698,3134,CID24197464,CID3690,1,train
2698,3225,CID24197464,CID4114,1,train
2698,3245,CID24197464,CID4212,1,train
2698,3365,CID24197464,CID443939,1,train
2698,3375,CID24197464,CID44403842,1,train
2698,3387,CID24197464,CID444795,1,train
2698,3831,CID24197464,CID5291,1,train
2698,3844,CID24197464,CID5311,1,train
2698,3895,CID24197464,CID5329102,1,train
2698,3944,CID24197464,CID5360373,1,train
2698,3958,CID24197464,CID5388983,1,train
2698,3964,CID24197464,CID5426,1,train
2698,4265,CID24197464,CID60198,1,train
2698,4283,CID24197464,CID60699,1,train
2698,4359,CID24197464,CID636362,1,train
2698,4543,CID24197464,CID68740,1,train
2698,4643,CID24197464,CID71384,1,train
2701,2732,CID24360,CID24785538,1,train
2701,2769,CID24360,CID24964624,1,train
2701,2771,CID24360,CID24978538,1,train
2701,3382,CID24360,CID44462760,1,train
2701,3414,CID24360,CID446378,1,train
2701,3519,CID24360,CID46239015,1,train
2701,3692,CID24360,CID51001932,1,train
2701,3844,CID24360,CID5311,1,train
2701,3860,CID24360,CID5311497,1,train
2701,3899,CID24360,CID5330286,1,train
2701,3927,CID24360,CID53396328,1,train
2701,4128,CID24360,CID57336745,1,train
2701,4145,CID24360,CID57441923,1,train
2701,4559,CID24360,CID6914657,1,train
2701,4581,CID24360,CID6918405,1,train
2701,4700,CID24360,CID72435,1,train
2701,4736,CID24360,CID73265223,1,train
2701,4796,CID24360,CID73265377,1,train
2701,4797,CID24360,CID73265380,1,train
2701,4823,CID24360,CID73461,1,train
2701,5010,CID24360,CID9823820,1,train
2701,5036,CID24360,CID9858940,1,train
2701,5058,CID24360,CID9887053,1,train
2712,2769,CID24748204,CID24964624,1,train
2712,2942,CID24748204,CID2907,1,train
2712,3002,CID24748204,CID3062316,1,train
2712,3365,CID24748204,CID443939,1,train
2712,3519,CID24748204,CID46239015,1,train
2712,3844,CID24748204,CID5311,1,train
2712,3860,CID24748204,CID5311497,1,train
2712,3895,CID24748204,CID5329102,1,train
2712,4237,CID24748204,CID59691338,1,train
2712,5058,CID24748204,CID9887053,1,train
2713,2740,CID24748573,CID24821094,1,train
2715,2723,CID24756910,CID24771867,1,train
2715,2732,CID24756910,CID24785538,1,train
2715,2740,CID24756910,CID24821094,1,train
2715,3167,CID24756910,CID38911,1,train
2715,3414,CID24756910,CID446378,1,train
2715,4038,CID24756910,CID54900,1,train
2715,4180,CID24756910,CID57519554,1,train
2715,4559,CID24756910,CID6914657,1,train
2723,2732,CID24771867,CID24785538,1,train
2723,2769,CID24771867,CID24964624,1,train
2723,2771,CID24771867,CID24978538,1,train
2723,2975,CID24771867,CID3025986,1,train
2723,3692,CID24771867,CID51001932,1,train
2723,3844,CID24771867,CID5311,1,train
2723,3899,CID24771867,CID5330286,1,train
2723,4180,CID24771867,CID57519554,1,train
2723,4469,CID24771867,CID6604870,1,train
2723,4529,CID24771867,CID68546,1,train
2723,4769,CID24771867,CID73265318,1,train
2725,2740,CID24775005,CID24821094,1,train
2727,2730,CID24776445,CID2478,1,train
2727,2740,CID24776445,CID24821094,1,train
2727,2859,CID24776445,CID2578,1,train
2727,2869,CID24776445,CID2662,1,train
2727,2896,CID24776445,CID2733525,1,train
2727,2942,CID24776445,CID2907,1,train
2727,2948,CID24776445,CID29327,1,train
2727,2949,CID24776445,CID2942,1,train
2727,3002,CID24776445,CID3062316,1,train
2727,3112,CID24776445,CID356653,1,train
2727,3134,CID24776445,CID3690,1,train
2727,3225,CID24776445,CID4114,1,train
2727,3245,CID24776445,CID4212,1,train
2727,3365,CID24776445,CID443939,1,train
2727,3375,CID24776445,CID44403842,1,train
2727,3387,CID24776445,CID444795,1,train
2727,3831,CID24776445,CID5291,1,train
2727,3844,CID24776445,CID5311,1,train
2727,3895,CID24776445,CID5329102,1,train
2727,3944,CID24776445,CID5360373,1,train
2727,3958,CID24776445,CID5388983,1,train
2727,3964,CID24776445,CID5426,1,train
2727,4265,CID24776445,CID60198,1,train
2727,4283,CID24776445,CID60699,1,train
2727,4359,CID24776445,CID636362,1,train
2727,4543,CID24776445,CID68740,1,train
2727,4643,CID24776445,CID71384,1,train
2727,5034,CID24776445,CID9854073,1,train
2729,2732,CID24779775,CID24785538,1,train
2730,2859,CID2478,CID2578,1,train
2730,2869,CID2478,CID2662,1,train
2730,2875,CID2478,CID26879,1,train
2730,2896,CID2478,CID2733525,1,train
2730,2942,CID2478,CID2907,1,train
2730,2948,CID2478,CID29327,1,train
2730,2969,CID2478,CID3019,1,train
2730,2984,CID2478,CID3034034,1,train
2730,2989,CID2478,CID3038,1,train
2730,3001,CID2478,CID3055,1,train
2730,3002,CID2478,CID3062316,1,train
2730,3016,CID2478,CID3117,1,train
2730,3051,CID2478,CID3331,1,train
2730,3070,CID2478,CID3373,1,train
2730,3078,CID2478,CID3397,1,train
2730,3079,CID2478,CID3406,1,train
2730,3103,CID2478,CID3519,1,train
2730,3112,CID2478,CID356653,1,train
2730,3134,CID2478,CID3690,1,train
2730,3140,CID2478,CID37393,1,train
2730,3164,CID2478,CID3883,1,train
2730,3181,CID2478,CID3955,1,train
2730,3198,CID2478,CID4032,1,train
2730,3201,CID2478,CID4037,1,train
2730,3225,CID2478,CID4114,1,train
2730,3230,CID2478,CID41684,1,train
2730,3245,CID2478,CID4212,1,train
2730,3281,CID2478,CID439693,1,train
2730,3365,CID2478,CID443939,1,train
2730,3375,CID2478,CID44403842,1,train
2730,3387,CID2478,CID444795,1,train
2730,3419,CID2478,CID446987,1,train
2730,3425,CID2478,CID4477,1,train
2730,3453,CID2478,CID449381,1,train
2730,3461,CID2478,CID4513,1,train
2730,3533,CID2478,CID4674,1,train
2730,3618,CID2478,CID4912,1,train
2730,3718,CID2478,CID517546,1,train
2730,3812,CID2478,CID5284583,1,train
2730,3831,CID2478,CID5291,1,train
2730,3844,CID2478,CID5311,1,train
2730,3872,CID2478,CID5323714,1,train
2730,3895,CID2478,CID5329102,1,train
2730,3930,CID2478,CID5342,1,train
2730,3942,CID2478,CID5358,1,train
2730,3944,CID2478,CID5360373,1,train
2730,3945,CID2478,CID5360515,1,train
2730,3958,CID2478,CID5388983,1,train
2730,3964,CID2478,CID5426,1,train
2730,3967,CID2478,CID5430,1,train
2730,3982,CID2478,CID5462501,1,train
2730,3988,CID2478,CID54675769,1,train
2730,4003,CID2478,CID54680692,1,train
2730,4005,CID2478,CID54684141,1,train
2730,4039,CID2478,CID5493444,1,train
2730,4051,CID2478,CID5530,1,train
2730,4206,CID2478,CID5831,1,train
2730,4207,CID2478,CID5833,1,train
2730,4245,CID2478,CID5991,1,train
2730,4252,CID2478,CID6013,1,train
2730,4265,CID2478,CID60198,1,train
2730,4279,CID2478,CID60648,1,train
2730,4283,CID2478,CID60699,1,train
2730,4290,CID2478,CID60753,1,train
2730,4291,CID2478,CID60795,1,train
2730,4299,CID2478,CID60838,1,train
2730,4312,CID2478,CID6100,1,train
2730,4353,CID2478,CID6321424,1,train
2730,4358,CID2478,CID6337614,1,train
2730,4359,CID2478,CID636362,1,train
2730,4443,CID2478,CID656583,1,train
2730,4535,CID2478,CID68617,1,train
2730,4543,CID2478,CID68740,1,train
2730,4558,CID2478,CID6914273,1,train
2730,4577,CID2478,CID6918296,1,train
2730,4643,CID2478,CID71384,1,train
2730,4837,CID2478,CID7550,1,train
2730,4949,CID2478,CID92722,1,train
2730,5000,CID2478,CID9811704,1,train
2730,5089,CID2478,CID9930913,1,train
2732,2743,CID24785538,CID24826799,1,train
2732,2769,CID24785538,CID24964624,1,train
2732,2771,CID24785538,CID24978538,1,train
2732,2819,CID24785538,CID25167777,1,train
2732,2975,CID24785538,CID3025986,1,train
2732,3002,CID24785538,CID3062316,1,train
2732,3021,CID24785538,CID31411,1,train
2732,3050,CID24785538,CID3330,1,train
2732,3167,CID24785538,CID38911,1,train
2732,3305,CID24785538,CID441361,1,train
2732,3382,CID24785538,CID44462760,1,train
2732,3414,CID24785538,CID446378,1,train
2732,3497,CID24785538,CID46188928,1,train
2732,3692,CID24785538,CID51001932,1,train
2732,3839,CID24785538,CID52947716,1,train
2732,3844,CID24785538,CID5311,1,train
2732,3860,CID24785538,CID5311497,1,train
2732,3868,CID24785538,CID5321010,1,train
2732,3871,CID24785538,CID53235510,1,train
2732,3899,CID24785538,CID5330286,1,train
2732,3909,CID24785538,CID53340426,1,train
2732,3911,CID24785538,CID53340771,1,train
2732,4005,CID24785538,CID54684141,1,train
2732,4038,CID24785538,CID54900,1,train
2732,4138,CID24785538,CID57379345,1,train
2732,4229,CID24785538,CID5944,1,train
2732,4255,CID24785538,CID60160561,1,train
2732,4299,CID24785538,CID60838,1,train
2732,4559,CID24785538,CID6914657,1,train
2732,4592,CID24785538,CID6918638,1,train
2732,4658,CID24785538,CID71543365,1,train
2732,4672,CID24785538,CID71664305,1,train
2732,4705,CID24785538,CID72686,1,train
2732,4745,CID24785538,CID73265233,1,train
2732,4769,CID24785538,CID73265318,1,train
2732,4834,CID24785538,CID74990,1,train
2732,4910,CID24785538,CID90241673,1,train
2732,4986,CID24785538,CID9800555,1,train
2732,5032,CID24785538,CID9852573,1,train
2732,5036,CID24785538,CID9858940,1,train
2732,5058,CID24785538,CID9887053,1,train
2736,2740,CID24795070,CID24821094,1,train
2740,2743,CID24821094,CID24826799,1,train
2740,2766,CID24821094,CID24951314,1,train
2740,2769,CID24821094,CID24964624,1,train
2740,2771,CID24821094,CID24978538,1,train
2740,2784,CID24821094,CID25062766,1,train
2740,2801,CID24821094,CID25124816,1,train
2740,2819,CID24821094,CID25167777,1,train
2740,2825,CID24821094,CID25195294,1,train
2740,2847,CID24821094,CID25262792,1,train
2740,2867,CID24821094,CID265237,1,train
2740,2877,CID24821094,CID2703,1,train
2740,2941,CID24821094,CID2900,1,train
2740,2960,CID24821094,CID3003565,1,train
2740,2964,CID24821094,CID3008319,1,train
2740,2974,CID24821094,CID3025961,1,train
2740,2992,CID24821094,CID3038522,1,train
2740,3002,CID24821094,CID3062316,1,train
2740,3072,CID24821094,CID3378093,1,train
2740,3172,CID24821094,CID3922,1,train
2740,3219,CID24821094,CID409805,1,train
2740,3251,CID24821094,CID4259181,1,train
2740,3258,CID24821094,CID42623900,1,train
2740,3264,CID24821094,CID42642645,1,train
2740,3281,CID24821094,CID439693,1,train
2740,3333,CID24821094,CID44219749,1,train
2740,3408,CID24821094,CID44607530,1,train
2740,3427,CID24821094,CID447905,1,train
2740,3432,CID24821094,CID448042,1,train
2740,3446,CID24821094,CID449035,1,train
2740,3465,CID24821094,CID4521392,1,train
2740,3485,CID24821094,CID4594,1,train
2740,3511,CID24821094,CID46216796,1,train
2740,3557,CID24821094,CID46925884,1,train
2740,3561,CID24821094,CID46927888,1,train
2740,3567,CID24821094,CID46933992,1,train
2740,3654,CID24821094,CID49852941,1,train
2740,3655,CID24821094,CID49855250,1,train
2740,3659,CID24821094,CID49867930,1,train
2740,3662,CID24821094,CID4993,1,train
2740,3681,CID24821094,CID50905018,1,train
2740,3682,CID24821094,CID50905713,1,train
2740,3707,CID24821094,CID51358113,1,train
2740,3712,CID24821094,CID5163,1,train
2740,3726,CID24821094,CID5280343,1,train
2740,3831,CID24821094,CID5291,1,train
2740,3840,CID24821094,CID52948550,1,train
2740,3844,CID24821094,CID5311,1,train
2740,3845,CID24821094,CID5311007,1,train
2740,3859,CID24821094,CID5311382,1,train
2740,3900,CID24821094,CID5330790,1,train
2740,3903,CID24821094,CID53316140,1,train
2740,3925,CID24821094,CID5339,1,train
2740,3927,CID24821094,CID53396328,1,train
2740,3933,CID24821094,CID53484170,1,train
2740,3969,CID24821094,CID54454,1,train
2740,4080,CID24821094,CID56603532,1,train
2740,4084,CID24821094,CID56649450,1,train
2740,4145,CID24821094,CID57441923,1,train
2740,4155,CID24821094,CID57519512,1,train
2740,4162,CID24821094,CID57519527,1,train
2740,4163,CID24821094,CID57519528,1,train
2740,4173,CID24821094,CID57519543,1,train
2740,4174,CID24821094,CID57519544,1,train
2740,4179,CID24821094,CID57519551,1,train
2740,4180,CID24821094,CID57519554,1,train
2740,4181,CID24821094,CID57519555,1,train
2740,4275,CID24821094,CID60560,1,train
2740,4283,CID24821094,CID60699,1,train
2740,4285,CID24821094,CID60703,1,train
2740,4368,CID24821094,CID64139,1,train
2740,4375,CID24821094,CID6420138,1,train
2740,4465,CID24821094,CID65999,1,train
2740,4559,CID24821094,CID6914657,1,train
2740,4569,CID24821094,CID6918029,1,train
2740,4592,CID24821094,CID6918638,1,train
2740,4600,CID24821094,CID6918848,1,train
2740,4614,CID24821094,CID70789547,1,train
2740,4685,CID24821094,CID71992,1,train
2740,4689,CID24821094,CID72188603,1,train
2740,4697,CID24821094,CID72311,1,train
2740,4705,CID24821094,CID72686,1,train
2740,4714,CID24821094,CID729483,1,train
2740,4745,CID24821094,CID73265233,1,train
2740,4823,CID24821094,CID73461,1,train
2740,4873,CID24821094,CID83979,1,train
2740,4964,CID24821094,CID9549298,1,train
2740,4995,CID24821094,CID9808844,1,train
2740,5011,CID24821094,CID9824562,1,train
2740,5024,CID24821094,CID9840076,1,train
2740,5030,CID24821094,CID9849040,1,train
2740,5039,CID24821094,CID9865515,1,train
2740,5046,CID24821094,CID9869779,1,train
2740,5051,CID24821094,CID9872438,1,train
2740,5065,CID24821094,CID9893571,1,train
2740,5068,CID24821094,CID9902100,1,train
2740,5073,CID24821094,CID9908783,1,train
2740,5075,CID24821094,CID9910224,1,train
2740,5107,CID24821094,CID9949641,1,train
2740,5114,CID24821094,CID9956119,1,train
2743,2769,CID24826799,CID24964624,1,train
2743,2771,CID24826799,CID24978538,1,train
2743,2819,CID24826799,CID25167777,1,train
2743,3016,CID24826799,CID3117,1,train
2743,3414,CID24826799,CID446378,1,train
2743,3868,CID24826799,CID5321010,1,train
2743,4128,CID24826799,CID57336745,1,train
2743,4138,CID24826799,CID57379345,1,train
2743,4453,CID24826799,CID657237,1,train
2743,4581,CID24826799,CID6918405,1,train
2743,4592,CID24826799,CID6918638,1,train
2743,4745,CID24826799,CID73265233,1,train
2743,4796,CID24826799,CID73265377,1,train
2744,4315,CID24840086,CID6135,1,train
2768,2771,CID24963252,CID24978538,1,train
2768,2819,CID24963252,CID25167777,1,train
2768,4145,CID24963252,CID57441923,1,train
2768,4180,CID24963252,CID57519554,1,train
2768,4283,CID24963252,CID60699,1,train
2769,2771,CID24964624,CID24978538,1,train
2769,2867,CID24964624,CID265237,1,train
2769,2942,CID24964624,CID2907,1,train
2769,3002,CID24964624,CID3062316,1,train
2769,3314,CID24964624,CID44156902,1,train
2769,3382,CID24964624,CID44462760,1,train
2769,3414,CID24964624,CID446378,1,train
2769,3497,CID24964624,CID46188928,1,train
2769,3519,CID24964624,CID46239015,1,train
2769,3692,CID24964624,CID51001932,1,train
2769,3699,CID24964624,CID51042438,1,train
2769,3844,CID24964624,CID5311,1,train
2769,3860,CID24964624,CID5311497,1,train
2769,3871,CID24964624,CID53235510,1,train
2769,3895,CID24964624,CID5329102,1,train
2769,3899,CID24964624,CID5330286,1,train
2769,3911,CID24964624,CID53340771,1,train
2769,3927,CID24964624,CID53396328,1,train
2769,4084,CID24964624,CID56649450,1,train
2769,4128,CID24964624,CID57336745,1,train
2769,4138,CID24964624,CID57379345,1,train
2769,4145,CID24964624,CID57441923,1,train
2769,4237,CID24964624,CID59691338,1,train
2769,4299,CID24964624,CID60838,1,train
2769,4559,CID24964624,CID6914657,1,train
2769,4592,CID24964624,CID6918638,1,train
2769,4736,CID24964624,CID73265223,1,train
2769,4745,CID24964624,CID73265233,1,train
2769,4797,CID24964624,CID73265380,1,train
2769,5036,CID24964624,CID9858940,1,train
2769,5058,CID24964624,CID9887053,1,train
2769,5080,CID24964624,CID9914412,1,train
2769,5082,CID24964624,CID9918559,1,train
2771,2819,CID24978538,CID25167777,1,train
2771,2975,CID24978538,CID3025986,1,train
2771,3002,CID24978538,CID3062316,1,train
2771,3016,CID24978538,CID3117,1,train
2771,3167,CID24978538,CID38911,1,train
2771,3382,CID24978538,CID44462760,1,train
2771,3414,CID24978538,CID446378,1,train
2771,3519,CID24978538,CID46239015,1,train
2771,3571,CID24978538,CID46944259,1,train
2771,3645,CID24978538,CID49837968,1,train
2771,3692,CID24978538,CID51001932,1,train
2771,3699,CID24978538,CID51042438,1,train
2771,3844,CID24978538,CID5311,1,train
2771,3860,CID24978538,CID5311497,1,train
2771,3868,CID24978538,CID5321010,1,train
2771,3899,CID24978538,CID5330286,1,train
2771,3927,CID24978538,CID53396328,1,train
2771,4038,CID24978538,CID54900,1,train
2771,4084,CID24978538,CID56649450,1,train
2771,4128,CID24978538,CID57336745,1,train
2771,4145,CID24978538,CID57441923,1,train
2771,4180,CID24978538,CID57519554,1,train
2771,4229,CID24978538,CID5944,1,train
2771,4248,CID24978538,CID60060499,1,train
2771,4283,CID24978538,CID60699,1,train
2771,4299,CID24978538,CID60838,1,train
2771,4453,CID24978538,CID657237,1,train
2771,4487,CID24978538,CID66646767,1,train
2771,4559,CID24978538,CID6914657,1,train
2771,4566,CID24978538,CID6917864,1,train
2771,4581,CID24978538,CID6918405,1,train
2771,4662,CID24978538,CID71587153,1,train
2771,4705,CID24978538,CID72686,1,train
2771,4736,CID24978538,CID73265223,1,train
2771,4745,CID24978538,CID73265233,1,train
2771,4747,CID24978538,CID73265271,1,train
2771,4796,CID24978538,CID73265377,1,train
2771,4800,CID24978538,CID73265389,1,train
2771,4813,CID24978538,CID73265414,1,train
2771,4823,CID24978538,CID73461,1,train
2771,5036,CID24978538,CID9858940,1,train
2771,5058,CID24978538,CID9887053,1,train
2771,5080,CID24978538,CID9914412,1,train
2771,5082,CID24978538,CID9918559,1,train
2819,2943,CID25167777,CID29112,1,train
2819,3126,CID25167777,CID36708,1,train
2819,3139,CID25167777,CID37392,1,train
2819,3140,CID25167777,CID37393,1,train
2819,3194,CID25167777,CID4008,1,train
2819,3384,CID25167777,CID44469321,1,train
2819,3421,CID25167777,CID447077,1,train
2819,3424,CID25167777,CID4474,1,train
2819,3871,CID25167777,CID53235510,1,train
2819,3934,CID25167777,CID53494972,1,train
2819,4138,CID25167777,CID57379345,1,train
2819,4145,CID25167777,CID57441923,1,train
2819,4283,CID25167777,CID60699,1,train
2819,4354,CID25167777,CID63224,1,train
2819,4566,CID25167777,CID6917864,1,train
2819,4592,CID25167777,CID6918638,1,train
2819,4745,CID25167777,CID73265233,1,train
2819,4823,CID25167777,CID73461,1,train
2819,5032,CID25167777,CID9852573,1,train
2859,2869,CID2578,CID2662,1,train
2859,2875,CID2578,CID26879,1,train
2859,2896,CID2578,CID2733525,1,train
2859,2942,CID2578,CID2907,1,train
2859,2948,CID2578,CID29327,1,train
2859,2949,CID2578,CID2942,1,train
2859,2969,CID2578,CID3019,1,train
2859,2984,CID2578,CID3034034,1,train
2859,3001,CID2578,CID3055,1,train
2859,3002,CID2578,CID3062316,1,train
2859,3016,CID2578,CID3117,1,train
2859,3070,CID2578,CID3373,1,train
2859,3078,CID2578,CID3397,1,train
2859,3079,CID2578,CID3406,1,train
2859,3103,CID2578,CID3519,1,train
2859,3112,CID2578,CID356653,1,train
2859,3134,CID2578,CID3690,1,train
2859,3140,CID2578,CID37393,1,train
2859,3164,CID2578,CID3883,1,train
2859,3181,CID2578,CID3955,1,train
2859,3198,CID2578,CID4032,1,train
2859,3201,CID2578,CID4037,1,train
2859,3205,CID2578,CID4054,1,train
2859,3225,CID2578,CID4114,1,train
2859,3230,CID2578,CID41684,1,train
2859,3245,CID2578,CID4212,1,train
2859,3281,CID2578,CID439693,1,train
2859,3365,CID2578,CID443939,1,train
2859,3375,CID2578,CID44403842,1,train
2859,3387,CID2578,CID444795,1,train
2859,3425,CID2578,CID4477,1,train
2859,3461,CID2578,CID4513,1,train
2859,3533,CID2578,CID4674,1,train
2859,3718,CID2578,CID517546,1,train
2859,3812,CID2578,CID5284583,1,train
2859,3831,CID2578,CID5291,1,train
2859,3842,CID2578,CID5310966,1,train
2859,3844,CID2578,CID5311,1,train
2859,3849,CID2578,CID5311068,1,train
2859,3872,CID2578,CID5323714,1,train
2859,3895,CID2578,CID5329102,1,train
2859,3942,CID2578,CID5358,1,train
2859,3944,CID2578,CID5360373,1,train
2859,3945,CID2578,CID5360515,1,train
2859,3958,CID2578,CID5388983,1,train
2859,3964,CID2578,CID5426,1,train
2859,3967,CID2578,CID5430,1,train
2859,3982,CID2578,CID5462501,1,train
2859,3988,CID2578,CID54675769,1,train
2859,4003,CID2578,CID54680692,1,train
2859,4005,CID2578,CID54684141,1,train
2859,4039,CID2578,CID5493444,1,train
2859,4051,CID2578,CID5530,1,train
2859,4054,CID2578,CID5546,1,train
2859,4206,CID2578,CID5831,1,train
2859,4207,CID2578,CID5833,1,train
2859,4245,CID2578,CID5991,1,train
2859,4252,CID2578,CID6013,1,train
2859,4259,CID2578,CID6018,1,train
2859,4265,CID2578,CID60198,1,train
2859,4283,CID2578,CID60699,1,train
2859,4290,CID2578,CID60753,1,train
2859,4291,CID2578,CID60795,1,train
2859,4299,CID2578,CID60838,1,train
2859,4312,CID2578,CID6100,1,train
2859,4358,CID2578,CID6337614,1,train
2859,4359,CID2578,CID636362,1,train
2859,4535,CID2578,CID68617,1,train
2859,4543,CID2578,CID68740,1,train
2859,4558,CID2578,CID6914273,1,train
2859,4577,CID2578,CID6918296,1,train
2859,4643,CID2578,CID71384,1,train
2859,4837,CID2578,CID7550,1,train
2859,4949,CID2578,CID92722,1,train
2859,5034,CID2578,CID9854073,1,train
2867,3016,CID265237,CID3117,1,train
2867,4128,CID265237,CID57336745,1,train
2867,4559,CID265237,CID6914657,1,train
2867,4700,CID265237,CID72435,1,train
2867,5082,CID265237,CID9918559,1,train
2869,2896,CID2662,CID2733525,1,train
2869,2942,CID2662,CID2907,1,train
2869,2948,CID2662,CID29327,1,train
2869,2949,CID2662,CID2942,1,train
2869,3002,CID2662,CID3062316,1,train
2869,3112,CID2662,CID356653,1,train
2869,3134,CID2662,CID3690,1,train
2869,3225,CID2662,CID4114,1,train
2869,3245,CID2662,CID4212,1,train
2869,3365,CID2662,CID443939,1,train
2869,3375,CID2662,CID44403842,1,train
2869,3387,CID2662,CID444795,1,train
2869,3831,CID2662,CID5291,1,train
2869,3844,CID2662,CID5311,1,train
2869,3895,CID2662,CID5329102,1,train
2869,3944,CID2662,CID5360373,1,train
2869,3958,CID2662,CID5388983,1,train
2869,3964,CID2662,CID5426,1,train
2869,4265,CID2662,CID60198,1,train
2869,4283,CID2662,CID60699,1,train
2869,4359,CID2662,CID636362,1,train
2869,4543,CID2662,CID68740,1,train
2869,4643,CID2662,CID71384,1,train
2869,5034,CID2662,CID9854073,1,train
2875,2984,CID26879,CID3034034,1,train
2875,3001,CID26879,CID3055,1,train
2875,3016,CID26879,CID3117,1,train
2875,3051,CID26879,CID3331,1,train
2875,3070,CID26879,CID3373,1,train
2875,3078,CID26879,CID3397,1,train
2875,3079,CID26879,CID3406,1,train
2875,3103,CID26879,CID3519,1,train
2875,3140,CID26879,CID37393,1,train
2875,3164,CID26879,CID3883,1,train
2875,3201,CID26879,CID4037,1,train
2875,3205,CID26879,CID4054,1,train
2875,3230,CID26879,CID41684,1,train
2875,3233,CID26879,CID4173,1,train
2875,3245,CID26879,CID4212,1,train
2875,3281,CID26879,CID439693,1,train
2875,3419,CID26879,CID446987,1,train
2875,3425,CID26879,CID4477,1,train
2875,3453,CID26879,CID449381,1,train
2875,3461,CID26879,CID4513,1,train
2875,3533,CID26879,CID4674,1,train
2875,3618,CID26879,CID4912,1,train
2875,3718,CID26879,CID517546,1,train
2875,3812,CID26879,CID5284583,1,train
2875,3831,CID26879,CID5291,1,train
2875,3844,CID26879,CID5311,1,train
2875,3849,CID26879,CID5311068,1,train
2875,3872,CID26879,CID5323714,1,train
2875,3895,CID26879,CID5329102,1,train
2875,3930,CID26879,CID5342,1,train
2875,3942,CID26879,CID5358,1,train
2875,3945,CID26879,CID5360515,1,train
2875,3964,CID26879,CID5426,1,train
2875,3967,CID26879,CID5430,1,train
2875,3982,CID26879,CID5462501,1,train
2875,3988,CID26879,CID54675769,1,train
2875,4003,CID26879,CID54680692,1,train
2875,4005,CID26879,CID54684141,1,train
2875,4051,CID26879,CID5530,1,train
2875,4054,CID26879,CID5546,1,train
2875,4207,CID26879,CID5833,1,train
2875,4245,CID26879,CID5991,1,train
2875,4252,CID26879,CID6013,1,train
2875,4259,CID26879,CID6018,1,train
2875,4290,CID26879,CID60753,1,train
2875,4291,CID26879,CID60795,1,train
2875,4299,CID26879,CID60838,1,train
2875,4353,CID26879,CID6321424,1,train
2875,4358,CID26879,CID6337614,1,train
2875,4443,CID26879,CID656583,1,train
2875,4558,CID26879,CID6914273,1,train
2875,4577,CID26879,CID6918296,1,train
2875,4837,CID26879,CID7550,1,train
2875,4929,CID26879,CID91649,1,train
2875,4949,CID26879,CID92722,1,train
2875,5000,CID26879,CID9811704,1,train
2875,5089,CID26879,CID9930913,1,train
2896,2942,CID2733525,CID2907,1,train
2896,2948,CID2733525,CID29327,1,train
2896,2949,CID2733525,CID2942,1,train
2896,3002,CID2733525,CID3062316,1,train
2896,3112,CID2733525,CID356653,1,train
2896,3134,CID2733525,CID3690,1,train
2896,3167,CID2733525,CID38911,1,train
2896,3225,CID2733525,CID4114,1,train
2896,3245,CID2733525,CID4212,1,train
2896,3365,CID2733525,CID443939,1,train
2896,3375,CID2733525,CID44403842,1,train
2896,3387,CID2733525,CID444795,1,train
2896,3831,CID2733525,CID5291,1,train
2896,3844,CID2733525,CID5311,1,train
2896,3895,CID2733525,CID5329102,1,train
2896,3944,CID2733525,CID5360373,1,train
2896,3958,CID2733525,CID5388983,1,train
2896,3964,CID2733525,CID5426,1,train
2896,4265,CID2733525,CID60198,1,train
2896,4283,CID2733525,CID60699,1,train
2896,4359,CID2733525,CID636362,1,train
2896,4543,CID2733525,CID68740,1,train
2896,4643,CID2733525,CID71384,1,train
2896,5034,CID2733525,CID9854073,1,train
2923,2962,CID2800,CID3005572,1,train
2923,3754,CID2800,CID5281078,1,train
2923,3895,CID2800,CID5329102,1,train
2923,4291,CID2800,CID60795,1,train
2923,4318,CID2800,CID6167,1,train
2924,3934,CID2800647,CID53494972,1,train
2935,2962,CID285033,CID3005572,1,train
2935,3115,CID285033,CID358177,1,train
2935,3754,CID285033,CID5281078,1,train
2935,4318,CID285033,CID6167,1,train
2935,4351,CID285033,CID63009,1,train
2935,4408,CID285033,CID6456015,1,train
2942,2948,CID2907,CID29327,1,train
2942,3002,CID2907,CID3062316,1,train
2942,3112,CID2907,CID356653,1,train
2942,3134,CID2907,CID3690,1,train
2942,3225,CID2907,CID4114,1,train
2942,3245,CID2907,CID4212,1,train
2942,3365,CID2907,CID443939,1,train
2942,3375,CID2907,CID44403842,1,train
2942,3387,CID2907,CID444795,1,train
2942,3519,CID2907,CID46239015,1,train
2942,3831,CID2907,CID5291,1,train
2942,3844,CID2907,CID5311,1,train
2942,3895,CID2907,CID5329102,1,train
2942,3944,CID2907,CID5360373,1,train
2942,3958,CID2907,CID5388983,1,train
2942,3964,CID2907,CID5426,1,train
2942,4237,CID2907,CID59691338,1,train
2942,4265,CID2907,CID60198,1,train
2942,4283,CID2907,CID60699,1,train
2942,4359,CID2907,CID636362,1,train
2942,4543,CID2907,CID68740,1,train
2942,4643,CID2907,CID71384,1,train
2943,3139,CID29112,CID37392,1,train
2943,3140,CID29112,CID37393,1,train
2943,3355,CID29112,CID443390,1,train
2943,3384,CID29112,CID44469321,1,train
2943,3421,CID29112,CID447077,1,train
2943,3662,CID29112,CID4993,1,train
2943,3844,CID29112,CID5311,1,train
2943,3934,CID29112,CID53494972,1,train
2943,4128,CID29112,CID57336745,1,train
2943,4353,CID29112,CID6321424,1,train
2943,4354,CID29112,CID63224,1,train
2943,4566,CID29112,CID6917864,1,train
2943,4644,CID29112,CID71386,1,train
2943,4904,CID29112,CID8980,1,train
2943,4946,CID29112,CID92178,1,train
2943,4950,CID29112,CID92727,1,train
2943,5032,CID29112,CID9852573,1,train
2943,5080,CID29112,CID9914412,1,train
2948,3002,CID29327,CID3062316,1,train
2948,3112,CID29327,CID356653,1,train
2948,3134,CID29327,CID3690,1,train
2948,3225,CID29327,CID4114,1,train
2948,3245,CID29327,CID4212,1,train
2948,3365,CID29327,CID443939,1,train
2948,3375,CID29327,CID44403842,1,train
2948,3387,CID29327,CID444795,1,train
2948,3831,CID29327,CID5291,1,train
2948,3844,CID29327,CID5311,1,train
2948,3895,CID29327,CID5329102,1,train
2948,3944,CID29327,CID5360373,1,train
2948,3958,CID29327,CID5388983,1,train
2948,3964,CID29327,CID5426,1,train
2948,4265,CID29327,CID60198,1,train
2948,4283,CID29327,CID60699,1,train
2948,4359,CID29327,CID636362,1,train
2948,4543,CID29327,CID68740,1,train
2948,4643,CID29327,CID71384,1,train
2949,3002,CID2942,CID3062316,1,train
2949,3225,CID2942,CID4114,1,train
2949,3245,CID2942,CID4212,1,train
2949,3387,CID2942,CID444795,1,train
2949,3831,CID2942,CID5291,1,train
2949,3895,CID2942,CID5329102,1,train
2949,3944,CID2942,CID5360373,1,train
2949,3964,CID2942,CID5426,1,train
2949,4543,CID2942,CID68740,1,train
2949,4643,CID2942,CID71384,1,train
2949,5034,CID2942,CID9854073,1,train
2962,3115,CID3005572,CID358177,1,train
2962,3624,CID3005572,CID492405,1,train
2962,3754,CID3005572,CID5281078,1,train
2962,3895,CID3005572,CID5329102,1,train
2962,4291,CID3005572,CID60795,1,train
2962,4310,CID3005572,CID60974,1,train
2962,4318,CID3005572,CID6167,1,train
2962,4351,CID3005572,CID63009,1,train
2962,4408,CID3005572,CID6456015,1,train
2969,2989,CID3019,CID3038,1,train
2969,3001,CID3019,CID3055,1,train
2969,3016,CID3019,CID3117,1,train
2969,3051,CID3019,CID3331,1,train
2969,3070,CID3019,CID3373,1,train
2969,3078,CID3019,CID3397,1,train
2969,3079,CID3019,CID3406,1,train
2969,3103,CID3019,CID3519,1,train
2969,3140,CID3019,CID37393,1,train
2969,3164,CID3019,CID3883,1,train
2969,3181,CID3019,CID3955,1,train
2969,3198,CID3019,CID4032,1,train
2969,3201,CID3019,CID4037,1,train
2969,3205,CID3019,CID4054,1,train
2969,3230,CID3019,CID41684,1,train
2969,3233,CID3019,CID4173,1,train
2969,3245,CID3019,CID4212,1,train
2969,3281,CID3019,CID439693,1,train
2969,3397,CID3019,CID445643,1,train
2969,3419,CID3019,CID446987,1,train
2969,3425,CID3019,CID4477,1,train
2969,3453,CID3019,CID449381,1,train
2969,3461,CID3019,CID4513,1,train
2969,3533,CID3019,CID4674,1,train
2969,3618,CID3019,CID4912,1,train
2969,3718,CID3019,CID517546,1,train
2969,3812,CID3019,CID5284583,1,train
2969,3844,CID3019,CID5311,1,train
2969,3849,CID3019,CID5311068,1,train
2969,3872,CID3019,CID5323714,1,train
2969,3895,CID3019,CID5329102,1,train
2969,3930,CID3019,CID5342,1,train
2969,3942,CID3019,CID5358,1,train
2969,3945,CID3019,CID5360515,1,train
2969,3964,CID3019,CID5426,1,train
2969,3967,CID3019,CID5430,1,train
2969,3982,CID3019,CID5462501,1,train
2969,3988,CID3019,CID54675769,1,train
2969,4003,CID3019,CID54680692,1,train
2969,4005,CID3019,CID54684141,1,train
2969,4039,CID3019,CID5493444,1,train
2969,4051,CID3019,CID5530,1,train
2969,4054,CID3019,CID5546,1,train
2969,4206,CID3019,CID5831,1,train
2969,4207,CID3019,CID5833,1,train
2969,4245,CID3019,CID5991,1,train
2969,4252,CID3019,CID6013,1,train
2969,4259,CID3019,CID6018,1,train
2969,4279,CID3019,CID60648,1,train
2969,4290,CID3019,CID60753,1,train
2969,4291,CID3019,CID60795,1,train
2969,4312,CID3019,CID6100,1,train
2969,4353,CID3019,CID6321424,1,train
2969,4358,CID3019,CID6337614,1,train
2969,4368,CID3019,CID64139,1,train
2969,4443,CID3019,CID656583,1,train
2969,4535,CID3019,CID68617,1,train
2969,4558,CID3019,CID6914273,1,train
2969,4577,CID3019,CID6918296,1,train
2969,4837,CID3019,CID7550,1,train
2969,4929,CID3019,CID91649,1,train
2969,4949,CID3019,CID92722,1,train
2969,5000,CID3019,CID9811704,1,train
2969,5089,CID3019,CID9930913,1,train
2975,3002,CID3025986,CID3062316,1,train
2975,3868,CID3025986,CID5321010,1,train
2975,4469,CID3025986,CID6604870,1,train
2975,4529,CID3025986,CID68546,1,train
2975,4559,CID3025986,CID6914657,1,train
2975,4705,CID3025986,CID72686,1,train
2975,4769,CID3025986,CID73265318,1,train
2975,4800,CID3025986,CID73265389,1,train
2984,2989,CID3034034,CID3038,1,train
2984,3001,CID3034034,CID3055,1,train
2984,3051,CID3034034,CID3331,1,train
2984,3070,CID3034034,CID3373,1,train
2984,3078,CID3034034,CID3397,1,train
2984,3079,CID3034034,CID3406,1,train
2984,3103,CID3034034,CID3519,1,train
2984,3140,CID3034034,CID37393,1,train
2984,3164,CID3034034,CID3883,1,train
2984,3181,CID3034034,CID3955,1,train
2984,3198,CID3034034,CID4032,1,train
2984,3201,CID3034034,CID4037,1,train
2984,3205,CID3034034,CID4054,1,train
2984,3230,CID3034034,CID41684,1,train
2984,3233,CID3034034,CID4173,1,train
2984,3245,CID3034034,CID4212,1,train
2984,3281,CID3034034,CID439693,1,train
2984,3397,CID3034034,CID445643,1,train
2984,3419,CID3034034,CID446987,1,train
2984,3425,CID3034034,CID4477,1,train
2984,3453,CID3034034,CID449381,1,train
2984,3461,CID3034034,CID4513,1,train
2984,3618,CID3034034,CID4912,1,train
2984,3718,CID3034034,CID517546,1,train
2984,3812,CID3034034,CID5284583,1,train
2984,3831,CID3034034,CID5291,1,train
2984,3842,CID3034034,CID5310966,1,train
2984,3844,CID3034034,CID5311,1,train
2984,3849,CID3034034,CID5311068,1,train
2984,3872,CID3034034,CID5323714,1,train
2984,3895,CID3034034,CID5329102,1,train
2984,3930,CID3034034,CID5342,1,train
2984,3942,CID3034034,CID5358,1,train
2984,3945,CID3034034,CID5360515,1,train
2984,3964,CID3034034,CID5426,1,train
2984,3967,CID3034034,CID5430,1,train
2984,3982,CID3034034,CID5462501,1,train
2984,3988,CID3034034,CID54675769,1,train
2984,4003,CID3034034,CID54680692,1,train
2984,4005,CID3034034,CID54684141,1,train
2984,4039,CID3034034,CID5493444,1,train
2984,4051,CID3034034,CID5530,1,train
2984,4054,CID3034034,CID5546,1,train
2984,4206,CID3034034,CID5831,1,train
2984,4207,CID3034034,CID5833,1,train
2984,4245,CID3034034,CID5991,1,train
2984,4252,CID3034034,CID6013,1,train
2984,4259,CID3034034,CID6018,1,train
2984,4279,CID3034034,CID60648,1,train
2984,4290,CID3034034,CID60753,1,train
2984,4291,CID3034034,CID60795,1,train
2984,4299,CID3034034,CID60838,1,train
2984,4312,CID3034034,CID6100,1,train
2984,4353,CID3034034,CID6321424,1,train
2984,4358,CID3034034,CID6337614,1,train
2984,4368,CID3034034,CID64139,1,train
2984,4443,CID3034034,CID656583,1,train
2984,4535,CID3034034,CID68617,1,train
2984,4558,CID3034034,CID6914273,1,train
2984,4577,CID3034034,CID6918296,1,train
2984,4837,CID3034034,CID7550,1,train
2984,4929,CID3034034,CID91649,1,train
2984,4949,CID3034034,CID92722,1,train
2984,5000,CID3034034,CID9811704,1,train
2984,5089,CID3034034,CID9930913,1,train
2989,3001,CID3038,CID3055,1,train
2989,3016,CID3038,CID3117,1,train
2989,3051,CID3038,CID3331,1,train
2989,3070,CID3038,CID3373,1,train
2989,3078,CID3038,CID3397,1,train
2989,3103,CID3038,CID3519,1,train
2989,3140,CID3038,CID37393,1,train
2989,3164,CID3038,CID3883,1,train
2989,3181,CID3038,CID3955,1,train
2989,3201,CID3038,CID4037,1,train
2989,3205,CID3038,CID4054,1,train
2989,3230,CID3038,CID41684,1,train
2989,3233,CID3038,CID4173,1,train
2989,3245,CID3038,CID4212,1,train
2989,3281,CID3038,CID439693,1,train
2989,3397,CID3038,CID445643,1,train
2989,3419,CID3038,CID446987,1,train
2989,3425,CID3038,CID4477,1,train
2989,3453,CID3038,CID449381,1,train
2989,3461,CID3038,CID4513,1,train
2989,3533,CID3038,CID4674,1,train
2989,3618,CID3038,CID4912,1,train
2989,3718,CID3038,CID517546,1,train
2989,3812,CID3038,CID5284583,1,train
2989,3831,CID3038,CID5291,1,train
2989,3842,CID3038,CID5310966,1,train
2989,3844,CID3038,CID5311,1,train
2989,3849,CID3038,CID5311068,1,train
2989,3872,CID3038,CID5323714,1,train
2989,3895,CID3038,CID5329102,1,train
2989,3930,CID3038,CID5342,1,train
2989,3942,CID3038,CID5358,1,train
2989,3945,CID3038,CID5360515,1,train
2989,3964,CID3038,CID5426,1,train
2989,3967,CID3038,CID5430,1,train
2989,3982,CID3038,CID5462501,1,train
2989,3988,CID3038,CID54675769,1,train
2989,4003,CID3038,CID54680692,1,train
2989,4005,CID3038,CID54684141,1,train
2989,4051,CID3038,CID5530,1,train
2989,4054,CID3038,CID5546,1,train
2989,4206,CID3038,CID5831,1,train
2989,4207,CID3038,CID5833,1,train
2989,4245,CID3038,CID5991,1,train
2989,4252,CID3038,CID6013,1,train
2989,4259,CID3038,CID6018,1,train
2989,4290,CID3038,CID60753,1,train
2989,4291,CID3038,CID60795,1,train
2989,4299,CID3038,CID60838,1,train
2989,4312,CID3038,CID6100,1,train
2989,4353,CID3038,CID6321424,1,train
2989,4358,CID3038,CID6337614,1,train
2989,4368,CID3038,CID64139,1,train
2989,4535,CID3038,CID68617,1,train
2989,4577,CID3038,CID6918296,1,train
2989,4949,CID3038,CID92722,1,train
2989,5000,CID3038,CID9811704,1,train
2989,5089,CID3038,CID9930913,1,train
3001,3016,CID3055,CID3117,1,train
3001,3051,CID3055,CID3331,1,train
3001,3070,CID3055,CID3373,1,train
3001,3079,CID3055,CID3406,1,train
3001,3103,CID3055,CID3519,1,train
3001,3140,CID3055,CID37393,1,train
3001,3164,CID3055,CID3883,1,train
3001,3181,CID3055,CID3955,1,train
3001,3198,CID3055,CID4032,1,train
3001,3201,CID3055,CID4037,1,train
3001,3205,CID3055,CID4054,1,train
3001,3230,CID3055,CID41684,1,train
3001,3233,CID3055,CID4173,1,train
3001,3245,CID3055,CID4212,1,train
3001,3397,CID3055,CID445643,1,train
3001,3419,CID3055,CID446987,1,train
3001,3425,CID3055,CID4477,1,train
3001,3453,CID3055,CID449381,1,train
3001,3461,CID3055,CID4513,1,train
3001,3618,CID3055,CID4912,1,train
3001,3718,CID3055,CID517546,1,train
3001,3812,CID3055,CID5284583,1,train
3001,3831,CID3055,CID5291,1,train
3001,3842,CID3055,CID5310966,1,train
3001,3844,CID3055,CID5311,1,train
3001,3849,CID3055,CID5311068,1,train
3001,3872,CID3055,CID5323714,1,train
3001,3895,CID3055,CID5329102,1,train
3001,3942,CID3055,CID5358,1,train
3001,3945,CID3055,CID5360515,1,train
3001,3964,CID3055,CID5426,1,train
3001,3967,CID3055,CID5430,1,train
3001,3988,CID3055,CID54675769,1,train
3001,4005,CID3055,CID54684141,1,train
3001,4039,CID3055,CID5493444,1,train
3001,4051,CID3055,CID5530,1,train
3001,4054,CID3055,CID5546,1,train
3001,4207,CID3055,CID5833,1,train
3001,4252,CID3055,CID6013,1,train
3001,4259,CID3055,CID6018,1,train
3001,4279,CID3055,CID60648,1,train
3001,4290,CID3055,CID60753,1,train
3001,4299,CID3055,CID60838,1,train
3001,4312,CID3055,CID6100,1,train
3001,4353,CID3055,CID6321424,1,train
3001,4358,CID3055,CID6337614,1,train
3001,4535,CID3055,CID68617,1,train
3001,4558,CID3055,CID6914273,1,train
3001,4577,CID3055,CID6918296,1,train
3001,4837,CID3055,CID7550,1,train
3001,4929,CID3055,CID91649,1,train
3001,4949,CID3055,CID92722,1,train
3001,5000,CID3055,CID9811704,1,train
3001,5089,CID3055,CID9930913,1,train
3002,3050,CID3062316,CID3330,1,train
3002,3112,CID3062316,CID356653,1,train
3002,3134,CID3062316,CID3690,1,train
3002,3167,CID3062316,CID38911,1,train
3002,3225,CID3062316,CID4114,1,train
3002,3245,CID3062316,CID4212,1,train
3002,3365,CID3062316,CID443939,1,train
3002,3375,CID3062316,CID44403842,1,train
3002,3387,CID3062316,CID444795,1,train
3002,3414,CID3062316,CID446378,1,train
3002,3519,CID3062316,CID46239015,1,train
3002,3692,CID3062316,CID51001932,1,train
3002,3831,CID3062316,CID5291,1,train
3002,3844,CID3062316,CID5311,1,train
3002,3860,CID3062316,CID5311497,1,train
3002,3895,CID3062316,CID5329102,1,train
3002,3899,CID3062316,CID5330286,1,train
3002,3944,CID3062316,CID5360373,1,train
3002,3958,CID3062316,CID5388983,1,train
3002,3964,CID3062316,CID5426,1,train
3002,4038,CID3062316,CID54900,1,train
3002,4229,CID3062316,CID5944,1,train
3002,4237,CID3062316,CID59691338,1,train
3002,4265,CID3062316,CID60198,1,train
3002,4283,CID3062316,CID60699,1,train
3002,4299,CID3062316,CID60838,1,train
3002,4359,CID3062316,CID636362,1,train
3002,4508,CID3062316,CID6746983,1,train
3002,4511,CID3062316,CID6758,1,train
3002,4543,CID3062316,CID68740,1,train
3002,4559,CID3062316,CID6914657,1,train
3002,4643,CID3062316,CID71384,1,train
3002,4705,CID3062316,CID72686,1,train
3002,4834,CID3062316,CID74990,1,train
3002,5034,CID3062316,CID9854073,1,train
3002,5058,CID3062316,CID9887053,1,train
3002,5107,CID3062316,CID9949641,1,train
3014,4566,CID3114,CID6917864,1,train
3016,3051,CID3117,CID3331,1,train
3016,3070,CID3117,CID3373,1,train
3016,3078,CID3117,CID3397,1,train
3016,3079,CID3117,CID3406,1,train
3016,3103,CID3117,CID3519,1,train
3016,3140,CID3117,CID37393,1,train
3016,3164,CID3117,CID3883,1,train
3016,3181,CID3117,CID3955,1,train
3016,3198,CID3117,CID4032,1,train
3016,3201,CID3117,CID4037,1,train
3016,3205,CID3117,CID4054,1,train
3016,3233,CID3117,CID4173,1,train
3016,3281,CID3117,CID439693,1,train
3016,3397,CID3117,CID445643,1,train
3016,3419,CID3117,CID446987,1,train
3016,3425,CID3117,CID4477,1,train
3016,3453,CID3117,CID449381,1,train
3016,3461,CID3117,CID4513,1,train
3016,3533,CID3117,CID4674,1,train
3016,3618,CID3117,CID4912,1,train
3016,3718,CID3117,CID517546,1,train
3016,3812,CID3117,CID5284583,1,train
3016,3831,CID3117,CID5291,1,train
3016,3842,CID3117,CID5310966,1,train
3016,3844,CID3117,CID5311,1,train
3016,3849,CID3117,CID5311068,1,train
3016,3872,CID3117,CID5323714,1,train
3016,3895,CID3117,CID5329102,1,train
3016,3930,CID3117,CID5342,1,train
3016,3942,CID3117,CID5358,1,train
3016,3945,CID3117,CID5360515,1,train
3016,3964,CID3117,CID5426,1,train
3016,3967,CID3117,CID5430,1,train
3016,3982,CID3117,CID5462501,1,train
3016,3988,CID3117,CID54675769,1,train
3016,4003,CID3117,CID54680692,1,train
3016,4039,CID3117,CID5493444,1,train
3016,4128,CID3117,CID57336745,1,train
3016,4145,CID3117,CID57441923,1,train
3016,4206,CID3117,CID5831,1,train
3016,4245,CID3117,CID5991,1,train
3016,4252,CID3117,CID6013,1,train
3016,4259,CID3117,CID6018,1,train
3016,4279,CID3117,CID60648,1,train
3016,4290,CID3117,CID60753,1,train
3016,4291,CID3117,CID60795,1,train
3016,4299,CID3117,CID60838,1,train
3016,4353,CID3117,CID6321424,1,train
3016,4358,CID3117,CID6337614,1,train
3016,4368,CID3117,CID64139,1,train
3016,4443,CID3117,CID656583,1,train
3016,4453,CID3117,CID657237,1,train
3016,4558,CID3117,CID6914273,1,train
3016,4577,CID3117,CID6918296,1,train
3016,4745,CID3117,CID73265233,1,train
3016,4769,CID3117,CID73265318,1,train
3016,4837,CID3117,CID7550,1,train
3016,4929,CID3117,CID91649,1,train
3016,4949,CID3117,CID92722,1,train
3016,5000,CID3117,CID9811704,1,train
3016,5089,CID3117,CID9930913,1,train
3021,3414,CID31411,CID446378,1,train
3021,3449,CID31411,CID449171,1,train
3021,3497,CID31411,CID46188928,1,train
3021,3899,CID31411,CID5330286,1,train
3021,4658,CID31411,CID71543365,1,train
3050,3513,CID3330,CID46220502,1,train
3050,4511,CID3330,CID6758,1,train
3050,5032,CID3330,CID9852573,1,train
3051,3079,CID3331,CID3406,1,train
3051,3140,CID3331,CID37393,1,train
3051,3164,CID3331,CID3883,1,train
3051,3181,CID3331,CID3955,1,train
3051,3201,CID3331,CID4037,1,train
3051,3205,CID3331,CID4054,1,train
3051,3230,CID3331,CID41684,1,train
3051,3233,CID3331,CID4173,1,train
3051,3245,CID3331,CID4212,1,train
3051,3281,CID3331,CID439693,1,train
3051,3397,CID3331,CID445643,1,train
3051,3419,CID3331,CID446987,1,train
3051,3425,CID3331,CID4477,1,train
3051,3461,CID3331,CID4513,1,train
3051,3533,CID3331,CID4674,1,train
3051,3618,CID3331,CID4912,1,train
3051,3718,CID3331,CID517546,1,train
3051,3812,CID3331,CID5284583,1,train
3051,3831,CID3331,CID5291,1,train
3051,3842,CID3331,CID5310966,1,train
3051,3844,CID3331,CID5311,1,train
3051,3872,CID3331,CID5323714,1,train
3051,3895,CID3331,CID5329102,1,train
3051,3930,CID3331,CID5342,1,train
3051,3945,CID3331,CID5360515,1,train
3051,3964,CID3331,CID5426,1,train
3051,3982,CID3331,CID5462501,1,train
3051,3988,CID3331,CID54675769,1,train
3051,4003,CID3331,CID54680692,1,train
3051,4005,CID3331,CID54684141,1,train
3051,4051,CID3331,CID5530,1,train
3051,4054,CID3331,CID5546,1,train
3051,4206,CID3331,CID5831,1,train
3051,4207,CID3331,CID5833,1,train
3051,4245,CID3331,CID5991,1,train
3051,4259,CID3331,CID6018,1,train
3051,4312,CID3331,CID6100,1,train
3051,4353,CID3331,CID6321424,1,train
3051,4358,CID3331,CID6337614,1,train
3051,4443,CID3331,CID656583,1,train
3051,4558,CID3331,CID6914273,1,train
3051,4577,CID3331,CID6918296,1,train
3051,4837,CID3331,CID7550,1,train
3051,4929,CID3331,CID91649,1,train
3051,4949,CID3331,CID92722,1,train
3051,5000,CID3331,CID9811704,1,train
3051,5089,CID3331,CID9930913,1,train
3053,3139,CID3336,CID37392,1,train
3053,4566,CID3336,CID6917864,1,train
3070,3078,CID3373,CID3397,1,train
3070,3079,CID3373,CID3406,1,train
3070,3103,CID3373,CID3519,1,train
3070,3140,CID3373,CID37393,1,train
3070,3164,CID3373,CID3883,1,train
3070,3181,CID3373,CID3955,1,train
3070,3198,CID3373,CID4032,1,train
3070,3201,CID3373,CID4037,1,train
3070,3205,CID3373,CID4054,1,train
3070,3230,CID3373,CID41684,1,train
3070,3245,CID3373,CID4212,1,train
3070,3281,CID3373,CID439693,1,train
3070,3397,CID3373,CID445643,1,train
3070,3419,CID3373,CID446987,1,train
3070,3425,CID3373,CID4477,1,train
3070,3453,CID3373,CID449381,1,train
3070,3461,CID3373,CID4513,1,train
3070,3533,CID3373,CID4674,1,train
3070,3618,CID3373,CID4912,1,train
3070,3718,CID3373,CID517546,1,train
3070,3812,CID3373,CID5284583,1,train
3070,3831,CID3373,CID5291,1,train
3070,3842,CID3373,CID5310966,1,train
3070,3844,CID3373,CID5311,1,train
3070,3849,CID3373,CID5311068,1,train
3070,3872,CID3373,CID5323714,1,train
3070,3895,CID3373,CID5329102,1,train
3070,3930,CID3373,CID5342,1,train
3070,3942,CID3373,CID5358,1,train
3070,3964,CID3373,CID5426,1,train
3070,3967,CID3373,CID5430,1,train
3070,3988,CID3373,CID54675769,1,train
3070,4003,CID3373,CID54680692,1,train
3070,4005,CID3373,CID54684141,1,train
3070,4051,CID3373,CID5530,1,train
3070,4207,CID3373,CID5833,1,train
3070,4252,CID3373,CID6013,1,train
3070,4279,CID3373,CID60648,1,train
3070,4290,CID3373,CID60753,1,train
3070,4291,CID3373,CID60795,1,train
3070,4299,CID3373,CID60838,1,train
3070,4353,CID3373,CID6321424,1,train
3070,4358,CID3373,CID6337614,1,train
3070,4368,CID3373,CID64139,1,train
3070,4443,CID3373,CID656583,1,train
3070,4535,CID3373,CID68617,1,train
3070,4558,CID3373,CID6914273,1,train
3070,4949,CID3373,CID92722,1,train
3070,5000,CID3373,CID9811704,1,train
3070,5089,CID3373,CID9930913,1,train
3077,3384,CID3396,CID44469321,1,train
3077,3934,CID3396,CID53494972,1,train
3077,4566,CID3396,CID6917864,1,train
3078,3079,CID3397,CID3406,1,train
3078,3103,CID3397,CID3519,1,train
3078,3140,CID3397,CID37393,1,train
3078,3181,CID3397,CID3955,1,train
3078,3201,CID3397,CID4037,1,train
3078,3205,CID3397,CID4054,1,train
3078,3230,CID3397,CID41684,1,train
3078,3233,CID3397,CID4173,1,train
3078,3245,CID3397,CID4212,1,train
3078,3419,CID3397,CID446987,1,train
3078,3425,CID3397,CID4477,1,train
3078,3453,CID3397,CID449381,1,train
3078,3461,CID3397,CID4513,1,train
3078,3533,CID3397,CID4674,1,train
3078,3618,CID3397,CID4912,1,train
3078,3718,CID3397,CID517546,1,train
3078,3812,CID3397,CID5284583,1,train
3078,3831,CID3397,CID5291,1,train
3078,3842,CID3397,CID5310966,1,train
3078,3844,CID3397,CID5311,1,train
3078,3849,CID3397,CID5311068,1,train
3078,3872,CID3397,CID5323714,1,train
3078,3930,CID3397,CID5342,1,train
3078,3942,CID3397,CID5358,1,train
3078,3945,CID3397,CID5360515,1,train
3078,3964,CID3397,CID5426,1,train
3078,3982,CID3397,CID5462501,1,train
3078,3988,CID3397,CID54675769,1,train
3078,4003,CID3397,CID54680692,1,train
3078,4005,CID3397,CID54684141,1,train
3078,4039,CID3397,CID5493444,1,train
3078,4051,CID3397,CID5530,1,train
3078,4054,CID3397,CID5546,1,train
3078,4206,CID3397,CID5831,1,train
3078,4207,CID3397,CID5833,1,train
3078,4245,CID3397,CID5991,1,train
3078,4259,CID3397,CID6018,1,train
3078,4279,CID3397,CID60648,1,train
3078,4290,CID3397,CID60753,1,train
3078,4291,CID3397,CID60795,1,train
3078,4312,CID3397,CID6100,1,train
3078,4353,CID3397,CID6321424,1,train
3078,4358,CID3397,CID6337614,1,train
3078,4535,CID3397,CID68617,1,train
3078,4577,CID3397,CID6918296,1,train
3078,4837,CID3397,CID7550,1,train
3078,4949,CID3397,CID92722,1,train
3078,5000,CID3397,CID9811704,1,train
3079,3103,CID3406,CID3519,1,train
3079,3140,CID3406,CID37393,1,train
3079,3164,CID3406,CID3883,1,train
3079,3181,CID3406,CID3955,1,train
3079,3201,CID3406,CID4037,1,train
3079,3230,CID3406,CID41684,1,train
3079,3233,CID3406,CID4173,1,train
3079,3245,CID3406,CID4212,1,train
3079,3281,CID3406,CID439693,1,train
3079,3397,CID3406,CID445643,1,train
3079,3419,CID3406,CID446987,1,train
3079,3425,CID3406,CID4477,1,train
3079,3453,CID3406,CID449381,1,train
3079,3461,CID3406,CID4513,1,train
3079,3533,CID3406,CID4674,1,train
3079,3618,CID3406,CID4912,1,train
3079,3718,CID3406,CID517546,1,train
3079,3812,CID3406,CID5284583,1,train
3079,3831,CID3406,CID5291,1,train
3079,3842,CID3406,CID5310966,1,train
3079,3844,CID3406,CID5311,1,train
3079,3849,CID3406,CID5311068,1,train
3079,3872,CID3406,CID5323714,1,train
3079,3895,CID3406,CID5329102,1,train
3079,3930,CID3406,CID5342,1,train
3079,3942,CID3406,CID5358,1,train
3079,3945,CID3406,CID5360515,1,train
3079,3964,CID3406,CID5426,1,train
3079,3967,CID3406,CID5430,1,train
3079,3982,CID3406,CID5462501,1,train
3079,4003,CID3406,CID54680692,1,train
3079,4005,CID3406,CID54684141,1,train
3079,4051,CID3406,CID5530,1,train
3079,4054,CID3406,CID5546,1,train
3079,4206,CID3406,CID5831,1,train
3079,4207,CID3406,CID5833,1,train
3079,4245,CID3406,CID5991,1,train
3079,4252,CID3406,CID6013,1,train
3079,4259,CID3406,CID6018,1,train
3079,4279,CID3406,CID60648,1,train
3079,4290,CID3406,CID60753,1,train
3079,4291,CID3406,CID60795,1,train
3079,4299,CID3406,CID60838,1,train
3079,4312,CID3406,CID6100,1,train
3079,4353,CID3406,CID6321424,1,train
3079,4358,CID3406,CID6337614,1,train
3079,4443,CID3406,CID656583,1,train
3079,4535,CID3406,CID68617,1,train
3079,4558,CID3406,CID6914273,1,train
3079,4577,CID3406,CID6918296,1,train
3079,4837,CID3406,CID7550,1,train
3079,4929,CID3406,CID91649,1,train
3079,4949,CID3406,CID92722,1,train
3079,5089,CID3406,CID9930913,1,train
3082,3934,CID34312,CID53494972,1,train
3082,4566,CID34312,CID6917864,1,train
3089,3384,CID34633,CID44469321,1,train
3089,4566,CID34633,CID6917864,1,train
3103,3140,CID3519,CID37393,1,train
3103,3164,CID3519,CID3883,1,train
3103,3181,CID3519,CID3955,1,train
3103,3198,CID3519,CID4032,1,train
3103,3201,CID3519,CID4037,1,train
3103,3205,CID3519,CID4054,1,train
3103,3233,CID3519,CID4173,1,train
3103,3245,CID3519,CID4212,1,train
3103,3281,CID3519,CID439693,1,train
3103,3397,CID3519,CID445643,1,train
3103,3419,CID3519,CID446987,1,train
3103,3425,CID3519,CID4477,1,train
3103,3453,CID3519,CID449381,1,train
3103,3461,CID3519,CID4513,1,train
3103,3618,CID3519,CID4912,1,train
3103,3718,CID3519,CID517546,1,train
3103,3812,CID3519,CID5284583,1,train
3103,3831,CID3519,CID5291,1,train
3103,3842,CID3519,CID5310966,1,train
3103,3849,CID3519,CID5311068,1,train
3103,3872,CID3519,CID5323714,1,train
3103,3895,CID3519,CID5329102,1,train
3103,3930,CID3519,CID5342,1,train
3103,3942,CID3519,CID5358,1,train
3103,3945,CID3519,CID5360515,1,train
3103,3964,CID3519,CID5426,1,train
3103,3967,CID3519,CID5430,1,train
3103,3982,CID3519,CID5462501,1,train
3103,3988,CID3519,CID54675769,1,train
3103,4003,CID3519,CID54680692,1,train
3103,4005,CID3519,CID54684141,1,train
3103,4039,CID3519,CID5493444,1,train
3103,4051,CID3519,CID5530,1,train
3103,4054,CID3519,CID5546,1,train
3103,4206,CID3519,CID5831,1,train
3103,4207,CID3519,CID5833,1,train
3103,4245,CID3519,CID5991,1,train
3103,4252,CID3519,CID6013,1,train
3103,4259,CID3519,CID6018,1,train
3103,4279,CID3519,CID60648,1,train
3103,4290,CID3519,CID60753,1,train
3103,4291,CID3519,CID60795,1,train
3103,4299,CID3519,CID60838,1,train
3103,4312,CID3519,CID6100,1,train
3103,4358,CID3519,CID6337614,1,train
3103,4368,CID3519,CID64139,1,train
3103,4443,CID3519,CID656583,1,train
3103,4535,CID3519,CID68617,1,train
3103,4577,CID3519,CID6918296,1,train
3103,4837,CID3519,CID7550,1,train
3103,4929,CID3519,CID91649,1,train
3103,4949,CID3519,CID92722,1,train
3103,5000,CID3519,CID9811704,1,train
3103,5089,CID3519,CID9930913,1,train
3112,3134,CID356653,CID3690,1,train
3112,3225,CID356653,CID4114,1,train
3112,3245,CID356653,CID4212,1,train
3112,3365,CID356653,CID443939,1,train
3112,3375,CID356653,CID44403842,1,train
3112,3387,CID356653,CID444795,1,train
3112,3831,CID356653,CID5291,1,train
3112,3844,CID356653,CID5311,1,train
3112,3895,CID356653,CID5329102,1,train
3112,3944,CID356653,CID5360373,1,train
3112,3958,CID356653,CID5388983,1,train
3112,3964,CID356653,CID5426,1,train
3112,4265,CID356653,CID60198,1,train
3112,4283,CID356653,CID60699,1,train
3112,4359,CID356653,CID636362,1,train
3112,4543,CID356653,CID68740,1,train
3112,4643,CID356653,CID71384,1,train
3115,3754,CID358177,CID5281078,1,train
3115,4310,CID358177,CID60974,1,train
3115,4318,CID358177,CID6167,1,train
3115,4351,CID358177,CID63009,1,train
3115,4408,CID358177,CID6456015,1,train
3126,3139,CID36708,CID37392,1,train
3126,3140,CID36708,CID37393,1,train
3126,3384,CID36708,CID44469321,1,train
3126,3395,CID36708,CID44551660,1,train
3126,4566,CID36708,CID6917864,1,train
3126,5032,CID36708,CID9852573,1,train
3134,3225,CID3690,CID4114,1,train
3134,3245,CID3690,CID4212,1,train
3134,3365,CID3690,CID443939,1,train
3134,3375,CID3690,CID44403842,1,train
3134,3387,CID3690,CID444795,1,train
3134,3831,CID3690,CID5291,1,train
3134,3844,CID3690,CID5311,1,train
3134,3895,CID3690,CID5329102,1,train
3134,3944,CID3690,CID5360373,1,train
3134,3958,CID3690,CID5388983,1,train
3134,3964,CID3690,CID5426,1,train
3134,4265,CID3690,CID60198,1,train
3134,4283,CID3690,CID60699,1,train
3134,4359,CID3690,CID636362,1,train
3134,4543,CID3690,CID68740,1,train
3134,4643,CID3690,CID71384,1,train
3139,3171,CID37392,CID39186,1,train
3139,3176,CID37392,CID3932,1,train
3139,3194,CID37392,CID4008,1,train
3139,3222,CID37392,CID41022,1,train
3139,3298,CID37392,CID441325,1,train
3139,3384,CID37392,CID44469321,1,train
3139,3395,CID37392,CID44551660,1,train
3139,3424,CID37392,CID4474,1,train
3139,3662,CID37392,CID4993,1,train
3139,3707,CID37392,CID51358113,1,train
3139,3854,CID37392,CID5311217,1,train
3139,3877,CID37392,CID53248764,1,train
3139,4293,CID37392,CID60810,1,train
3139,4354,CID37392,CID63224,1,train
3139,4566,CID37392,CID6917864,1,train
3139,4583,CID37392,CID6918446,1,train
3139,4904,CID37392,CID8980,1,train
3139,4950,CID37392,CID92727,1,train
3139,5032,CID37392,CID9852573,1,train
3140,3164,CID37393,CID3883,1,train
3140,3181,CID37393,CID3955,1,train
3140,3198,CID37393,CID4032,1,train
3140,3201,CID37393,CID4037,1,train
3140,3205,CID37393,CID4054,1,train
3140,3230,CID37393,CID41684,1,train
3140,3233,CID37393,CID4173,1,train
3140,3245,CID37393,CID4212,1,train
3140,3281,CID37393,CID439693,1,train
3140,3384,CID37393,CID44469321,1,train
3140,3397,CID37393,CID445643,1,train
3140,3419,CID37393,CID446987,1,train
3140,3424,CID37393,CID4474,1,train
3140,3425,CID37393,CID4477,1,train
3140,3453,CID37393,CID449381,1,train
3140,3461,CID37393,CID4513,1,train
3140,3533,CID37393,CID4674,1,train
3140,3618,CID37393,CID4912,1,train
3140,3707,CID37393,CID51358113,1,train
3140,3718,CID37393,CID517546,1,train
3140,3812,CID37393,CID5284583,1,train
3140,3842,CID37393,CID5310966,1,train
3140,3844,CID37393,CID5311,1,train
3140,3849,CID37393,CID5311068,1,train
3140,3872,CID37393,CID5323714,1,train
3140,3895,CID37393,CID5329102,1,train
3140,3930,CID37393,CID5342,1,train
3140,3942,CID37393,CID5358,1,train
3140,3945,CID37393,CID5360515,1,train
3140,3964,CID37393,CID5426,1,train
3140,3967,CID37393,CID5430,1,train
3140,3982,CID37393,CID5462501,1,train
3140,3988,CID37393,CID54675769,1,train
3140,4003,CID37393,CID54680692,1,train
3140,4005,CID37393,CID54684141,1,train
3140,4039,CID37393,CID5493444,1,train
3140,4051,CID37393,CID5530,1,train
3140,4054,CID37393,CID5546,1,train
3140,4128,CID37393,CID57336745,1,train
3140,4206,CID37393,CID5831,1,train
3140,4207,CID37393,CID5833,1,train
3140,4245,CID37393,CID5991,1,train
3140,4252,CID37393,CID6013,1,train
3140,4259,CID37393,CID6018,1,train
3140,4279,CID37393,CID60648,1,train
3140,4290,CID37393,CID60753,1,train
3140,4291,CID37393,CID60795,1,train
3140,4299,CID37393,CID60838,1,train
3140,4312,CID37393,CID6100,1,train
3140,4353,CID37393,CID6321424,1,train
3140,4358,CID37393,CID6337614,1,train
3140,4368,CID37393,CID64139,1,train
3140,4443,CID37393,CID656583,1,train
3140,4535,CID37393,CID68617,1,train
3140,4558,CID37393,CID6914273,1,train
3140,4566,CID37393,CID6917864,1,train
3140,4577,CID37393,CID6918296,1,train
3140,4929,CID37393,CID91649,1,train
3140,4949,CID37393,CID92722,1,train
3140,5000,CID37393,CID9811704,1,train
3140,5032,CID37393,CID9852573,1,train
3140,5089,CID37393,CID9930913,1,train
3149,3384,CID3784,CID44469321,1,train
3149,3934,CID3784,CID53494972,1,train
3149,4566,CID3784,CID6917864,1,train
3164,3181,CID3883,CID3955,1,train
3164,3198,CID3883,CID4032,1,train
3164,3201,CID3883,CID4037,1,train
3164,3205,CID3883,CID4054,1,train
3164,3230,CID3883,CID41684,1,train
3164,3233,CID3883,CID4173,1,train
3164,3245,CID3883,CID4212,1,train
3164,3281,CID3883,CID439693,1,train
3164,3397,CID3883,CID445643,1,train
3164,3419,CID3883,CID446987,1,train
3164,3425,CID3883,CID4477,1,train
3164,3453,CID3883,CID449381,1,train
3164,3461,CID3883,CID4513,1,train
3164,3533,CID3883,CID4674,1,train
3164,3618,CID3883,CID4912,1,train
3164,3812,CID3883,CID5284583,1,train
3164,3831,CID3883,CID5291,1,train
3164,3842,CID3883,CID5310966,1,train
3164,3844,CID3883,CID5311,1,train
3164,3849,CID3883,CID5311068,1,train
3164,3872,CID3883,CID5323714,1,train
3164,3895,CID3883,CID5329102,1,train
3164,3930,CID3883,CID5342,1,train
3164,3942,CID3883,CID5358,1,train
3164,3945,CID3883,CID5360515,1,train
3164,3964,CID3883,CID5426,1,train
3164,3967,CID3883,CID5430,1,train
3164,3982,CID3883,CID5462501,1,train
3164,3988,CID3883,CID54675769,1,train
3164,4003,CID3883,CID54680692,1,train
3164,4005,CID3883,CID54684141,1,train
3164,4039,CID3883,CID5493444,1,train
3164,4051,CID3883,CID5530,1,train
3164,4054,CID3883,CID5546,1,train
3164,4206,CID3883,CID5831,1,train
3164,4207,CID3883,CID5833,1,train
3164,4245,CID3883,CID5991,1,train
3164,4252,CID3883,CID6013,1,train
3164,4259,CID3883,CID6018,1,train
3164,4279,CID3883,CID60648,1,train
3164,4290,CID3883,CID60753,1,train
3164,4291,CID3883,CID60795,1,train
3164,4299,CID3883,CID60838,1,train
3164,4353,CID3883,CID6321424,1,train
3164,4358,CID3883,CID6337614,1,train
3164,4368,CID3883,CID64139,1,train
3164,4535,CID3883,CID68617,1,train
3164,4558,CID3883,CID6914273,1,train
3164,4837,CID3883,CID7550,1,train
3164,4929,CID3883,CID91649,1,train
3164,5000,CID3883,CID9811704,1,train
3164,5089,CID3883,CID9930913,1,train
3167,3414,CID38911,CID446378,1,train
3167,3868,CID38911,CID5321010,1,train
3167,3899,CID38911,CID5330286,1,train
3167,4180,CID38911,CID57519554,1,train
3167,4469,CID38911,CID6604870,1,train
3167,4508,CID38911,CID6746983,1,train
3167,4705,CID38911,CID72686,1,train
3167,4769,CID38911,CID73265318,1,train
3171,3384,CID39186,CID44469321,1,train
3171,4566,CID39186,CID6917864,1,train
3176,3384,CID3932,CID44469321,1,train
3181,3198,CID3955,CID4032,1,train
3181,3201,CID3955,CID4037,1,train
3181,3205,CID3955,CID4054,1,train
3181,3230,CID3955,CID41684,1,train
3181,3233,CID3955,CID4173,1,train
3181,3245,CID3955,CID4212,1,train
3181,3281,CID3955,CID439693,1,train
3181,3397,CID3955,CID445643,1,train
3181,3419,CID3955,CID446987,1,train
3181,3425,CID3955,CID4477,1,train
3181,3453,CID3955,CID449381,1,train
3181,3618,CID3955,CID4912,1,train
3181,3718,CID3955,CID517546,1,train
3181,3812,CID3955,CID5284583,1,train
3181,3831,CID3955,CID5291,1,train
3181,3842,CID3955,CID5310966,1,train
3181,3844,CID3955,CID5311,1,train
3181,3849,CID3955,CID5311068,1,train
3181,3872,CID3955,CID5323714,1,train
3181,3930,CID3955,CID5342,1,train
3181,3942,CID3955,CID5358,1,train
3181,3945,CID3955,CID5360515,1,train
3181,3964,CID3955,CID5426,1,train
3181,3967,CID3955,CID5430,1,train
3181,3982,CID3955,CID5462501,1,train
3181,3988,CID3955,CID54675769,1,train
3181,4003,CID3955,CID54680692,1,train
3181,4005,CID3955,CID54684141,1,train
3181,4039,CID3955,CID5493444,1,train
3181,4054,CID3955,CID5546,1,train
3181,4207,CID3955,CID5833,1,train
3181,4245,CID3955,CID5991,1,train
3181,4252,CID3955,CID6013,1,train
3181,4259,CID3955,CID6018,1,train
3181,4279,CID3955,CID60648,1,train
3181,4290,CID3955,CID60753,1,train
3181,4291,CID3955,CID60795,1,train
3181,4299,CID3955,CID60838,1,train
3181,4353,CID3955,CID6321424,1,train
3181,4358,CID3955,CID6337614,1,train
3181,4368,CID3955,CID64139,1,train
3181,4443,CID3955,CID656583,1,train
3181,4535,CID3955,CID68617,1,train
3181,4577,CID3955,CID6918296,1,train
3181,4837,CID3955,CID7550,1,train
3181,4929,CID3955,CID91649,1,train
3181,4949,CID3955,CID92722,1,train
3181,5000,CID3955,CID9811704,1,train
3181,5089,CID3955,CID9930913,1,train
3194,3384,CID4008,CID44469321,1,train
3194,3395,CID4008,CID44551660,1,train
3194,3707,CID4008,CID51358113,1,train
3194,4566,CID4008,CID6917864,1,train
3194,5032,CID4008,CID9852573,1,train
3198,3201,CID4032,CID4037,1,train
3198,3205,CID4032,CID4054,1,train
3198,3230,CID4032,CID41684,1,train
3198,3233,CID4032,CID4173,1,train
3198,3245,CID4032,CID4212,1,train
3198,3281,CID4032,CID439693,1,train
3198,3397,CID4032,CID445643,1,train
3198,3419,CID4032,CID446987,1,train
3198,3425,CID4032,CID4477,1,train
3198,3533,CID4032,CID4674,1,train
3198,3618,CID4032,CID4912,1,train
3198,3718,CID4032,CID517546,1,train
3198,3812,CID4032,CID5284583,1,train
3198,3831,CID4032,CID5291,1,train
3198,3842,CID4032,CID5310966,1,train
3198,3844,CID4032,CID5311,1,train
3198,3849,CID4032,CID5311068,1,train
3198,3872,CID4032,CID5323714,1,train
3198,3930,CID4032,CID5342,1,train
3198,3945,CID4032,CID5360515,1,train
3198,3964,CID4032,CID5426,1,train
3198,3982,CID4032,CID5462501,1,train
3198,3988,CID4032,CID54675769,1,train
3198,4003,CID4032,CID54680692,1,train
3198,4005,CID4032,CID54684141,1,train
3198,4054,CID4032,CID5546,1,train
3198,4206,CID4032,CID5831,1,train
3198,4207,CID4032,CID5833,1,train
3198,4252,CID4032,CID6013,1,train
3198,4259,CID4032,CID6018,1,train
3198,4290,CID4032,CID60753,1,train
3198,4291,CID4032,CID60795,1,train
3198,4353,CID4032,CID6321424,1,train
3198,4358,CID4032,CID6337614,1,train
3198,4368,CID4032,CID64139,1,train
3198,4443,CID4032,CID656583,1,train
3198,4535,CID4032,CID68617,1,train
3198,4558,CID4032,CID6914273,1,train
3198,4837,CID4032,CID7550,1,train
3198,4929,CID4032,CID91649,1,train
3198,4949,CID4032,CID92722,1,train
3198,5000,CID4032,CID9811704,1,train
3198,5089,CID4032,CID9930913,1,train
3201,3205,CID4037,CID4054,1,train
3201,3230,CID4037,CID41684,1,train
3201,3233,CID4037,CID4173,1,train
3201,3245,CID4037,CID4212,1,train
3201,3281,CID4037,CID439693,1,train
3201,3397,CID4037,CID445643,1,train
3201,3419,CID4037,CID446987,1,train
3201,3425,CID4037,CID4477,1,train
3201,3453,CID4037,CID449381,1,train
3201,3461,CID4037,CID4513,1,train
3201,3533,CID4037,CID4674,1,train
3201,3618,CID4037,CID4912,1,train
3201,3812,CID4037,CID5284583,1,train
3201,3831,CID4037,CID5291,1,train
3201,3842,CID4037,CID5310966,1,train
3201,3844,CID4037,CID5311,1,train
3201,3849,CID4037,CID5311068,1,train
3201,3872,CID4037,CID5323714,1,train
3201,3895,CID4037,CID5329102,1,train
3201,3930,CID4037,CID5342,1,train
3201,3942,CID4037,CID5358,1,train
3201,3945,CID4037,CID5360515,1,train
3201,3964,CID4037,CID5426,1,train
3201,3967,CID4037,CID5430,1,train
3201,3982,CID4037,CID5462501,1,train
3201,3988,CID4037,CID54675769,1,train
3201,4003,CID4037,CID54680692,1,train
3201,4005,CID4037,CID54684141,1,train
3201,4039,CID4037,CID5493444,1,train
3201,4051,CID4037,CID5530,1,train
3201,4054,CID4037,CID5546,1,train
3201,4206,CID4037,CID5831,1,train
3201,4207,CID4037,CID5833,1,train
3201,4245,CID4037,CID5991,1,train
3201,4252,CID4037,CID6013,1,train
3201,4259,CID4037,CID6018,1,train
3201,4290,CID4037,CID60753,1,train
3201,4299,CID4037,CID60838,1,train
3201,4312,CID4037,CID6100,1,train
3201,4353,CID4037,CID6321424,1,train
3201,4358,CID4037,CID6337614,1,train
3201,4368,CID4037,CID64139,1,train
3201,4443,CID4037,CID656583,1,train
3201,4535,CID4037,CID68617,1,train
3201,4558,CID4037,CID6914273,1,train
3201,4577,CID4037,CID6918296,1,train
3201,4837,CID4037,CID7550,1,train
3201,4929,CID4037,CID91649,1,train
3201,4949,CID4037,CID92722,1,train
3201,5000,CID4037,CID9811704,1,train
3201,5089,CID4037,CID9930913,1,train
3205,3230,CID4054,CID41684,1,train
3205,3233,CID4054,CID4173,1,train
3205,3245,CID4054,CID4212,1,train
3205,3397,CID4054,CID445643,1,train
3205,3419,CID4054,CID446987,1,train
3205,3425,CID4054,CID4477,1,train
3205,3453,CID4054,CID449381,1,train
3205,3461,CID4054,CID4513,1,train
3205,3618,CID4054,CID4912,1,train
3205,3718,CID4054,CID517546,1,train
3205,3812,CID4054,CID5284583,1,train
3205,3831,CID4054,CID5291,1,train
3205,3842,CID4054,CID5310966,1,train
3205,3844,CID4054,CID5311,1,train
3205,3849,CID4054,CID5311068,1,train
3205,3872,CID4054,CID5323714,1,train
3205,3895,CID4054,CID5329102,1,train
3205,3930,CID4054,CID5342,1,train
3205,3942,CID4054,CID5358,1,train
3205,3964,CID4054,CID5426,1,train
3205,3967,CID4054,CID5430,1,train
3205,3982,CID4054,CID5462501,1,train
3205,3988,CID4054,CID54675769,1,train
3205,4003,CID4054,CID54680692,1,train
3205,4005,CID4054,CID54684141,1,train
3205,4039,CID4054,CID5493444,1,train
3205,4051,CID4054,CID5530,1,train
3205,4206,CID4054,CID5831,1,train
3205,4207,CID4054,CID5833,1,train
3205,4245,CID4054,CID5991,1,train
3205,4252,CID4054,CID6013,1,train
3205,4279,CID4054,CID60648,1,train
3205,4291,CID4054,CID60795,1,train
3205,4299,CID4054,CID60838,1,train
3205,4353,CID4054,CID6321424,1,train
3205,4358,CID4054,CID6337614,1,train
3205,4368,CID4054,CID64139,1,train
3205,4443,CID4054,CID656583,1,train
3205,4558,CID4054,CID6914273,1,train
3205,4577,CID4054,CID6918296,1,train
3205,4837,CID4054,CID7550,1,train
3205,4929,CID4054,CID91649,1,train
3205,5000,CID4054,CID9811704,1,train
3205,5089,CID4054,CID9930913,1,train
3222,4566,CID41022,CID6917864,1,train
3225,3245,CID4114,CID4212,1,train
3225,3365,CID4114,CID443939,1,train
3225,3375,CID4114,CID44403842,1,train
3225,3387,CID4114,CID444795,1,train
3225,3831,CID4114,CID5291,1,train
3225,3844,CID4114,CID5311,1,train
3225,3895,CID4114,CID5329102,1,train
3225,3944,CID4114,CID5360373,1,train
3225,3958,CID4114,CID5388983,1,train
3225,3964,CID4114,CID5426,1,train
3225,4265,CID4114,CID60198,1,train
3225,4283,CID4114,CID60699,1,train
3225,4359,CID4114,CID636362,1,train
3225,4543,CID4114,CID68740,1,train
3225,4643,CID4114,CID71384,1,train
3225,5034,CID4114,CID9854073,1,train
3230,3233,CID41684,CID4173,1,train
3230,3245,CID41684,CID4212,1,train
3230,3281,CID41684,CID439693,1,train
3230,3397,CID41684,CID445643,1,train
3230,3419,CID41684,CID446987,1,train
3230,3453,CID41684,CID449381,1,train
3230,3461,CID41684,CID4513,1,train
3230,3533,CID41684,CID4674,1,train
3230,3618,CID41684,CID4912,1,train
3230,3718,CID41684,CID517546,1,train
3230,3812,CID41684,CID5284583,1,train
3230,3831,CID41684,CID5291,1,train
3230,3842,CID41684,CID5310966,1,train
3230,3844,CID41684,CID5311,1,train
3230,3849,CID41684,CID5311068,1,train
3230,3872,CID41684,CID5323714,1,train
3230,3895,CID41684,CID5329102,1,train
3230,3930,CID41684,CID5342,1,train
3230,3942,CID41684,CID5358,1,train
3230,3945,CID41684,CID5360515,1,train
3230,3964,CID41684,CID5426,1,train
3230,3967,CID41684,CID5430,1,train
3230,3982,CID41684,CID5462501,1,train
3230,3988,CID41684,CID54675769,1,train
3230,4003,CID41684,CID54680692,1,train
3230,4005,CID41684,CID54684141,1,train
3230,4039,CID41684,CID5493444,1,train
3230,4051,CID41684,CID5530,1,train
3230,4054,CID41684,CID5546,1,train
3230,4206,CID41684,CID5831,1,train
3230,4207,CID41684,CID5833,1,train
3230,4259,CID41684,CID6018,1,train
3230,4279,CID41684,CID60648,1,train
3230,4290,CID41684,CID60753,1,train
3230,4291,CID41684,CID60795,1,train
3230,4299,CID41684,CID60838,1,train
3230,4312,CID41684,CID6100,1,train
3230,4353,CID41684,CID6321424,1,train
3230,4358,CID41684,CID6337614,1,train
3230,4368,CID41684,CID64139,1,train
3230,4443,CID41684,CID656583,1,train
3230,4535,CID41684,CID68617,1,train
3230,4558,CID41684,CID6914273,1,train
3230,4577,CID41684,CID6918296,1,train
3230,4837,CID41684,CID7550,1,train
3230,4929,CID41684,CID91649,1,train
3230,4949,CID41684,CID92722,1,train
3230,5089,CID41684,CID9930913,1,train
3233,3245,CID4173,CID4212,1,train
3233,3281,CID4173,CID439693,1,train
3233,3397,CID4173,CID445643,1,train
3233,3419,CID4173,CID446987,1,train
3233,3425,CID4173,CID4477,1,train
3233,3461,CID4173,CID4513,1,train
3233,3533,CID4173,CID4674,1,train
3233,3618,CID4173,CID4912,1,train
3233,3718,CID4173,CID517546,1,train
3233,3812,CID4173,CID5284583,1,train
3233,3831,CID4173,CID5291,1,train
3233,3842,CID4173,CID5310966,1,train
3233,3844,CID4173,CID5311,1,train
3233,3849,CID4173,CID5311068,1,train
3233,3872,CID4173,CID5323714,1,train
3233,3895,CID4173,CID5329102,1,train
3233,3930,CID4173,CID5342,1,train
3233,3942,CID4173,CID5358,1,train
3233,3945,CID4173,CID5360515,1,train
3233,3964,CID4173,CID5426,1,train
3233,3967,CID4173,CID5430,1,train
3233,3982,CID4173,CID5462501,1,train
3233,3988,CID4173,CID54675769,1,train
3233,4005,CID4173,CID54684141,1,train
3233,4051,CID4173,CID5530,1,train
3233,4054,CID4173,CID5546,1,train
3233,4206,CID4173,CID5831,1,train
3233,4207,CID4173,CID5833,1,train
3233,4245,CID4173,CID5991,1,train
3233,4252,CID4173,CID6013,1,train
3233,4259,CID4173,CID6018,1,train
3233,4279,CID4173,CID60648,1,train
3233,4291,CID4173,CID60795,1,train
3233,4299,CID4173,CID60838,1,train
3233,4312,CID4173,CID6100,1,train
3233,4353,CID4173,CID6321424,1,train
3233,4358,CID4173,CID6337614,1,train
3233,4368,CID4173,CID64139,1,train
3233,4443,CID4173,CID656583,1,train
3233,4535,CID4173,CID68617,1,train
3233,4558,CID4173,CID6914273,1,train
3233,4837,CID4173,CID7550,1,train
3233,4929,CID4173,CID91649,1,train
3233,5000,CID4173,CID9811704,1,train
3233,5089,CID4173,CID9930913,1,train
3245,3281,CID4212,CID439693,1,train
3245,3365,CID4212,CID443939,1,train
3245,3375,CID4212,CID44403842,1,train
3245,3387,CID4212,CID444795,1,train
3245,3397,CID4212,CID445643,1,train
3245,3419,CID4212,CID446987,1,train
3245,3425,CID4212,CID4477,1,train
3245,3453,CID4212,CID449381,1,train
3245,3461,CID4212,CID4513,1,train
3245,3533,CID4212,CID4674,1,train
3245,3618,CID4212,CID4912,1,train
3245,3718,CID4212,CID517546,1,train
3245,3812,CID4212,CID5284583,1,train
3245,3831,CID4212,CID5291,1,train
3245,3842,CID4212,CID5310966,1,train
3245,3844,CID4212,CID5311,1,train
3245,3849,CID4212,CID5311068,1,train
3245,3872,CID4212,CID5323714,1,train
3245,3895,CID4212,CID5329102,1,train
3245,3930,CID4212,CID5342,1,train
3245,3942,CID4212,CID5358,1,train
3245,3944,CID4212,CID5360373,1,train
3245,3945,CID4212,CID5360515,1,train
3245,3958,CID4212,CID5388983,1,train
3245,3964,CID4212,CID5426,1,train
3245,3967,CID4212,CID5430,1,train
3245,3982,CID4212,CID5462501,1,train
3245,3988,CID4212,CID54675769,1,train
3245,4003,CID4212,CID54680692,1,train
3245,4005,CID4212,CID54684141,1,train
3245,4039,CID4212,CID5493444,1,train
3245,4051,CID4212,CID5530,1,train
3245,4054,CID4212,CID5546,1,train
3245,4206,CID4212,CID5831,1,train
3245,4207,CID4212,CID5833,1,train
3245,4245,CID4212,CID5991,1,train
3245,4252,CID4212,CID6013,1,train
3245,4259,CID4212,CID6018,1,train
3245,4265,CID4212,CID60198,1,train
3245,4279,CID4212,CID60648,1,train
3245,4283,CID4212,CID60699,1,train
3245,4290,CID4212,CID60753,1,train
3245,4291,CID4212,CID60795,1,train
3245,4312,CID4212,CID6100,1,train
3245,4353,CID4212,CID6321424,1,train
3245,4358,CID4212,CID6337614,1,train
3245,4359,CID4212,CID636362,1,train
3245,4368,CID4212,CID64139,1,train
3245,4443,CID4212,CID656583,1,train
3245,4535,CID4212,CID68617,1,train
3245,4543,CID4212,CID68740,1,train
3245,4558,CID4212,CID6914273,1,train
3245,4577,CID4212,CID6918296,1,train
3245,4643,CID4212,CID71384,1,train
3245,4837,CID4212,CID7550,1,train
3245,4929,CID4212,CID91649,1,train
3245,4949,CID4212,CID92722,1,train
3245,5000,CID4212,CID9811704,1,train
3245,5034,CID4212,CID9854073,1,train
3245,5089,CID4212,CID9930913,1,train
3280,3934,CID439647,CID53494972,1,train
3280,4353,CID439647,CID6321424,1,train
3281,3397,CID439693,CID445643,1,train
3281,3419,CID439693,CID446987,1,train
3281,3461,CID439693,CID4513,1,train
3281,3533,CID439693,CID4674,1,train
3281,3718,CID439693,CID517546,1,train
3281,3812,CID439693,CID5284583,1,train
3281,3831,CID439693,CID5291,1,train
3281,3842,CID439693,CID5310966,1,train
3281,3844,CID439693,CID5311,1,train
3281,3872,CID439693,CID5323714,1,train
3281,3895,CID439693,CID5329102,1,train
3281,3930,CID439693,CID5342,1,train
3281,3942,CID439693,CID5358,1,train
3281,3967,CID439693,CID5430,1,train
3281,3982,CID439693,CID5462501,1,train
3281,3988,CID439693,CID54675769,1,train
3281,4003,CID439693,CID54680692,1,train
3281,4005,CID439693,CID54684141,1,train
3281,4039,CID439693,CID5493444,1,train
3281,4051,CID439693,CID5530,1,train
3281,4206,CID439693,CID5831,1,train
3281,4207,CID439693,CID5833,1,train
3281,4245,CID439693,CID5991,1,train
3281,4252,CID439693,CID6013,1,train
3281,4259,CID439693,CID6018,1,train
3281,4279,CID439693,CID60648,1,train
3281,4290,CID439693,CID60753,1,train
3281,4291,CID439693,CID60795,1,train
3281,4299,CID439693,CID60838,1,train
3281,4312,CID439693,CID6100,1,train
3281,4353,CID439693,CID6321424,1,train
3281,4358,CID439693,CID6337614,1,train
3281,4368,CID439693,CID64139,1,train
3281,4443,CID439693,CID656583,1,train
3281,4558,CID439693,CID6914273,1,train
3281,4577,CID439693,CID6918296,1,train
3281,4837,CID439693,CID7550,1,train
3281,4929,CID439693,CID91649,1,train
3281,4949,CID439693,CID92722,1,train
3298,3384,CID441325,CID44469321,1,train
3298,4566,CID441325,CID6917864,1,train
3305,3497,CID441361,CID46188928,1,train
3305,3911,CID441361,CID53340771,1,train
3305,4255,CID441361,CID60160561,1,train
3314,3414,CID44156902,CID446378,1,train
3314,4559,CID44156902,CID6914657,1,train
3314,4700,CID44156902,CID72435,1,train
3314,5010,CID44156902,CID9823820,1,train
3316,3384,CID4418,CID44469321,1,train
3355,3430,CID443390,CID448013,1,train
3355,3934,CID443390,CID53494972,1,train
3355,4122,CID443390,CID572,1,train
3355,4353,CID443390,CID6321424,1,train
3355,4566,CID443390,CID6917864,1,train
3355,4644,CID443390,CID71386,1,train
3355,4946,CID443390,CID92178,1,train
3355,4950,CID443390,CID92727,1,train
3355,5080,CID443390,CID9914412,1,train
3365,3375,CID443939,CID44403842,1,train
3365,3387,CID443939,CID444795,1,train
3365,3831,CID443939,CID5291,1,train
3365,3844,CID443939,CID5311,1,train
3365,3868,CID443939,CID5321010,1,train
3365,3895,CID443939,CID5329102,1,train
3365,3944,CID443939,CID5360373,1,train
3365,3958,CID443939,CID5388983,1,train
3365,3964,CID443939,CID5426,1,train
3365,4265,CID443939,CID60198,1,train
3365,4283,CID443939,CID60699,1,train
3365,4359,CID443939,CID636362,1,train
3365,4543,CID443939,CID68740,1,train
3365,4643,CID443939,CID71384,1,train
3375,3387,CID44403842,CID444795,1,train
3375,3831,CID44403842,CID5291,1,train
3375,3844,CID44403842,CID5311,1,train
3375,3895,CID44403842,CID5329102,1,train
3375,3944,CID44403842,CID5360373,1,train
3375,3958,CID44403842,CID5388983,1,train
3375,3964,CID44403842,CID5426,1,train
3375,4265,CID44403842,CID60198,1,train
3375,4283,CID44403842,CID60699,1,train
3375,4359,CID44403842,CID636362,1,train
3375,4543,CID44403842,CID68740,1,train
3375,4643,CID44403842,CID71384,1,train
3382,3692,CID44462760,CID51001932,1,train
3382,3844,CID44462760,CID5311,1,train
3382,3860,CID44462760,CID5311497,1,train
3382,3899,CID44462760,CID5330286,1,train
3382,5036,CID44462760,CID9858940,1,train
3382,5058,CID44462760,CID9887053,1,train
3384,3421,CID44469321,CID447077,1,train
3384,3424,CID44469321,CID4474,1,train
3384,3430,CID44469321,CID448013,1,train
3384,3578,CID44469321,CID4746,1,train
3384,3877,CID44469321,CID53248764,1,train
3384,3934,CID44469321,CID53494972,1,train
3384,4122,CID44469321,CID572,1,train
3384,4128,CID44469321,CID57336745,1,train
3384,4353,CID44469321,CID6321424,1,train
3384,4354,CID44469321,CID63224,1,train
3384,4397,CID44469321,CID644274,1,train
3384,4472,CID44469321,CID66064,1,train
3384,4566,CID44469321,CID6917864,1,train
3384,4583,CID44469321,CID6918446,1,train
3384,4638,CID44469321,CID71329,1,train
3384,4644,CID44469321,CID71386,1,train
3384,4686,CID44469321,CID72092,1,train
3384,4946,CID44469321,CID92178,1,train
3384,4950,CID44469321,CID92727,1,train
3384,5032,CID44469321,CID9852573,1,train
3384,5055,CID44469321,CID9882793,1,train
3387,3831,CID444795,CID5291,1,train
3387,3844,CID444795,CID5311,1,train
3387,3895,CID444795,CID5329102,1,train
3387,3944,CID444795,CID5360373,1,train
3387,3958,CID444795,CID5388983,1,train
3387,3964,CID444795,CID5426,1,train
3387,4265,CID444795,CID60198,1,train
3387,4283,CID444795,CID60699,1,train
3387,4359,CID444795,CID636362,1,train
3387,4543,CID444795,CID68740,1,train
3387,4643,CID444795,CID71384,1,train
3387,5034,CID444795,CID9854073,1,train
3395,3424,CID44551660,CID4474,1,train
3395,3934,CID44551660,CID53494972,1,train
3395,4566,CID44551660,CID6917864,1,train
3397,3419,CID445643,CID446987,1,train
3397,3425,CID445643,CID4477,1,train
3397,3453,CID445643,CID449381,1,train
3397,3461,CID445643,CID4513,1,train
3397,3533,CID445643,CID4674,1,train
3397,3618,CID445643,CID4912,1,train
3397,3718,CID445643,CID517546,1,train
3397,3812,CID445643,CID5284583,1,train
3397,3831,CID445643,CID5291,1,train
3397,3842,CID445643,CID5310966,1,train
3397,3844,CID445643,CID5311,1,train
3397,3849,CID445643,CID5311068,1,train
3397,3872,CID445643,CID5323714,1,train
3397,3895,CID445643,CID5329102,1,train
3397,3930,CID445643,CID5342,1,train
3397,3942,CID445643,CID5358,1,train
3397,3945,CID445643,CID5360515,1,train
3397,3964,CID445643,CID5426,1,train
3397,3967,CID445643,CID5430,1,train
3397,3982,CID445643,CID5462501,1,train
3397,3988,CID445643,CID54675769,1,train
3397,4003,CID445643,CID54680692,1,train
3397,4005,CID445643,CID54684141,1,train
3397,4039,CID445643,CID5493444,1,train
3397,4051,CID445643,CID5530,1,train
3397,4054,CID445643,CID5546,1,train
3397,4207,CID445643,CID5833,1,train
3397,4252,CID445643,CID6013,1,train
3397,4259,CID445643,CID6018,1,train
3397,4279,CID445643,CID60648,1,train
3397,4290,CID445643,CID60753,1,train
3397,4291,CID445643,CID60795,1,train
3397,4299,CID445643,CID60838,1,train
3397,4353,CID445643,CID6321424,1,train
3397,4358,CID445643,CID6337614,1,train
3397,4368,CID445643,CID64139,1,train
3397,4443,CID445643,CID656583,1,train
3397,4535,CID445643,CID68617,1,train
3397,4558,CID445643,CID6914273,1,train
3397,4577,CID445643,CID6918296,1,train
3397,4837,CID445643,CID7550,1,train
3397,4949,CID445643,CID92722,1,train
3397,5000,CID445643,CID9811704,1,train
3397,5089,CID445643,CID9930913,1,train
3414,3425,CID446378,CID4477,1,train
3414,3513,CID446378,CID46220502,1,train
3414,3571,CID446378,CID46944259,1,train
3414,3839,CID446378,CID52947716,1,train
3414,3868,CID446378,CID5321010,1,train
3414,3899,CID446378,CID5330286,1,train
3414,3927,CID446378,CID53396328,1,train
3414,4128,CID446378,CID57336745,1,train
3414,4145,CID446378,CID57441923,1,train
3414,4180,CID446378,CID57519554,1,train
3414,4229,CID446378,CID5944,1,train
3414,4299,CID446378,CID60838,1,train
3414,4469,CID446378,CID6604870,1,train
3414,4487,CID446378,CID66646767,1,train
3414,4508,CID446378,CID6746983,1,train
3414,4511,CID446378,CID6758,1,train
3414,4529,CID446378,CID68546,1,train
3414,4559,CID446378,CID6914657,1,train
3414,4566,CID446378,CID6917864,1,train
3414,4705,CID446378,CID72686,1,train
3414,4823,CID446378,CID73461,1,train
3414,4834,CID446378,CID74990,1,train
3414,5010,CID446378,CID9823820,1,train
3414,5032,CID446378,CID9852573,1,train
3414,5082,CID446378,CID9918559,1,train
3414,5107,CID446378,CID9949641,1,train
3419,3425,CID446987,CID4477,1,train
3419,3453,CID446987,CID449381,1,train
3419,3461,CID446987,CID4513,1,train
3419,3533,CID446987,CID4674,1,train
3419,3718,CID446987,CID517546,1,train
3419,3812,CID446987,CID5284583,1,train
3419,3831,CID446987,CID5291,1,train
3419,3844,CID446987,CID5311,1,train
3419,3849,CID446987,CID5311068,1,train
3419,3872,CID446987,CID5323714,1,train
3419,3895,CID446987,CID5329102,1,train
3419,3945,CID446987,CID5360515,1,train
3419,3964,CID446987,CID5426,1,train
3419,3967,CID446987,CID5430,1,train
3419,3982,CID446987,CID5462501,1,train
3419,3988,CID446987,CID54675769,1,train
3419,4003,CID446987,CID54680692,1,train
3419,4005,CID446987,CID54684141,1,train
3419,4039,CID446987,CID5493444,1,train
3419,4051,CID446987,CID5530,1,train
3419,4206,CID446987,CID5831,1,train
3419,4207,CID446987,CID5833,1,train
3419,4252,CID446987,CID6013,1,train
3419,4279,CID446987,CID60648,1,train
3419,4290,CID446987,CID60753,1,train
3419,4291,CID446987,CID60795,1,train
3419,4299,CID446987,CID60838,1,train
3419,4312,CID446987,CID6100,1,train
3419,4353,CID446987,CID6321424,1,train
3419,4358,CID446987,CID6337614,1,train
3419,4368,CID446987,CID64139,1,train
3419,4535,CID446987,CID68617,1,train
3419,4558,CID446987,CID6914273,1,train
3419,4837,CID446987,CID7550,1,train
3419,4929,CID446987,CID91649,1,train
3419,4949,CID446987,CID92722,1,train
3419,5000,CID446987,CID9811704,1,train
3419,5089,CID446987,CID9930913,1,train
3421,3934,CID447077,CID53494972,1,train
3421,4128,CID447077,CID57336745,1,train
3421,4354,CID447077,CID63224,1,train
3421,4566,CID447077,CID6917864,1,train
3421,5032,CID447077,CID9852573,1,train
3424,3934,CID4474,CID53494972,1,train
3424,5032,CID4474,CID9852573,1,train
3425,3453,CID4477,CID449381,1,train
3425,3461,CID4477,CID4513,1,train
3425,3533,CID4477,CID4674,1,train
3425,3618,CID4477,CID4912,1,train
3425,3718,CID4477,CID517546,1,train
3425,3812,CID4477,CID5284583,1,train
3425,3842,CID4477,CID5310966,1,train
3425,3849,CID4477,CID5311068,1,train
3425,3872,CID4477,CID5323714,1,train
3425,3895,CID4477,CID5329102,1,train
3425,3930,CID4477,CID5342,1,train
3425,3942,CID4477,CID5358,1,train
3425,3945,CID4477,CID5360515,1,train
3425,3964,CID4477,CID5426,1,train
3425,3967,CID4477,CID5430,1,train
3425,3982,CID4477,CID5462501,1,train
3425,3988,CID4477,CID54675769,1,train
3425,4039,CID4477,CID5493444,1,train
3425,4051,CID4477,CID5530,1,train
3425,4054,CID4477,CID5546,1,train
3425,4206,CID4477,CID5831,1,train
3425,4229,CID4477,CID5944,1,train
3425,4245,CID4477,CID5991,1,train
3425,4252,CID4477,CID6013,1,train
3425,4259,CID4477,CID6018,1,train
3425,4279,CID4477,CID60648,1,train
3425,4290,CID4477,CID60753,1,train
3425,4291,CID4477,CID60795,1,train
3425,4299,CID4477,CID60838,1,train
3425,4312,CID4477,CID6100,1,train
3425,4353,CID4477,CID6321424,1,train
3425,4358,CID4477,CID6337614,1,train
3425,4368,CID4477,CID64139,1,train
3425,4443,CID4477,CID656583,1,train
3425,4529,CID4477,CID68546,1,train
3425,4535,CID4477,CID68617,1,train
3425,4558,CID4477,CID6914273,1,train
3425,4559,CID4477,CID6914657,1,train
3425,4577,CID4477,CID6918296,1,train
3425,4837,CID4477,CID7550,1,train
3425,4929,CID4477,CID91649,1,train
3425,4949,CID4477,CID92722,1,train
3425,5089,CID4477,CID9930913,1,train
3430,3662,CID448013,CID4993,1,train
3430,3844,CID448013,CID5311,1,train
3430,3877,CID448013,CID53248764,1,train
3430,3934,CID448013,CID53494972,1,train
3430,4122,CID448013,CID572,1,train
3430,4353,CID448013,CID6321424,1,train
3430,4354,CID448013,CID63224,1,train
3430,4566,CID448013,CID6917864,1,train
3430,4644,CID448013,CID71386,1,train
3430,4950,CID448013,CID92727,1,train
3430,5080,CID448013,CID9914412,1,train
3449,3497,CID449171,CID46188928,1,train
3449,3909,CID449171,CID53340426,1,train
3449,3911,CID449171,CID53340771,1,train
3449,4255,CID449171,CID60160561,1,train
3453,3533,CID449381,CID4674,1,train
3453,3618,CID449381,CID4912,1,train
3453,3718,CID449381,CID517546,1,train
3453,3812,CID449381,CID5284583,1,train
3453,3831,CID449381,CID5291,1,train
3453,3842,CID449381,CID5310966,1,train
3453,3844,CID449381,CID5311,1,train
3453,3872,CID449381,CID5323714,1,train
3453,3895,CID449381,CID5329102,1,train
3453,3930,CID449381,CID5342,1,train
3453,3942,CID449381,CID5358,1,train
3453,3964,CID449381,CID5426,1,train
3453,3967,CID449381,CID5430,1,train
3453,3982,CID449381,CID5462501,1,train
3453,3988,CID449381,CID54675769,1,train
3453,4003,CID449381,CID54680692,1,train
3453,4005,CID449381,CID54684141,1,train
3453,4051,CID449381,CID5530,1,train
3453,4054,CID449381,CID5546,1,train
3453,4206,CID449381,CID5831,1,train
3453,4207,CID449381,CID5833,1,train
3453,4259,CID449381,CID6018,1,train
3453,4279,CID449381,CID60648,1,train
3453,4290,CID449381,CID60753,1,train
3453,4291,CID449381,CID60795,1,train
3453,4299,CID449381,CID60838,1,train
3453,4312,CID449381,CID6100,1,train
3453,4353,CID449381,CID6321424,1,train
3453,4358,CID449381,CID6337614,1,train
3453,4368,CID449381,CID64139,1,train
3453,4443,CID449381,CID656583,1,train
3453,4535,CID449381,CID68617,1,train
3453,4558,CID449381,CID6914273,1,train
3453,4577,CID449381,CID6918296,1,train
3453,4837,CID449381,CID7550,1,train
3453,4929,CID449381,CID91649,1,train
3453,4949,CID449381,CID92722,1,train
3453,5000,CID449381,CID9811704,1,train
3453,5089,CID449381,CID9930913,1,train
3461,3533,CID4513,CID4674,1,train
3461,3718,CID4513,CID517546,1,train
3461,3831,CID4513,CID5291,1,train
3461,3842,CID4513,CID5310966,1,train
3461,3844,CID4513,CID5311,1,train
3461,3849,CID4513,CID5311068,1,train
3461,3872,CID4513,CID5323714,1,train
3461,3895,CID4513,CID5329102,1,train
3461,3930,CID4513,CID5342,1,train
3461,3942,CID4513,CID5358,1,train
3461,3945,CID4513,CID5360515,1,train
3461,3964,CID4513,CID5426,1,train
3461,3982,CID4513,CID5462501,1,train
3461,4005,CID4513,CID54684141,1,train
3461,4039,CID4513,CID5493444,1,train
3461,4051,CID4513,CID5530,1,train
3461,4054,CID4513,CID5546,1,train
3461,4206,CID4513,CID5831,1,train
3461,4207,CID4513,CID5833,1,train
3461,4252,CID4513,CID6013,1,train
3461,4259,CID4513,CID6018,1,train
3461,4290,CID4513,CID60753,1,train
3461,4291,CID4513,CID60795,1,train
3461,4299,CID4513,CID60838,1,train
3461,4312,CID4513,CID6100,1,train
3461,4353,CID4513,CID6321424,1,train
3461,4358,CID4513,CID6337614,1,train
3461,4443,CID4513,CID656583,1,train
3461,4535,CID4513,CID68617,1,train
3461,4558,CID4513,CID6914273,1,train
3461,4577,CID4513,CID6918296,1,train
3461,4837,CID4513,CID7550,1,train
3461,4929,CID4513,CID91649,1,train
3461,4949,CID4513,CID92722,1,train
3461,5000,CID4513,CID9811704,1,train
3497,3911,CID46188928,CID53340771,1,train
3497,4255,CID46188928,CID60160561,1,train
3497,4559,CID46188928,CID6914657,1,train
3497,4658,CID46188928,CID71543365,1,train
3497,4672,CID46188928,CID71664305,1,train
3497,4910,CID46188928,CID90241673,1,train
3513,4005,CID46220502,CID54684141,1,train
3513,4559,CID46220502,CID6914657,1,train
3513,5032,CID46220502,CID9852573,1,train
3519,3844,CID46239015,CID5311,1,train
3519,3860,CID46239015,CID5311497,1,train
3519,3895,CID46239015,CID5329102,1,train
3519,4229,CID46239015,CID5944,1,train
3519,4237,CID46239015,CID59691338,1,train
3519,4566,CID46239015,CID6917864,1,train
3519,4581,CID46239015,CID6918405,1,train
3519,5058,CID46239015,CID9887053,1,train
3533,3618,CID4674,CID4912,1,train
3533,3718,CID4674,CID517546,1,train
3533,3812,CID4674,CID5284583,1,train
3533,3831,CID4674,CID5291,1,train
3533,3842,CID4674,CID5310966,1,train
3533,3844,CID4674,CID5311,1,train
3533,3849,CID4674,CID5311068,1,train
3533,3872,CID4674,CID5323714,1,train
3533,3895,CID4674,CID5329102,1,train
3533,3930,CID4674,CID5342,1,train
3533,3942,CID4674,CID5358,1,train
3533,3945,CID4674,CID5360515,1,train
3533,3964,CID4674,CID5426,1,train
3533,3982,CID4674,CID5462501,1,train
3533,3988,CID4674,CID54675769,1,train
3533,4005,CID4674,CID54684141,1,train
3533,4039,CID4674,CID5493444,1,train
3533,4051,CID4674,CID5530,1,train
3533,4054,CID4674,CID5546,1,train
3533,4206,CID4674,CID5831,1,train
3533,4207,CID4674,CID5833,1,train
3533,4245,CID4674,CID5991,1,train
3533,4259,CID4674,CID6018,1,train
3533,4279,CID4674,CID60648,1,train
3533,4290,CID4674,CID60753,1,train
3533,4291,CID4674,CID60795,1,train
3533,4299,CID4674,CID60838,1,train
3533,4312,CID4674,CID6100,1,train
3533,4353,CID4674,CID6321424,1,train
3533,4368,CID4674,CID64139,1,train
3533,4443,CID4674,CID656583,1,train
3533,4535,CID4674,CID68617,1,train
3533,4558,CID4674,CID6914273,1,train
3533,4577,CID4674,CID6918296,1,train
3533,4837,CID4674,CID7550,1,train
3533,4929,CID4674,CID91649,1,train
3533,5000,CID4674,CID9811704,1,train
3533,5089,CID4674,CID9930913,1,train
3571,4128,CID46944259,CID57336745,1,train
3571,4229,CID46944259,CID5944,1,train
3571,4566,CID46944259,CID6917864,1,train
3571,5010,CID46944259,CID9823820,1,train
3571,5082,CID46944259,CID9918559,1,train
3578,4566,CID4746,CID6917864,1,train
3618,3718,CID4912,CID517546,1,train
3618,3812,CID4912,CID5284583,1,train
3618,3831,CID4912,CID5291,1,train
3618,3842,CID4912,CID5310966,1,train
3618,3844,CID4912,CID5311,1,train
3618,3849,CID4912,CID5311068,1,train
3618,3872,CID4912,CID5323714,1,train
3618,3930,CID4912,CID5342,1,train
3618,3942,CID4912,CID5358,1,train
3618,3945,CID4912,CID5360515,1,train
3618,3967,CID4912,CID5430,1,train
3618,3982,CID4912,CID5462501,1,train
3618,3988,CID4912,CID54675769,1,train
3618,4003,CID4912,CID54680692,1,train
3618,4051,CID4912,CID5530,1,train
3618,4054,CID4912,CID5546,1,train
3618,4207,CID4912,CID5833,1,train
3618,4245,CID4912,CID5991,1,train
3618,4279,CID4912,CID60648,1,train
3618,4290,CID4912,CID60753,1,train
3618,4299,CID4912,CID60838,1,train
3618,4353,CID4912,CID6321424,1,train
3618,4358,CID4912,CID6337614,1,train
3618,4368,CID4912,CID64139,1,train
3618,4443,CID4912,CID656583,1,train
3618,4535,CID4912,CID68617,1,train
3618,4558,CID4912,CID6914273,1,train
3618,4577,CID4912,CID6918296,1,train
3618,4929,CID4912,CID91649,1,train
3618,5000,CID4912,CID9811704,1,train
3618,5089,CID4912,CID9930913,1,train
3624,4310,CID492405,CID60974,1,train
3624,4318,CID492405,CID6167,1,train
3624,4351,CID492405,CID63009,1,train
3660,4803,CID49867936,CID73265392,1,train
3660,5039,CID49867936,CID9865515,1,train
3662,4122,CID4993,CID572,1,train
3662,4353,CID4993,CID6321424,1,train
3662,4354,CID4993,CID63224,1,train
3662,4566,CID4993,CID6917864,1,train
3692,3699,CID51001932,CID51042438,1,train
3692,3844,CID51001932,CID5311,1,train
3692,3860,CID51001932,CID5311497,1,train
3692,3899,CID51001932,CID5330286,1,train
3692,4084,CID51001932,CID56649450,1,train
3692,4299,CID51001932,CID60838,1,train
3692,5036,CID51001932,CID9858940,1,train
3692,5058,CID51001932,CID9887053,1,train
3692,5080,CID51001932,CID9914412,1,train
3699,3844,CID51042438,CID5311,1,train
3699,3899,CID51042438,CID5330286,1,train
3707,3934,CID51358113,CID53494972,1,train
3707,4128,CID51358113,CID57336745,1,train
3707,4566,CID51358113,CID6917864,1,train
3707,4823,CID51358113,CID73461,1,train
3718,3812,CID517546,CID5284583,1,train
3718,3831,CID517546,CID5291,1,train
3718,3842,CID517546,CID5310966,1,train
3718,3849,CID517546,CID5311068,1,train
3718,3872,CID517546,CID5323714,1,train
3718,3895,CID517546,CID5329102,1,train
3718,3930,CID517546,CID5342,1,train
3718,3942,CID517546,CID5358,1,train
3718,3945,CID517546,CID5360515,1,train
3718,3964,CID517546,CID5426,1,train
3718,3967,CID517546,CID5430,1,train
3718,3982,CID517546,CID5462501,1,train
3718,3988,CID517546,CID54675769,1,train
3718,4003,CID517546,CID54680692,1,train
3718,4005,CID517546,CID54684141,1,train
3718,4039,CID517546,CID5493444,1,train
3718,4051,CID517546,CID5530,1,train
3718,4054,CID517546,CID5546,1,train
3718,4206,CID517546,CID5831,1,train
3718,4207,CID517546,CID5833,1,train
3718,4245,CID517546,CID5991,1,train
3718,4252,CID517546,CID6013,1,train
3718,4259,CID517546,CID6018,1,train
3718,4279,CID517546,CID60648,1,train
3718,4290,CID517546,CID60753,1,train
3718,4291,CID517546,CID60795,1,train
3718,4299,CID517546,CID60838,1,train
3718,4312,CID517546,CID6100,1,train
3718,4353,CID517546,CID6321424,1,train
3718,4358,CID517546,CID6337614,1,train
3718,4368,CID517546,CID64139,1,train
3718,4443,CID517546,CID656583,1,train
3718,4535,CID517546,CID68617,1,train
3718,4558,CID517546,CID6914273,1,train
3718,4577,CID517546,CID6918296,1,train
3718,4837,CID517546,CID7550,1,train
3718,4929,CID517546,CID91649,1,train
3718,4949,CID517546,CID92722,1,train
3718,5089,CID517546,CID9930913,1,train
3754,3895,CID5281078,CID5329102,1,train
3754,4291,CID5281078,CID60795,1,train
3754,4310,CID5281078,CID60974,1,train
3754,4318,CID5281078,CID6167,1,train
3754,4351,CID5281078,CID63009,1,train
3754,4408,CID5281078,CID6456015,1,train
3812,3831,CID5284583,CID5291,1,train
3812,3842,CID5284583,CID5310966,1,train
3812,3844,CID5284583,CID5311,1,train
3812,3849,CID5284583,CID5311068,1,train
3812,3872,CID5284583,CID5323714,1,train
3812,3895,CID5284583,CID5329102,1,train
3812,3930,CID5284583,CID5342,1,train
3812,3945,CID5284583,CID5360515,1,train
3812,3964,CID5284583,CID5426,1,train
3812,3967,CID5284583,CID5430,1,train
3812,3982,CID5284583,CID5462501,1,train
3812,3988,CID5284583,CID54675769,1,train
3812,4003,CID5284583,CID54680692,1,train
3812,4005,CID5284583,CID54684141,1,train
3812,4051,CID5284583,CID5530,1,train
3812,4054,CID5284583,CID5546,1,train
3812,4206,CID5284583,CID5831,1,train
3812,4207,CID5284583,CID5833,1,train
3812,4245,CID5284583,CID5991,1,train
3812,4259,CID5284583,CID6018,1,train
3812,4290,CID5284583,CID60753,1,train
3812,4291,CID5284583,CID60795,1,train
3812,4299,CID5284583,CID60838,1,train
3812,4312,CID5284583,CID6100,1,train
3812,4353,CID5284583,CID6321424,1,train
3812,4358,CID5284583,CID6337614,1,train
3812,4368,CID5284583,CID64139,1,train
3812,4443,CID5284583,CID656583,1,train
3812,4535,CID5284583,CID68617,1,train
3812,4558,CID5284583,CID6914273,1,train
3812,4577,CID5284583,CID6918296,1,train
3812,4837,CID5284583,CID7550,1,train
3812,4949,CID5284583,CID92722,1,train
3812,5000,CID5284583,CID9811704,1,train
3812,5089,CID5284583,CID9930913,1,train
3831,3842,CID5291,CID5310966,1,train
3831,3844,CID5291,CID5311,1,train
3831,3849,CID5291,CID5311068,1,train
3831,3895,CID5291,CID5329102,1,train
3831,3930,CID5291,CID5342,1,train
3831,3944,CID5291,CID5360373,1,train
3831,3945,CID5291,CID5360515,1,train
3831,3958,CID5291,CID5388983,1,train
3831,3964,CID5291,CID5426,1,train
3831,3967,CID5291,CID5430,1,train
3831,3982,CID5291,CID5462501,1,train
3831,3988,CID5291,CID54675769,1,train
3831,4005,CID5291,CID54684141,1,train
3831,4039,CID5291,CID5493444,1,train
3831,4051,CID5291,CID5530,1,train
3831,4054,CID5291,CID5546,1,train
3831,4206,CID5291,CID5831,1,train
3831,4207,CID5291,CID5833,1,train
3831,4245,CID5291,CID5991,1,train
3831,4252,CID5291,CID6013,1,train
3831,4259,CID5291,CID6018,1,train
3831,4265,CID5291,CID60198,1,train
3831,4283,CID5291,CID60699,1,train
3831,4290,CID5291,CID60753,1,train
3831,4291,CID5291,CID60795,1,train
3831,4312,CID5291,CID6100,1,train
3831,4353,CID5291,CID6321424,1,train
3831,4358,CID5291,CID6337614,1,train
3831,4359,CID5291,CID636362,1,train
3831,4368,CID5291,CID64139,1,train
3831,4443,CID5291,CID656583,1,train
3831,4535,CID5291,CID68617,1,train
3831,4543,CID5291,CID68740,1,train
3831,4558,CID5291,CID6914273,1,train
3831,4577,CID5291,CID6918296,1,train
3831,4643,CID5291,CID71384,1,train
3831,4837,CID5291,CID7550,1,train
3831,4929,CID5291,CID91649,1,train
3831,4949,CID5291,CID92722,1,train
3831,5000,CID5291,CID9811704,1,train
3831,5034,CID5291,CID9854073,1,train
3831,5089,CID5291,CID9930913,1,train
3839,3844,CID52947716,CID5311,1,train
3839,4005,CID52947716,CID54684141,1,train
3839,4299,CID52947716,CID60838,1,train
3839,4511,CID52947716,CID6758,1,train
3839,4834,CID52947716,CID74990,1,train
3839,5032,CID52947716,CID9852573,1,train
3839,5107,CID52947716,CID9949641,1,train
3842,3844,CID5310966,CID5311,1,train
3842,3872,CID5310966,CID5323714,1,train
3842,3895,CID5310966,CID5329102,1,train
3842,3930,CID5310966,CID5342,1,train
3842,3942,CID5310966,CID5358,1,train
3842,3982,CID5310966,CID5462501,1,train
3842,4003,CID5310966,CID54680692,1,train
3842,4005,CID5310966,CID54684141,1,train
3842,4039,CID5310966,CID5493444,1,train
3842,4051,CID5310966,CID5530,1,train
3842,4054,CID5310966,CID5546,1,train
3842,4207,CID5310966,CID5833,1,train
3842,4252,CID5310966,CID6013,1,train
3842,4259,CID5310966,CID6018,1,train
3842,4279,CID5310966,CID60648,1,train
3842,4290,CID5310966,CID60753,1,train
3842,4291,CID5310966,CID60795,1,train
3842,4299,CID5310966,CID60838,1,train
3842,4312,CID5310966,CID6100,1,train
3842,4353,CID5310966,CID6321424,1,train
3842,4358,CID5310966,CID6337614,1,train
3842,4368,CID5310966,CID64139,1,train
3842,4443,CID5310966,CID656583,1,train
3842,4558,CID5310966,CID6914273,1,train
3842,4577,CID5310966,CID6918296,1,train
3842,4837,CID5310966,CID7550,1,train
3842,4929,CID5310966,CID91649,1,train
3842,4949,CID5310966,CID92722,1,train
3842,5000,CID5310966,CID9811704,1,train
3842,5089,CID5310966,CID9930913,1,train
3844,3849,CID5311,CID5311068,1,train
3844,3860,CID5311,CID5311497,1,train
3844,3872,CID5311,CID5323714,1,train
3844,3877,CID5311,CID53248764,1,train
3844,3895,CID5311,CID5329102,1,train
3844,3899,CID5311,CID5330286,1,train
3844,3930,CID5311,CID5342,1,train
3844,3942,CID5311,CID5358,1,train
3844,3944,CID5311,CID5360373,1,train
3844,3945,CID5311,CID5360515,1,train
3844,3958,CID5311,CID5388983,1,train
3844,3964,CID5311,CID5426,1,train
3844,3967,CID5311,CID5430,1,train
3844,3982,CID5311,CID5462501,1,train
3844,3988,CID5311,CID54675769,1,train
3844,4003,CID5311,CID54680692,1,train
3844,4005,CID5311,CID54684141,1,train
3844,4039,CID5311,CID5493444,1,train
3844,4051,CID5311,CID5530,1,train
3844,4054,CID5311,CID5546,1,train
3844,4084,CID5311,CID56649450,1,train
3844,4122,CID5311,CID572,1,train
3844,4206,CID5311,CID5831,1,train
3844,4207,CID5311,CID5833,1,train
3844,4237,CID5311,CID59691338,1,train
3844,4245,CID5311,CID5991,1,train
3844,4252,CID5311,CID6013,1,train
3844,4259,CID5311,CID6018,1,train
3844,4265,CID5311,CID60198,1,train
3844,4279,CID5311,CID60648,1,train
3844,4283,CID5311,CID60699,1,train
3844,4290,CID5311,CID60753,1,train
3844,4291,CID5311,CID60795,1,train
3844,4299,CID5311,CID60838,1,train
3844,4312,CID5311,CID6100,1,train
3844,4353,CID5311,CID6321424,1,train
3844,4358,CID5311,CID6337614,1,train
3844,4359,CID5311,CID636362,1,train
3844,4443,CID5311,CID656583,1,train
3844,4535,CID5311,CID68617,1,train
3844,4543,CID5311,CID68740,1,train
3844,4558,CID5311,CID6914273,1,train
3844,4559,CID5311,CID6914657,1,train
3844,4577,CID5311,CID6918296,1,train
3844,4643,CID5311,CID71384,1,train
3844,4644,CID5311,CID71386,1,train
3844,4834,CID5311,CID74990,1,train
3844,4837,CID5311,CID7550,1,train
3844,4904,CID5311,CID8980,1,train
3844,4949,CID5311,CID92722,1,train
3844,4950,CID5311,CID92727,1,train
3844,5000,CID5311,CID9811704,1,train
3844,5032,CID5311,CID9852573,1,train
3844,5058,CID5311,CID9887053,1,train
3844,5080,CID5311,CID9914412,1,train
3844,5089,CID5311,CID9930913,1,train
3844,5107,CID5311,CID9949641,1,train
3849,3895,CID5311068,CID5329102,1,train
3849,3930,CID5311068,CID5342,1,train
3849,3942,CID5311068,CID5358,1,train
3849,3967,CID5311068,CID5430,1,train
3849,3988,CID5311068,CID54675769,1,train
3849,4003,CID5311068,CID54680692,1,train
3849,4005,CID5311068,CID54684141,1,train
3849,4039,CID5311068,CID5493444,1,train
3849,4054,CID5311068,CID5546,1,train
3849,4206,CID5311068,CID5831,1,train
3849,4207,CID5311068,CID5833,1,train
3849,4252,CID5311068,CID6013,1,train
3849,4259,CID5311068,CID6018,1,train
3849,4290,CID5311068,CID60753,1,train
3849,4299,CID5311068,CID60838,1,train
3849,4312,CID5311068,CID6100,1,train
3849,4353,CID5311068,CID6321424,1,train
3849,4358,CID5311068,CID6337614,1,train
3849,4368,CID5311068,CID64139,1,train
3849,4443,CID5311068,CID656583,1,train
3849,4535,CID5311068,CID68617,1,train
3849,4558,CID5311068,CID6914273,1,train
3849,4577,CID5311068,CID6918296,1,train
3849,4929,CID5311068,CID91649,1,train
3849,4949,CID5311068,CID92722,1,train
3849,5000,CID5311068,CID9811704,1,train
3860,3895,CID5311497,CID5329102,1,train
3860,3899,CID5311497,CID5330286,1,train
3860,4237,CID5311497,CID59691338,1,train
3860,5036,CID5311497,CID9858940,1,train
3860,5058,CID5311497,CID9887053,1,train
3868,4038,CID5321010,CID54900,1,train
3868,4229,CID5321010,CID5944,1,train
3868,4581,CID5321010,CID6918405,1,train
3868,4769,CID5321010,CID73265318,1,train
3868,4796,CID5321010,CID73265377,1,train
3868,4800,CID5321010,CID73265389,1,train
3871,4138,CID53235510,CID57379345,1,train
3871,4592,CID53235510,CID6918638,1,train
3872,3895,CID5323714,CID5329102,1,train
3872,3930,CID5323714,CID5342,1,train
3872,3942,CID5323714,CID5358,1,train
3872,3964,CID5323714,CID5426,1,train
3872,3967,CID5323714,CID5430,1,train
3872,3982,CID5323714,CID5462501,1,train
3872,3988,CID5323714,CID54675769,1,train
3872,4005,CID5323714,CID54684141,1,train
3872,4039,CID5323714,CID5493444,1,train
3872,4051,CID5323714,CID5530,1,train
3872,4054,CID5323714,CID5546,1,train
3872,4206,CID5323714,CID5831,1,train
3872,4207,CID5323714,CID5833,1,train
3872,4245,CID5323714,CID5991,1,train
3872,4279,CID5323714,CID60648,1,train
3872,4290,CID5323714,CID60753,1,train
3872,4291,CID5323714,CID60795,1,train
3872,4299,CID5323714,CID60838,1,train
3872,4312,CID5323714,CID6100,1,train
3872,4353,CID5323714,CID6321424,1,train
3872,4358,CID5323714,CID6337614,1,train
3872,4368,CID5323714,CID64139,1,train
3872,4443,CID5323714,CID656583,1,train
3872,4535,CID5323714,CID68617,1,train
3872,4558,CID5323714,CID6914273,1,train
3872,4577,CID5323714,CID6918296,1,train
3872,4837,CID5323714,CID7550,1,train
3872,4929,CID5323714,CID91649,1,train
3872,4949,CID5323714,CID92722,1,train
3872,5000,CID5323714,CID9811704,1,train
3872,5089,CID5323714,CID9930913,1,train
3877,3934,CID53248764,CID53494972,1,train
3877,4353,CID53248764,CID6321424,1,train
3877,4566,CID53248764,CID6917864,1,train
3877,4644,CID53248764,CID71386,1,train
3877,4946,CID53248764,CID92178,1,train
3877,4950,CID53248764,CID92727,1,train
3877,5080,CID53248764,CID9914412,1,train
3895,3930,CID5329102,CID5342,1,train
3895,3942,CID5329102,CID5358,1,train
3895,3944,CID5329102,CID5360373,1,train
3895,3945,CID5329102,CID5360515,1,train
3895,3958,CID5329102,CID5388983,1,train
3895,3964,CID5329102,CID5426,1,train
3895,3967,CID5329102,CID5430,1,train
3895,3982,CID5329102,CID5462501,1,train
3895,4003,CID5329102,CID54680692,1,train
3895,4005,CID5329102,CID54684141,1,train
3895,4039,CID5329102,CID5493444,1,train
3895,4051,CID5329102,CID5530,1,train
3895,4054,CID5329102,CID5546,1,train
3895,4206,CID5329102,CID5831,1,train
3895,4237,CID5329102,CID59691338,1,train
3895,4245,CID5329102,CID5991,1,train
3895,4252,CID5329102,CID6013,1,train
3895,4259,CID5329102,CID6018,1,train
3895,4265,CID5329102,CID60198,1,train
3895,4283,CID5329102,CID60699,1,train
3895,4291,CID5329102,CID60795,1,train
3895,4299,CID5329102,CID60838,1,train
3895,4312,CID5329102,CID6100,1,train
3895,4318,CID5329102,CID6167,1,train
3895,4353,CID5329102,CID6321424,1,train
3895,4358,CID5329102,CID6337614,1,train
3895,4359,CID5329102,CID636362,1,train
3895,4368,CID5329102,CID64139,1,train
3895,4443,CID5329102,CID656583,1,train
3895,4535,CID5329102,CID68617,1,train
3895,4543,CID5329102,CID68740,1,train
3895,4577,CID5329102,CID6918296,1,train
3895,4643,CID5329102,CID71384,1,train
3895,4837,CID5329102,CID7550,1,train
3895,4929,CID5329102,CID91649,1,train
3895,4949,CID5329102,CID92722,1,train
3895,5000,CID5329102,CID9811704,1,train
3895,5034,CID5329102,CID9854073,1,train
3895,5058,CID5329102,CID9887053,1,train
3899,3909,CID5330286,CID53340426,1,train
3899,4038,CID5330286,CID54900,1,train
3899,4084,CID5330286,CID56649450,1,train
3899,4299,CID5330286,CID60838,1,train
3899,4559,CID5330286,CID6914657,1,train
3899,4658,CID5330286,CID71543365,1,train
3899,4672,CID5330286,CID71664305,1,train
3899,4705,CID5330286,CID72686,1,train
3899,5036,CID5330286,CID9858940,1,train
3899,5058,CID5330286,CID9887053,1,train
3899,5080,CID5330286,CID9914412,1,train
3909,4255,CID53340426,CID60160561,1,train
3909,4559,CID53340426,CID6914657,1,train
3911,4255,CID53340771,CID60160561,1,train
3911,4658,CID53340771,CID71543365,1,train
3911,4672,CID53340771,CID71664305,1,train
3927,4145,CID53396328,CID57441923,1,train
3927,4248,CID53396328,CID60060499,1,train
3927,4736,CID53396328,CID73265223,1,train
3927,4745,CID53396328,CID73265233,1,train
3927,4797,CID53396328,CID73265380,1,train
3927,4823,CID53396328,CID73461,1,train
3927,5010,CID53396328,CID9823820,1,train
3930,3942,CID5342,CID5358,1,train
3930,3964,CID5342,CID5426,1,train
3930,3967,CID5342,CID5430,1,train
3930,3982,CID5342,CID5462501,1,train
3930,3988,CID5342,CID54675769,1,train
3930,4003,CID5342,CID54680692,1,train
3930,4005,CID5342,CID54684141,1,train
3930,4039,CID5342,CID5493444,1,train
3930,4051,CID5342,CID5530,1,train
3930,4054,CID5342,CID5546,1,train
3930,4206,CID5342,CID5831,1,train
3930,4207,CID5342,CID5833,1,train
3930,4245,CID5342,CID5991,1,train
3930,4252,CID5342,CID6013,1,train
3930,4279,CID5342,CID60648,1,train
3930,4290,CID5342,CID60753,1,train
3930,4299,CID5342,CID60838,1,train
3930,4312,CID5342,CID6100,1,train
3930,4353,CID5342,CID6321424,1,train
3930,4358,CID5342,CID6337614,1,train
3930,4443,CID5342,CID656583,1,train
3930,4535,CID5342,CID68617,1,train
3930,4577,CID5342,CID6918296,1,train
3930,4837,CID5342,CID7550,1,train
3930,4929,CID5342,CID91649,1,train
3930,5000,CID5342,CID9811704,1,train
3930,5089,CID5342,CID9930913,1,train
3934,4122,CID53494972,CID572,1,train
3934,4183,CID53494972,CID5754,1,train
3934,4213,CID53494972,CID5865,1,train
3934,4354,CID53494972,CID63224,1,train
3934,4397,CID53494972,CID644274,1,train
3934,4465,CID53494972,CID65999,1,train
3934,4566,CID53494972,CID6917864,1,train
3934,4638,CID53494972,CID71329,1,train
3934,4644,CID53494972,CID71386,1,train
3934,4686,CID53494972,CID72092,1,train
3934,4904,CID53494972,CID8980,1,train
3934,4989,CID53494972,CID9803963,1,train
3934,5032,CID53494972,CID9852573,1,train
3942,3945,CID5358,CID5360515,1,train
3942,3964,CID5358,CID5426,1,train
3942,3967,CID5358,CID5430,1,train
3942,3988,CID5358,CID54675769,1,train
3942,4003,CID5358,CID54680692,1,train
3942,4005,CID5358,CID54684141,1,train
3942,4054,CID5358,CID5546,1,train
3942,4207,CID5358,CID5833,1,train
3942,4245,CID5358,CID5991,1,train
3942,4252,CID5358,CID6013,1,train
3942,4279,CID5358,CID60648,1,train
3942,4290,CID5358,CID60753,1,train
3942,4291,CID5358,CID60795,1,train
3942,4299,CID5358,CID60838,1,train
3942,4353,CID5358,CID6321424,1,train
3942,4358,CID5358,CID6337614,1,train
3942,4368,CID5358,CID64139,1,train
3942,4535,CID5358,CID68617,1,train
3942,4558,CID5358,CID6914273,1,train
3942,4577,CID5358,CID6918296,1,train
3942,4837,CID5358,CID7550,1,train
3942,4929,CID5358,CID91649,1,train
3942,4949,CID5358,CID92722,1,train
3942,5000,CID5358,CID9811704,1,train
3942,5089,CID5358,CID9930913,1,train
3944,3958,CID5360373,CID5388983,1,train
3944,3964,CID5360373,CID5426,1,train
3944,4265,CID5360373,CID60198,1,train
3944,4283,CID5360373,CID60699,1,train
3944,4359,CID5360373,CID636362,1,train
3944,4543,CID5360373,CID68740,1,train
3944,4643,CID5360373,CID71384,1,train
3944,5034,CID5360373,CID9854073,1,train
3945,3982,CID5360515,CID5462501,1,train
3945,4005,CID5360515,CID54684141,1,train
3945,4039,CID5360515,CID5493444,1,train
3945,4051,CID5360515,CID5530,1,train
3945,4206,CID5360515,CID5831,1,train
3945,4245,CID5360515,CID5991,1,train
3945,4252,CID5360515,CID6013,1,train
3945,4290,CID5360515,CID60753,1,train
3945,4299,CID5360515,CID60838,1,train
3945,4312,CID5360515,CID6100,1,train
3945,4315,CID5360515,CID6135,1,train
3945,4353,CID5360515,CID6321424,1,train
3945,4358,CID5360515,CID6337614,1,train
3945,4443,CID5360515,CID656583,1,train
3945,4535,CID5360515,CID68617,1,train
3945,4577,CID5360515,CID6918296,1,train
3945,4837,CID5360515,CID7550,1,train
3945,4929,CID5360515,CID91649,1,train
3945,4949,CID5360515,CID92722,1,train
3945,5000,CID5360515,CID9811704,1,train
3958,3964,CID5388983,CID5426,1,train
3958,4265,CID5388983,CID60198,1,train
3958,4283,CID5388983,CID60699,1,train
3958,4359,CID5388983,CID636362,1,train
3958,4543,CID5388983,CID68740,1,train
3958,4643,CID5388983,CID71384,1,train
3964,3967,CID5426,CID5430,1,train
3964,3982,CID5426,CID5462501,1,train
3964,3988,CID5426,CID54675769,1,train
3964,4005,CID5426,CID54684141,1,train
3964,4039,CID5426,CID5493444,1,train
3964,4051,CID5426,CID5530,1,train
3964,4054,CID5426,CID5546,1,train
3964,4206,CID5426,CID5831,1,train
3964,4207,CID5426,CID5833,1,train
3964,4245,CID5426,CID5991,1,train
3964,4252,CID5426,CID6013,1,train
3964,4259,CID5426,CID6018,1,train
3964,4265,CID5426,CID60198,1,train
3964,4279,CID5426,CID60648,1,train
3964,4283,CID5426,CID60699,1,train
3964,4290,CID5426,CID60753,1,train
3964,4291,CID5426,CID60795,1,train
3964,4299,CID5426,CID60838,1,train
3964,4353,CID5426,CID6321424,1,train
3964,4358,CID5426,CID6337614,1,train
3964,4359,CID5426,CID636362,1,train
3964,4443,CID5426,CID656583,1,train
3964,4535,CID5426,CID68617,1,train
3964,4543,CID5426,CID68740,1,train
3964,4558,CID5426,CID6914273,1,train
3964,4577,CID5426,CID6918296,1,train
3964,4643,CID5426,CID71384,1,train
3964,4837,CID5426,CID7550,1,train
3964,4929,CID5426,CID91649,1,train
3964,4949,CID5426,CID92722,1,train
3964,5000,CID5426,CID9811704,1,train
3964,5034,CID5426,CID9854073,1,train
3964,5089,CID5426,CID9930913,1,train
3967,3982,CID5430,CID5462501,1,train
3967,3988,CID5430,CID54675769,1,train
3967,4003,CID5430,CID54680692,1,train
3967,4005,CID5430,CID54684141,1,train
3967,4039,CID5430,CID5493444,1,train
3967,4051,CID5430,CID5530,1,train
3967,4054,CID5430,CID5546,1,train
3967,4206,CID5430,CID5831,1,train
3967,4207,CID5430,CID5833,1,train
3967,4252,CID5430,CID6013,1,train
3967,4259,CID5430,CID6018,1,train
3967,4279,CID5430,CID60648,1,train
3967,4290,CID5430,CID60753,1,train
3967,4291,CID5430,CID60795,1,train
3967,4299,CID5430,CID60838,1,train
3967,4353,CID5430,CID6321424,1,train
3967,4358,CID5430,CID6337614,1,train
3967,4368,CID5430,CID64139,1,train
3967,4443,CID5430,CID656583,1,train
3967,4535,CID5430,CID68617,1,train
3967,4558,CID5430,CID6914273,1,train
3967,4577,CID5430,CID6918296,1,train
3967,4837,CID5430,CID7550,1,train
3967,4929,CID5430,CID91649,1,train
3967,4949,CID5430,CID92722,1,train
3967,5000,CID5430,CID9811704,1,train
3967,5089,CID5430,CID9930913,1,train
3982,3988,CID5462501,CID54675769,1,train
3982,4003,CID5462501,CID54680692,1,train
3982,4005,CID5462501,CID54684141,1,train
3982,4206,CID5462501,CID5831,1,train
3982,4207,CID5462501,CID5833,1,train
3982,4245,CID5462501,CID5991,1,train
3982,4252,CID5462501,CID6013,1,train
3982,4259,CID5462501,CID6018,1,train
3982,4279,CID5462501,CID60648,1,train
3982,4291,CID5462501,CID60795,1,train
3982,4299,CID5462501,CID60838,1,train
3982,4312,CID5462501,CID6100,1,train
3982,4353,CID5462501,CID6321424,1,train
3982,4358,CID5462501,CID6337614,1,train
3982,4443,CID5462501,CID656583,1,train
3982,4558,CID5462501,CID6914273,1,train
3982,4577,CID5462501,CID6918296,1,train
3982,4837,CID5462501,CID7550,1,train
3982,4929,CID5462501,CID91649,1,train
3982,5000,CID5462501,CID9811704,1,train
3982,5089,CID5462501,CID9930913,1,train
3988,4003,CID54675769,CID54680692,1,train
3988,4005,CID54675769,CID54684141,1,train
3988,4039,CID54675769,CID5493444,1,train
3988,4051,CID54675769,CID5530,1,train
3988,4206,CID54675769,CID5831,1,train
3988,4245,CID54675769,CID5991,1,train
3988,4252,CID54675769,CID6013,1,train
3988,4259,CID54675769,CID6018,1,train
3988,4279,CID54675769,CID60648,1,train
3988,4290,CID54675769,CID60753,1,train
3988,4291,CID54675769,CID60795,1,train
3988,4299,CID54675769,CID60838,1,train
3988,4312,CID54675769,CID6100,1,train
3988,4353,CID54675769,CID6321424,1,train
3988,4358,CID54675769,CID6337614,1,train
3988,4443,CID54675769,CID656583,1,train
3988,4535,CID54675769,CID68617,1,train
3988,4558,CID54675769,CID6914273,1,train
3988,4577,CID54675769,CID6918296,1,train
3988,4837,CID54675769,CID7550,1,train
3988,4929,CID54675769,CID91649,1,train
3988,4949,CID54675769,CID92722,1,train
3988,5000,CID54675769,CID9811704,1,train
3988,5089,CID54675769,CID9930913,1,train
4003,4005,CID54680692,CID54684141,1,train
4003,4039,CID54680692,CID5493444,1,train
4003,4051,CID54680692,CID5530,1,train
4003,4206,CID54680692,CID5831,1,train
4003,4252,CID54680692,CID6013,1,train
4003,4279,CID54680692,CID60648,1,train
4003,4290,CID54680692,CID60753,1,train
4003,4291,CID54680692,CID60795,1,train
4003,4299,CID54680692,CID60838,1,train
4003,4312,CID54680692,CID6100,1,train
4003,4353,CID54680692,CID6321424,1,train
4003,4358,CID54680692,CID6337614,1,train
4003,4368,CID54680692,CID64139,1,train
4003,4443,CID54680692,CID656583,1,train
4003,4535,CID54680692,CID68617,1,train
4003,4558,CID54680692,CID6914273,1,train
4003,4577,CID54680692,CID6918296,1,train
4003,4929,CID54680692,CID91649,1,train
4003,5089,CID54680692,CID9930913,1,train
4005,4039,CID54684141,CID5493444,1,train
4005,4051,CID54684141,CID5530,1,train
4005,4054,CID54684141,CID5546,1,train
4005,4206,CID54684141,CID5831,1,train
4005,4207,CID54684141,CID5833,1,train
4005,4245,CID54684141,CID5991,1,train
4005,4252,CID54684141,CID6013,1,train
4005,4259,CID54684141,CID6018,1,train
4005,4279,CID54684141,CID60648,1,train
4005,4290,CID54684141,CID60753,1,train
4005,4291,CID54684141,CID60795,1,train
4005,4299,CID54684141,CID60838,1,train
4005,4312,CID54684141,CID6100,1,train
4005,4353,CID54684141,CID6321424,1,train
4005,4358,CID54684141,CID6337614,1,train
4005,4368,CID54684141,CID64139,1,train
4005,4558,CID54684141,CID6914273,1,train
4005,4577,CID54684141,CID6918296,1,train
4005,4837,CID54684141,CID7550,1,train
4005,4949,CID54684141,CID92722,1,train
4005,5000,CID54684141,CID9811704,1,train
4005,5089,CID54684141,CID9930913,1,train
4005,5107,CID54684141,CID9949641,1,train
4038,4180,CID54900,CID57519554,1,train
4038,4229,CID54900,CID5944,1,train
4038,4705,CID54900,CID72686,1,train
4039,4051,CID5493444,CID5530,1,train
4039,4054,CID5493444,CID5546,1,train
4039,4206,CID5493444,CID5831,1,train
4039,4207,CID5493444,CID5833,1,train
4039,4252,CID5493444,CID6013,1,train
4039,4259,CID5493444,CID6018,1,train
4039,4291,CID5493444,CID60795,1,train
4039,4299,CID5493444,CID60838,1,train
4039,4312,CID5493444,CID6100,1,train
4039,4353,CID5493444,CID6321424,1,train
4039,4358,CID5493444,CID6337614,1,train
4039,4368,CID5493444,CID64139,1,train
4039,4443,CID5493444,CID656583,1,train
4039,4535,CID5493444,CID68617,1,train
4039,4577,CID5493444,CID6918296,1,train
4039,4837,CID5493444,CID7550,1,train
4039,4929,CID5493444,CID91649,1,train
4039,4949,CID5493444,CID92722,1,train
4039,5089,CID5493444,CID9930913,1,train
4051,4206,CID5530,CID5831,1,train
4051,4207,CID5530,CID5833,1,train
4051,4259,CID5530,CID6018,1,train
4051,4279,CID5530,CID60648,1,train
4051,4290,CID5530,CID60753,1,train
4051,4291,CID5530,CID60795,1,train
4051,4299,CID5530,CID60838,1,train
4051,4312,CID5530,CID6100,1,train
4051,4353,CID5530,CID6321424,1,train
4051,4358,CID5530,CID6337614,1,train
4051,4368,CID5530,CID64139,1,train
4051,4443,CID5530,CID656583,1,train
4051,4577,CID5530,CID6918296,1,train
4051,4837,CID5530,CID7550,1,train
4051,4929,CID5530,CID91649,1,train
4051,4949,CID5530,CID92722,1,train
4051,5000,CID5530,CID9811704,1,train
4051,5089,CID5530,CID9930913,1,train
4054,4206,CID5546,CID5831,1,train
4054,4207,CID5546,CID5833,1,train
4054,4245,CID5546,CID5991,1,train
4054,4252,CID5546,CID6013,1,train
4054,4259,CID5546,CID6018,1,train
4054,4279,CID5546,CID60648,1,train
4054,4290,CID5546,CID60753,1,train
4054,4312,CID5546,CID6100,1,train
4054,4353,CID5546,CID6321424,1,train
4054,4358,CID5546,CID6337614,1,train
4054,4443,CID5546,CID656583,1,train
4054,4558,CID5546,CID6914273,1,train
4054,4577,CID5546,CID6918296,1,train
4054,4837,CID5546,CID7550,1,train
4054,5000,CID5546,CID9811704,1,train
4122,4644,CID572,CID71386,1,train
4122,4904,CID572,CID8980,1,train
4122,4946,CID572,CID92178,1,train
4122,4950,CID572,CID92727,1,train
4122,5080,CID572,CID9914412,1,train
4128,4354,CID57336745,CID63224,1,train
4128,4559,CID57336745,CID6914657,1,train
4128,4566,CID57336745,CID6917864,1,train
4128,4581,CID57336745,CID6918405,1,train
4128,4662,CID57336745,CID71587153,1,train
4128,5032,CID57336745,CID9852573,1,train
4128,5082,CID57336745,CID9918559,1,train
4138,4592,CID57379345,CID6918638,1,train
4138,4745,CID57379345,CID73265233,1,train
4145,4180,CID57441923,CID57519554,1,train
4145,4248,CID57441923,CID60060499,1,train
4145,4487,CID57441923,CID66646767,1,train
4145,4705,CID57441923,CID72686,1,train
4145,4736,CID57441923,CID73265223,1,train
4145,4745,CID57441923,CID73265233,1,train
4145,4796,CID57441923,CID73265377,1,train
4145,4797,CID57441923,CID73265380,1,train
4145,4823,CID57441923,CID73461,1,train
4179,4823,CID57519551,CID73461,1,train
4180,4469,CID57519554,CID6604870,1,train
4180,4559,CID57519554,CID6914657,1,train
4180,4705,CID57519554,CID72686,1,train
4180,4769,CID57519554,CID73265318,1,train
4180,4800,CID57519554,CID73265389,1,train
4183,4353,CID5754,CID6321424,1,train
4206,4245,CID5831,CID5991,1,train
4206,4259,CID5831,CID6018,1,train
4206,4290,CID5831,CID60753,1,train
4206,4291,CID5831,CID60795,1,train
4206,4299,CID5831,CID60838,1,train
4206,4312,CID5831,CID6100,1,train
4206,4353,CID5831,CID6321424,1,train
4206,4358,CID5831,CID6337614,1,train
4206,4368,CID5831,CID64139,1,train
4206,4443,CID5831,CID656583,1,train
4206,4558,CID5831,CID6914273,1,train
4206,4837,CID5831,CID7550,1,train
4206,4929,CID5831,CID91649,1,train
4206,4949,CID5831,CID92722,1,train
4206,5000,CID5831,CID9811704,1,train
4206,5089,CID5831,CID9930913,1,train
4207,4245,CID5833,CID5991,1,train
4207,4259,CID5833,CID6018,1,train
4207,4279,CID5833,CID60648,1,train
4207,4299,CID5833,CID60838,1,train
4207,4312,CID5833,CID6100,1,train
4207,4353,CID5833,CID6321424,1,train
4207,4358,CID5833,CID6337614,1,train
4207,4443,CID5833,CID656583,1,train
4207,4535,CID5833,CID68617,1,train
4207,4577,CID5833,CID6918296,1,train
4207,4837,CID5833,CID7550,1,train
4207,4949,CID5833,CID92722,1,train
4207,5000,CID5833,CID9811704,1,train
4207,5089,CID5833,CID9930913,1,train
4229,4529,CID5944,CID68546,1,train
4229,4700,CID5944,CID72435,1,train
4237,5058,CID59691338,CID9887053,1,train
4245,4252,CID5991,CID6013,1,train
4245,4259,CID5991,CID6018,1,train
4245,4279,CID5991,CID60648,1,train
4245,4290,CID5991,CID60753,1,train
4245,4291,CID5991,CID60795,1,train
4245,4299,CID5991,CID60838,1,train
4245,4353,CID5991,CID6321424,1,train
4245,4358,CID5991,CID6337614,1,train
4245,4368,CID5991,CID64139,1,train
4245,4443,CID5991,CID656583,1,train
4245,4558,CID5991,CID6914273,1,train
4245,4577,CID5991,CID6918296,1,train
4245,4837,CID5991,CID7550,1,train
4245,4929,CID5991,CID91649,1,train
4245,4949,CID5991,CID92722,1,train
4245,5000,CID5991,CID9811704,1,train
4245,5089,CID5991,CID9930913,1,train
4248,4487,CID60060499,CID66646767,1,train
4248,4700,CID60060499,CID72435,1,train
4248,4736,CID60060499,CID73265223,1,train
4248,4745,CID60060499,CID73265233,1,train
4248,4796,CID60060499,CID73265377,1,train
4248,4823,CID60060499,CID73461,1,train
4252,4259,CID6013,CID6018,1,train
4252,4299,CID6013,CID60838,1,train
4252,4353,CID6013,CID6321424,1,train
4252,4358,CID6013,CID6337614,1,train
4252,4368,CID6013,CID64139,1,train
4252,4535,CID6013,CID68617,1,train
4252,4577,CID6013,CID6918296,1,train
4252,4837,CID6013,CID7550,1,train
4252,4949,CID6013,CID92722,1,train
4252,5000,CID6013,CID9811704,1,train
4255,4658,CID60160561,CID71543365,1,train
4255,4672,CID60160561,CID71664305,1,train
4255,4910,CID60160561,CID90241673,1,train
4259,4279,CID6018,CID60648,1,train
4259,4290,CID6018,CID60753,1,train
4259,4291,CID6018,CID60795,1,train
4259,4299,CID6018,CID60838,1,train
4259,4353,CID6018,CID6321424,1,train
4259,4358,CID6018,CID6337614,1,train
4259,4368,CID6018,CID64139,1,train
4259,4535,CID6018,CID68617,1,train
4259,4837,CID6018,CID7550,1,train
4259,5000,CID6018,CID9811704,1,train
4259,5089,CID6018,CID9930913,1,train
4265,4283,CID60198,CID60699,1,train
4265,4359,CID60198,CID636362,1,train
4265,4543,CID60198,CID68740,1,train
4265,4643,CID60198,CID71384,1,train
4279,4290,CID60648,CID60753,1,train
4279,4291,CID60648,CID60795,1,train
4279,4299,CID60648,CID60838,1,train
4279,4312,CID60648,CID6100,1,train
4279,4353,CID60648,CID6321424,1,train
4279,4358,CID60648,CID6337614,1,train
4279,4368,CID60648,CID64139,1,train
4279,4443,CID60648,CID656583,1,train
4279,4535,CID60648,CID68617,1,train
4279,4558,CID60648,CID6914273,1,train
4279,4577,CID60648,CID6918296,1,train
4279,4837,CID60648,CID7550,1,train
4279,4929,CID60648,CID91649,1,train
4279,4949,CID60648,CID92722,1,train
4283,4359,CID60699,CID636362,1,train
4283,4543,CID60699,CID68740,1,train
4283,4643,CID60699,CID71384,1,train
4290,4291,CID60753,CID60795,1,train
4290,4299,CID60753,CID60838,1,train
4290,4312,CID60753,CID6100,1,train
4290,4353,CID60753,CID6321424,1,train
4290,4358,CID60753,CID6337614,1,train
4290,4368,CID60753,CID64139,1,train
4290,4443,CID60753,CID656583,1,train
4290,4558,CID60753,CID6914273,1,train
4290,4837,CID60753,CID7550,1,train
4290,4949,CID60753,CID92722,1,train
4290,5000,CID60753,CID9811704,1,train
4291,4299,CID60795,CID60838,1,train
4291,4312,CID60795,CID6100,1,train
4291,4318,CID60795,CID6167,1,train
4291,4353,CID60795,CID6321424,1,train
4291,4358,CID60795,CID6337614,1,train
4291,4368,CID60795,CID64139,1,train
4291,4408,CID60795,CID6456015,1,train
4291,4443,CID60795,CID656583,1,train
4291,4577,CID60795,CID6918296,1,train
4291,4949,CID60795,CID92722,1,train
4299,4312,CID60838,CID6100,1,train
4299,4353,CID60838,CID6321424,1,train
4299,4358,CID60838,CID6337614,1,train
4299,4368,CID60838,CID64139,1,train
4299,4443,CID60838,CID656583,1,train
4299,4511,CID60838,CID6758,1,train
4299,4535,CID60838,CID68617,1,train
4299,4577,CID60838,CID6918296,1,train
4299,4929,CID60838,CID91649,1,train
4299,4949,CID60838,CID92722,1,train
4299,5000,CID60838,CID9811704,1,train
4299,5058,CID60838,CID9887053,1,train
4299,5089,CID60838,CID9930913,1,train
4310,4318,CID60974,CID6167,1,train
4310,4351,CID60974,CID63009,1,train
4310,4408,CID60974,CID6456015,1,train
4312,4353,CID6100,CID6321424,1,train
4312,4358,CID6100,CID6337614,1,train
4312,4368,CID6100,CID64139,1,train
4312,4535,CID6100,CID68617,1,train
4312,4558,CID6100,CID6914273,1,train
4312,4837,CID6100,CID7550,1,train
4312,4929,CID6100,CID91649,1,train
4312,5000,CID6100,CID9811704,1,train
4312,5089,CID6100,CID9930913,1,train
4318,4351,CID6167,CID63009,1,train
4318,4408,CID6167,CID6456015,1,train
4351,4408,CID63009,CID6456015,1,train
4353,4354,CID6321424,CID63224,1,train
4353,4358,CID6321424,CID6337614,1,train
4353,4368,CID6321424,CID64139,1,train
4353,4443,CID6321424,CID656583,1,train
4353,4465,CID6321424,CID65999,1,train
4353,4504,CID6321424,CID6741,1,train
4353,4535,CID6321424,CID68617,1,train
4353,4558,CID6321424,CID6914273,1,train
4353,4577,CID6321424,CID6918296,1,train
4353,4644,CID6321424,CID71386,1,train
4353,4837,CID6321424,CID7550,1,train
4353,4904,CID6321424,CID8980,1,train
4353,4917,CID6321424,CID9051,1,train
4353,4929,CID6321424,CID91649,1,train
4353,4946,CID6321424,CID92178,1,train
4353,4949,CID6321424,CID92722,1,train
4353,4950,CID6321424,CID92727,1,train
4353,4989,CID6321424,CID9803963,1,train
4353,5000,CID6321424,CID9811704,1,train
4353,5089,CID6321424,CID9930913,1,train
4354,4566,CID63224,CID6917864,1,train
4354,4946,CID63224,CID92178,1,train
4354,5032,CID63224,CID9852573,1,train
4358,4368,CID6337614,CID64139,1,train
4358,4443,CID6337614,CID656583,1,train
4358,4535,CID6337614,CID68617,1,train
4358,4558,CID6337614,CID6914273,1,train
4358,4577,CID6337614,CID6918296,1,train
4358,4837,CID6337614,CID7550,1,train
4358,4929,CID6337614,CID91649,1,train
4358,4949,CID6337614,CID92722,1,train
4358,5000,CID6337614,CID9811704,1,train
4358,5089,CID6337614,CID9930913,1,train
4359,4543,CID636362,CID68740,1,train
4359,4643,CID636362,CID71384,1,train
4368,4443,CID64139,CID656583,1,train
4368,4577,CID64139,CID6918296,1,train
4368,4837,CID64139,CID7550,1,train
4368,4949,CID64139,CID92722,1,train
4368,5000,CID64139,CID9811704,1,train
4368,5089,CID64139,CID9930913,1,train
4443,4535,CID656583,CID68617,1,train
4443,4558,CID656583,CID6914273,1,train
4443,4577,CID656583,CID6918296,1,train
4443,4929,CID656583,CID91649,1,train
4443,4949,CID656583,CID92722,1,train
4443,5000,CID656583,CID9811704,1,train
4469,4508,CID6604870,CID6746983,1,train
4469,4800,CID6604870,CID73265389,1,train
4487,4736,CID66646767,CID73265223,1,train
4487,4745,CID66646767,CID73265233,1,train
4487,4823,CID66646767,CID73461,1,train
4487,5010,CID66646767,CID9823820,1,train
4487,5082,CID66646767,CID9918559,1,train
4508,4559,CID6746983,CID6914657,1,train
4508,4769,CID6746983,CID73265318,1,train
4511,4705,CID6758,CID72686,1,train
4511,4834,CID6758,CID74990,1,train
4529,4559,CID68546,CID6914657,1,train
4535,4558,CID68617,CID6914273,1,train
4535,4577,CID68617,CID6918296,1,train
4535,4929,CID68617,CID91649,1,train
4535,4949,CID68617,CID92722,1,train
4535,5000,CID68617,CID9811704,1,train
4535,5089,CID68617,CID9930913,1,train
4543,4643,CID68740,CID71384,1,train
4543,5034,CID68740,CID9854073,1,train
4558,4577,CID6914273,CID6918296,1,train
4558,4929,CID6914273,CID91649,1,train
4558,4949,CID6914273,CID92722,1,train
4558,5000,CID6914273,CID9811704,1,train
4558,5089,CID6914273,CID9930913,1,train
4559,4658,CID6914657,CID71543365,1,train
4559,4672,CID6914657,CID71664305,1,train
4559,4705,CID6914657,CID72686,1,train
4559,4769,CID6914657,CID73265318,1,train
4559,4800,CID6914657,CID73265389,1,train
4559,5010,CID6914657,CID9823820,1,train
4559,5032,CID6914657,CID9852573,1,train
4566,4581,CID6917864,CID6918405,1,train
4566,4644,CID6917864,CID71386,1,train
4566,4686,CID6917864,CID72092,1,train
4566,4700,CID6917864,CID72435,1,train
4566,4904,CID6917864,CID8980,1,train
4566,4946,CID6917864,CID92178,1,train
4566,4950,CID6917864,CID92727,1,train
4566,5032,CID6917864,CID9852573,1,train
4566,5055,CID6917864,CID9882793,1,train
4577,4837,CID6918296,CID7550,1,train
4577,4929,CID6918296,CID91649,1,train
4577,4949,CID6918296,CID92722,1,train
4577,5000,CID6918296,CID9811704,1,train
4577,5089,CID6918296,CID9930913,1,train
4581,4662,CID6918405,CID71587153,1,train
4581,4700,CID6918405,CID72435,1,train
4581,5010,CID6918405,CID9823820,1,train
4592,4745,CID6918638,CID73265233,1,train
4643,5034,CID71384,CID9854073,1,train
4644,4904,CID71386,CID8980,1,train
4644,4950,CID71386,CID92727,1,train
4644,5080,CID71386,CID9914412,1,train
4700,4796,CID72435,CID73265377,1,train
4700,4797,CID72435,CID73265380,1,train
4700,5082,CID72435,CID9918559,1,train
4705,4769,CID72686,CID73265318,1,train
4736,4745,CID73265223,CID73265233,1,train
4736,4797,CID73265223,CID73265380,1,train
4736,4823,CID73265223,CID73461,1,train
4736,5010,CID73265223,CID9823820,1,train
4736,5082,CID73265223,CID9918559,1,train
4745,4796,CID73265233,CID73265377,1,train
4745,4797,CID73265233,CID73265380,1,train
4745,5082,CID73265233,CID9918559,1,train
4796,4823,CID73265377,CID73461,1,train
4796,5010,CID73265377,CID9823820,1,train
4823,5082,CID73461,CID9918559,1,train
4837,4949,CID7550,CID92722,1,train
4837,5000,CID7550,CID9811704,1,train
4837,5089,CID7550,CID9930913,1,train
4929,4949,CID91649,CID92722,1,train
4929,5000,CID91649,CID9811704,1,train
4929,5089,CID91649,CID9930913,1,train
4946,4950,CID92178,CID92727,1,train
4946,5080,CID92178,CID9914412,1,train
4949,5000,CID92722,CID9811704,1,train
4949,5089,CID92722,CID9930913,1,train
4950,5080,CID92727,CID9914412,1,train
5000,5089,CID9811704,CID9930913,1,train
5036,5058,CID9858940,CID9887053,1,train
